,[],,,False,,starkeffect,,inter,[],8c5fb068-c6b2-11e4-b8be-22000bb30918,Education and outreach,dark,text,t2_3z9vh,False,False,False,[],,,"The current that flows will feel a force due to the magnetic field, which slows down the disk. That's why the motor is needed to keep the disk turning at a constant rate. As the disk slows down, the electric potential difference decreases and so does the current, so the braking force likewise gradually gets smaller.

https://en.wikipedia.org/wiki/Homopolar_generator","&lt;div class=""md""&gt;&lt;p&gt;The current that flows will feel a force due to the magnetic field, which slows down the disk. That&amp;#39;s why the motor is needed to keep the disk turning at a constant rate. As the disk slows down, the electric potential difference decreases and so does the current, so the braking force likewise gradually gets smaller.&lt;/p&gt;

&lt;p&gt;&lt;a href=""https://en.wikipedia.org/wiki/Homopolar_generator""&gt;https://en.wikipedia.org/wiki/Homopolar_generator&lt;/a&gt;&lt;/p&gt;
&lt;/div&gt;",False,False,False,,,,,0,1713994426.0,1713994426.0,0,,0,False,0,{},l13wpua,False,,t3_1cc60rd,False,,,,[],t1_l13wpua,True,,t3_1cc60rd,/r/AskPhysics/comments/1cc60rd/university_physics_i_have_no_idea_what_to_do_here/l13wpua/,,,,False,2,False,True,False,AskPhysics,t5_2sumo,r/AskPhysics,public,,0,[],,2,[],t1
data,[],,,False,,starkeffect,,inter,[],8c5fb068-c6b2-11e4-b8be-22000bb30918,Education and outreach,dark,text,t2_3z9vh,False,False,False,[],,,"The current that flows will feel a force due to the magnetic field, which slows down the disk. That's why the motor is needed to keep the disk turning at a constant rate. As the disk slows down, the electric potential difference decreases and so does the current, so the braking force likewise gradually gets smaller.

https://en.wikipedia.org/wiki/Homopolar_generator","&lt;div class=""md""&gt;&lt;p&gt;The current that flows will feel a force due to the magnetic field, which slows down the disk. That&amp;#39;s why the motor is needed to keep the disk turning at a constant rate. As the disk slows down, the electric potential difference decreases and so does the current, so the braking force likewise gradually gets smaller.&lt;/p&gt;

&lt;p&gt;&lt;a href=""https://en.wikipedia.org/wiki/Homopolar_generator""&gt;https://en.wikipedia.org/wiki/Homopolar_generator&lt;/a&gt;&lt;/p&gt;
&lt;/div&gt;",False,False,False,,,,,0,1713994426.0,1713994426.0,0,,0,False,0,{},l13wpua,False,,t3_1cc60rd,False,,,,[],t1_l13wpua,True,,t3_1cc60rd,/r/AskPhysics/comments/1cc60rd/university_physics_i_have_no_idea_what_to_do_here/l13wpua/,,,,False,2,False,True,False,AskPhysics,t5_2sumo,r/AskPhysics,public,,0,[],,2,[],t1
