,all_awardings,approved_at_utc,approved_by,archived,associated_award,author,author_flair_background_color,author_flair_css_class,author_flair_richtext,author_flair_template_id,author_flair_text,author_flair_text_color,author_flair_type,author_fullname,author_is_blocked,author_patreon_flair,author_premium,awarders,banned_at_utc,banned_by,body,body_html,can_gild,can_mod_post,collapsed,collapsed_because_crowd_control,collapsed_reason,collapsed_reason_code,comment_type,controversiality,created,created_utc,depth,distinguished,downs,edited,gilded,gildings,id,is_submitter,likes,link_id,locked,mod_note,mod_reason_by,mod_reason_title,mod_reports,name,no_follow,num_reports,parent_id,permalink,removal_reason,replies,report_reasons,saved,score,score_hidden,send_replies,stickied,subreddit,subreddit_id,subreddit_name_prefixed,subreddit_type,top_awarded_type,total_awards_received,treatment_tags,unrepliable_reason,ups,user_reports,kind
data,[],,,False,,bolbteppa,,pf,[],7e019446-c6b2-11e4-a9a9-22000b6d02ed,String theory,dark,text,t2_u5yrn,False,False,False,[],,,[Griffiths](https://www.youtube.com/watch?v=I_NgnMcoP_0),"&lt;div class=""md""&gt;&lt;p&gt;&lt;a href=""https://www.youtube.com/watch?v=I_NgnMcoP_0""&gt;Griffiths&lt;/a&gt;&lt;/p&gt;
&lt;/div&gt;",False,False,False,,,,,0,1713990288.0,1713990288.0,0,,0,False,0,{},l13kdup,False,,t3_1cc7jgv,False,,,,[],t1_l13kdup,True,,t3_1cc7jgv,/r/AskPhysics/comments/1cc7jgv/whats_a_good_introductory_particle_physics_book/l13kdup/,,,,False,2,False,True,False,AskPhysics,t5_2sumo,r/AskPhysics,public,,0,[],,2,[],t1
data_1,[],,,False,,AbstractAlgebruh,,misc,[],9bcf4428-c6b2-11e4-b2ab-22000b2b8b92,Physics enthusiast,dark,text,t2_8j19pbwq,False,False,False,[],,,*Modern Particle Physics* by Thomson,"&lt;div class=""md""&gt;&lt;p&gt;&lt;em&gt;Modern Particle Physics&lt;/em&gt; by Thomson&lt;/p&gt;
&lt;/div&gt;",False,False,False,,,,,0,1713999634.0,1713999634.0,0,,0,False,0,{},l14anvs,False,,t3_1cc7jgv,False,,,,[],t1_l14anvs,True,,t3_1cc7jgv,/r/AskPhysics/comments/1cc7jgv/whats_a_good_introductory_particle_physics_book/l14anvs/,,,,False,2,False,True,False,AskPhysics,t5_2sumo,r/AskPhysics,public,,0,[],,2,[],t1
