,all_awardings,approved_at_utc,approved_by,archived,associated_award,author,author_flair_background_color,author_flair_css_class,author_flair_richtext,author_flair_template_id,author_flair_text,author_flair_text_color,author_flair_type,author_fullname,author_is_blocked,author_patreon_flair,author_premium,awarders,banned_at_utc,banned_by,body,body_html,can_gild,can_mod_post,collapsed,collapsed_because_crowd_control,collapsed_reason,collapsed_reason_code,comment_type,controversiality,created,created_utc,depth,distinguished,downs,edited,gilded,gildings,id,is_submitter,likes,link_id,locked,mod_note,mod_reason_by,mod_reason_title,mod_reports,name,no_follow,num_reports,parent_id,permalink,removal_reason,replies,report_reasons,saved,score,score_hidden,send_replies,stickied,subreddit,subreddit_id,subreddit_name_prefixed,subreddit_type,top_awarded_type,total_awards_received,treatment_tags,unrepliable_reason,ups,user_reports,kind
data,[],,,False,,gerglo,,pf,[],7e019446-c6b2-11e4-a9a9-22000b6d02ed,String theory,dark,text,t2_rjek6,False,False,False,[],,,"&gt;when I look at the relativistic corrections, I see an infinite number of derivatives since v= dx/dt. Wouldn’t this make the lagrangian nonlocal?

Perhaps you have in mind something like the following:

    v(t) + v(t) v'(t) + v(t) v''(t)/2 + v(t) v'''(t)/6 + v(t) v''''(t)/24 + ...

which resums to `v(t)v(t+1)` and is definitely non-local. However, in the present case there are only ever first derivatives of `x(t)` and you also know it resums to `sqrt[1 - v(t)^2]` which is manifestly local.","&lt;div class=""md""&gt;&lt;blockquote&gt;
&lt;p&gt;when I look at the relativistic corrections, I see an infinite number of derivatives since v= dx/dt. Wouldn’t this make the lagrangian nonlocal?&lt;/p&gt;
&lt;/blockquote&gt;

&lt;p&gt;Perhaps you have in mind something like the following:&lt;/p&gt;

&lt;pre&gt;&lt;code&gt;v(t) + v(t) v&amp;#39;(t) + v(t) v&amp;#39;&amp;#39;(t)/2 + v(t) v&amp;#39;&amp;#39;&amp;#39;(t)/6 + v(t) v&amp;#39;&amp;#39;&amp;#39;&amp;#39;(t)/24 + ...
&lt;/code&gt;&lt;/pre&gt;

&lt;p&gt;which resums to &lt;code&gt;v(t)v(t+1)&lt;/code&gt; and is definitely non-local. However, in the present case there are only ever first derivatives of &lt;code&gt;x(t)&lt;/code&gt; and you also know it resums to &lt;code&gt;sqrt[1 - v(t)^2]&lt;/code&gt; which is manifestly local.&lt;/p&gt;
&lt;/div&gt;",False,False,False,,,,,0,1713953968.0,1713953968.0,0,,0,False,0,{},l10v4d4,False,,t3_1cbtzci,False,,,,[],t1_l10v4d4,False,,t3_1cbtzci,/r/AskPhysics/comments/1cbtzci/isnt_the_relativistic_action_of_a_point_particle/l10v4d4/,,"{'kind': 'Listing', 'data': {'after': None, 'dist': None, 'modhash': None, 'geo_filter': '', 'children': [{'kind': 't1', 'data': {'subreddit_id': 't5_2sumo', 'approved_at_utc': None, 'author_is_blocked': False, 'comment_type': None, 'awarders': [], 'mod_reason_by': None, 'banned_by': None, 'author_flair_type': 'text', 'total_awards_received': 0, 'subreddit': 'AskPhysics', 'author_flair_template_id': None, 'likes': None, 'replies': '', 'user_reports': [], 'saved': False, 'id': 'l10vsvb', 'banned_at_utc': None, 'mod_reason_title': None, 'gilded': 0, 'archived': False, 'collapsed_reason_code': None, 'no_follow': True, 'author': 'Wrong_Impress_2697', 'can_mod_post': False, 'created_utc': 1713954408.0, 'send_replies': True, 'parent_id': 't1_l10v4d4', 'score': 1, 'author_fullname': 't2_8c6dq27gq', 'removal_reason': None, 'approved_by': None, 'mod_note': None, 'all_awardings': [], 'body': 'Yeah that’s what I had in mind, thanks for clarifying the difference!', 'edited': False, 'top_awarded_type': None, 'author_flair_css_class': None, 'name': 't1_l10vsvb', 'is_submitter': True, 'downs': 0, 'author_flair_richtext': [], 'author_patreon_flair': False, 'body_html': '&lt;div class=""md""&gt;&lt;p&gt;Yeah that’s what I had in mind, thanks for clarifying the difference!&lt;/p&gt;\n&lt;/div&gt;', 'gildings': {}, 'collapsed_reason': None, 'distinguished': None, 'associated_award': None, 'stickied': False, 'author_premium': False, 'can_gild': False, 'link_id': 't3_1cbtzci', 'unrepliable_reason': None, 'author_flair_text_color': None, 'score_hidden': False, 'permalink': '/r/AskPhysics/comments/1cbtzci/isnt_the_relativistic_action_of_a_point_particle/l10vsvb/', 'subreddit_type': 'public', 'locked': False, 'report_reasons': None, 'created': 1713954408.0, 'author_flair_text': None, 'treatment_tags': [], 'collapsed': False, 'subreddit_name_prefixed': 'r/AskPhysics', 'controversiality': 0, 'depth': 1, 'author_flair_background_color': None, 'collapsed_because_crowd_control': None, 'mod_reports': [], 'num_reports': None, 'ups': 1}}], 'before': None}}",,False,8,False,True,False,AskPhysics,t5_2sumo,r/AskPhysics,public,,0,[],,8,[],t1
data_1,[],,,False,,Almighty_Emperor,,mat,[],7f4501c6-c6b2-11e4-bd93-22000b6d02ed,Condensed matter physics,dark,text,t2_acb7l,False,False,False,[],,,"Why would it? Each and every derivative is still local.

A nonlocal term would be something like x(t)x(t–1), or maybe replace x with an arbitrary derivative, or more generally ∫ x(t)x(t')f(t–t') dt'.

[EDIT: It would be nonlocal if the Lagrangian contained derivatives to infinite order, i.e. dⁿx/dtⁿ with n unbounded, since this can be constructed as the Taylor expansion of a nonlocal term. But infinite powers of a finite-order derivative, e.g. (dx/dt)ⁿ, are OK.]","&lt;div class=""md""&gt;&lt;p&gt;Why would it? Each and every derivative is still local.&lt;/p&gt;

&lt;p&gt;A nonlocal term would be something like x(t)x(t–1), or maybe replace x with an arbitrary derivative, or more generally ∫ x(t)x(t&amp;#39;)f(t–t&amp;#39;) dt&amp;#39;.&lt;/p&gt;

&lt;p&gt;[EDIT: It would be nonlocal if the Lagrangian contained derivatives to infinite order, i.e. dⁿx/dtⁿ with n unbounded, since this can be constructed as the Taylor expansion of a nonlocal term. But infinite powers of a finite-order derivative, e.g. (dx/dt)ⁿ, are OK.]&lt;/p&gt;
&lt;/div&gt;",False,False,False,,,,,0,1713953164.0,1713953164.0,0,,0,1713953689.0,0,{},l10twvu,False,,t3_1cbtzci,False,,,,[],t1_l10twvu,True,,t3_1cbtzci,/r/AskPhysics/comments/1cbtzci/isnt_the_relativistic_action_of_a_point_particle/l10twvu/,,,,False,3,False,True,False,AskPhysics,t5_2sumo,r/AskPhysics,public,,0,[],,3,[],t1
