,all_awardings,approved_at_utc,approved_by,archived,associated_award,author,author_flair_background_color,author_flair_css_class,author_flair_richtext,author_flair_template_id,author_flair_text,author_flair_text_color,author_flair_type,author_fullname,author_is_blocked,author_patreon_flair,author_premium,awarders,banned_at_utc,banned_by,body,body_html,can_gild,can_mod_post,collapsed,collapsed_because_crowd_control,collapsed_reason,collapsed_reason_code,comment_type,controversiality,created,created_utc,depth,distinguished,downs,edited,gilded,gildings,id,is_submitter,likes,link_id,locked,mod_note,mod_reason_by,mod_reason_title,mod_reports,name,no_follow,num_reports,parent_id,permalink,removal_reason,replies,report_reasons,saved,score,score_hidden,send_replies,stickied,subreddit,subreddit_id,subreddit_name_prefixed,subreddit_type,top_awarded_type,total_awards_received,treatment_tags,unrepliable_reason,ups,user_reports,kind
data,[],,,False,,joepierson123,,,[],,,,text,t2_ufpq2kad,False,False,False,[],,,"Motion is relative the whole spaceship can be considered at rest so yes the light is moving in a straight line relative to the spaceship. 


Think of this way if the spaceship was ""stationary"", from another Viewpoint it's moving. 


Anyway if the spaceship was accelerating then the light would hit the floor.","&lt;div class=""md""&gt;&lt;p&gt;Motion is relative the whole spaceship can be considered at rest so yes the light is moving in a straight line relative to the spaceship. &lt;/p&gt;

&lt;p&gt;Think of this way if the spaceship was &amp;quot;stationary&amp;quot;, from another Viewpoint it&amp;#39;s moving. &lt;/p&gt;

&lt;p&gt;Anyway if the spaceship was accelerating then the light would hit the floor.&lt;/p&gt;
&lt;/div&gt;",False,False,False,,,,,0,1713908888.0,1713908888.0,0,,0,False,0,{},l0yd492,False,,t3_1cbgs6g,False,,,,[],t1_l0yd492,False,,t3_1cbgs6g,/r/AskPhysics/comments/1cbgs6g/will_you_see_your_friend_at_the_other_end_of_the/l0yd492/,,"{'kind': 'Listing', 'data': {'after': None, 'dist': None, 'modhash': None, 'geo_filter': '', 'children': [{'kind': 't1', 'data': {'subreddit_id': 't5_2sumo', 'approved_at_utc': None, 'author_is_blocked': False, 'comment_type': None, 'awarders': [], 'mod_reason_by': None, 'banned_by': None, 'author_flair_type': 'text', 'total_awards_received': 0, 'subreddit': 'AskPhysics', 'author_flair_template_id': None, 'likes': None, 'replies': {'kind': 'Listing', 'data': {'after': None, 'dist': None, 'modhash': None, 'geo_filter': '', 'children': [{'kind': 't1', 'data': {'subreddit_id': 't5_2sumo', 'approved_at_utc': None, 'author_is_blocked': False, 'comment_type': None, 'awarders': [], 'mod_reason_by': None, 'banned_by': None, 'author_flair_type': 'text', 'total_awards_received': 0, 'subreddit': 'AskPhysics', 'author_flair_template_id': None, 'likes': None, 'replies': {'kind': 'Listing', 'data': {'after': None, 'dist': None, 'modhash': None, 'geo_filter': '', 'children': [{'kind': 't1', 'data': {'subreddit_id': 't5_2sumo', 'approved_at_utc': None, 'author_is_blocked': False, 'comment_type': None, 'awarders': [], 'mod_reason_by': None, 'banned_by': None, 'author_flair_type': 'text', 'total_awards_received': 0, 'subreddit': 'AskPhysics', 'author_flair_template_id': None, 'likes': None, 'replies': '', 'user_reports': [], 'saved': False, 'id': 'l0yfr5g', 'banned_at_utc': None, 'mod_reason_title': None, 'gilded': 0, 'archived': False, 'collapsed_reason_code': None, 'no_follow': True, 'author': 'SajjaDBemBem', 'can_mod_post': False, 'send_replies': True, 'parent_id': 't1_l0yeoyb', 'score': 2, 'author_fullname': 't2_eg9qvrhc', 'removal_reason': None, 'approved_by': None, 'mod_note': None, 'all_awardings': [], 'collapsed': False, 'body': ""Okay thanks, that's new!"", 'edited': False, 'top_awarded_type': None, 'author_flair_css_class': None, 'name': 't1_l0yfr5g', 'is_submitter': True, 'downs': 0, 'author_flair_richtext': [], 'author_patreon_flair': False, 'body_html': '&lt;div class=""md""&gt;&lt;p&gt;Okay thanks, that&amp;#39;s new!&lt;/p&gt;\n&lt;/div&gt;', 'gildings': {}, 'collapsed_reason': None, 'distinguished': None, 'associated_award': None, 'stickied': False, 'author_premium': False, 'can_gild': False, 'link_id': 't3_1cbgs6g', 'unrepliable_reason': None, 'author_flair_text_color': None, 'score_hidden': False, 'permalink': '/r/AskPhysics/comments/1cbgs6g/will_you_see_your_friend_at_the_other_end_of_the/l0yfr5g/', 'subreddit_type': 'public', 'locked': False, 'report_reasons': None, 'created': 1713909837.0, 'author_flair_text': None, 'treatment_tags': [], 'created_utc': 1713909837.0, 'subreddit_name_prefixed': 'r/AskPhysics', 'controversiality': 0, 'depth': 3, 'author_flair_background_color': None, 'collapsed_because_crowd_control': None, 'mod_reports': [], 'num_reports': None, 'ups': 2}}], 'before': None}}, 'user_reports': [], 'saved': False, 'id': 'l0yeoyb', 'banned_at_utc': None, 'mod_reason_title': None, 'gilded': 0, 'archived': False, 'collapsed_reason_code': None, 'no_follow': False, 'author': 'joepierson123', 'can_mod_post': False, 'send_replies': True, 'parent_id': 't1_l0ydgkg', 'score': 4, 'author_fullname': 't2_ufpq2kad', 'removal_reason': None, 'approved_by': None, 'mod_note': None, 'all_awardings': [], 'body': ""No in that case it will hit the floor.\n\n\nAs to why it's different the answer is simultaneity. Are you familiar with that?\xa0\n\n\nIn results in relativistic aberration,\n\n\nhttps://en.wikipedia.org/wiki/Relativistic_aberration\n\n\n\nSo from an outside Observer when the photons are generated inside the ship it will be generated at an angle relative to the outside Observer."", 'edited': False, 'top_awarded_type': None, 'downs': 0, 'author_flair_css_class': None, 'name': 't1_l0yeoyb', 'is_submitter': False, 'collapsed': False, 'author_flair_richtext': [], 'author_patreon_flair': False, 'body_html': '&lt;div class=""md""&gt;&lt;p&gt;No in that case it will hit the floor.&lt;/p&gt;\n\n&lt;p&gt;As to why it&amp;#39;s different the answer is simultaneity. Are you familiar with that?\xa0&lt;/p&gt;\n\n&lt;p&gt;In results in relativistic aberration,&lt;/p&gt;\n\n&lt;p&gt;&lt;a href=""https://en.wikipedia.org/wiki/Relativistic_aberration""&gt;https://en.wikipedia.org/wiki/Relativistic_aberration&lt;/a&gt;&lt;/p&gt;\n\n&lt;p&gt;So from an outside Observer when the photons are generated inside the ship it will be generated at an angle relative to the outside Observer.&lt;/p&gt;\n&lt;/div&gt;', 'gildings': {}, 'collapsed_reason': None, 'distinguished': None, 'associated_award': None, 'stickied': False, 'author_premium': False, 'can_gild': False, 'link_id': 't3_1cbgs6g', 'unrepliable_reason': None, 'author_flair_text_color': None, 'score_hidden': False, 'permalink': '/r/AskPhysics/comments/1cbgs6g/will_you_see_your_friend_at_the_other_end_of_the/l0yeoyb/', 'subreddit_type': 'public', 'locked': False, 'report_reasons': None, 'created': 1713909450.0, 'author_flair_text': None, 'treatment_tags': [], 'created_utc': 1713909450.0, 'subreddit_name_prefixed': 'r/AskPhysics', 'controversiality': 0, 'depth': 2, 'author_flair_background_color': None, 'collapsed_because_crowd_control': None, 'mod_reports': [], 'num_reports': None, 'ups': 4}}, {'kind': 't1', 'data': {'subreddit_id': 't5_2sumo', 'approved_at_utc': None, 'author_is_blocked': False, 'comment_type': None, 'awarders': [], 'mod_reason_by': None, 'banned_by': None, 'author_flair_type': 'text', 'total_awards_received': 0, 'subreddit': 'AskPhysics', 'author_flair_template_id': None, 'likes': None, 'replies': '', 'user_reports': [], 'saved': False, 'id': 'l0ye0r6', 'banned_at_utc': None, 'mod_reason_title': None, 'gilded': 0, 'archived': False, 'collapsed_reason_code': None, 'no_follow': True, 'author': 'Cyren777', 'can_mod_post': False, 'send_replies': True, 'parent_id': 't1_l0ydgkg', 'score': 3, 'author_fullname': 't2_fyys1o1u', 'removal_reason': None, 'approved_by': None, 'mod_note': None, 'all_awardings': [], 'body': 'The photon moves in a straight line both from the pov of someone inside the ship and someone outside, but they\'ll disagree on angle. If the ship is moving ""up"" and the photon enters it moving diagonally ""up"" and ""right"" s.t. its ""up"" component is the same speed as the ships ""up"" component then from the pov of someone inside the ship it\'ll appear to enter horizontally and hit the far wall', 'edited': False, 'top_awarded_type': None, 'downs': 0, 'author_flair_css_class': None, 'name': 't1_l0ye0r6', 'is_submitter': False, 'collapsed': False, 'author_flair_richtext': [], 'author_patreon_flair': False, 'body_html': '&lt;div class=""md""&gt;&lt;p&gt;The photon moves in a straight line both from the pov of someone inside the ship and someone outside, but they&amp;#39;ll disagree on angle. If the ship is moving &amp;quot;up&amp;quot; and the photon enters it moving diagonally &amp;quot;up&amp;quot; and &amp;quot;right&amp;quot; s.t. its &amp;quot;up&amp;quot; component is the same speed as the ships &amp;quot;up&amp;quot; component then from the pov of someone inside the ship it&amp;#39;ll appear to enter horizontally and hit the far wall&lt;/p&gt;\n&lt;/div&gt;', 'gildings': {}, 'collapsed_reason': None, 'distinguished': None, 'associated_award': None, 'stickied': False, 'author_premium': False, 'can_gild': False, 'link_id': 't3_1cbgs6g', 'unrepliable_reason': None, 'author_flair_text_color': None, 'score_hidden': False, 'permalink': '/r/AskPhysics/comments/1cbgs6g/will_you_see_your_friend_at_the_other_end_of_the/l0ye0r6/', 'subreddit_type': 'public', 'locked': False, 'report_reasons': None, 'created': 1713909211.0, 'author_flair_text': None, 'treatment_tags': [], 'created_utc': 1713909211.0, 'subreddit_name_prefixed': 'r/AskPhysics', 'controversiality': 0, 'depth': 2, 'author_flair_background_color': None, 'collapsed_because_crowd_control': None, 'mod_reports': [], 'num_reports': None, 'ups': 3}}, {'kind': 't1', 'data': {'subreddit_id': 't5_2sumo', 'approved_at_utc': None, 'author_is_blocked': False, 'comment_type': None, 'awarders': [], 'mod_reason_by': None, 'banned_by': None, 'author_flair_type': 'text', 'total_awards_received': 0, 'subreddit': 'AskPhysics', 'author_flair_template_id': None, 'likes': None, 'replies': '', 'user_reports': [], 'saved': False, 'id': 'l0ykdcu', 'banned_at_utc': None, 'mod_reason_title': None, 'gilded': 0, 'archived': False, 'collapsed_reason_code': None, 'no_follow': True, 'author': 'OkExperience4487', 'can_mod_post': False, 'send_replies': True, 'parent_id': 't1_l0ydgkg', 'score': 1, 'author_fullname': 't2_amwdqvem', 'removal_reason': None, 'approved_by': None, 'mod_note': None, 'all_awardings': [], 'body': ""Depending on whether the light can enter the hole from any angle, either the problem is unchanged, or it's the equivalent of having sunlight coming through a window and wondering why you can either stand in it or out of it."", 'edited': False, 'top_awarded_type': None, 'downs': 0, 'author_flair_css_class': None, 'name': 't1_l0ykdcu', 'is_submitter': False, 'collapsed': False, 'author_flair_richtext': [], 'author_patreon_flair': False, 'body_html': '&lt;div class=""md""&gt;&lt;p&gt;Depending on whether the light can enter the hole from any angle, either the problem is unchanged, or it&amp;#39;s the equivalent of having sunlight coming through a window and wondering why you can either stand in it or out of it.&lt;/p&gt;\n&lt;/div&gt;', 'gildings': {}, 'collapsed_reason': None, 'distinguished': None, 'associated_award': None, 'stickied': False, 'author_premium': False, 'can_gild': False, 'link_id': 't3_1cbgs6g', 'unrepliable_reason': None, 'author_flair_text_color': None, 'score_hidden': False, 'permalink': '/r/AskPhysics/comments/1cbgs6g/will_you_see_your_friend_at_the_other_end_of_the/l0ykdcu/', 'subreddit_type': 'public', 'locked': False, 'report_reasons': None, 'created': 1713911540.0, 'author_flair_text': None, 'treatment_tags': [], 'created_utc': 1713911540.0, 'subreddit_name_prefixed': 'r/AskPhysics', 'controversiality': 0, 'depth': 2, 'author_flair_background_color': None, 'collapsed_because_crowd_control': None, 'mod_reports': [], 'num_reports': None, 'ups': 1}}, {'kind': 't1', 'data': {'subreddit_id': 't5_2sumo', 'approved_at_utc': None, 'author_is_blocked': False, 'comment_type': None, 'awarders': [], 'mod_reason_by': None, 'banned_by': None, 'author_flair_type': 'text', 'total_awards_received': 0, 'subreddit': 'AskPhysics', 'author_flair_template_id': None, 'likes': None, 'replies': '', 'user_reports': [], 'saved': False, 'id': 'l0zr59n', 'banned_at_utc': None, 'mod_reason_title': None, 'gilded': 0, 'archived': False, 'collapsed_reason_code': None, 'no_follow': True, 'author': 'Salindurthas', 'can_mod_post': False, 'send_replies': True, 'parent_id': 't1_l0ydgkg', 'score': 1, 'author_fullname': 't2_h8wvt', 'removal_reason': None, 'approved_by': None, 'mod_note': None, 'all_awardings': [], 'body': 'What angle does the light enter?\n\nIf it is simply a hole in the wall then light will come in at all angles, and some of those angles will reach across the ship.\n\nIf it is a special filter that only allows in rays that are ""horizontal"" to outside observers, then yes, from the point of view of inside the fast-moving ship, this is a special filter that points at the floor.', 'edited': False, 'top_awarded_type': None, 'downs': 0, 'author_flair_css_class': None, 'name': 't1_l0zr59n', 'is_submitter': False, 'collapsed': False, 'author_flair_richtext': [], 'author_patreon_flair': False, 'body_html': '&lt;div class=""md""&gt;&lt;p&gt;What angle does the light enter?&lt;/p&gt;\n\n&lt;p&gt;If it is simply a hole in the wall then light will come in at all angles, and some of those angles will reach across the ship.&lt;/p&gt;\n\n&lt;p&gt;If it is a special filter that only allows in rays that are &amp;quot;horizontal&amp;quot; to outside observers, then yes, from the point of view of inside the fast-moving ship, this is a special filter that points at the floor.&lt;/p&gt;\n&lt;/div&gt;', 'gildings': {}, 'collapsed_reason': None, 'distinguished': None, 'associated_award': None, 'stickied': False, 'author_premium': False, 'can_gild': False, 'link_id': 't3_1cbgs6g', 'unrepliable_reason': None, 'author_flair_text_color': None, 'score_hidden': False, 'permalink': '/r/AskPhysics/comments/1cbgs6g/will_you_see_your_friend_at_the_other_end_of_the/l0zr59n/', 'subreddit_type': 'public', 'locked': False, 'report_reasons': None, 'created': 1713928470.0, 'author_flair_text': None, 'treatment_tags': [], 'created_utc': 1713928470.0, 'subreddit_name_prefixed': 'r/AskPhysics', 'controversiality': 0, 'depth': 2, 'author_flair_background_color': None, 'collapsed_because_crowd_control': None, 'mod_reports': [], 'num_reports': None, 'ups': 1}}], 'before': None}}, 'user_reports': [], 'saved': False, 'id': 'l0ydgkg', 'banned_at_utc': None, 'mod_reason_title': None, 'gilded': 0, 'archived': False, 'collapsed_reason_code': None, 'no_follow': True, 'author': 'SajjaDBemBem', 'can_mod_post': False, 'created_utc': 1713909011.0, 'send_replies': True, 'parent_id': 't1_l0yd492', 'score': 1, 'author_fullname': 't2_eg9qvrhc', 'removal_reason': None, 'approved_by': None, 'mod_note': None, 'all_awardings': [], 'body': 'Imagine the light source is outside of the spaceship and the spaceship has a hole for photon entrance.\nPhoton comes through from outside and moves in a straight line. Will it still reach your eyes?\nhow is it different from the previous scenario? why does it matter where the light source is? \nA photon should travel in a straight line relative to space outside the ship.', 'edited': False, 'top_awarded_type': None, 'author_flair_css_class': None, 'name': 't1_l0ydgkg', 'is_submitter': True, 'downs': 0, 'author_flair_richtext': [], 'author_patreon_flair': False, 'body_html': '&lt;div class=""md""&gt;&lt;p&gt;Imagine the light source is outside of the spaceship and the spaceship has a hole for photon entrance.\nPhoton comes through from outside and moves in a straight line. Will it still reach your eyes?\nhow is it different from the previous scenario? why does it matter where the light source is? \nA photon should travel in a straight line relative to space outside the ship.&lt;/p&gt;\n&lt;/div&gt;', 'gildings': {}, 'collapsed_reason': None, 'distinguished': None, 'associated_award': None, 'stickied': False, 'author_premium': False, 'can_gild': False, 'link_id': 't3_1cbgs6g', 'unrepliable_reason': None, 'author_flair_text_color': None, 'score_hidden': False, 'permalink': '/r/AskPhysics/comments/1cbgs6g/will_you_see_your_friend_at_the_other_end_of_the/l0ydgkg/', 'subreddit_type': 'public', 'locked': False, 'report_reasons': None, 'created': 1713909011.0, 'author_flair_text': None, 'treatment_tags': [], 'collapsed': False, 'subreddit_name_prefixed': 'r/AskPhysics', 'controversiality': 0, 'depth': 1, 'author_flair_background_color': None, 'collapsed_because_crowd_control': None, 'mod_reports': [], 'num_reports': None, 'ups': 1}}, {'kind': 't1', 'data': {'subreddit_id': 't5_2sumo', 'approved_at_utc': None, 'author_is_blocked': False, 'comment_type': None, 'awarders': [], 'mod_reason_by': None, 'banned_by': None, 'author_flair_type': 'text', 'total_awards_received': 0, 'subreddit': 'AskPhysics', 'author_flair_template_id': None, 'likes': None, 'replies': {'kind': 'Listing', 'data': {'after': None, 'dist': None, 'modhash': None, 'geo_filter': '', 'children': [{'kind': 't1', 'data': {'subreddit_id': 't5_2sumo', 'approved_at_utc': None, 'author_is_blocked': False, 'comment_type': None, 'awarders': [], 'mod_reason_by': None, 'banned_by': None, 'author_flair_type': 'text', 'total_awards_received': 0, 'subreddit': 'AskPhysics', 'author_flair_template_id': None, 'likes': None, 'replies': '', 'user_reports': [], 'saved': False, 'id': 'l0yx38x', 'banned_at_utc': None, 'mod_reason_title': None, 'gilded': 0, 'archived': False, 'collapsed_reason_code': None, 'no_follow': True, 'author': 'vandergale', 'can_mod_post': False, 'send_replies': True, 'parent_id': 't1_l0ydu7z', 'score': 1, 'author_fullname': 't2_4prqad8q', 'removal_reason': None, 'approved_by': None, 'mod_note': None, 'all_awardings': [], 'body': ""Not in the way that you're thinking. Massless objects travel at the speed of light relative to all inertial frames of reference."", 'edited': False, 'top_awarded_type': None, 'downs': 0, 'author_flair_css_class': None, 'name': 't1_l0yx38x', 'is_submitter': False, 'collapsed': False, 'author_flair_richtext': [], 'author_patreon_flair': False, 'body_html': '&lt;div class=""md""&gt;&lt;p&gt;Not in the way that you&amp;#39;re thinking. Massless objects travel at the speed of light relative to all inertial frames of reference.&lt;/p&gt;\n&lt;/div&gt;', 'gildings': {}, 'collapsed_reason': None, 'distinguished': None, 'associated_award': None, 'stickied': False, 'author_premium': False, 'can_gild': False, 'link_id': 't3_1cbgs6g', 'unrepliable_reason': None, 'author_flair_text_color': None, 'score_hidden': False, 'permalink': '/r/AskPhysics/comments/1cbgs6g/will_you_see_your_friend_at_the_other_end_of_the/l0yx38x/', 'subreddit_type': 'public', 'locked': False, 'report_reasons': None, 'created': 1713916485.0, 'author_flair_text': None, 'treatment_tags': [], 'created_utc': 1713916485.0, 'subreddit_name_prefixed': 'r/AskPhysics', 'controversiality': 0, 'depth': 2, 'author_flair_background_color': None, 'collapsed_because_crowd_control': None, 'mod_reports': [], 'num_reports': None, 'ups': 1}}], 'before': None}}, 'user_reports': [], 'saved': False, 'id': 'l0ydu7z', 'banned_at_utc': None, 'mod_reason_title': None, 'gilded': 0, 'archived': False, 'collapsed_reason_code': None, 'no_follow': True, 'author': 'SajjaDBemBem', 'can_mod_post': False, 'created_utc': 1713909146.0, 'send_replies': True, 'parent_id': 't1_l0yd492', 'score': 1, 'author_fullname': 't2_eg9qvrhc', 'removal_reason': None, 'approved_by': None, 'mod_note': None, 'all_awardings': [], 'body': 'Does relative motion apply to massless objects such as photons as well?', 'edited': False, 'top_awarded_type': None, 'author_flair_css_class': None, 'name': 't1_l0ydu7z', 'is_submitter': True, 'downs': 0, 'author_flair_richtext': [], 'author_patreon_flair': False, 'body_html': '&lt;div class=""md""&gt;&lt;p&gt;Does relative motion apply to massless objects such as photons as well?&lt;/p&gt;\n&lt;/div&gt;', 'gildings': {}, 'collapsed_reason': None, 'distinguished': None, 'associated_award': None, 'stickied': False, 'author_premium': False, 'can_gild': False, 'link_id': 't3_1cbgs6g', 'unrepliable_reason': None, 'author_flair_text_color': None, 'score_hidden': False, 'permalink': '/r/AskPhysics/comments/1cbgs6g/will_you_see_your_friend_at_the_other_end_of_the/l0ydu7z/', 'subreddit_type': 'public', 'locked': False, 'report_reasons': None, 'created': 1713909146.0, 'author_flair_text': None, 'treatment_tags': [], 'collapsed': False, 'subreddit_name_prefixed': 'r/AskPhysics', 'controversiality': 0, 'depth': 1, 'author_flair_background_color': None, 'collapsed_because_crowd_control': None, 'mod_reports': [], 'num_reports': None, 'ups': 1}}], 'before': None}}",,False,9,False,True,False,AskPhysics,t5_2sumo,r/AskPhysics,public,,0,[],,9,[],t1
data_1,[],,,False,,khInstability,,,[],,,,text,t2_qpqpdvj,False,False,False,[],,,"*light doesn't have mass it just moves in a straight line in* *~~space~~* spacetime. Or, I might be wrong.","&lt;div class=""md""&gt;&lt;p&gt;&lt;em&gt;light doesn&amp;#39;t have mass it just moves in a straight line in&lt;/em&gt; &lt;em&gt;&lt;del&gt;space&lt;/del&gt;&lt;/em&gt; spacetime. Or, I might be wrong.&lt;/p&gt;
&lt;/div&gt;",False,False,False,,,,,0,1713911080.0,1713911080.0,0,,0,False,0,{},l0yj56a,False,,t3_1cbgs6g,False,,,,[],t1_l0yj56a,True,,t3_1cbgs6g,/r/AskPhysics/comments/1cbgs6g/will_you_see_your_friend_at_the_other_end_of_the/l0yj56a/,,,,False,0,False,True,False,AskPhysics,t5_2sumo,r/AskPhysics,public,,0,[],,0,[],t1
data_2,[],,,False,,OldChairmanMiao,,misc,[],9bcf4428-c6b2-11e4-b2ab-22000b2b8b92,Physics enthusiast,dark,text,t2_1uawybz0,False,False,False,[],,,"If you mean an ideal laser as part of this thought experiment, then I think so. But light reflecting off an object would bounce back at many angles and one of them would be visible, as long as you're not traveling at c. It sounds kinda gnarly when you factor in time dilation - like your friend might appear farther away than they actually are, depending how fast you're traveling.","&lt;div class=""md""&gt;&lt;p&gt;If you mean an ideal laser as part of this thought experiment, then I think so. But light reflecting off an object would bounce back at many angles and one of them would be visible, as long as you&amp;#39;re not traveling at c. It sounds kinda gnarly when you factor in time dilation - like your friend might appear farther away than they actually are, depending how fast you&amp;#39;re traveling.&lt;/p&gt;
&lt;/div&gt;",False,False,False,,,,,0,1713914355.0,1713914355.0,0,,0,1713916580.0,0,{},l0yrnlv,False,,t3_1cbgs6g,False,,,,[],t1_l0yrnlv,True,,t3_1cbgs6g,/r/AskPhysics/comments/1cbgs6g/will_you_see_your_friend_at_the_other_end_of_the/l0yrnlv/,,"{'kind': 'Listing', 'data': {'after': None, 'dist': None, 'modhash': None, 'geo_filter': '', 'children': [{'kind': 't1', 'data': {'subreddit_id': 't5_2sumo', 'approved_at_utc': None, 'author_is_blocked': False, 'comment_type': None, 'awarders': [], 'mod_reason_by': None, 'banned_by': None, 'author_flair_type': 'text', 'total_awards_received': 0, 'subreddit': 'AskPhysics', 'author_flair_template_id': None, 'likes': None, 'replies': '', 'user_reports': [], 'saved': False, 'id': 'l0z4f15', 'banned_at_utc': None, 'mod_reason_title': None, 'gilded': 0, 'archived': False, 'collapsed_reason_code': None, 'no_follow': True, 'author': 'Fizassist1', 'can_mod_post': False, 'created_utc': 1713919354.0, 'send_replies': True, 'parent_id': 't1_l0yrnlv', 'score': 1, 'author_fullname': 't2_55fn93dl', 'removal_reason': None, 'approved_by': None, 'mod_note': None, 'all_awardings': [], 'body': ""I don't think time dilation would be a thing since everything involved is in the same inertial reference frame.  the other question OP posted in comments about a light source from outside the spaceship would have some time dilation from the perspective of the light source I believe though."", 'edited': False, 'top_awarded_type': None, 'author_flair_css_class': None, 'name': 't1_l0z4f15', 'is_submitter': False, 'downs': 0, 'author_flair_richtext': [], 'author_patreon_flair': False, 'body_html': '&lt;div class=""md""&gt;&lt;p&gt;I don&amp;#39;t think time dilation would be a thing since everything involved is in the same inertial reference frame.  the other question OP posted in comments about a light source from outside the spaceship would have some time dilation from the perspective of the light source I believe though.&lt;/p&gt;\n&lt;/div&gt;', 'gildings': {}, 'collapsed_reason': None, 'distinguished': None, 'associated_award': None, 'stickied': False, 'author_premium': False, 'can_gild': False, 'link_id': 't3_1cbgs6g', 'unrepliable_reason': None, 'author_flair_text_color': None, 'score_hidden': False, 'permalink': '/r/AskPhysics/comments/1cbgs6g/will_you_see_your_friend_at_the_other_end_of_the/l0z4f15/', 'subreddit_type': 'public', 'locked': False, 'report_reasons': None, 'created': 1713919354.0, 'author_flair_text': None, 'treatment_tags': [], 'collapsed': False, 'subreddit_name_prefixed': 'r/AskPhysics', 'controversiality': 0, 'depth': 1, 'author_flair_background_color': None, 'collapsed_because_crowd_control': None, 'mod_reports': [], 'num_reports': None, 'ups': 1}}], 'before': None}}",,False,0,False,True,False,AskPhysics,t5_2sumo,r/AskPhysics,public,,0,[],,0,[],t1
data_3,[],,,False,,PennyG,,,[],,,,text,t2_ddnv1,False,False,False,[],,,"Accelerating “upward” at 1G is indistinguishable from being on earth. You would be unable to tell the difference, and so would the photon.","&lt;div class=""md""&gt;&lt;p&gt;Accelerating “upward” at 1G is indistinguishable from being on earth. You would be unable to tell the difference, and so would the photon.&lt;/p&gt;
&lt;/div&gt;",False,False,False,,,,,0,1713917275.0,1713917275.0,0,,0,False,0,{},l0yz3ks,False,,t3_1cbgs6g,False,,,,[],t1_l0yz3ks,True,,t3_1cbgs6g,/r/AskPhysics/comments/1cbgs6g/will_you_see_your_friend_at_the_other_end_of_the/l0yz3ks/,,,,False,0,False,True,False,AskPhysics,t5_2sumo,r/AskPhysics,public,,0,[],,0,[],t1
data_4,[],,,False,,mentive,,,[],,,,text,t2_66hjz,False,False,False,[],,,"Light is a wave. Thinking of it as just a particle is the mistake here. Sure, some of the wave will hit the floor, but it will still reach you.

Another thing to realize, and im not going to pretend i understand it, but this is relativity...

Light travels at c, for every observer. Even if your spaceship was traveling at 0.5c relative to something else, light would still travel at c, not c - 0.5c ex: You wouldnt observe light traveling at light speed minus the speed you're traveling at... you would still observe light traveling at 1c.","&lt;div class=""md""&gt;&lt;p&gt;Light is a wave. Thinking of it as just a particle is the mistake here. Sure, some of the wave will hit the floor, but it will still reach you.&lt;/p&gt;

&lt;p&gt;Another thing to realize, and im not going to pretend i understand it, but this is relativity...&lt;/p&gt;

&lt;p&gt;Light travels at c, for every observer. Even if your spaceship was traveling at 0.5c relative to something else, light would still travel at c, not c - 0.5c ex: You wouldnt observe light traveling at light speed minus the speed you&amp;#39;re traveling at... you would still observe light traveling at 1c.&lt;/p&gt;
&lt;/div&gt;",False,False,False,,,,,0,1713918056.0,1713918056.0,0,,0,False,0,{},l0z13ur,False,,t3_1cbgs6g,False,,,,[],t1_l0z13ur,True,,t3_1cbgs6g,/r/AskPhysics/comments/1cbgs6g/will_you_see_your_friend_at_the_other_end_of_the/l0z13ur/,,,,False,-2,False,True,False,AskPhysics,t5_2sumo,r/AskPhysics,public,,0,[],,-2,[],t1
