,all_awardings,approved_at_utc,approved_by,archived,associated_award,author,author_flair_background_color,author_flair_css_class,author_flair_richtext,author_flair_template_id,author_flair_text,author_flair_text_color,author_flair_type,author_fullname,author_is_blocked,author_patreon_flair,author_premium,awarders,banned_at_utc,banned_by,body,body_html,can_gild,can_mod_post,collapsed,collapsed_because_crowd_control,collapsed_reason,collapsed_reason_code,comment_type,controversiality,created,created_utc,depth,distinguished,downs,edited,gilded,gildings,id,is_submitter,likes,link_id,locked,mod_note,mod_reason_by,mod_reason_title,mod_reports,name,no_follow,num_reports,parent_id,permalink,removal_reason,replies,report_reasons,saved,score,score_hidden,send_replies,stickied,subreddit,subreddit_id,subreddit_name_prefixed,subreddit_type,top_awarded_type,total_awards_received,treatment_tags,unrepliable_reason,ups,user_reports,kind
data,[],,,False,,Cryptizard,,,[],,,,text,t2_n0aht,False,False,False,[],,,You're going to have to reference where you saw that.  Gravity does do work on things.,"&lt;div class=""md""&gt;&lt;p&gt;You&amp;#39;re going to have to reference where you saw that.  Gravity does do work on things.&lt;/p&gt;
&lt;/div&gt;",False,False,False,,,,,0,1713992601.0,1713992601.0,0,,0,False,0,{},l13rfl6,False,,t3_1cc90qb,False,,,,[],t1_l13rfl6,True,,t3_1cc90qb,/r/AskPhysics/comments/1cc90qb/do_gravitational_bodies_specifically_black_holes/l13rfl6/,,,,False,3,False,True,False,AskPhysics,t5_2sumo,r/AskPhysics,public,,0,[],,3,[],t1
data_1,[],,,False,,mfb-,,pf,[],,Particle physics,dark,text,t2_q81tq,False,False,False,[],,,It performs work when something is lowered in its gravitational potential. Nothing to do with Hawking radiation however.,"&lt;div class=""md""&gt;&lt;p&gt;It performs work when something is lowered in its gravitational potential. Nothing to do with Hawking radiation however.&lt;/p&gt;
&lt;/div&gt;",False,False,False,,,,,0,1714009603.0,1714009603.0,0,,0,False,0,{},l150cj3,False,,t3_1cc90qb,False,,,,[],t1_l150cj3,True,,t3_1cc90qb,/r/AskPhysics/comments/1cc90qb/do_gravitational_bodies_specifically_black_holes/l150cj3/,,,,False,2,False,True,False,AskPhysics,t5_2sumo,r/AskPhysics,public,,0,[],,2,[],t1
