,[],,,False,,Anonymous-USA,,,[],,,,text,t2_7h3ccwl3,False,False,False,[],,,"Kerr black holes (the only kind we’ve observed and possibly the only kind) have a “ring” singularity, but still a singularity.

That ring would theoretically extend to the event horizon if the black hole had maximum spin.  There is a maximum rotation at which the black hole would sheer apart.  Since we know that can’t happen, we know that rotations can not exceed a certain threshold — 100%.

M87* is a fantastic model.  Its a monster and we’ve images it.  It’s somewhere around 85% maximum rotational velocity.  M87* has an event horizon of a monstrous 140AU, and the ring singularity is believed to be around 118AU.  Our own much smaller Sgr A* is rotating around 90% of maximum.

Not sure classical black holes exist.  But there’s alot of universe out there, and theoretically if two equally massive neutron stars or black holes merge and have equal but opposite angular momentum, the resulting black hole would not spin.  And there also may be dark matter black holes, and their properties would be even a greater mystery.  So I’d go with “very low probabilities, but &gt;0%”.","&lt;div class=""md""&gt;&lt;p&gt;Kerr black holes (the only kind we’ve observed and possibly the only kind) have a “ring” singularity, but still a singularity.&lt;/p&gt;

&lt;p&gt;That ring would theoretically extend to the event horizon if the black hole had maximum spin.  There is a maximum rotation at which the black hole would sheer apart.  Since we know that can’t happen, we know that rotations can not exceed a certain threshold — 100%.&lt;/p&gt;

&lt;p&gt;M87* is a fantastic model.  Its a monster and we’ve images it.  It’s somewhere around 85% maximum rotational velocity.  M87* has an event horizon of a monstrous 140AU, and the ring singularity is believed to be around 118AU.  Our own much smaller Sgr A* is rotating around 90% of maximum.&lt;/p&gt;

&lt;p&gt;Not sure classical black holes exist.  But there’s alot of universe out there, and theoretically if two equally massive neutron stars or black holes merge and have equal but opposite angular momentum, the resulting black hole would not spin.  And there also may be dark matter black holes, and their properties would be even a greater mystery.  So I’d go with “very low probabilities, but &amp;gt;0%”.&lt;/p&gt;
&lt;/div&gt;",False,False,False,,,,,0,1713930363.0,1713930363.0,0,,0,1713931055.0,0,{},l0zv84e,False,,t3_1cbo1dk,False,,,,[],t1_l0zv84e,False,,t3_1cbo1dk,/r/AskPhysics/comments/1cbo1dk/are_black_holes_singularities_only_possible_in/l0zv84e/,,"{'kind': 'Listing', 'data': {'after': None, 'dist': None, 'modhash': None, 'geo_filter': '', 'children': [{'kind': 't1', 'data': {'subreddit_id': 't5_2sumo', 'approved_at_utc': None, 'author_is_blocked': False, 'comment_type': None, 'awarders': [], 'mod_reason_by': None, 'banned_by': None, 'author_flair_type': 'text', 'total_awards_received': 0, 'subreddit': 'AskPhysics', 'author_flair_template_id': '73485a1c-c6b2-11e4-b026-22000b698517', 'likes': None, 'replies': '', 'user_reports': [], 'saved': False, 'id': 'l100tyg', 'banned_at_utc': None, 'mod_reason_title': None, 'gilded': 0, 'archived': False, 'collapsed_reason_code': None, 'no_follow': False, 'author': 'wutwutwut2000', 'can_mod_post': False, 'created_utc': 1713933201.0, 'send_replies': True, 'parent_id': 't1_l0zv84e', 'score': 7, 'author_fullname': 't2_aefwkbrji', 'removal_reason': None, 'approved_by': None, 'mod_note': None, 'all_awardings': [], 'body': ""Technically, we don't know whether the inner ergoregion of a spinning black hole must collapse towards the Kerr metric. It is still considered possible that that inner region does not have a ring singularity, despite the rest of the black hole being a Kerr black hole."", 'edited': False, 'top_awarded_type': None, 'author_flair_css_class': 'astro', 'name': 't1_l100tyg', 'is_submitter': False, 'downs': 0, 'author_flair_richtext': [], 'author_patreon_flair': False, 'body_html': '&lt;div class=""md""&gt;&lt;p&gt;Technically, we don&amp;#39;t know whether the inner ergoregion of a spinning black hole must collapse towards the Kerr metric. It is still considered possible that that inner region does not have a ring singularity, despite the rest of the black hole being a Kerr black hole.&lt;/p&gt;\n&lt;/div&gt;', 'gildings': {}, 'collapsed_reason': None, 'distinguished': None, 'associated_award': None, 'stickied': False, 'author_premium': False, 'can_gild': False, 'link_id': 't3_1cbo1dk', 'unrepliable_reason': None, 'author_flair_text_color': 'dark', 'score_hidden': False, 'permalink': '/r/AskPhysics/comments/1cbo1dk/are_black_holes_singularities_only_possible_in/l100tyg/', 'subreddit_type': 'public', 'locked': False, 'report_reasons': None, 'created': 1713933201.0, 'author_flair_text': 'Astrophysics', 'treatment_tags': [], 'collapsed': False, 'subreddit_name_prefixed': 'r/AskPhysics', 'controversiality': 0, 'depth': 1, 'author_flair_background_color': None, 'collapsed_because_crowd_control': None, 'mod_reports': [], 'num_reports': None, 'ups': 7}}, {'kind': 't1', 'data': {'subreddit_id': 't5_2sumo', 'approved_at_utc': None, 'author_is_blocked': False, 'comment_type': None, 'awarders': [], 'mod_reason_by': None, 'banned_by': None, 'author_flair_type': 'text', 'total_awards_received': 0, 'subreddit': 'AskPhysics', 'author_flair_template_id': None, 'likes': None, 'replies': '', 'user_reports': [], 'saved': False, 'id': 'l0zxowv', 'banned_at_utc': None, 'mod_reason_title': None, 'gilded': 0, 'archived': False, 'collapsed_reason_code': None, 'no_follow': True, 'author': 'The-Last-Lion-Turtle', 'can_mod_post': False, 'created_utc': 1713931586.0, 'send_replies': True, 'parent_id': 't1_l0zv84e', 'score': 1, 'author_fullname': 't2_3ql3azqo', 'removal_reason': None, 'approved_by': None, 'mod_note': None, 'all_awardings': [], 'body': ""Does spin have a quantum uncertainty pair and if so what is the other property.\n\nI would have assumed it's impossible for a large object to have a spin of exactly zero."", 'edited': False, 'top_awarded_type': None, 'author_flair_css_class': None, 'name': 't1_l0zxowv', 'is_submitter': False, 'downs': 0, 'author_flair_richtext': [], 'author_patreon_flair': False, 'body_html': '&lt;div class=""md""&gt;&lt;p&gt;Does spin have a quantum uncertainty pair and if so what is the other property.&lt;/p&gt;\n\n&lt;p&gt;I would have assumed it&amp;#39;s impossible for a large object to have a spin of exactly zero.&lt;/p&gt;\n&lt;/div&gt;', 'gildings': {}, 'collapsed_reason': None, 'distinguished': None, 'associated_award': None, 'stickied': False, 'author_premium': False, 'can_gild': False, 'link_id': 't3_1cbo1dk', 'unrepliable_reason': None, 'author_flair_text_color': None, 'score_hidden': False, 'permalink': '/r/AskPhysics/comments/1cbo1dk/are_black_holes_singularities_only_possible_in/l0zxowv/', 'subreddit_type': 'public', 'locked': False, 'report_reasons': None, 'created': 1713931586.0, 'author_flair_text': None, 'treatment_tags': [], 'collapsed': False, 'subreddit_name_prefixed': 'r/AskPhysics', 'controversiality': 0, 'depth': 1, 'author_flair_background_color': None, 'collapsed_because_crowd_control': None, 'mod_reports': [], 'num_reports': None, 'ups': 1}}], 'before': None}}",,False,6,False,True,False,AskPhysics,t5_2sumo,r/AskPhysics,public,,0,[],,6,[],t1
data,[],,,False,,Anonymous-USA,,,[],,,,text,t2_7h3ccwl3,False,False,False,[],,,"Kerr black holes (the only kind we’ve observed and possibly the only kind) have a “ring” singularity, but still a singularity.

That ring would theoretically extend to the event horizon if the black hole had maximum spin.  There is a maximum rotation at which the black hole would sheer apart.  Since we know that can’t happen, we know that rotations can not exceed a certain threshold — 100%.

M87* is a fantastic model.  Its a monster and we’ve images it.  It’s somewhere around 85% maximum rotational velocity.  M87* has an event horizon of a monstrous 140AU, and the ring singularity is believed to be around 118AU.  Our own much smaller Sgr A* is rotating around 90% of maximum.

Not sure classical black holes exist.  But there’s alot of universe out there, and theoretically if two equally massive neutron stars or black holes merge and have equal but opposite angular momentum, the resulting black hole would not spin.  And there also may be dark matter black holes, and their properties would be even a greater mystery.  So I’d go with “very low probabilities, but &gt;0%”.","&lt;div class=""md""&gt;&lt;p&gt;Kerr black holes (the only kind we’ve observed and possibly the only kind) have a “ring” singularity, but still a singularity.&lt;/p&gt;

&lt;p&gt;That ring would theoretically extend to the event horizon if the black hole had maximum spin.  There is a maximum rotation at which the black hole would sheer apart.  Since we know that can’t happen, we know that rotations can not exceed a certain threshold — 100%.&lt;/p&gt;

&lt;p&gt;M87* is a fantastic model.  Its a monster and we’ve images it.  It’s somewhere around 85% maximum rotational velocity.  M87* has an event horizon of a monstrous 140AU, and the ring singularity is believed to be around 118AU.  Our own much smaller Sgr A* is rotating around 90% of maximum.&lt;/p&gt;

&lt;p&gt;Not sure classical black holes exist.  But there’s alot of universe out there, and theoretically if two equally massive neutron stars or black holes merge and have equal but opposite angular momentum, the resulting black hole would not spin.  And there also may be dark matter black holes, and their properties would be even a greater mystery.  So I’d go with “very low probabilities, but &amp;gt;0%”.&lt;/p&gt;
&lt;/div&gt;",False,False,False,,,,,0,1713930363.0,1713930363.0,0,,0,1713931055.0,0,{},l0zv84e,False,,t3_1cbo1dk,False,,,,[],t1_l0zv84e,False,,t3_1cbo1dk,/r/AskPhysics/comments/1cbo1dk/are_black_holes_singularities_only_possible_in/l0zv84e/,,"{'kind': 'Listing', 'data': {'after': None, 'dist': None, 'modhash': None, 'geo_filter': '', 'children': [{'kind': 't1', 'data': {'subreddit_id': 't5_2sumo', 'approved_at_utc': None, 'author_is_blocked': False, 'comment_type': None, 'awarders': [], 'mod_reason_by': None, 'banned_by': None, 'author_flair_type': 'text', 'total_awards_received': 0, 'subreddit': 'AskPhysics', 'author_flair_template_id': '73485a1c-c6b2-11e4-b026-22000b698517', 'likes': None, 'replies': '', 'user_reports': [], 'saved': False, 'id': 'l100tyg', 'banned_at_utc': None, 'mod_reason_title': None, 'gilded': 0, 'archived': False, 'collapsed_reason_code': None, 'no_follow': False, 'author': 'wutwutwut2000', 'can_mod_post': False, 'created_utc': 1713933201.0, 'send_replies': True, 'parent_id': 't1_l0zv84e', 'score': 7, 'author_fullname': 't2_aefwkbrji', 'removal_reason': None, 'approved_by': None, 'mod_note': None, 'all_awardings': [], 'body': ""Technically, we don't know whether the inner ergoregion of a spinning black hole must collapse towards the Kerr metric. It is still considered possible that that inner region does not have a ring singularity, despite the rest of the black hole being a Kerr black hole."", 'edited': False, 'top_awarded_type': None, 'author_flair_css_class': 'astro', 'name': 't1_l100tyg', 'is_submitter': False, 'downs': 0, 'author_flair_richtext': [], 'author_patreon_flair': False, 'body_html': '&lt;div class=""md""&gt;&lt;p&gt;Technically, we don&amp;#39;t know whether the inner ergoregion of a spinning black hole must collapse towards the Kerr metric. It is still considered possible that that inner region does not have a ring singularity, despite the rest of the black hole being a Kerr black hole.&lt;/p&gt;\n&lt;/div&gt;', 'gildings': {}, 'collapsed_reason': None, 'distinguished': None, 'associated_award': None, 'stickied': False, 'author_premium': False, 'can_gild': False, 'link_id': 't3_1cbo1dk', 'unrepliable_reason': None, 'author_flair_text_color': 'dark', 'score_hidden': False, 'permalink': '/r/AskPhysics/comments/1cbo1dk/are_black_holes_singularities_only_possible_in/l100tyg/', 'subreddit_type': 'public', 'locked': False, 'report_reasons': None, 'created': 1713933201.0, 'author_flair_text': 'Astrophysics', 'treatment_tags': [], 'collapsed': False, 'subreddit_name_prefixed': 'r/AskPhysics', 'controversiality': 0, 'depth': 1, 'author_flair_background_color': None, 'collapsed_because_crowd_control': None, 'mod_reports': [], 'num_reports': None, 'ups': 7}}, {'kind': 't1', 'data': {'subreddit_id': 't5_2sumo', 'approved_at_utc': None, 'author_is_blocked': False, 'comment_type': None, 'awarders': [], 'mod_reason_by': None, 'banned_by': None, 'author_flair_type': 'text', 'total_awards_received': 0, 'subreddit': 'AskPhysics', 'author_flair_template_id': None, 'likes': None, 'replies': '', 'user_reports': [], 'saved': False, 'id': 'l0zxowv', 'banned_at_utc': None, 'mod_reason_title': None, 'gilded': 0, 'archived': False, 'collapsed_reason_code': None, 'no_follow': True, 'author': 'The-Last-Lion-Turtle', 'can_mod_post': False, 'created_utc': 1713931586.0, 'send_replies': True, 'parent_id': 't1_l0zv84e', 'score': 1, 'author_fullname': 't2_3ql3azqo', 'removal_reason': None, 'approved_by': None, 'mod_note': None, 'all_awardings': [], 'body': ""Does spin have a quantum uncertainty pair and if so what is the other property.\n\nI would have assumed it's impossible for a large object to have a spin of exactly zero."", 'edited': False, 'top_awarded_type': None, 'author_flair_css_class': None, 'name': 't1_l0zxowv', 'is_submitter': False, 'downs': 0, 'author_flair_richtext': [], 'author_patreon_flair': False, 'body_html': '&lt;div class=""md""&gt;&lt;p&gt;Does spin have a quantum uncertainty pair and if so what is the other property.&lt;/p&gt;\n\n&lt;p&gt;I would have assumed it&amp;#39;s impossible for a large object to have a spin of exactly zero.&lt;/p&gt;\n&lt;/div&gt;', 'gildings': {}, 'collapsed_reason': None, 'distinguished': None, 'associated_award': None, 'stickied': False, 'author_premium': False, 'can_gild': False, 'link_id': 't3_1cbo1dk', 'unrepliable_reason': None, 'author_flair_text_color': None, 'score_hidden': False, 'permalink': '/r/AskPhysics/comments/1cbo1dk/are_black_holes_singularities_only_possible_in/l0zxowv/', 'subreddit_type': 'public', 'locked': False, 'report_reasons': None, 'created': 1713931586.0, 'author_flair_text': None, 'treatment_tags': [], 'collapsed': False, 'subreddit_name_prefixed': 'r/AskPhysics', 'controversiality': 0, 'depth': 1, 'author_flair_background_color': None, 'collapsed_because_crowd_control': None, 'mod_reports': [], 'num_reports': None, 'ups': 1}}], 'before': None}}",,False,6,False,True,False,AskPhysics,t5_2sumo,r/AskPhysics,public,,0,[],,6,[],t1
