,[],,,False,,LiquidCoal,,,[],,,,text,t2_12kths3r,False,False,False,[],,,"The extra dimensions in string theories are typically extra spatial dimensions (as extra time dimensions cause undesirable ultrahyperbolic behavior). They are not &amp;rdquo;different from&amp;ldquo; spatial dimensions, contrary to what you assumed.

The extra spatial dimensions are most often taken to be compactified at around the Planck scale. For a dimension to be compactified means roughly that the dimension wraps back onto itself like a Pacman grid (the Pacman grid specifically representing a torus, which has both its dimensions compactified). The microscopic nature of the compactification of the extra spatial dimensions would make spacetime look to us as if it were just the three spatial and one time dimension that we are familiar with at the large scale.

We have absolutely no evidence that such dimensions exist, or that string theory is true. Experimentally, only 3 spatial dimensions and 1 time dimension are known.","&lt;div class=""md""&gt;&lt;p&gt;The extra dimensions in string theories are typically extra spatial dimensions (as extra time dimensions cause undesirable ultrahyperbolic behavior). They are not &amp;rdquo;different from&amp;ldquo; spatial dimensions, contrary to what you assumed.&lt;/p&gt;

&lt;p&gt;The extra spatial dimensions are most often taken to be compactified at around the Planck scale. For a dimension to be compactified means roughly that the dimension wraps back onto itself like a Pacman grid (the Pacman grid specifically representing a torus, which has both its dimensions compactified). The microscopic nature of the compactification of the extra spatial dimensions would make spacetime look to us as if it were just the three spatial and one time dimension that we are familiar with at the large scale.&lt;/p&gt;

&lt;p&gt;We have absolutely no evidence that such dimensions exist, or that string theory is true. Experimentally, only 3 spatial dimensions and 1 time dimension are known.&lt;/p&gt;
&lt;/div&gt;",False,False,False,,,,,0,1713935736.0,1713935736.0,0,,0,1713935982.0,0,{},l105ecr,False,,t3_1cbkvfx,False,,,,[],t1_l105ecr,True,,t3_1cbkvfx,/r/AskPhysics/comments/1cbkvfx/what_are_string_dimensions_and_how_are_they/l105ecr/,,"{'kind': 'Listing', 'data': {'after': None, 'dist': None, 'modhash': None, 'geo_filter': '', 'children': [{'kind': 't1', 'data': {'subreddit_id': 't5_2sumo', 'approved_at_utc': None, 'author_is_blocked': False, 'comment_type': None, 'awarders': [], 'mod_reason_by': None, 'banned_by': None, 'author_flair_type': 'text', 'total_awards_received': 0, 'subreddit': 'AskPhysics', 'author_flair_template_id': None, 'likes': None, 'replies': '', 'user_reports': [], 'saved': False, 'id': 'l14ohft', 'banned_at_utc': None, 'mod_reason_title': None, 'gilded': 0, 'archived': False, 'collapsed_reason_code': None, 'no_follow': True, 'author': 'SleepyBoy128', 'can_mod_post': False, 'created_utc': 1714005031.0, 'send_replies': True, 'parent_id': 't1_l105ecr', 'score': 1, 'author_fullname': 't2_4i1cm6bs', 'removal_reason': None, 'approved_by': None, 'mod_note': None, 'all_awardings': [], 'body': 'what exactly is wrong with extra time dimensions?', 'edited': False, 'top_awarded_type': None, 'author_flair_css_class': None, 'name': 't1_l14ohft', 'is_submitter': False, 'downs': 0, 'author_flair_richtext': [], 'author_patreon_flair': False, 'body_html': '&lt;div class=""md""&gt;&lt;p&gt;what exactly is wrong with extra time dimensions?&lt;/p&gt;\n&lt;/div&gt;', 'gildings': {}, 'collapsed_reason': None, 'distinguished': None, 'associated_award': None, 'stickied': False, 'author_premium': False, 'can_gild': False, 'link_id': 't3_1cbkvfx', 'unrepliable_reason': None, 'author_flair_text_color': None, 'score_hidden': False, 'permalink': '/r/AskPhysics/comments/1cbkvfx/what_are_string_dimensions_and_how_are_they/l14ohft/', 'subreddit_type': 'public', 'locked': False, 'report_reasons': None, 'created': 1714005031.0, 'author_flair_text': None, 'treatment_tags': [], 'collapsed': False, 'subreddit_name_prefixed': 'r/AskPhysics', 'controversiality': 0, 'depth': 1, 'author_flair_background_color': None, 'collapsed_because_crowd_control': None, 'mod_reports': [], 'num_reports': None, 'ups': 1}}], 'before': None}}",,False,3,False,True,False,AskPhysics,t5_2sumo,r/AskPhysics,public,,0,[],,3,[],t1
data,[],,,False,,LiquidCoal,,,[],,,,text,t2_12kths3r,False,False,False,[],,,"The extra dimensions in string theories are typically extra spatial dimensions (as extra time dimensions cause undesirable ultrahyperbolic behavior). They are not &amp;rdquo;different from&amp;ldquo; spatial dimensions, contrary to what you assumed.

The extra spatial dimensions are most often taken to be compactified at around the Planck scale. For a dimension to be compactified means roughly that the dimension wraps back onto itself like a Pacman grid (the Pacman grid specifically representing a torus, which has both its dimensions compactified). The microscopic nature of the compactification of the extra spatial dimensions would make spacetime look to us as if it were just the three spatial and one time dimension that we are familiar with at the large scale.

We have absolutely no evidence that such dimensions exist, or that string theory is true. Experimentally, only 3 spatial dimensions and 1 time dimension are known.","&lt;div class=""md""&gt;&lt;p&gt;The extra dimensions in string theories are typically extra spatial dimensions (as extra time dimensions cause undesirable ultrahyperbolic behavior). They are not &amp;rdquo;different from&amp;ldquo; spatial dimensions, contrary to what you assumed.&lt;/p&gt;

&lt;p&gt;The extra spatial dimensions are most often taken to be compactified at around the Planck scale. For a dimension to be compactified means roughly that the dimension wraps back onto itself like a Pacman grid (the Pacman grid specifically representing a torus, which has both its dimensions compactified). The microscopic nature of the compactification of the extra spatial dimensions would make spacetime look to us as if it were just the three spatial and one time dimension that we are familiar with at the large scale.&lt;/p&gt;

&lt;p&gt;We have absolutely no evidence that such dimensions exist, or that string theory is true. Experimentally, only 3 spatial dimensions and 1 time dimension are known.&lt;/p&gt;
&lt;/div&gt;",False,False,False,,,,,0,1713935736.0,1713935736.0,0,,0,1713935982.0,0,{},l105ecr,False,,t3_1cbkvfx,False,,,,[],t1_l105ecr,True,,t3_1cbkvfx,/r/AskPhysics/comments/1cbkvfx/what_are_string_dimensions_and_how_are_they/l105ecr/,,"{'kind': 'Listing', 'data': {'after': None, 'dist': None, 'modhash': None, 'geo_filter': '', 'children': [{'kind': 't1', 'data': {'subreddit_id': 't5_2sumo', 'approved_at_utc': None, 'author_is_blocked': False, 'comment_type': None, 'awarders': [], 'mod_reason_by': None, 'banned_by': None, 'author_flair_type': 'text', 'total_awards_received': 0, 'subreddit': 'AskPhysics', 'author_flair_template_id': None, 'likes': None, 'replies': '', 'user_reports': [], 'saved': False, 'id': 'l14ohft', 'banned_at_utc': None, 'mod_reason_title': None, 'gilded': 0, 'archived': False, 'collapsed_reason_code': None, 'no_follow': True, 'author': 'SleepyBoy128', 'can_mod_post': False, 'created_utc': 1714005031.0, 'send_replies': True, 'parent_id': 't1_l105ecr', 'score': 1, 'author_fullname': 't2_4i1cm6bs', 'removal_reason': None, 'approved_by': None, 'mod_note': None, 'all_awardings': [], 'body': 'what exactly is wrong with extra time dimensions?', 'edited': False, 'top_awarded_type': None, 'author_flair_css_class': None, 'name': 't1_l14ohft', 'is_submitter': False, 'downs': 0, 'author_flair_richtext': [], 'author_patreon_flair': False, 'body_html': '&lt;div class=""md""&gt;&lt;p&gt;what exactly is wrong with extra time dimensions?&lt;/p&gt;\n&lt;/div&gt;', 'gildings': {}, 'collapsed_reason': None, 'distinguished': None, 'associated_award': None, 'stickied': False, 'author_premium': False, 'can_gild': False, 'link_id': 't3_1cbkvfx', 'unrepliable_reason': None, 'author_flair_text_color': None, 'score_hidden': False, 'permalink': '/r/AskPhysics/comments/1cbkvfx/what_are_string_dimensions_and_how_are_they/l14ohft/', 'subreddit_type': 'public', 'locked': False, 'report_reasons': None, 'created': 1714005031.0, 'author_flair_text': None, 'treatment_tags': [], 'collapsed': False, 'subreddit_name_prefixed': 'r/AskPhysics', 'controversiality': 0, 'depth': 1, 'author_flair_background_color': None, 'collapsed_because_crowd_control': None, 'mod_reports': [], 'num_reports': None, 'ups': 1}}], 'before': None}}",,False,3,False,True,False,AskPhysics,t5_2sumo,r/AskPhysics,public,,0,[],,3,[],t1
