,all_awardings,approved_at_utc,approved_by,archived,associated_award,author,author_flair_background_color,author_flair_css_class,author_flair_richtext,author_flair_template_id,author_flair_text,author_flair_text_color,author_flair_type,author_fullname,author_is_blocked,author_patreon_flair,author_premium,awarders,banned_at_utc,banned_by,body,body_html,can_gild,can_mod_post,collapsed,collapsed_because_crowd_control,collapsed_reason,collapsed_reason_code,comment_type,controversiality,created,created_utc,depth,distinguished,downs,edited,gilded,gildings,id,is_submitter,likes,link_id,locked,mod_note,mod_reason_by,mod_reason_title,mod_reports,name,no_follow,num_reports,parent_id,permalink,removal_reason,replies,report_reasons,saved,score,score_hidden,send_replies,stickied,subreddit,subreddit_id,subreddit_name_prefixed,subreddit_type,top_awarded_type,total_awards_received,treatment_tags,unrepliable_reason,ups,user_reports,kind
data,[],,,False,,wonkey_monkey,,,[],,,,text,t2_whgrg,False,False,False,[],,,"&gt; From the point of view of this object [A] the world speeds up as object [B] gets closer to the event horizon.

Which object is B? ""This object"" [A] has been established to *not* be getting closer to the event horizon.

Regardless: a hovering object may see the *outside* world speeding up, but I don't that means the black hole below it will speed up and evaporate faster too.

&gt; An objects can establish that it cant reach the event horizon from its own point of view.

Why not? It just has to turn off whatever engine is keeping it above the event horizon. I think you might need to clarify your setup a bit.

&gt; An object can determine that the black hole evaporates faster as an object gets closer to the event horion.

IIRC, infalling objects don't see any radiation/evaporation from a black hole.

Black holes are complicated and different observers can make seemingly contradictory observations which are nonetheless correct for each observer, e.g. outside observers can never see infalling observers pass the event horizon, but for the infalling observer it only takes a finite amount of time to do so.","&lt;div class=""md""&gt;&lt;blockquote&gt;
&lt;p&gt;From the point of view of this object [A] the world speeds up as object [B] gets closer to the event horizon.&lt;/p&gt;
&lt;/blockquote&gt;

&lt;p&gt;Which object is B? &amp;quot;This object&amp;quot; [A] has been established to &lt;em&gt;not&lt;/em&gt; be getting closer to the event horizon.&lt;/p&gt;

&lt;p&gt;Regardless: a hovering object may see the &lt;em&gt;outside&lt;/em&gt; world speeding up, but I don&amp;#39;t that means the black hole below it will speed up and evaporate faster too.&lt;/p&gt;

&lt;blockquote&gt;
&lt;p&gt;An objects can establish that it cant reach the event horizon from its own point of view.&lt;/p&gt;
&lt;/blockquote&gt;

&lt;p&gt;Why not? It just has to turn off whatever engine is keeping it above the event horizon. I think you might need to clarify your setup a bit.&lt;/p&gt;

&lt;blockquote&gt;
&lt;p&gt;An object can determine that the black hole evaporates faster as an object gets closer to the event horion.&lt;/p&gt;
&lt;/blockquote&gt;

&lt;p&gt;IIRC, infalling objects don&amp;#39;t see any radiation/evaporation from a black hole.&lt;/p&gt;

&lt;p&gt;Black holes are complicated and different observers can make seemingly contradictory observations which are nonetheless correct for each observer, e.g. outside observers can never see infalling observers pass the event horizon, but for the infalling observer it only takes a finite amount of time to do so.&lt;/p&gt;
&lt;/div&gt;",False,False,False,,,,,0,1713914525.0,1713914525.0,0,,0,1713914748.0,0,{},l0ys389,False,,t3_1cbirkg,False,,,,[],t1_l0ys389,True,,t3_1cbirkg,/r/AskPhysics/comments/1cbirkg/a_thought_experiment_about_being_near_the_black/l0ys389/,,"{'kind': 'Listing', 'data': {'after': None, 'dist': None, 'modhash': None, 'geo_filter': '', 'children': [{'kind': 't1', 'data': {'subreddit_id': 't5_2sumo', 'approved_at_utc': None, 'author_is_blocked': False, 'comment_type': None, 'awarders': [], 'mod_reason_by': None, 'banned_by': None, 'author_flair_type': 'text', 'total_awards_received': 0, 'subreddit': 'AskPhysics', 'author_flair_template_id': None, 'likes': None, 'replies': {'kind': 'Listing', 'data': {'after': None, 'dist': None, 'modhash': None, 'geo_filter': '', 'children': [{'kind': 't1', 'data': {'subreddit_id': 't5_2sumo', 'approved_at_utc': None, 'author_is_blocked': False, 'comment_type': None, 'awarders': [], 'mod_reason_by': None, 'banned_by': None, 'author_flair_type': 'text', 'total_awards_received': 0, 'subreddit': 'AskPhysics', 'author_flair_template_id': None, 'likes': None, 'replies': {'kind': 'Listing', 'data': {'after': None, 'dist': None, 'modhash': None, 'geo_filter': '', 'children': [{'kind': 't1', 'data': {'subreddit_id': 't5_2sumo', 'approved_at_utc': None, 'author_is_blocked': False, 'comment_type': None, 'awarders': [], 'mod_reason_by': None, 'banned_by': None, 'author_flair_type': 'text', 'total_awards_received': 0, 'subreddit': 'AskPhysics', 'author_flair_template_id': None, 'likes': None, 'replies': {'kind': 'Listing', 'data': {'after': None, 'dist': None, 'modhash': None, 'geo_filter': '', 'children': [{'kind': 't1', 'data': {'subreddit_id': 't5_2sumo', 'approved_at_utc': None, 'author_is_blocked': False, 'comment_type': None, 'awarders': [], 'mod_reason_by': None, 'banned_by': None, 'author_flair_type': 'text', 'total_awards_received': 0, 'subreddit': 'AskPhysics', 'author_flair_template_id': None, 'distinguished': None, 'likes': None, 'replies': {'kind': 'Listing', 'data': {'after': None, 'dist': None, 'modhash': None, 'geo_filter': '', 'children': [{'kind': 't1', 'data': {'subreddit_id': 't5_2sumo', 'approved_at_utc': None, 'author_is_blocked': False, 'comment_type': None, 'awarders': [], 'mod_reason_by': None, 'banned_by': None, 'author_flair_type': 'text', 'total_awards_received': 0, 'subreddit': 'AskPhysics', 'author_flair_template_id': None, 'distinguished': None, 'likes': None, 'replies': '', 'user_reports': [], 'saved': False, 'id': 'l0z2abo', 'banned_at_utc': None, 'mod_reason_title': None, 'gilded': 0, 'archived': False, 'collapsed_reason_code': None, 'no_follow': True, 'author': 'Content_One5405', 'can_mod_post': False, 'send_replies': True, 'parent_id': 't1_l0z04zp', 'score': 1, 'author_fullname': 't2_eyq5p2xqj', 'approved_by': None, 'mod_note': None, 'all_awardings': [], 'body': ""By having an observer near the black hole horizon and far away, and communication between them, i can establish unified view on this world.\n\n\nexample\nHovering observer: im 1000 units away from the horizon.\nFar away onserver: ok, your time dilation is 10 units.\n\nHovering observer: im 100 units away from the horizon.\n\nFar away onserver: ok, your time dilation is 1000 units.\n\n\n\nStable orbits allow to have enough time to make every step of this communication.\n\n\nHovering observer falling speed outside of the event horizon is limited below c. But time dilation is not limited (goes to infinity), and black hole life time is limited.\n\n\nHovering observer: im 10 units away from the horizon.\nFar away onserver: ok, you are 10 units of time away from the black hole evaporation.\n\n\nAs this conversation continues, black hole evaporation time limit will always come before the distance to the black hole's horizon decreases.\n\n\nBecause we cant have this:\nHovering observer: im 3 units away from the horizon.\nFar away onserver: ok, you are 5 units of time away from the black hole evaporation. Plenty of time to reach the horizon for you.\n\n\nIt is a contradiction.\n\n\nSo passing the event horizon in personal time takes a finite time. But black hole always evaporates faster (finite speed of approaching, infinite time dilation, finite time limit to do it before the black hole evaporates)."", 'edited': False, 'gildings': {}, 'downs': 0, 'author_flair_css_class': None, 'name': 't1_l0z2abo', 'is_submitter': True, 'collapsed': False, 'author_flair_richtext': [], 'author_patreon_flair': False, 'body_html': '&lt;div class=""md""&gt;&lt;p&gt;By having an observer near the black hole horizon and far away, and communication between them, i can establish unified view on this world.&lt;/p&gt;\n\n&lt;p&gt;example\nHovering observer: im 1000 units away from the horizon.\nFar away onserver: ok, your time dilation is 10 units.&lt;/p&gt;\n\n&lt;p&gt;Hovering observer: im 100 units away from the horizon.&lt;/p&gt;\n\n&lt;p&gt;Far away onserver: ok, your time dilation is 1000 units.&lt;/p&gt;\n\n&lt;p&gt;Stable orbits allow to have enough time to make every step of this communication.&lt;/p&gt;\n\n&lt;p&gt;Hovering observer falling speed outside of the event horizon is limited below c. But time dilation is not limited (goes to infinity), and black hole life time is limited.&lt;/p&gt;\n\n&lt;p&gt;Hovering observer: im 10 units away from the horizon.\nFar away onserver: ok, you are 10 units of time away from the black hole evaporation.&lt;/p&gt;\n\n&lt;p&gt;As this conversation continues, black hole evaporation time limit will always come before the distance to the black hole&amp;#39;s horizon decreases.&lt;/p&gt;\n\n&lt;p&gt;Because we cant have this:\nHovering observer: im 3 units away from the horizon.\nFar away onserver: ok, you are 5 units of time away from the black hole evaporation. Plenty of time to reach the horizon for you.&lt;/p&gt;\n\n&lt;p&gt;It is a contradiction.&lt;/p&gt;\n\n&lt;p&gt;So passing the event horizon in personal time takes a finite time. But black hole always evaporates faster (finite speed of approaching, infinite time dilation, finite time limit to do it before the black hole evaporates).&lt;/p&gt;\n&lt;/div&gt;', 'removal_reason': None, 'collapsed_reason': None, 'link_id': 't3_1cbirkg', 'associated_award': None, 'stickied': False, 'author_premium': False, 'can_gild': False, 'top_awarded_type': None, 'unrepliable_reason': None, 'author_flair_text_color': None, 'score_hidden': False, 'permalink': '/r/AskPhysics/comments/1cbirkg/a_thought_experiment_about_being_near_the_black/l0z2abo/', 'subreddit_type': 'public', 'locked': False, 'report_reasons': None, 'created': 1713918520.0, 'author_flair_text': None, 'treatment_tags': [], 'created_utc': 1713918520.0, 'subreddit_name_prefixed': 'r/AskPhysics', 'controversiality': 0, 'depth': 5, 'author_flair_background_color': None, 'collapsed_because_crowd_control': None, 'mod_reports': [], 'num_reports': None, 'ups': 1}}], 'before': None}}, 'user_reports': [], 'saved': False, 'id': 'l0z04zp', 'banned_at_utc': None, 'mod_reason_title': None, 'gilded': 0, 'archived': False, 'collapsed_reason_code': None, 'no_follow': True, 'author': 'wonkey_monkey', 'can_mod_post': False, 'send_replies': True, 'parent_id': 't1_l0yz5ns', 'score': 1, 'author_fullname': 't2_whgrg', 'removal_reason': None, 'approved_by': None, 'mod_note': None, 'all_awardings': [], 'body': '&gt; we can establish time, as seen for an outside observer, to come closer to the event horizon.\n\nDo you mean an infalling observer? An ""outside observer"" is usually considered to be one that is stationary and far enough from the black hole to be essentially outside its influence. They don\'t get closer to the event horizon.\n\nBlack holes are not guaranteed to evaporate before an infalling object reaches the event horizon from its own point of view. The infalling observer passes the event horizon in finite time, according to themselves. According to the outerside observer, they never fall in. Contradictory, but both valid.\n\nIt seems like you\'re trying to have your cake and eat it by forcing both points of view into the same frame of reference.', 'edited': False, 'author_flair_css_class': None, 'name': 't1_l0z04zp', 'is_submitter': False, 'downs': 0, 'author_flair_richtext': [], 'author_patreon_flair': False, 'body_html': '&lt;div class=""md""&gt;&lt;blockquote&gt;\n&lt;p&gt;we can establish time, as seen for an outside observer, to come closer to the event horizon.&lt;/p&gt;\n&lt;/blockquote&gt;\n\n&lt;p&gt;Do you mean an infalling observer? An &amp;quot;outside observer&amp;quot; is usually considered to be one that is stationary and far enough from the black hole to be essentially outside its influence. They don&amp;#39;t get closer to the event horizon.&lt;/p&gt;\n\n&lt;p&gt;Black holes are not guaranteed to evaporate before an infalling object reaches the event horizon from its own point of view. The infalling observer passes the event horizon in finite time, according to themselves. According to the outerside observer, they never fall in. Contradictory, but both valid.&lt;/p&gt;\n\n&lt;p&gt;It seems like you&amp;#39;re trying to have your cake and eat it by forcing both points of view into the same frame of reference.&lt;/p&gt;\n&lt;/div&gt;', 'gildings': {}, 'collapsed_reason': None, 'link_id': 't3_1cbirkg', 'associated_award': None, 'stickied': False, 'author_premium': False, 'can_gild': False, 'top_awarded_type': None, 'unrepliable_reason': None, 'author_flair_text_color': None, 'treatment_tags': [], 'score_hidden': False, 'permalink': '/r/AskPhysics/comments/1cbirkg/a_thought_experiment_about_being_near_the_black/l0z04zp/', 'subreddit_type': 'public', 'locked': False, 'report_reasons': None, 'created': 1713917681.0, 'author_flair_text': None, 'collapsed': False, 'created_utc': 1713917681.0, 'subreddit_name_prefixed': 'r/AskPhysics', 'controversiality': 0, 'depth': 4, 'author_flair_background_color': None, 'collapsed_because_crowd_control': None, 'mod_reports': [], 'num_reports': None, 'ups': 1}}], 'before': None}}, 'user_reports': [], 'saved': False, 'id': 'l0yz5ns', 'banned_at_utc': None, 'mod_reason_title': None, 'gilded': 0, 'archived': False, 'collapsed_reason_code': None, 'no_follow': True, 'author': 'Content_One5405', 'can_mod_post': False, 'send_replies': True, 'parent_id': 't1_l0yxggv', 'score': 1, 'author_fullname': 't2_eyq5p2xqj', 'removal_reason': None, 'approved_by': None, 'mod_note': None, 'all_awardings': [], 'collapsed': False, 'body': ""Paradox is here: As we study the viscinity of the black hole's horizon, we can establish time, as seen for an outside observer, to come closer to the event horizon.\xa0 At some distance this time is larger than the black hole's lifetime, because of the time dilation getting infinite. Finite black hole's lifetime is less than infinite time dilation at the black hole's horizon. So there must be a border that a hovering object cant cross, even if it tries to fall in, as it gets more and more slowed down, as black hole's horizon keeps evaporating away from it, as the black hole shrinks.\n\n\nThe main trick here is the communication channel. All other scenarios ighore it and only calculate one side, either outside observer or a in falling observer.\n\n\nCalculating both times helps to imagine it better."", 'edited': False, 'top_awarded_type': None, 'author_flair_css_class': None, 'name': 't1_l0yz5ns', 'is_submitter': True, 'downs': 0, 'author_flair_richtext': [], 'author_patreon_flair': False, 'body_html': '&lt;div class=""md""&gt;&lt;p&gt;Paradox is here: As we study the viscinity of the black hole&amp;#39;s horizon, we can establish time, as seen for an outside observer, to come closer to the event horizon.\xa0 At some distance this time is larger than the black hole&amp;#39;s lifetime, because of the time dilation getting infinite. Finite black hole&amp;#39;s lifetime is less than infinite time dilation at the black hole&amp;#39;s horizon. So there must be a border that a hovering object cant cross, even if it tries to fall in, as it gets more and more slowed down, as black hole&amp;#39;s horizon keeps evaporating away from it, as the black hole shrinks.&lt;/p&gt;\n\n&lt;p&gt;The main trick here is the communication channel. All other scenarios ighore it and only calculate one side, either outside observer or a in falling observer.&lt;/p&gt;\n\n&lt;p&gt;Calculating both times helps to imagine it better.&lt;/p&gt;\n&lt;/div&gt;', 'gildings': {}, 'collapsed_reason': None, 'distinguished': None, 'associated_award': None, 'stickied': False, 'author_premium': False, 'can_gild': False, 'link_id': 't3_1cbirkg', 'unrepliable_reason': None, 'author_flair_text_color': None, 'score_hidden': False, 'permalink': '/r/AskPhysics/comments/1cbirkg/a_thought_experiment_about_being_near_the_black/l0yz5ns/', 'subreddit_type': 'public', 'locked': False, 'report_reasons': None, 'created': 1713917298.0, 'author_flair_text': None, 'treatment_tags': [], 'created_utc': 1713917298.0, 'subreddit_name_prefixed': 'r/AskPhysics', 'controversiality': 0, 'depth': 3, 'author_flair_background_color': None, 'collapsed_because_crowd_control': None, 'mod_reports': [], 'num_reports': None, 'ups': 1}}], 'before': None}}, 'user_reports': [], 'saved': False, 'id': 'l0yxggv', 'banned_at_utc': None, 'mod_reason_title': None, 'gilded': 0, 'archived': False, 'collapsed_reason_code': None, 'no_follow': True, 'author': 'wonkey_monkey', 'can_mod_post': False, 'send_replies': True, 'parent_id': 't1_l0yvel2', 'score': 1, 'author_fullname': 't2_whgrg', 'removal_reason': None, 'approved_by': None, 'mod_note': None, 'all_awardings': [], 'body': ""&gt; I am not talking about passing the event horizon\n\nThen where is the paradox?\n\nYou say:\n\n&gt; An objects can establish that it cant reach the event horizon from its own point of view. \n\nBut you're talking about an object which you have already stated will not pass the event horizon because it is hovering outside it.\n\nFrom the *hovering object's* point of view nothing can ever reach the event horizon. But the hovering object's point of view is not the same as an infalling object's point of view."", 'edited': False, 'top_awarded_type': None, 'downs': 0, 'author_flair_css_class': None, 'name': 't1_l0yxggv', 'is_submitter': False, 'collapsed': False, 'author_flair_richtext': [], 'author_patreon_flair': False, 'body_html': '&lt;div class=""md""&gt;&lt;blockquote&gt;\n&lt;p&gt;I am not talking about passing the event horizon&lt;/p&gt;\n&lt;/blockquote&gt;\n\n&lt;p&gt;Then where is the paradox?&lt;/p&gt;\n\n&lt;p&gt;You say:&lt;/p&gt;\n\n&lt;blockquote&gt;\n&lt;p&gt;An objects can establish that it cant reach the event horizon from its own point of view. &lt;/p&gt;\n&lt;/blockquote&gt;\n\n&lt;p&gt;But you&amp;#39;re talking about an object which you have already stated will not pass the event horizon because it is hovering outside it.&lt;/p&gt;\n\n&lt;p&gt;From the &lt;em&gt;hovering object&amp;#39;s&lt;/em&gt; point of view nothing can ever reach the event horizon. But the hovering object&amp;#39;s point of view is not the same as an infalling object&amp;#39;s point of view.&lt;/p&gt;\n&lt;/div&gt;', 'gildings': {}, 'collapsed_reason': None, 'distinguished': None, 'associated_award': None, 'stickied': False, 'author_premium': False, 'can_gild': False, 'link_id': 't3_1cbirkg', 'unrepliable_reason': None, 'author_flair_text_color': None, 'score_hidden': False, 'permalink': '/r/AskPhysics/comments/1cbirkg/a_thought_experiment_about_being_near_the_black/l0yxggv/', 'subreddit_type': 'public', 'locked': False, 'report_reasons': None, 'created': 1713916629.0, 'author_flair_text': None, 'treatment_tags': [], 'created_utc': 1713916629.0, 'subreddit_name_prefixed': 'r/AskPhysics', 'controversiality': 0, 'depth': 2, 'author_flair_background_color': None, 'collapsed_because_crowd_control': None, 'mod_reports': [], 'num_reports': None, 'ups': 1}}], 'before': None}}, 'user_reports': [], 'saved': False, 'id': 'l0yvel2', 'banned_at_utc': None, 'mod_reason_title': None, 'gilded': 0, 'archived': False, 'collapsed_reason_code': None, 'no_follow': True, 'author': 'Content_One5405', 'can_mod_post': False, 'created_utc': 1713915828.0, 'send_replies': True, 'parent_id': 't1_l0ys389', 'score': 1, 'author_fullname': 't2_eyq5p2xqj', 'removal_reason': None, 'approved_by': None, 'mod_note': None, 'all_awardings': [], 'body': ""A and B is the same object. An object stays near the black hole's horizon, moves only a bit within that area's vicinity to better understand what happens in that vicinity.\n\n\nBlack hole evaporation is a part of the outside world. It has a predetermined amount of time before it happens. We know when the black hole evaporates. This event is a part of our world. An object near the black hole can also track the remaining time to this event.\n\n\nIf an object near the black hole experiences the time dilation, it perceives the world to act faster. Including the evaporation of the black hole happening faster, as this is all part of one world. This object is part of our world, it sees the same sequence of events and ratio of time between events as other observers. Only time dilation differs significantly.\n\n\nIf this object near the black hole sees the world acting faster, but does not see the black hole evaporating faster, this separates the world in two contradicting worlds. This should not happen, as evaporating black hole is a part of our world, we have no issue putting a time limits on its lifetime and compare that to other events in our world.\n\n\nI am not talking about passing the event horizon, as this involves infinity in terms of the time dilation between the far away observer and an object near the black hole. I only want to discuss events that happen as object is near the event horizon - it is simpler, there are no infinities. There is continuous communication channel, an option to synchronize the events as seen by a far and a close observer.\n\n\n'It takes finite amount of time for a infalling observer to pass the event horizon' does not seem to include the time limit on the black hole's lifetime. Which is why I want to re examine this part, using better understood area - where the communication is possible, where the time dilation is large but not infinite - near the event horizon, just outside of it."", 'edited': False, 'top_awarded_type': None, 'author_flair_css_class': None, 'name': 't1_l0yvel2', 'is_submitter': True, 'downs': 0, 'author_flair_richtext': [], 'author_patreon_flair': False, 'body_html': '&lt;div class=""md""&gt;&lt;p&gt;A and B is the same object. An object stays near the black hole&amp;#39;s horizon, moves only a bit within that area&amp;#39;s vicinity to better understand what happens in that vicinity.&lt;/p&gt;\n\n&lt;p&gt;Black hole evaporation is a part of the outside world. It has a predetermined amount of time before it happens. We know when the black hole evaporates. This event is a part of our world. An object near the black hole can also track the remaining time to this event.&lt;/p&gt;\n\n&lt;p&gt;If an object near the black hole experiences the time dilation, it perceives the world to act faster. Including the evaporation of the black hole happening faster, as this is all part of one world. This object is part of our world, it sees the same sequence of events and ratio of time between events as other observers. Only time dilation differs significantly.&lt;/p&gt;\n\n&lt;p&gt;If this object near the black hole sees the world acting faster, but does not see the black hole evaporating faster, this separates the world in two contradicting worlds. This should not happen, as evaporating black hole is a part of our world, we have no issue putting a time limits on its lifetime and compare that to other events in our world.&lt;/p&gt;\n\n&lt;p&gt;I am not talking about passing the event horizon, as this involves infinity in terms of the time dilation between the far away observer and an object near the black hole. I only want to discuss events that happen as object is near the event horizon - it is simpler, there are no infinities. There is continuous communication channel, an option to synchronize the events as seen by a far and a close observer.&lt;/p&gt;\n\n&lt;p&gt;&amp;#39;It takes finite amount of time for a infalling observer to pass the event horizon&amp;#39; does not seem to include the time limit on the black hole&amp;#39;s lifetime. Which is why I want to re examine this part, using better understood area - where the communication is possible, where the time dilation is large but not infinite - near the event horizon, just outside of it.&lt;/p&gt;\n&lt;/div&gt;', 'gildings': {}, 'collapsed_reason': None, 'distinguished': None, 'associated_award': None, 'stickied': False, 'author_premium': False, 'can_gild': False, 'link_id': 't3_1cbirkg', 'unrepliable_reason': None, 'author_flair_text_color': None, 'score_hidden': False, 'permalink': '/r/AskPhysics/comments/1cbirkg/a_thought_experiment_about_being_near_the_black/l0yvel2/', 'subreddit_type': 'public', 'locked': False, 'report_reasons': None, 'created': 1713915828.0, 'author_flair_text': None, 'treatment_tags': [], 'collapsed': False, 'subreddit_name_prefixed': 'r/AskPhysics', 'controversiality': 0, 'depth': 1, 'author_flair_background_color': None, 'collapsed_because_crowd_control': None, 'mod_reports': [], 'num_reports': None, 'ups': 1}}], 'before': None}}",,False,2,False,True,False,AskPhysics,t5_2sumo,r/AskPhysics,public,,0,[],,2,[],t1
data_1,[],,,False,,mfb-,,pf,[],,Particle physics,dark,text,t2_q81tq,False,False,False,[],,,"&gt; An object can calculate that no matter how fast it moves, black hole evaporation always moves the event horizon further from it

No, you fall in way too fast for that.

To get a large time dilation you would need to hover just above the event horizon, using some impossibly strong engines to keep you there. If you do that then sure, you can see the black hole evaporate in a somewhat shorter time (it's still a very long time for every realistic separation). That's ignoring that your engine exhaust would make the black hole grow.","&lt;div class=""md""&gt;&lt;blockquote&gt;
&lt;p&gt;An object can calculate that no matter how fast it moves, black hole evaporation always moves the event horizon further from it&lt;/p&gt;
&lt;/blockquote&gt;

&lt;p&gt;No, you fall in way too fast for that.&lt;/p&gt;

&lt;p&gt;To get a large time dilation you would need to hover just above the event horizon, using some impossibly strong engines to keep you there. If you do that then sure, you can see the black hole evaporate in a somewhat shorter time (it&amp;#39;s still a very long time for every realistic separation). That&amp;#39;s ignoring that your engine exhaust would make the black hole grow.&lt;/p&gt;
&lt;/div&gt;",False,False,False,,,,,0,1713958539.0,1713958539.0,0,,0,False,0,{},l1130qj,False,,t3_1cbirkg,False,,,,[],t1_l1130qj,True,,t3_1cbirkg,/r/AskPhysics/comments/1cbirkg/a_thought_experiment_about_being_near_the_black/l1130qj/,,"{'kind': 'Listing', 'data': {'after': None, 'dist': None, 'modhash': None, 'geo_filter': '', 'children': [{'kind': 't1', 'data': {'subreddit_id': 't5_2sumo', 'approved_at_utc': None, 'author_is_blocked': False, 'comment_type': None, 'awarders': [], 'mod_reason_by': None, 'banned_by': None, 'author_flair_type': 'text', 'total_awards_received': 0, 'subreddit': 'AskPhysics', 'author_flair_template_id': None, 'likes': None, 'replies': {'kind': 'Listing', 'data': {'after': None, 'dist': None, 'modhash': None, 'geo_filter': '', 'children': [{'kind': 't1', 'data': {'subreddit_id': 't5_2sumo', 'approved_at_utc': None, 'author_is_blocked': False, 'comment_type': None, 'awarders': [], 'mod_reason_by': None, 'banned_by': None, 'author_flair_type': 'text', 'total_awards_received': 0, 'subreddit': 'AskPhysics', 'author_flair_template_id': None, 'likes': None, 'replies': {'kind': 'Listing', 'data': {'after': None, 'dist': None, 'modhash': None, 'geo_filter': '', 'children': [{'kind': 't1', 'data': {'subreddit_id': 't5_2sumo', 'approved_at_utc': None, 'author_is_blocked': False, 'comment_type': None, 'awarders': [], 'mod_reason_by': None, 'banned_by': None, 'author_flair_type': 'text', 'total_awards_received': 0, 'subreddit': 'AskPhysics', 'author_flair_template_id': None, 'likes': None, 'replies': '', 'user_reports': [], 'saved': False, 'id': 'l11m4yc', 'banned_at_utc': None, 'mod_reason_title': None, 'gilded': 0, 'archived': False, 'collapsed_reason_code': None, 'no_follow': True, 'author': 'Content_One5405', 'can_mod_post': False, 'send_replies': True, 'parent_id': 't1_l11l1ma', 'score': 1, 'author_fullname': 't2_eyq5p2xqj', 'removal_reason': None, 'approved_by': None, 'mod_note': None, 'all_awardings': [], 'collapsed': False, 'body': 'Thanks. Photon sphere being further away from the event horizon and lack of stable orbits within it shows that the situation it more complex than I thought.', 'edited': False, 'top_awarded_type': None, 'author_flair_css_class': None, 'name': 't1_l11m4yc', 'is_submitter': True, 'downs': 0, 'author_flair_richtext': [], 'author_patreon_flair': False, 'body_html': '&lt;div class=""md""&gt;&lt;p&gt;Thanks. Photon sphere being further away from the event horizon and lack of stable orbits within it shows that the situation it more complex than I thought.&lt;/p&gt;\n&lt;/div&gt;', 'gildings': {}, 'collapsed_reason': None, 'distinguished': None, 'associated_award': None, 'stickied': False, 'author_premium': False, 'can_gild': False, 'link_id': 't3_1cbirkg', 'unrepliable_reason': None, 'author_flair_text_color': None, 'score_hidden': False, 'permalink': '/r/AskPhysics/comments/1cbirkg/a_thought_experiment_about_being_near_the_black/l11m4yc/', 'subreddit_type': 'public', 'locked': False, 'report_reasons': None, 'created': 1713966716.0, 'author_flair_text': None, 'treatment_tags': [], 'created_utc': 1713966716.0, 'subreddit_name_prefixed': 'r/AskPhysics', 'controversiality': 0, 'depth': 3, 'author_flair_background_color': None, 'collapsed_because_crowd_control': None, 'mod_reports': [], 'num_reports': None, 'ups': 1}}], 'before': None}}, 'user_reports': [], 'saved': False, 'id': 'l11l1ma', 'banned_at_utc': None, 'mod_reason_title': None, 'gilded': 0, 'archived': False, 'collapsed_reason_code': None, 'no_follow': True, 'author': 'mfb-', 'can_mod_post': False, 'send_replies': True, 'parent_id': 't1_l11aoe4', 'score': 2, 'author_fullname': 't2_q81tq', 'removal_reason': None, 'approved_by': None, 'mod_note': None, 'all_awardings': [], 'body': ""Stable orbits only exist well outside the photon sphere, the time dilation you can achieve there is limited.\n\n&gt; There is an orbit that makes the black hole evaporation so fast that we wont be able to do even a single turn around the black hole. There is also an orbit that will make the black hole evaporate faster than we can traverse arbitrary small length.\n\nThere is not.\n\n&gt; This makes a contradiction.\n\nIf you just make wrong assertions then it's easy to arrive at contradictions."", 'edited': False, 'top_awarded_type': None, 'downs': 0, 'author_flair_css_class': 'pf', 'name': 't1_l11l1ma', 'is_submitter': False, 'collapsed': False, 'author_flair_richtext': [], 'author_patreon_flair': False, 'body_html': '&lt;div class=""md""&gt;&lt;p&gt;Stable orbits only exist well outside the photon sphere, the time dilation you can achieve there is limited.&lt;/p&gt;\n\n&lt;blockquote&gt;\n&lt;p&gt;There is an orbit that makes the black hole evaporation so fast that we wont be able to do even a single turn around the black hole. There is also an orbit that will make the black hole evaporate faster than we can traverse arbitrary small length.&lt;/p&gt;\n&lt;/blockquote&gt;\n\n&lt;p&gt;There is not.&lt;/p&gt;\n\n&lt;blockquote&gt;\n&lt;p&gt;This makes a contradiction.&lt;/p&gt;\n&lt;/blockquote&gt;\n\n&lt;p&gt;If you just make wrong assertions then it&amp;#39;s easy to arrive at contradictions.&lt;/p&gt;\n&lt;/div&gt;', 'gildings': {}, 'collapsed_reason': None, 'distinguished': None, 'associated_award': None, 'stickied': False, 'author_premium': False, 'can_gild': False, 'link_id': 't3_1cbirkg', 'unrepliable_reason': None, 'author_flair_text_color': 'dark', 'score_hidden': False, 'permalink': '/r/AskPhysics/comments/1cbirkg/a_thought_experiment_about_being_near_the_black/l11l1ma/', 'subreddit_type': 'public', 'locked': False, 'report_reasons': None, 'created': 1713966309.0, 'author_flair_text': 'Particle physics', 'treatment_tags': [], 'created_utc': 1713966309.0, 'subreddit_name_prefixed': 'r/AskPhysics', 'controversiality': 0, 'depth': 2, 'author_flair_background_color': '', 'collapsed_because_crowd_control': None, 'mod_reports': [], 'num_reports': None, 'ups': 2}}], 'before': None}}, 'user_reports': [], 'saved': False, 'id': 'l11aoe4', 'banned_at_utc': None, 'mod_reason_title': None, 'gilded': 0, 'archived': False, 'collapsed_reason_code': None, 'no_follow': True, 'author': 'Content_One5405', 'can_mod_post': False, 'created_utc': 1713962125.0, 'send_replies': True, 'parent_id': 't1_l1130qj', 'score': 1, 'author_fullname': 't2_eyq5p2xqj', 'removal_reason': None, 'approved_by': None, 'mod_note': None, 'all_awardings': [], 'body': ""If initial condition is that we are on a stable orbit near the black hole, we dont need an engine to hover there.\n\n\nWith an engine just to change our orbit we can select an orbit that has any time dilation we want, from almost x1 to almost infinity as we select an orbit closer to the black hole's horizon.\n\n\nThere is an orbit that makes the black hole evaporation so fast that we wont be able to do even a single turn around the black hole. There is also an orbit that will make the black hole evaporate faster than we can traverse arbitrary small length.\n\n\nThis makes a contradiction. There is a sharp transition between 'cant reach the horizon' and 'can reach the horizon', depending on the approach angle. And yet there should not be this sharp transition, as time dilation doesnt depend on the approach angle.\n\n\nThis is for a point observer. I agree that having an observer with the size of the black hole breaks this, as this narrow orbit that makes time dilation so large that the black hole evaporates within a single turn is likely very thin, on the order of microscopic or even particle size. But this thin strip of orbit exist and any size object must pass it to fall in, so it is reasonable to consider it, even if it is this thin."", 'edited': False, 'top_awarded_type': None, 'author_flair_css_class': None, 'name': 't1_l11aoe4', 'is_submitter': True, 'downs': 0, 'author_flair_richtext': [], 'author_patreon_flair': False, 'body_html': '&lt;div class=""md""&gt;&lt;p&gt;If initial condition is that we are on a stable orbit near the black hole, we dont need an engine to hover there.&lt;/p&gt;\n\n&lt;p&gt;With an engine just to change our orbit we can select an orbit that has any time dilation we want, from almost x1 to almost infinity as we select an orbit closer to the black hole&amp;#39;s horizon.&lt;/p&gt;\n\n&lt;p&gt;There is an orbit that makes the black hole evaporation so fast that we wont be able to do even a single turn around the black hole. There is also an orbit that will make the black hole evaporate faster than we can traverse arbitrary small length.&lt;/p&gt;\n\n&lt;p&gt;This makes a contradiction. There is a sharp transition between &amp;#39;cant reach the horizon&amp;#39; and &amp;#39;can reach the horizon&amp;#39;, depending on the approach angle. And yet there should not be this sharp transition, as time dilation doesnt depend on the approach angle.&lt;/p&gt;\n\n&lt;p&gt;This is for a point observer. I agree that having an observer with the size of the black hole breaks this, as this narrow orbit that makes time dilation so large that the black hole evaporates within a single turn is likely very thin, on the order of microscopic or even particle size. But this thin strip of orbit exist and any size object must pass it to fall in, so it is reasonable to consider it, even if it is this thin.&lt;/p&gt;\n&lt;/div&gt;', 'gildings': {}, 'collapsed_reason': None, 'distinguished': None, 'associated_award': None, 'stickied': False, 'author_premium': False, 'can_gild': False, 'link_id': 't3_1cbirkg', 'unrepliable_reason': None, 'author_flair_text_color': None, 'score_hidden': False, 'permalink': '/r/AskPhysics/comments/1cbirkg/a_thought_experiment_about_being_near_the_black/l11aoe4/', 'subreddit_type': 'public', 'locked': False, 'report_reasons': None, 'created': 1713962125.0, 'author_flair_text': None, 'treatment_tags': [], 'collapsed': False, 'subreddit_name_prefixed': 'r/AskPhysics', 'controversiality': 0, 'depth': 1, 'author_flair_background_color': None, 'collapsed_because_crowd_control': None, 'mod_reports': [], 'num_reports': None, 'ups': 1}}, {'kind': 't1', 'data': {'subreddit_id': 't5_2sumo', 'approved_at_utc': None, 'author_is_blocked': False, 'comment_type': None, 'awarders': [], 'mod_reason_by': None, 'banned_by': None, 'author_flair_type': 'text', 'total_awards_received': 0, 'subreddit': 'AskPhysics', 'author_flair_template_id': None, 'likes': None, 'replies': '', 'user_reports': [], 'saved': False, 'id': 'l18hh4d', 'banned_at_utc': None, 'mod_reason_title': None, 'gilded': 0, 'archived': False, 'collapsed_reason_code': None, 'no_follow': True, 'author': 'wonkey_monkey', 'can_mod_post': False, 'created_utc': 1714070815.0, 'send_replies': True, 'parent_id': 't1_l1130qj', 'score': 1, 'author_fullname': 't2_whgrg', 'removal_reason': None, 'approved_by': None, 'mod_note': None, 'all_awardings': [], 'body': ""&gt; No, you fall in way too fast for that.\n\nI think OP's issue though is that you *never* fall in according to an outside observer (OP's description of various, or singular, objects, both hovering and in-falling, is a bit muddled). The outside observer will receive a last photon, but time dilation goes to infinity at the event horizon (right?) so the outside observer can't put a finite timestamp on the actual moment the in-falling observer crosses the event horizon.\n\nBut they will see the black hole evaporate at some finite time in the future (assuming nothing else falls into the black hole). So did the infalling object ever cross the event horizon or not?\n\nIs there some resolution in that the outside observer will see the event horizon grow to encompass the infalling object because of its mass's effect on the spacetime there?"", 'edited': False, 'top_awarded_type': None, 'author_flair_css_class': None, 'name': 't1_l18hh4d', 'is_submitter': False, 'downs': 0, 'author_flair_richtext': [], 'author_patreon_flair': False, 'body_html': '&lt;div class=""md""&gt;&lt;blockquote&gt;\n&lt;p&gt;No, you fall in way too fast for that.&lt;/p&gt;\n&lt;/blockquote&gt;\n\n&lt;p&gt;I think OP&amp;#39;s issue though is that you &lt;em&gt;never&lt;/em&gt; fall in according to an outside observer (OP&amp;#39;s description of various, or singular, objects, both hovering and in-falling, is a bit muddled). The outside observer will receive a last photon, but time dilation goes to infinity at the event horizon (right?) so the outside observer can&amp;#39;t put a finite timestamp on the actual moment the in-falling observer crosses the event horizon.&lt;/p&gt;\n\n&lt;p&gt;But they will see the black hole evaporate at some finite time in the future (assuming nothing else falls into the black hole). So did the infalling object ever cross the event horizon or not?&lt;/p&gt;\n\n&lt;p&gt;Is there some resolution in that the outside observer will see the event horizon grow to encompass the infalling object because of its mass&amp;#39;s effect on the spacetime there?&lt;/p&gt;\n&lt;/div&gt;', 'gildings': {}, 'collapsed_reason': None, 'distinguished': None, 'associated_award': None, 'stickied': False, 'author_premium': False, 'can_gild': False, 'link_id': 't3_1cbirkg', 'unrepliable_reason': None, 'author_flair_text_color': None, 'score_hidden': False, 'permalink': '/r/AskPhysics/comments/1cbirkg/a_thought_experiment_about_being_near_the_black/l18hh4d/', 'subreddit_type': 'public', 'locked': False, 'report_reasons': None, 'created': 1714070815.0, 'author_flair_text': None, 'treatment_tags': [], 'collapsed': False, 'subreddit_name_prefixed': 'r/AskPhysics', 'controversiality': 0, 'depth': 1, 'author_flair_background_color': None, 'collapsed_because_crowd_control': None, 'mod_reports': [], 'num_reports': None, 'ups': 1}}], 'before': None}}",,False,1,False,True,False,AskPhysics,t5_2sumo,r/AskPhysics,public,,0,[],,1,[],t1
data_2,[],,,False,,Previous_Drive_3888,,,[],,,,text,t2_a0o8l783,False,False,False,[],,,Hovering that close to EH will be inside the Innermost Stable Orbit. Be prepared to bring along an infinite amount of fuel.,"&lt;div class=""md""&gt;&lt;p&gt;Hovering that close to EH will be inside the Innermost Stable Orbit. Be prepared to bring along an infinite amount of fuel.&lt;/p&gt;
&lt;/div&gt;",False,False,False,,,,,0,1714013587.0,1714013587.0,0,,0,False,0,{},l15a7o8,False,,t3_1cbirkg,False,,,,[],t1_l15a7o8,True,,t3_1cbirkg,/r/AskPhysics/comments/1cbirkg/a_thought_experiment_about_being_near_the_black/l15a7o8/,,,,False,1,False,True,False,AskPhysics,t5_2sumo,r/AskPhysics,public,,0,[],,1,[],t1
