,all_awardings,approved_at_utc,approved_by,archived,associated_award,author,author_flair_background_color,author_flair_css_class,author_flair_richtext,author_flair_template_id,author_flair_text,author_flair_text_color,author_flair_type,author_fullname,author_is_blocked,author_patreon_flair,author_premium,awarders,banned_at_utc,banned_by,body,body_html,can_gild,can_mod_post,collapsed,collapsed_because_crowd_control,collapsed_reason,collapsed_reason_code,comment_type,controversiality,created,created_utc,depth,distinguished,downs,edited,gilded,gildings,id,is_submitter,likes,link_id,locked,mod_note,mod_reason_by,mod_reason_title,mod_reports,name,no_follow,num_reports,parent_id,permalink,removal_reason,replies,report_reasons,saved,score,score_hidden,send_replies,stickied,subreddit,subreddit_id,subreddit_name_prefixed,subreddit_type,top_awarded_type,total_awards_received,treatment_tags,unrepliable_reason,ups,user_reports,kind
data,[],,,False,,hexifox,,,[],,,,text,t2_fepfpqpfz,False,False,False,[],,,"Your question is almost the same as [Newton's cannonball](https://en.wikipedia.org/wiki/Newton%27s_cannonball?wprov=sfla1)



[here's a website simulation of it](https://physics.weber.edu/schroeder/software/NewtonsCannon.html)


With no air and standing on a mountain 7,100m/s (15,882mph)","&lt;div class=""md""&gt;&lt;p&gt;Your question is almost the same as &lt;a href=""https://en.wikipedia.org/wiki/Newton%27s_cannonball?wprov=sfla1""&gt;Newton&amp;#39;s cannonball&lt;/a&gt;&lt;/p&gt;

&lt;p&gt;&lt;a href=""https://physics.weber.edu/schroeder/software/NewtonsCannon.html""&gt;here&amp;#39;s a website simulation of it&lt;/a&gt;&lt;/p&gt;

&lt;p&gt;With no air and standing on a mountain 7,100m/s (15,882mph)&lt;/p&gt;
&lt;/div&gt;",False,False,False,,,,,0,1714007053.0,1714007053.0,0,,0,False,0,{},l14tpru,False,,t3_1cccz0g,False,,,,[],t1_l14tpru,False,,t3_1cccz0g,/r/AskPhysics/comments/1cccz0g/how_hard_would_i_have_to_swing_an_average/l14tpru/,,"{'kind': 'Listing', 'data': {'after': None, 'dist': None, 'modhash': None, 'geo_filter': '', 'children': [{'kind': 't1', 'data': {'subreddit_id': 't5_2sumo', 'approved_at_utc': None, 'author_is_blocked': False, 'comment_type': None, 'awarders': [], 'mod_reason_by': None, 'banned_by': None, 'author_flair_type': 'text', 'total_awards_received': 0, 'subreddit': 'AskPhysics', 'author_flair_template_id': None, 'likes': None, 'replies': '', 'user_reports': [], 'saved': False, 'id': 'l16an9c', 'banned_at_utc': None, 'mod_reason_title': None, 'gilded': 0, 'archived': False, 'collapsed_reason_code': None, 'no_follow': False, 'author': 'wonkey_monkey', 'can_mod_post': False, 'created_utc': 1714035618.0, 'send_replies': True, 'parent_id': 't1_l14tpru', 'score': 6, 'author_fullname': 't2_whgrg', 'removal_reason': None, 'approved_by': None, 'mod_note': None, 'all_awardings': [], 'body': '&gt; With no air and standing on a mountain 7,100m/s \n\nThat is an *extremely* tall mountain, though. 7,900m/s (escape velocity divided by &amp;radic;2) would be about the speed to make a circular, rather than elliptical, orbit of Earth.\n\nBoth of these ignore the rotation of the Earth, which you could use to your advantage and/or have to take account of.', 'edited': False, 'top_awarded_type': None, 'author_flair_css_class': None, 'name': 't1_l16an9c', 'is_submitter': False, 'downs': 0, 'author_flair_richtext': [], 'author_patreon_flair': False, 'body_html': '&lt;div class=""md""&gt;&lt;blockquote&gt;\n&lt;p&gt;With no air and standing on a mountain 7,100m/s &lt;/p&gt;\n&lt;/blockquote&gt;\n\n&lt;p&gt;That is an &lt;em&gt;extremely&lt;/em&gt; tall mountain, though. 7,900m/s (escape velocity divided by &amp;radic;2) would be about the speed to make a circular, rather than elliptical, orbit of Earth.&lt;/p&gt;\n\n&lt;p&gt;Both of these ignore the rotation of the Earth, which you could use to your advantage and/or have to take account of.&lt;/p&gt;\n&lt;/div&gt;', 'gildings': {}, 'collapsed_reason': None, 'distinguished': None, 'associated_award': None, 'stickied': False, 'author_premium': False, 'can_gild': False, 'link_id': 't3_1cccz0g', 'unrepliable_reason': None, 'author_flair_text_color': None, 'score_hidden': False, 'permalink': '/r/AskPhysics/comments/1cccz0g/how_hard_would_i_have_to_swing_an_average/l16an9c/', 'subreddit_type': 'public', 'locked': False, 'report_reasons': None, 'created': 1714035618.0, 'author_flair_text': None, 'treatment_tags': [], 'collapsed': False, 'subreddit_name_prefixed': 'r/AskPhysics', 'controversiality': 0, 'depth': 1, 'author_flair_background_color': None, 'collapsed_because_crowd_control': None, 'mod_reports': [], 'num_reports': None, 'ups': 6}}, {'kind': 't1', 'data': {'subreddit_id': 't5_2sumo', 'approved_at_utc': None, 'author_is_blocked': False, 'comment_type': None, 'awarders': [], 'mod_reason_by': None, 'banned_by': None, 'author_flair_type': 'text', 'total_awards_received': 0, 'subreddit': 'AskPhysics', 'author_flair_template_id': None, 'likes': None, 'replies': '', 'user_reports': [], 'saved': False, 'id': 'l15b2me', 'banned_at_utc': None, 'mod_reason_title': None, 'gilded': 0, 'archived': False, 'collapsed_reason_code': None, 'no_follow': True, 'author': 'leonphelpth', 'can_mod_post': False, 'created_utc': 1714013964.0, 'send_replies': True, 'parent_id': 't1_l14tpru', 'score': 2, 'author_fullname': 't2_e1q3462v', 'removal_reason': None, 'approved_by': None, 'mod_note': None, 'all_awardings': [], 'body': 'That’s very cool. Thank you!', 'edited': False, 'top_awarded_type': None, 'author_flair_css_class': None, 'name': 't1_l15b2me', 'is_submitter': True, 'downs': 0, 'author_flair_richtext': [], 'author_patreon_flair': False, 'body_html': '&lt;div class=""md""&gt;&lt;p&gt;That’s very cool. Thank you!&lt;/p&gt;\n&lt;/div&gt;', 'gildings': {}, 'collapsed_reason': None, 'distinguished': None, 'associated_award': None, 'stickied': False, 'author_premium': False, 'can_gild': False, 'link_id': 't3_1cccz0g', 'unrepliable_reason': None, 'author_flair_text_color': None, 'score_hidden': False, 'permalink': '/r/AskPhysics/comments/1cccz0g/how_hard_would_i_have_to_swing_an_average/l15b2me/', 'subreddit_type': 'public', 'locked': False, 'report_reasons': None, 'created': 1714013964.0, 'author_flair_text': None, 'treatment_tags': [], 'collapsed': False, 'subreddit_name_prefixed': 'r/AskPhysics', 'controversiality': 0, 'depth': 1, 'author_flair_background_color': None, 'collapsed_because_crowd_control': None, 'mod_reports': [], 'num_reports': None, 'ups': 2}}, {'kind': 't1', 'data': {'subreddit_id': 't5_2sumo', 'approved_at_utc': None, 'author_is_blocked': False, 'comment_type': None, 'awarders': [], 'mod_reason_by': None, 'banned_by': None, 'author_flair_type': 'text', 'total_awards_received': 0, 'subreddit': 'AskPhysics', 'author_flair_template_id': None, 'likes': None, 'replies': '', 'user_reports': [], 'saved': False, 'id': 'l15i9h3', 'banned_at_utc': None, 'mod_reason_title': None, 'gilded': 0, 'archived': False, 'collapsed_reason_code': None, 'no_follow': True, 'author': 'theimplication7', 'can_mod_post': False, 'created_utc': 1714017360.0, 'send_replies': True, 'parent_id': 't1_l14tpru', 'score': 1, 'author_fullname': 't2_sb2aye98g', 'removal_reason': None, 'approved_by': None, 'mod_note': None, 'all_awardings': [], 'body': 'I had way too much fun with that..', 'edited': False, 'top_awarded_type': None, 'author_flair_css_class': None, 'name': 't1_l15i9h3', 'is_submitter': False, 'downs': 0, 'author_flair_richtext': [], 'author_patreon_flair': False, 'body_html': '&lt;div class=""md""&gt;&lt;p&gt;I had way too much fun with that..&lt;/p&gt;\n&lt;/div&gt;', 'gildings': {}, 'collapsed_reason': None, 'distinguished': None, 'associated_award': None, 'stickied': False, 'author_premium': False, 'can_gild': False, 'link_id': 't3_1cccz0g', 'unrepliable_reason': None, 'author_flair_text_color': None, 'score_hidden': False, 'permalink': '/r/AskPhysics/comments/1cccz0g/how_hard_would_i_have_to_swing_an_average/l15i9h3/', 'subreddit_type': 'public', 'locked': False, 'report_reasons': None, 'created': 1714017360.0, 'author_flair_text': None, 'treatment_tags': [], 'collapsed': False, 'subreddit_name_prefixed': 'r/AskPhysics', 'controversiality': 0, 'depth': 1, 'author_flair_background_color': None, 'collapsed_because_crowd_control': None, 'mod_reports': [], 'num_reports': None, 'ups': 1}}], 'before': None}}",,False,23,False,True,False,AskPhysics,t5_2sumo,r/AskPhysics,public,,0,[],,23,[],t1
data_1,[],,,False,,Rensin2,,,[],,,,text,t2_i40qb,False,False,False,[],,,"Around 8 kilometers per second, though anything between 8 kilometers per second and 11 kilometers per second would also work, it would just take longer. Except that the above figures assume that you fire the ball straight at the horizon on a perfectly spherical Earth (no buildings or hills) with no atmosphere.

In reality, there is no way to make something consistently orbit the Earth by throwing it from inside the atmosphere without artificially accelerating it after it has left the atmosphere.","&lt;div class=""md""&gt;&lt;p&gt;Around 8 kilometers per second, though anything between 8 kilometers per second and 11 kilometers per second would also work, it would just take longer. Except that the above figures assume that you fire the ball straight at the horizon on a perfectly spherical Earth (no buildings or hills) with no atmosphere.&lt;/p&gt;

&lt;p&gt;In reality, there is no way to make something consistently orbit the Earth by throwing it from inside the atmosphere without artificially accelerating it after it has left the atmosphere.&lt;/p&gt;
&lt;/div&gt;",False,False,False,,,,,0,1714004701.0,1714004701.0,0,,0,False,0,{},l14nmtr,False,,t3_1cccz0g,False,,,,[],t1_l14nmtr,False,,t3_1cccz0g,/r/AskPhysics/comments/1cccz0g/how_hard_would_i_have_to_swing_an_average/l14nmtr/,,"{'kind': 'Listing', 'data': {'after': None, 'dist': None, 'modhash': None, 'geo_filter': '', 'children': [{'kind': 't1', 'data': {'subreddit_id': 't5_2sumo', 'approved_at_utc': None, 'author_is_blocked': False, 'comment_type': None, 'awarders': [], 'mod_reason_by': None, 'banned_by': None, 'author_flair_type': 'text', 'total_awards_received': 0, 'subreddit': 'AskPhysics', 'author_flair_template_id': None, 'likes': None, 'replies': '', 'user_reports': [], 'saved': False, 'id': 'l152a76', 'banned_at_utc': None, 'mod_reason_title': None, 'gilded': 0, 'archived': False, 'collapsed_reason_code': None, 'no_follow': False, 'author': 'VAL9THOU', 'can_mod_post': False, 'created_utc': 1714010350.0, 'send_replies': True, 'parent_id': 't1_l14nmtr', 'score': 6, 'author_fullname': 't2_bybuk0qz', 'removal_reason': None, 'approved_by': None, 'mod_note': None, 'all_awardings': [], 'body': ""I mean you can make it 'orbit' once, which is what OP's describing. Atmospheric losses are going to eat up a ton of energy, though. We're also not talking about actually reaching orbit. OP is describing a suborbital trajectory. IIRC the space shuttle spent about 7kmps of Δv to reach LEO, so it would probably need to be in the ballpark of that, really probably much more, a baseball is both less aerodynamic and has less inertia compared to its cross section, however this is slightly offset by the fact that we're staying suborbital, rather than reaching a true orbit.\n\nLosses from reentry can be accounted for slightly more cheaply, since we're not fighting gravity. The ball will likely have lost all of its horizontal velocity well before it reaches the ground, however, so OP will have to look straight up to catch it"", 'edited': 1714010715.0, 'top_awarded_type': None, 'author_flair_css_class': None, 'name': 't1_l152a76', 'is_submitter': False, 'downs': 0, 'author_flair_richtext': [], 'author_patreon_flair': False, 'body_html': '&lt;div class=""md""&gt;&lt;p&gt;I mean you can make it &amp;#39;orbit&amp;#39; once, which is what OP&amp;#39;s describing. Atmospheric losses are going to eat up a ton of energy, though. We&amp;#39;re also not talking about actually reaching orbit. OP is describing a suborbital trajectory. IIRC the space shuttle spent about 7kmps of Δv to reach LEO, so it would probably need to be in the ballpark of that, really probably much more, a baseball is both less aerodynamic and has less inertia compared to its cross section, however this is slightly offset by the fact that we&amp;#39;re staying suborbital, rather than reaching a true orbit.&lt;/p&gt;\n\n&lt;p&gt;Losses from reentry can be accounted for slightly more cheaply, since we&amp;#39;re not fighting gravity. The ball will likely have lost all of its horizontal velocity well before it reaches the ground, however, so OP will have to look straight up to catch it&lt;/p&gt;\n&lt;/div&gt;', 'gildings': {}, 'collapsed_reason': None, 'distinguished': None, 'associated_award': None, 'stickied': False, 'author_premium': False, 'can_gild': False, 'link_id': 't3_1cccz0g', 'unrepliable_reason': None, 'author_flair_text_color': None, 'score_hidden': False, 'permalink': '/r/AskPhysics/comments/1cccz0g/how_hard_would_i_have_to_swing_an_average/l152a76/', 'subreddit_type': 'public', 'locked': False, 'report_reasons': None, 'created': 1714010350.0, 'author_flair_text': None, 'treatment_tags': [], 'collapsed': False, 'subreddit_name_prefixed': 'r/AskPhysics', 'controversiality': 0, 'depth': 1, 'author_flair_background_color': None, 'collapsed_because_crowd_control': None, 'mod_reports': [], 'num_reports': None, 'ups': 6}}, {'kind': 't1', 'data': {'subreddit_id': 't5_2sumo', 'approved_at_utc': None, 'author_is_blocked': False, 'comment_type': None, 'awarders': [], 'mod_reason_by': None, 'banned_by': None, 'author_flair_type': 'text', 'total_awards_received': 0, 'subreddit': 'AskPhysics', 'author_flair_template_id': None, 'likes': None, 'replies': '', 'user_reports': [], 'saved': False, 'id': 'l15cclo', 'banned_at_utc': None, 'mod_reason_title': None, 'gilded': 0, 'archived': False, 'collapsed_reason_code': None, 'no_follow': True, 'author': 'davethapeanut', 'can_mod_post': False, 'created_utc': 1714014544.0, 'send_replies': True, 'parent_id': 't1_l14nmtr', 'score': 1, 'author_fullname': 't2_x4zt1f48w', 'removal_reason': None, 'approved_by': None, 'mod_note': None, 'all_awardings': [], 'body': ""What if I create a constantly moving along the same curvature of the earth gravity well that pulls the baseball while also making a beeline for OP's nutsack?"", 'edited': False, 'top_awarded_type': None, 'author_flair_css_class': None, 'name': 't1_l15cclo', 'is_submitter': False, 'downs': 0, 'author_flair_richtext': [], 'author_patreon_flair': False, 'body_html': '&lt;div class=""md""&gt;&lt;p&gt;What if I create a constantly moving along the same curvature of the earth gravity well that pulls the baseball while also making a beeline for OP&amp;#39;s nutsack?&lt;/p&gt;\n&lt;/div&gt;', 'gildings': {}, 'collapsed_reason': None, 'distinguished': None, 'associated_award': None, 'stickied': False, 'author_premium': False, 'can_gild': False, 'link_id': 't3_1cccz0g', 'unrepliable_reason': None, 'author_flair_text_color': None, 'score_hidden': False, 'permalink': '/r/AskPhysics/comments/1cccz0g/how_hard_would_i_have_to_swing_an_average/l15cclo/', 'subreddit_type': 'public', 'locked': False, 'report_reasons': None, 'created': 1714014544.0, 'author_flair_text': None, 'treatment_tags': [], 'collapsed': False, 'subreddit_name_prefixed': 'r/AskPhysics', 'controversiality': 0, 'depth': 1, 'author_flair_background_color': None, 'collapsed_because_crowd_control': None, 'mod_reports': [], 'num_reports': None, 'ups': 1}}], 'before': None}}",,False,5,False,True,False,AskPhysics,t5_2sumo,r/AskPhysics,public,,0,[],,5,[],t1
data_2,[],,,False,,ConfuzzledFalcon,,,[],,,,text,t2_12oq9xj0,False,False,False,[],,,"Technically you're asking for a ballistic trajectory, not an ""orbit."" This is definitely possible though. The speed would be somewhere between 8 and 11 km/sec as someone else explained. Since the ball originated on Earth's surface, it will follow an elliptical path that returns to Earth something like 2 hours later (this time varies wildly by how fast you hit it. Faster hits will take longer to return, ironically). You would also have to choose the direction of the hit such that it falls back to Earth at the location you're going to be in at that time. You would want to hit it due West, assuming you're going to stand at the plate that whole time. The angle above the horizon is a function of how hard you hit and your latitude. Air resistance will also play a role in the calculations, but it is a relatively small modification. If you hit significantly faster than 8 km/second, it will be out of the atmosphere for most of the trajectory.","&lt;div class=""md""&gt;&lt;p&gt;Technically you&amp;#39;re asking for a ballistic trajectory, not an &amp;quot;orbit.&amp;quot; This is definitely possible though. The speed would be somewhere between 8 and 11 km/sec as someone else explained. Since the ball originated on Earth&amp;#39;s surface, it will follow an elliptical path that returns to Earth something like 2 hours later (this time varies wildly by how fast you hit it. Faster hits will take longer to return, ironically). You would also have to choose the direction of the hit such that it falls back to Earth at the location you&amp;#39;re going to be in at that time. You would want to hit it due West, assuming you&amp;#39;re going to stand at the plate that whole time. The angle above the horizon is a function of how hard you hit and your latitude. Air resistance will also play a role in the calculations, but it is a relatively small modification. If you hit significantly faster than 8 km/second, it will be out of the atmosphere for most of the trajectory.&lt;/p&gt;
&lt;/div&gt;",False,False,False,,,,,0,1714009378.0,1714009378.0,0,,0,False,0,{},l14zrvg,False,,t3_1cccz0g,False,,,,[],t1_l14zrvg,True,,t3_1cccz0g,/r/AskPhysics/comments/1cccz0g/how_hard_would_i_have_to_swing_an_average/l14zrvg/,,"{'kind': 'Listing', 'data': {'after': None, 'dist': None, 'modhash': None, 'geo_filter': '', 'children': [{'kind': 't1', 'data': {'subreddit_id': 't5_2sumo', 'approved_at_utc': None, 'author_is_blocked': False, 'comment_type': None, 'awarders': [], 'mod_reason_by': None, 'banned_by': None, 'author_flair_type': 'text', 'total_awards_received': 0, 'subreddit': 'AskPhysics', 'author_flair_template_id': None, 'likes': None, 'replies': {'kind': 'Listing', 'data': {'after': None, 'dist': None, 'modhash': None, 'geo_filter': '', 'children': [{'kind': 't1', 'data': {'subreddit_id': 't5_2sumo', 'approved_at_utc': None, 'author_is_blocked': False, 'comment_type': None, 'awarders': [], 'mod_reason_by': None, 'banned_by': None, 'author_flair_type': 'text', 'total_awards_received': 0, 'subreddit': 'AskPhysics', 'author_flair_template_id': None, 'likes': None, 'replies': {'kind': 'Listing', 'data': {'after': None, 'dist': None, 'modhash': None, 'geo_filter': '', 'children': [{'kind': 't1', 'data': {'subreddit_id': 't5_2sumo', 'approved_at_utc': None, 'author_is_blocked': False, 'comment_type': None, 'awarders': [], 'mod_reason_by': None, 'banned_by': None, 'author_flair_type': 'text', 'total_awards_received': 0, 'subreddit': 'AskPhysics', 'author_flair_template_id': None, 'likes': None, 'replies': {'kind': 'Listing', 'data': {'after': None, 'dist': None, 'modhash': None, 'geo_filter': '', 'children': [{'kind': 't1', 'data': {'subreddit_id': 't5_2sumo', 'approved_at_utc': None, 'author_is_blocked': False, 'comment_type': None, 'awarders': [], 'mod_reason_by': None, 'banned_by': None, 'author_flair_type': 'text', 'total_awards_received': 0, 'subreddit': 'AskPhysics', 'author_flair_template_id': None, 'distinguished': None, 'likes': None, 'replies': '', 'user_reports': [], 'saved': False, 'id': 'l1bcpm5', 'banned_at_utc': None, 'mod_reason_title': None, 'gilded': 0, 'archived': False, 'collapsed_reason_code': None, 'no_follow': True, 'author': 'leonphelpth', 'can_mod_post': False, 'send_replies': True, 'parent_id': 't1_l15sknc', 'score': 1, 'author_fullname': 't2_e1q3462v', 'removal_reason': None, 'approved_by': None, 'mod_note': None, 'all_awardings': [], 'body': 'I am discouraged lol', 'edited': False, 'author_flair_css_class': None, 'name': 't1_l1bcpm5', 'is_submitter': True, 'downs': 0, 'author_flair_richtext': [], 'author_patreon_flair': False, 'body_html': '&lt;div class=""md""&gt;&lt;p&gt;I am discouraged lol&lt;/p&gt;\n&lt;/div&gt;', 'gildings': {}, 'collapsed_reason': None, 'link_id': 't3_1cccz0g', 'associated_award': None, 'stickied': False, 'author_premium': False, 'can_gild': False, 'top_awarded_type': None, 'unrepliable_reason': None, 'author_flair_text_color': None, 'treatment_tags': [], 'score_hidden': False, 'permalink': '/r/AskPhysics/comments/1cccz0g/how_hard_would_i_have_to_swing_an_average/l1bcpm5/', 'subreddit_type': 'public', 'locked': False, 'report_reasons': None, 'created': 1714112345.0, 'author_flair_text': None, 'collapsed': False, 'created_utc': 1714112345.0, 'subreddit_name_prefixed': 'r/AskPhysics', 'controversiality': 0, 'depth': 4, 'author_flair_background_color': None, 'collapsed_because_crowd_control': None, 'mod_reports': [], 'num_reports': None, 'ups': 1}}], 'before': None}}, 'user_reports': [], 'saved': False, 'id': 'l15sknc', 'banned_at_utc': None, 'mod_reason_title': None, 'gilded': 0, 'archived': False, 'collapsed_reason_code': None, 'no_follow': True, 'author': 'mem2100', 'can_mod_post': False, 'send_replies': True, 'parent_id': 't1_l15qlxv', 'score': 1, 'author_fullname': 't2_3u0fa1i8', 'removal_reason': None, 'approved_by': None, 'mod_note': None, 'all_awardings': [], 'collapsed': False, 'body': 'Agreed.  It will get quite warm though. :)  \n\nWhat makes the calculation difficult is that air resistance changes dramatically as we get a lot higher.  But I do think the initial V will have to be insanely high to even get to orbit.  If we could make the ball out of iron or lead and give it a super low drag shape, that would help a lot.  \n\nBecause the trouble with a baseball is that - even if we start out at 300,000 KM/sec, as opposed to 9 KM/sec, the force squares on the speed.  So the force would increase one billion fold. And this would take our G force from 100,000 Gs, to 100 trillion Gs.\n\nToo tired, more tomorrow.  But I think even C, might not get us there.  Not sure.', 'edited': False, 'top_awarded_type': None, 'author_flair_css_class': None, 'name': 't1_l15sknc', 'is_submitter': False, 'downs': 0, 'author_flair_richtext': [], 'author_patreon_flair': False, 'body_html': '&lt;div class=""md""&gt;&lt;p&gt;Agreed.  It will get quite warm though. :)  &lt;/p&gt;\n\n&lt;p&gt;What makes the calculation difficult is that air resistance changes dramatically as we get a lot higher.  But I do think the initial V will have to be insanely high to even get to orbit.  If we could make the ball out of iron or lead and give it a super low drag shape, that would help a lot.  &lt;/p&gt;\n\n&lt;p&gt;Because the trouble with a baseball is that - even if we start out at 300,000 KM/sec, as opposed to 9 KM/sec, the force squares on the speed.  So the force would increase one billion fold. And this would take our G force from 100,000 Gs, to 100 trillion Gs.&lt;/p&gt;\n\n&lt;p&gt;Too tired, more tomorrow.  But I think even C, might not get us there.  Not sure.&lt;/p&gt;\n&lt;/div&gt;', 'gildings': {}, 'collapsed_reason': None, 'distinguished': None, 'associated_award': None, 'stickied': False, 'author_premium': False, 'can_gild': False, 'link_id': 't3_1cccz0g', 'unrepliable_reason': None, 'author_flair_text_color': None, 'score_hidden': False, 'permalink': '/r/AskPhysics/comments/1cccz0g/how_hard_would_i_have_to_swing_an_average/l15sknc/', 'subreddit_type': 'public', 'locked': False, 'report_reasons': None, 'created': 1714023021.0, 'author_flair_text': None, 'treatment_tags': [], 'created_utc': 1714023021.0, 'subreddit_name_prefixed': 'r/AskPhysics', 'controversiality': 0, 'depth': 3, 'author_flair_background_color': None, 'collapsed_because_crowd_control': None, 'mod_reports': [], 'num_reports': None, 'ups': 1}}], 'before': None}}, 'user_reports': [], 'saved': False, 'id': 'l15qlxv', 'banned_at_utc': None, 'mod_reason_title': None, 'gilded': 0, 'archived': False, 'collapsed_reason_code': None, 'no_follow': True, 'author': 'ConfuzzledFalcon', 'can_mod_post': False, 'send_replies': True, 'parent_id': 't1_l15qf0w', 'score': 1, 'author_fullname': 't2_12oq9xj0', 'removal_reason': None, 'approved_by': None, 'mod_note': None, 'all_awardings': [], 'body': 'Alright I was wrong about that statement. Nice!\n\nCould still be done if the ball was indestructible.', 'edited': False, 'top_awarded_type': None, 'downs': 0, 'author_flair_css_class': None, 'name': 't1_l15qlxv', 'is_submitter': False, 'collapsed': False, 'author_flair_richtext': [], 'author_patreon_flair': False, 'body_html': '&lt;div class=""md""&gt;&lt;p&gt;Alright I was wrong about that statement. Nice!&lt;/p&gt;\n\n&lt;p&gt;Could still be done if the ball was indestructible.&lt;/p&gt;\n&lt;/div&gt;', 'gildings': {}, 'collapsed_reason': None, 'distinguished': None, 'associated_award': None, 'stickied': False, 'author_premium': False, 'can_gild': False, 'link_id': 't3_1cccz0g', 'unrepliable_reason': None, 'author_flair_text_color': None, 'score_hidden': False, 'permalink': '/r/AskPhysics/comments/1cccz0g/how_hard_would_i_have_to_swing_an_average/l15qlxv/', 'subreddit_type': 'public', 'locked': False, 'report_reasons': None, 'created': 1714021861.0, 'author_flair_text': None, 'treatment_tags': [], 'created_utc': 1714021861.0, 'subreddit_name_prefixed': 'r/AskPhysics', 'controversiality': 0, 'depth': 2, 'author_flair_background_color': None, 'collapsed_because_crowd_control': None, 'mod_reports': [], 'num_reports': None, 'ups': 1}}], 'before': None}}, 'user_reports': [], 'saved': False, 'id': 'l15qf0w', 'banned_at_utc': None, 'mod_reason_title': None, 'gilded': 0, 'archived': False, 'collapsed_reason_code': None, 'no_follow': True, 'author': 'mem2100', 'can_mod_post': False, 'created_utc': 1714021752.0, 'send_replies': True, 'parent_id': 't1_l14zrvg', 'score': 1, 'author_fullname': 't2_3u0fa1i8', 'removal_reason': None, 'approved_by': None, 'mod_note': None, 'all_awardings': [], 'body': ""Air resistance would be a huge modification.  In fact, a normal size/mass/density baseball at these speeds would act more like a bullet in water.  It would decelerate at almost 100,000 G's in the first millisecond.\n\nAt 100 MPH - 3.2 Newtons of resistance at sea level.  In metric that is 45 meters/sec = 3.2 N of air resistance.  At 200 times that speed, or 9 KM/sec, the resistance = 3.2 \\* (200)\\^2 = 128,000 N.  The ball only weighs 140 grams, so this is the equivalent of 7 times that force on a one KG object.  Obviously the force drops off quickly, as a square of the speed, so when we cut the speed in half the deceleration is 1/4.  But still, let's do a quick look at the first ms.  \n\nAt 900,000 N, we are decelerating at 900,000 M/Sec squared.  Or 900 KM/sec squared.  In one millisecond, we lose approximately 0.7 KM/Sec - which is 7.5 percent of our speed.  Our resistance drops from 900,000 to 700,000 during that time - let's take a rounded mid point, and say our Force averages 800,000 N during that ms.\n\nMore important, 9KM/sec = 9,000 M/sec = 9 meters/millisecond.  So we travelled 9 meters, or about 30 feet and lost 7.5 percent of our speed.  The trouble is that the ball is VERY low density and has a poor coefficient of drag.  I'd have to do an Excel model to get this more accurate, but for now, at a glance, you would lose more than half your speed in 20 ms, which is all of 140 meters."", 'edited': False, 'top_awarded_type': None, 'author_flair_css_class': None, 'name': 't1_l15qf0w', 'is_submitter': False, 'downs': 0, 'author_flair_richtext': [], 'author_patreon_flair': False, 'body_html': '&lt;div class=""md""&gt;&lt;p&gt;Air resistance would be a huge modification.  In fact, a normal size/mass/density baseball at these speeds would act more like a bullet in water.  It would decelerate at almost 100,000 G&amp;#39;s in the first millisecond.&lt;/p&gt;\n\n&lt;p&gt;At 100 MPH - 3.2 Newtons of resistance at sea level.  In metric that is 45 meters/sec = 3.2 N of air resistance.  At 200 times that speed, or 9 KM/sec, the resistance = 3.2 * (200)^2 = 128,000 N.  The ball only weighs 140 grams, so this is the equivalent of 7 times that force on a one KG object.  Obviously the force drops off quickly, as a square of the speed, so when we cut the speed in half the deceleration is 1/4.  But still, let&amp;#39;s do a quick look at the first ms.  &lt;/p&gt;\n\n&lt;p&gt;At 900,000 N, we are decelerating at 900,000 M/Sec squared.  Or 900 KM/sec squared.  In one millisecond, we lose approximately 0.7 KM/Sec - which is 7.5 percent of our speed.  Our resistance drops from 900,000 to 700,000 during that time - let&amp;#39;s take a rounded mid point, and say our Force averages 800,000 N during that ms.&lt;/p&gt;\n\n&lt;p&gt;More important, 9KM/sec = 9,000 M/sec = 9 meters/millisecond.  So we travelled 9 meters, or about 30 feet and lost 7.5 percent of our speed.  The trouble is that the ball is VERY low density and has a poor coefficient of drag.  I&amp;#39;d have to do an Excel model to get this more accurate, but for now, at a glance, you would lose more than half your speed in 20 ms, which is all of 140 meters.&lt;/p&gt;\n&lt;/div&gt;', 'gildings': {}, 'collapsed_reason': None, 'distinguished': None, 'associated_award': None, 'stickied': False, 'author_premium': False, 'can_gild': False, 'link_id': 't3_1cccz0g', 'unrepliable_reason': None, 'author_flair_text_color': None, 'score_hidden': False, 'permalink': '/r/AskPhysics/comments/1cccz0g/how_hard_would_i_have_to_swing_an_average/l15qf0w/', 'subreddit_type': 'public', 'locked': False, 'report_reasons': None, 'created': 1714021752.0, 'author_flair_text': None, 'treatment_tags': [], 'collapsed': False, 'subreddit_name_prefixed': 'r/AskPhysics', 'controversiality': 0, 'depth': 1, 'author_flair_background_color': None, 'collapsed_because_crowd_control': None, 'mod_reports': [], 'num_reports': None, 'ups': 1}}], 'before': None}}",,False,1,False,True,False,AskPhysics,t5_2sumo,r/AskPhysics,public,,0,[],,1,[],t1
data_3,[],,,False,,scottcmu,,,[],,,,text,t2_3h6tl,False,False,False,[],,,"There is no speed and angle you can hit or throw an object to put it into orbit. In order to do so, you'd have to exceed escape velocity, otherwise the friction of the air would pull it down to the ground. ","&lt;div class=""md""&gt;&lt;p&gt;There is no speed and angle you can hit or throw an object to put it into orbit. In order to do so, you&amp;#39;d have to exceed escape velocity, otherwise the friction of the air would pull it down to the ground. &lt;/p&gt;
&lt;/div&gt;",False,False,False,,,,,1,1714002350.0,1714002350.0,0,,0,False,0,{},l14hmd7,False,,t3_1cccz0g,False,,,,[],t1_l14hmd7,True,,t3_1cccz0g,/r/AskPhysics/comments/1cccz0g/how_hard_would_i_have_to_swing_an_average/l14hmd7/,,"{'kind': 'Listing', 'data': {'after': None, 'dist': None, 'modhash': None, 'geo_filter': '', 'children': [{'kind': 't1', 'data': {'subreddit_id': 't5_2sumo', 'approved_at_utc': None, 'author_is_blocked': False, 'comment_type': None, 'awarders': [], 'mod_reason_by': None, 'banned_by': None, 'author_flair_type': 'text', 'total_awards_received': 0, 'subreddit': 'AskPhysics', 'author_flair_template_id': None, 'likes': None, 'replies': {'kind': 'Listing', 'data': {'after': None, 'dist': None, 'modhash': None, 'geo_filter': '', 'children': [{'kind': 't1', 'data': {'subreddit_id': 't5_2sumo', 'approved_at_utc': None, 'author_is_blocked': False, 'comment_type': None, 'awarders': [], 'mod_reason_by': None, 'banned_by': None, 'author_flair_type': 'text', 'total_awards_received': 0, 'subreddit': 'AskPhysics', 'author_flair_template_id': None, 'likes': None, 'replies': {'kind': 'Listing', 'data': {'after': None, 'dist': None, 'modhash': None, 'geo_filter': '', 'children': [{'kind': 't1', 'data': {'subreddit_id': 't5_2sumo', 'approved_at_utc': None, 'author_is_blocked': False, 'comment_type': None, 'awarders': [], 'mod_reason_by': None, 'banned_by': None, 'author_flair_type': 'text', 'total_awards_received': 0, 'subreddit': 'AskPhysics', 'author_flair_template_id': None, 'likes': None, 'replies': '', 'user_reports': [], 'saved': False, 'id': 'l14s5cc', 'banned_at_utc': None, 'mod_reason_title': None, 'gilded': 0, 'archived': False, 'collapsed_reason_code': None, 'no_follow': True, 'author': 'leonphelpth', 'can_mod_post': False, 'send_replies': True, 'parent_id': 't1_l14ohv3', 'score': 1, 'author_fullname': 't2_e1q3462v', 'removal_reason': None, 'approved_by': None, 'mod_note': None, 'all_awardings': [], 'collapsed': False, 'body': 'Thank you for that!', 'edited': False, 'top_awarded_type': None, 'author_flair_css_class': None, 'name': 't1_l14s5cc', 'is_submitter': True, 'downs': 0, 'author_flair_richtext': [], 'author_patreon_flair': False, 'body_html': '&lt;div class=""md""&gt;&lt;p&gt;Thank you for that!&lt;/p&gt;\n&lt;/div&gt;', 'gildings': {}, 'collapsed_reason': None, 'distinguished': None, 'associated_award': None, 'stickied': False, 'author_premium': False, 'can_gild': False, 'link_id': 't3_1cccz0g', 'unrepliable_reason': None, 'author_flair_text_color': None, 'score_hidden': False, 'permalink': '/r/AskPhysics/comments/1cccz0g/how_hard_would_i_have_to_swing_an_average/l14s5cc/', 'subreddit_type': 'public', 'locked': False, 'report_reasons': None, 'created': 1714006450.0, 'author_flair_text': None, 'treatment_tags': [], 'created_utc': 1714006450.0, 'subreddit_name_prefixed': 'r/AskPhysics', 'controversiality': 0, 'depth': 3, 'author_flair_background_color': None, 'collapsed_because_crowd_control': None, 'mod_reports': [], 'num_reports': None, 'ups': 1}}], 'before': None}}, 'user_reports': [], 'saved': False, 'id': 'l14ohv3', 'banned_at_utc': None, 'mod_reason_title': None, 'gilded': 0, 'archived': False, 'collapsed_reason_code': None, 'no_follow': False, 'author': 'mfb-', 'can_mod_post': False, 'send_replies': True, 'parent_id': 't1_l14m12o', 'score': 8, 'author_fullname': 't2_q81tq', 'removal_reason': None, 'approved_by': None, 'mod_note': None, 'all_awardings': [], 'body': 'If we ignore friction and assume Earth is a perfect sphere then you can orbit it just above the surface at ~8 km/s. With an ideal elastic collision between ball (almost at rest, in this context) and bat, the bat needs to move by ~4 km/s.', 'edited': False, 'top_awarded_type': None, 'downs': 0, 'author_flair_css_class': 'pf', 'name': 't1_l14ohv3', 'is_submitter': False, 'collapsed': False, 'author_flair_richtext': [], 'author_patreon_flair': False, 'body_html': '&lt;div class=""md""&gt;&lt;p&gt;If we ignore friction and assume Earth is a perfect sphere then you can orbit it just above the surface at ~8 km/s. With an ideal elastic collision between ball (almost at rest, in this context) and bat, the bat needs to move by ~4 km/s.&lt;/p&gt;\n&lt;/div&gt;', 'gildings': {}, 'collapsed_reason': None, 'distinguished': None, 'associated_award': None, 'stickied': False, 'author_premium': False, 'can_gild': False, 'link_id': 't3_1cccz0g', 'unrepliable_reason': None, 'author_flair_text_color': 'dark', 'score_hidden': False, 'permalink': '/r/AskPhysics/comments/1cccz0g/how_hard_would_i_have_to_swing_an_average/l14ohv3/', 'subreddit_type': 'public', 'locked': False, 'report_reasons': None, 'created': 1714005035.0, 'author_flair_text': 'Particle physics', 'treatment_tags': [], 'created_utc': 1714005035.0, 'subreddit_name_prefixed': 'r/AskPhysics', 'controversiality': 0, 'depth': 2, 'author_flair_background_color': '', 'collapsed_because_crowd_control': None, 'mod_reports': [], 'num_reports': None, 'ups': 8}}], 'before': None}}, 'user_reports': [], 'saved': False, 'id': 'l14m12o', 'banned_at_utc': None, 'mod_reason_title': None, 'gilded': 0, 'archived': False, 'collapsed_reason_code': None, 'no_follow': False, 'author': '0002millertime', 'can_mod_post': False, 'created_utc': 1714004075.0, 'send_replies': True, 'parent_id': 't1_l14hmd7', 'score': 4, 'author_fullname': 't2_8ab4scyx', 'removal_reason': None, 'approved_by': None, 'mod_note': None, 'all_awardings': [], 'body': 'What if you ignore friction?', 'edited': False, 'top_awarded_type': None, 'author_flair_css_class': None, 'name': 't1_l14m12o', 'is_submitter': False, 'downs': 0, 'author_flair_richtext': [], 'author_patreon_flair': False, 'body_html': '&lt;div class=""md""&gt;&lt;p&gt;What if you ignore friction?&lt;/p&gt;\n&lt;/div&gt;', 'gildings': {}, 'collapsed_reason': None, 'distinguished': None, 'associated_award': None, 'stickied': False, 'author_premium': False, 'can_gild': False, 'link_id': 't3_1cccz0g', 'unrepliable_reason': None, 'author_flair_text_color': None, 'score_hidden': False, 'permalink': '/r/AskPhysics/comments/1cccz0g/how_hard_would_i_have_to_swing_an_average/l14m12o/', 'subreddit_type': 'public', 'locked': False, 'report_reasons': None, 'created': 1714004075.0, 'author_flair_text': None, 'treatment_tags': [], 'collapsed': False, 'subreddit_name_prefixed': 'r/AskPhysics', 'controversiality': 0, 'depth': 1, 'author_flair_background_color': None, 'collapsed_because_crowd_control': None, 'mod_reports': [], 'num_reports': None, 'ups': 4}}, {'kind': 't1', 'data': {'subreddit_id': 't5_2sumo', 'approved_at_utc': None, 'author_is_blocked': False, 'comment_type': None, 'awarders': [], 'mod_reason_by': None, 'banned_by': None, 'author_flair_type': 'text', 'total_awards_received': 0, 'subreddit': 'AskPhysics', 'author_flair_template_id': None, 'likes': None, 'replies': '', 'user_reports': [], 'saved': False, 'id': 'l14xbva', 'banned_at_utc': None, 'mod_reason_title': None, 'gilded': 0, 'archived': False, 'collapsed_reason_code': None, 'no_follow': True, 'author': 'ConfuzzledFalcon', 'can_mod_post': False, 'created_utc': 1714008453.0, 'send_replies': True, 'parent_id': 't1_l14hmd7', 'score': 3, 'author_fullname': 't2_12oq9xj0', 'removal_reason': None, 'approved_by': None, 'mod_note': None, 'all_awardings': [], 'body': 'He said to have it come back to him though. This does not require putting the ball into a sustainable orbit. If you could hit it in the right direction and hard enough to get it out of the atmosphere, this is absolutely possible. \n\nAlso, you would not have to exceed escape velocity. That is only required to leave Earths gravity entirely.', 'edited': False, 'top_awarded_type': None, 'author_flair_css_class': None, 'name': 't1_l14xbva', 'is_submitter': False, 'downs': 0, 'author_flair_richtext': [], 'author_patreon_flair': False, 'body_html': '&lt;div class=""md""&gt;&lt;p&gt;He said to have it come back to him though. This does not require putting the ball into a sustainable orbit. If you could hit it in the right direction and hard enough to get it out of the atmosphere, this is absolutely possible. &lt;/p&gt;\n\n&lt;p&gt;Also, you would not have to exceed escape velocity. That is only required to leave Earths gravity entirely.&lt;/p&gt;\n&lt;/div&gt;', 'gildings': {}, 'collapsed_reason': None, 'distinguished': None, 'associated_award': None, 'stickied': False, 'author_premium': False, 'can_gild': False, 'link_id': 't3_1cccz0g', 'unrepliable_reason': None, 'author_flair_text_color': None, 'score_hidden': False, 'permalink': '/r/AskPhysics/comments/1cccz0g/how_hard_would_i_have_to_swing_an_average/l14xbva/', 'subreddit_type': 'public', 'locked': False, 'report_reasons': None, 'created': 1714008453.0, 'author_flair_text': None, 'treatment_tags': [], 'collapsed': False, 'subreddit_name_prefixed': 'r/AskPhysics', 'controversiality': 0, 'depth': 1, 'author_flair_background_color': None, 'collapsed_because_crowd_control': None, 'mod_reports': [], 'num_reports': None, 'ups': 3}}, {'kind': 't1', 'data': {'subreddit_id': 't5_2sumo', 'approved_at_utc': None, 'author_is_blocked': False, 'comment_type': None, 'awarders': [], 'mod_reason_by': None, 'banned_by': None, 'author_flair_type': 'text', 'total_awards_received': 0, 'subreddit': 'AskPhysics', 'author_flair_template_id': None, 'likes': None, 'replies': {'kind': 'Listing', 'data': {'after': None, 'dist': None, 'modhash': None, 'geo_filter': '', 'children': [{'kind': 't1', 'data': {'subreddit_id': 't5_2sumo', 'approved_at_utc': None, 'author_is_blocked': False, 'comment_type': None, 'awarders': [], 'mod_reason_by': None, 'banned_by': None, 'author_flair_type': 'text', 'total_awards_received': 0, 'subreddit': 'AskPhysics', 'author_flair_template_id': None, 'likes': None, 'replies': {'kind': 'Listing', 'data': {'after': None, 'dist': None, 'modhash': None, 'geo_filter': '', 'children': [{'kind': 't1', 'data': {'subreddit_id': 't5_2sumo', 'approved_at_utc': None, 'author_is_blocked': False, 'comment_type': None, 'awarders': [], 'mod_reason_by': None, 'banned_by': None, 'author_flair_type': 'text', 'total_awards_received': 0, 'subreddit': 'AskPhysics', 'author_flair_template_id': None, 'likes': None, 'replies': {'kind': 'Listing', 'data': {'after': None, 'dist': None, 'modhash': None, 'geo_filter': '', 'children': [{'kind': 't1', 'data': {'subreddit_id': 't5_2sumo', 'approved_at_utc': None, 'author_is_blocked': False, 'comment_type': None, 'awarders': [], 'mod_reason_by': None, 'banned_by': None, 'author_flair_type': 'text', 'total_awards_received': 0, 'subreddit': 'AskPhysics', 'author_flair_template_id': None, 'distinguished': None, 'likes': None, 'replies': '', 'user_reports': [], 'saved': False, 'id': 'l181l71', 'banned_at_utc': None, 'mod_reason_title': None, 'gilded': 0, 'archived': False, 'collapsed_reason_code': None, 'no_follow': True, 'author': 'scottcmu', 'can_mod_post': False, 'send_replies': True, 'parent_id': 't1_l17mn7q', 'score': 1, 'author_fullname': 't2_3h6tl', 'removal_reason': None, 'approved_by': None, 'mod_note': None, 'all_awardings': [], 'body': ""This is only true for powered orbits (with thrust), right? Obviously, if the math works out I'll change my stance, but I don't believe there is any velocity at which you can launch something from Earth with a one-time velocity and have it orbit the Earth."", 'edited': False, 'author_flair_css_class': None, 'name': 't1_l181l71', 'is_submitter': False, 'downs': 0, 'author_flair_richtext': [], 'author_patreon_flair': False, 'body_html': '&lt;div class=""md""&gt;&lt;p&gt;This is only true for powered orbits (with thrust), right? Obviously, if the math works out I&amp;#39;ll change my stance, but I don&amp;#39;t believe there is any velocity at which you can launch something from Earth with a one-time velocity and have it orbit the Earth.&lt;/p&gt;\n&lt;/div&gt;', 'gildings': {}, 'collapsed_reason': None, 'link_id': 't3_1cccz0g', 'associated_award': None, 'stickied': False, 'author_premium': False, 'can_gild': False, 'top_awarded_type': None, 'unrepliable_reason': None, 'author_flair_text_color': None, 'treatment_tags': [], 'score_hidden': False, 'permalink': '/r/AskPhysics/comments/1cccz0g/how_hard_would_i_have_to_swing_an_average/l181l71/', 'subreddit_type': 'public', 'locked': False, 'report_reasons': None, 'created': 1714062922.0, 'author_flair_text': None, 'collapsed': False, 'created_utc': 1714062922.0, 'subreddit_name_prefixed': 'r/AskPhysics', 'controversiality': 0, 'depth': 4, 'author_flair_background_color': None, 'collapsed_because_crowd_control': None, 'mod_reports': [], 'num_reports': None, 'ups': 1}}], 'before': None}}, 'user_reports': [], 'saved': False, 'id': 'l17mn7q', 'banned_at_utc': None, 'mod_reason_title': None, 'gilded': 0, 'archived': False, 'collapsed_reason_code': None, 'no_follow': True, 'author': 'mem2100', 'can_mod_post': False, 'send_replies': True, 'parent_id': 't1_l17kvtc', 'score': 1, 'author_fullname': 't2_3u0fa1i8', 'removal_reason': None, 'approved_by': None, 'mod_note': None, 'all_awardings': [], 'collapsed': False, 'body': ""1. You should go on wiki a read Newton's canon ball.  That explains the simple case without air resistance.  \n\n2. You ought to read up on resistance in a gas/the atmosphere  \n\nYou MUST leave the ground at far above escape velocity to circle the Earth once or to get into orbit because the air is decelerating you from the moment you are launched."", 'edited': False, 'top_awarded_type': None, 'author_flair_css_class': None, 'name': 't1_l17mn7q', 'is_submitter': False, 'downs': 0, 'author_flair_richtext': [], 'author_patreon_flair': False, 'body_html': '&lt;div class=""md""&gt;&lt;ol&gt;\n&lt;li&gt;&lt;p&gt;You should go on wiki a read Newton&amp;#39;s canon ball.  That explains the simple case without air resistance.  &lt;/p&gt;&lt;/li&gt;\n&lt;li&gt;&lt;p&gt;You ought to read up on resistance in a gas/the atmosphere  &lt;/p&gt;&lt;/li&gt;\n&lt;/ol&gt;\n\n&lt;p&gt;You MUST leave the ground at far above escape velocity to circle the Earth once or to get into orbit because the air is decelerating you from the moment you are launched.&lt;/p&gt;\n&lt;/div&gt;', 'gildings': {}, 'collapsed_reason': None, 'distinguished': None, 'associated_award': None, 'stickied': False, 'author_premium': False, 'can_gild': False, 'link_id': 't3_1cccz0g', 'unrepliable_reason': None, 'author_flair_text_color': None, 'score_hidden': False, 'permalink': '/r/AskPhysics/comments/1cccz0g/how_hard_would_i_have_to_swing_an_average/l17mn7q/', 'subreddit_type': 'public', 'locked': False, 'report_reasons': None, 'created': 1714058029.0, 'author_flair_text': None, 'treatment_tags': [], 'created_utc': 1714058029.0, 'subreddit_name_prefixed': 'r/AskPhysics', 'controversiality': 0, 'depth': 3, 'author_flair_background_color': None, 'collapsed_because_crowd_control': None, 'mod_reports': [], 'num_reports': None, 'ups': 1}}], 'before': None}}, 'user_reports': [], 'saved': False, 'id': 'l17kvtc', 'banned_at_utc': None, 'mod_reason_title': None, 'gilded': 0, 'archived': False, 'collapsed_reason_code': None, 'no_follow': True, 'author': 'scottcmu', 'can_mod_post': False, 'send_replies': True, 'parent_id': 't1_l17jprk', 'score': 1, 'author_fullname': 't2_3h6tl', 'removal_reason': None, 'approved_by': None, 'mod_note': None, 'all_awardings': [], 'body': ""Right but if you go above escape velocity, you can't come back to earth in an orbit."", 'edited': False, 'top_awarded_type': None, 'downs': 0, 'author_flair_css_class': None, 'name': 't1_l17kvtc', 'is_submitter': False, 'collapsed': False, 'author_flair_richtext': [], 'author_patreon_flair': False, 'body_html': '&lt;div class=""md""&gt;&lt;p&gt;Right but if you go above escape velocity, you can&amp;#39;t come back to earth in an orbit.&lt;/p&gt;\n&lt;/div&gt;', 'gildings': {}, 'collapsed_reason': None, 'distinguished': None, 'associated_award': None, 'stickied': False, 'author_premium': False, 'can_gild': False, 'link_id': 't3_1cccz0g', 'unrepliable_reason': None, 'author_flair_text_color': None, 'score_hidden': False, 'permalink': '/r/AskPhysics/comments/1cccz0g/how_hard_would_i_have_to_swing_an_average/l17kvtc/', 'subreddit_type': 'public', 'locked': False, 'report_reasons': None, 'created': 1714057449.0, 'author_flair_text': None, 'treatment_tags': [], 'created_utc': 1714057449.0, 'subreddit_name_prefixed': 'r/AskPhysics', 'controversiality': 0, 'depth': 2, 'author_flair_background_color': None, 'collapsed_because_crowd_control': None, 'mod_reports': [], 'num_reports': None, 'ups': 1}}], 'before': None}}, 'user_reports': [], 'saved': False, 'id': 'l17jprk', 'banned_at_utc': None, 'mod_reason_title': None, 'gilded': 0, 'archived': False, 'collapsed_reason_code': None, 'no_follow': True, 'author': 'mem2100', 'can_mod_post': False, 'created_utc': 1714057061.0, 'send_replies': True, 'parent_id': 't1_l14hmd7', 'score': 1, 'author_fullname': 't2_3u0fa1i8', 'removal_reason': None, 'approved_by': None, 'mod_note': None, 'all_awardings': [], 'body': ""Escape velocity isn't like C.  There is no law of physics that prevents you from launching at 2 or 3 or 5 times escape velocity. \n\nThat said, the practical issue is air friction and heat. Even a tungsten projectile with the lowest possible CD will suffer severe ablation."", 'edited': False, 'top_awarded_type': None, 'author_flair_css_class': None, 'name': 't1_l17jprk', 'is_submitter': False, 'downs': 0, 'author_flair_richtext': [], 'author_patreon_flair': False, 'body_html': '&lt;div class=""md""&gt;&lt;p&gt;Escape velocity isn&amp;#39;t like C.  There is no law of physics that prevents you from launching at 2 or 3 or 5 times escape velocity. &lt;/p&gt;\n\n&lt;p&gt;That said, the practical issue is air friction and heat. Even a tungsten projectile with the lowest possible CD will suffer severe ablation.&lt;/p&gt;\n&lt;/div&gt;', 'gildings': {}, 'collapsed_reason': None, 'distinguished': None, 'associated_award': None, 'stickied': False, 'author_premium': False, 'can_gild': False, 'link_id': 't3_1cccz0g', 'unrepliable_reason': None, 'author_flair_text_color': None, 'score_hidden': False, 'permalink': '/r/AskPhysics/comments/1cccz0g/how_hard_would_i_have_to_swing_an_average/l17jprk/', 'subreddit_type': 'public', 'locked': False, 'report_reasons': None, 'created': 1714057061.0, 'author_flair_text': None, 'treatment_tags': [], 'collapsed': False, 'subreddit_name_prefixed': 'r/AskPhysics', 'controversiality': 0, 'depth': 1, 'author_flair_background_color': None, 'collapsed_because_crowd_control': None, 'mod_reports': [], 'num_reports': None, 'ups': 1}}, {'kind': 't1', 'data': {'subreddit_id': 't5_2sumo', 'approved_at_utc': None, 'author_is_blocked': False, 'comment_type': None, 'awarders': [], 'mod_reason_by': None, 'banned_by': None, 'author_flair_type': 'text', 'total_awards_received': 0, 'subreddit': 'AskPhysics', 'author_flair_template_id': None, 'likes': None, 'replies': '', 'user_reports': [], 'saved': False, 'id': 'l14nu07', 'banned_at_utc': None, 'mod_reason_title': None, 'gilded': 0, 'archived': False, 'collapsed_reason_code': None, 'no_follow': True, 'author': 'Rensin2', 'can_mod_post': False, 'created_utc': 1714004780.0, 'send_replies': True, 'parent_id': 't1_l14hmd7', 'score': 1, 'author_fullname': 't2_i40qb', 'removal_reason': None, 'approved_by': None, 'mod_note': None, 'all_awardings': [], 'body': 'Escape velocity has little to do with this.', 'edited': False, 'top_awarded_type': None, 'author_flair_css_class': None, 'name': 't1_l14nu07', 'is_submitter': False, 'downs': 0, 'author_flair_richtext': [], 'author_patreon_flair': False, 'body_html': '&lt;div class=""md""&gt;&lt;p&gt;Escape velocity has little to do with this.&lt;/p&gt;\n&lt;/div&gt;', 'gildings': {}, 'collapsed_reason': None, 'distinguished': None, 'associated_award': None, 'stickied': False, 'author_premium': False, 'can_gild': False, 'link_id': 't3_1cccz0g', 'unrepliable_reason': None, 'author_flair_text_color': None, 'score_hidden': False, 'permalink': '/r/AskPhysics/comments/1cccz0g/how_hard_would_i_have_to_swing_an_average/l14nu07/', 'subreddit_type': 'public', 'locked': False, 'report_reasons': None, 'created': 1714004780.0, 'author_flair_text': None, 'treatment_tags': [], 'collapsed': False, 'subreddit_name_prefixed': 'r/AskPhysics', 'controversiality': 0, 'depth': 1, 'author_flair_background_color': None, 'collapsed_because_crowd_control': None, 'mod_reports': [], 'num_reports': None, 'ups': 1}}], 'before': None}}",,False,-3,False,True,False,AskPhysics,t5_2sumo,r/AskPhysics,public,,0,[],,-3,[],t1
data_4,[],,,False,,Common-Value-9055,,,[],,,,text,t2_w9034dwzw,False,False,False,[],,,Your forearms will fly off with the bat. 🦇,"&lt;div class=""md""&gt;&lt;p&gt;Your forearms will fly off with the bat. 🦇&lt;/p&gt;
&lt;/div&gt;",False,False,False,,,,,0,1714002711.0,1714002711.0,0,,0,False,0,{},l14ij9k,False,,t3_1cccz0g,False,,,,[],t1_l14ij9k,True,,t3_1cccz0g,/r/AskPhysics/comments/1cccz0g/how_hard_would_i_have_to_swing_an_average/l14ij9k/,,"{'kind': 'Listing', 'data': {'after': None, 'dist': None, 'modhash': None, 'geo_filter': '', 'children': [{'kind': 't1', 'data': {'subreddit_id': 't5_2sumo', 'approved_at_utc': None, 'author_is_blocked': False, 'comment_type': None, 'awarders': [], 'mod_reason_by': None, 'banned_by': None, 'author_flair_type': 'text', 'total_awards_received': 0, 'subreddit': 'AskPhysics', 'author_flair_template_id': None, 'likes': None, 'replies': '', 'user_reports': [], 'saved': False, 'id': 'l15b7be', 'banned_at_utc': None, 'mod_reason_title': None, 'gilded': 0, 'archived': False, 'collapsed_reason_code': None, 'no_follow': True, 'author': 'leonphelpth', 'can_mod_post': False, 'created_utc': 1714014023.0, 'send_replies': True, 'parent_id': 't1_l14ij9k', 'score': 2, 'author_fullname': 't2_e1q3462v', 'removal_reason': None, 'approved_by': None, 'mod_note': None, 'all_awardings': [], 'body': 'No doubt!', 'edited': False, 'top_awarded_type': None, 'author_flair_css_class': None, 'name': 't1_l15b7be', 'is_submitter': True, 'downs': 0, 'author_flair_richtext': [], 'author_patreon_flair': False, 'body_html': '&lt;div class=""md""&gt;&lt;p&gt;No doubt!&lt;/p&gt;\n&lt;/div&gt;', 'gildings': {}, 'collapsed_reason': None, 'distinguished': None, 'associated_award': None, 'stickied': False, 'author_premium': False, 'can_gild': False, 'link_id': 't3_1cccz0g', 'unrepliable_reason': None, 'author_flair_text_color': None, 'score_hidden': False, 'permalink': '/r/AskPhysics/comments/1cccz0g/how_hard_would_i_have_to_swing_an_average/l15b7be/', 'subreddit_type': 'public', 'locked': False, 'report_reasons': None, 'created': 1714014023.0, 'author_flair_text': None, 'treatment_tags': [], 'collapsed': False, 'subreddit_name_prefixed': 'r/AskPhysics', 'controversiality': 0, 'depth': 1, 'author_flair_background_color': None, 'collapsed_because_crowd_control': None, 'mod_reports': [], 'num_reports': None, 'ups': 2}}], 'before': None}}",,False,-1,False,True,False,AskPhysics,t5_2sumo,r/AskPhysics,public,,0,[],,-1,[],t1
