,all_awardings,approved_at_utc,approved_by,archived,associated_award,author,author_flair_background_color,author_flair_css_class,author_flair_richtext,author_flair_template_id,author_flair_text,author_flair_text_color,author_flair_type,author_fullname,author_is_blocked,author_patreon_flair,author_premium,awarders,banned_at_utc,banned_by,body,body_html,can_gild,can_mod_post,collapsed,collapsed_because_crowd_control,collapsed_reason,collapsed_reason_code,comment_type,controversiality,created,created_utc,depth,distinguished,downs,edited,gilded,gildings,id,is_submitter,likes,link_id,locked,mod_note,mod_reason_by,mod_reason_title,mod_reports,name,no_follow,num_reports,parent_id,permalink,removal_reason,replies,report_reasons,saved,score,score_hidden,send_replies,stickied,subreddit,subreddit_id,subreddit_name_prefixed,subreddit_type,top_awarded_type,total_awards_received,treatment_tags,unrepliable_reason,ups,user_reports,kind
data,[],,,False,,1strategist1,,,[],,,,text,t2_2r8ugb2,False,False,False,[],,,"The same way you can survive being squished by 100000 Pascals from the atmosphere. 

They have internal pressure from the body fluids in them that pushes back and stops them from squishing. ","&lt;div class=""md""&gt;&lt;p&gt;The same way you can survive being squished by 100000 Pascals from the atmosphere. &lt;/p&gt;

&lt;p&gt;They have internal pressure from the body fluids in them that pushes back and stops them from squishing. &lt;/p&gt;
&lt;/div&gt;",False,False,False,,,,,0,1714072222.0,1714072222.0,0,,0,False,0,{},l18lqzh,False,,t3_1cczd5p,False,,,,[],t1_l18lqzh,False,,t3_1cczd5p,/r/AskPhysics/comments/1cczd5p/how_come_fish_living_in_the_bottom_of_the_ocean/l18lqzh/,,"{'kind': 'Listing', 'data': {'after': None, 'dist': None, 'modhash': None, 'geo_filter': '', 'children': [{'kind': 't1', 'data': {'subreddit_id': 't5_2sumo', 'approved_at_utc': None, 'author_is_blocked': False, 'comment_type': None, 'awarders': [], 'mod_reason_by': None, 'banned_by': None, 'author_flair_type': 'text', 'total_awards_received': 0, 'subreddit': 'AskPhysics', 'author_flair_template_id': None, 'likes': None, 'replies': {'kind': 'Listing', 'data': {'after': None, 'dist': None, 'modhash': None, 'geo_filter': '', 'children': [{'kind': 't1', 'data': {'subreddit_id': 't5_2sumo', 'approved_at_utc': None, 'author_is_blocked': False, 'comment_type': None, 'awarders': [], 'mod_reason_by': None, 'banned_by': None, 'author_flair_type': 'text', 'total_awards_received': 0, 'subreddit': 'AskPhysics', 'author_flair_template_id': None, 'likes': None, 'replies': '', 'user_reports': [], 'saved': False, 'id': 'l190iza', 'banned_at_utc': None, 'mod_reason_title': None, 'gilded': 0, 'archived': False, 'collapsed_reason_code': None, 'no_follow': False, 'author': 'MarinatedPickachu', 'can_mod_post': False, 'send_replies': True, 'parent_id': 't1_l18ybzo', 'score': 41, 'author_fullname': 't2_bwdb8qqfj', 'removal_reason': None, 'approved_by': None, 'mod_note': None, 'all_awardings': [], 'body': 'The problem is that chemistry starts to change depending on pressure, some of which we depend on to live.', 'edited': False, 'top_awarded_type': None, 'downs': 0, 'author_flair_css_class': None, 'name': 't1_l190iza', 'is_submitter': False, 'collapsed': False, 'author_flair_richtext': [], 'author_patreon_flair': False, 'body_html': '&lt;div class=""md""&gt;&lt;p&gt;The problem is that chemistry starts to change depending on pressure, some of which we depend on to live.&lt;/p&gt;\n&lt;/div&gt;', 'gildings': {}, 'collapsed_reason': None, 'distinguished': None, 'associated_award': None, 'stickied': False, 'author_premium': False, 'can_gild': False, 'link_id': 't3_1cczd5p', 'unrepliable_reason': None, 'author_flair_text_color': None, 'score_hidden': False, 'permalink': '/r/AskPhysics/comments/1cczd5p/how_come_fish_living_in_the_bottom_of_the_ocean/l190iza/', 'subreddit_type': 'public', 'locked': False, 'report_reasons': None, 'created': 1714077059.0, 'author_flair_text': None, 'treatment_tags': [], 'created_utc': 1714077059.0, 'subreddit_name_prefixed': 'r/AskPhysics', 'controversiality': 0, 'depth': 2, 'author_flair_background_color': None, 'collapsed_because_crowd_control': None, 'mod_reports': [], 'num_reports': None, 'ups': 41}}, {'kind': 't1', 'data': {'subreddit_id': 't5_2sumo', 'approved_at_utc': None, 'author_is_blocked': False, 'comment_type': None, 'awarders': [], 'mod_reason_by': None, 'banned_by': None, 'author_flair_type': 'text', 'total_awards_received': 0, 'subreddit': 'AskPhysics', 'author_flair_template_id': None, 'likes': None, 'replies': {'kind': 'Listing', 'data': {'after': None, 'dist': None, 'modhash': None, 'geo_filter': '', 'children': [{'kind': 't1', 'data': {'subreddit_id': 't5_2sumo', 'approved_at_utc': None, 'author_is_blocked': False, 'comment_type': None, 'awarders': [], 'mod_reason_by': None, 'banned_by': None, 'author_flair_type': 'text', 'total_awards_received': 0, 'subreddit': 'AskPhysics', 'author_flair_template_id': None, 'likes': None, 'replies': {'kind': 'Listing', 'data': {'after': None, 'dist': None, 'modhash': None, 'geo_filter': '', 'children': [{'kind': 't1', 'data': {'subreddit_id': 't5_2sumo', 'approved_at_utc': None, 'author_is_blocked': False, 'comment_type': None, 'awarders': [], 'mod_reason_by': None, 'banned_by': None, 'author_flair_type': 'text', 'total_awards_received': 0, 'subreddit': 'AskPhysics', 'author_flair_template_id': '7218741a-c6b2-11e4-ad06-22000b6d02ed', 'distinguished': None, 'likes': None, 'replies': '', 'user_reports': [], 'saved': False, 'id': 'l1aqpdd', 'banned_at_utc': None, 'mod_reason_title': None, 'gilded': 0, 'archived': False, 'collapsed_reason_code': None, 'no_follow': False, 'author': 'Enneaphen', 'can_mod_post': False, 'send_replies': True, 'parent_id': 't1_l19s9sp', 'score': 4, 'author_fullname': 't2_tsrk735i', 'removal_reason': None, 'approved_by': None, 'mod_note': None, 'all_awardings': [], 'body': ""Forgive me I'm not a diver but isn't he talking about High-pressure nervous syndrome? As I understand it nitrogen narcosis is very much physical intoxication wheras HPNS is purely psychological and results from breathing helium-mixture at high pressures."", 'edited': False, 'author_flair_css_class': 'astro', 'name': 't1_l1aqpdd', 'is_submitter': False, 'downs': 0, 'author_flair_richtext': [], 'author_patreon_flair': False, 'body_html': '&lt;div class=""md""&gt;&lt;p&gt;Forgive me I&amp;#39;m not a diver but isn&amp;#39;t he talking about High-pressure nervous syndrome? As I understand it nitrogen narcosis is very much physical intoxication wheras HPNS is purely psychological and results from breathing helium-mixture at high pressures.&lt;/p&gt;\n&lt;/div&gt;', 'gildings': {}, 'collapsed_reason': None, 'link_id': 't3_1cczd5p', 'associated_award': None, 'stickied': False, 'author_premium': False, 'can_gild': False, 'top_awarded_type': None, 'unrepliable_reason': None, 'author_flair_text_color': 'dark', 'treatment_tags': [], 'score_hidden': False, 'permalink': '/r/AskPhysics/comments/1cczd5p/how_come_fish_living_in_the_bottom_of_the_ocean/l1aqpdd/', 'subreddit_type': 'public', 'locked': False, 'report_reasons': None, 'created': 1714100820.0, 'author_flair_text': 'Astronomy', 'collapsed': False, 'created_utc': 1714100820.0, 'subreddit_name_prefixed': 'r/AskPhysics', 'controversiality': 0, 'depth': 4, 'author_flair_background_color': None, 'collapsed_because_crowd_control': None, 'mod_reports': [], 'num_reports': None, 'ups': 4}}], 'before': None}}, 'user_reports': [], 'saved': False, 'id': 'l19s9sp', 'banned_at_utc': None, 'mod_reason_title': None, 'gilded': 0, 'archived': False, 'collapsed_reason_code': None, 'no_follow': False, 'author': 'Think-BeforeUpost', 'can_mod_post': False, 'send_replies': True, 'parent_id': 't1_l19dwrl', 'score': 20, 'author_fullname': 't2_yu8pzlzxq', 'removal_reason': None, 'approved_by': None, 'mod_note': None, 'all_awardings': [], 'collapsed': False, 'body': 'I’m a diver and the symptom of delusion you are referencing is called narcosis. It is extremely dangerous and you often don’t realize you are experiencing it (hence the buddy system). It’s kind of like nitrous oxide or “laughing gas”… you feel great and suddenly while at 30 meters deep you start talking to fish and think you can remove your dive equipment and breathe water like they do. Not good. Alternatively, you may start holding your breath which is breaking the “golden rule” of diving. \n\nAnother problem with deep dives is it takes FOREVER to resurface because of the required safety stops to prevent getting decompression sickness or “the bends” from excess nitrogen in the blood which is also deadly and something we take extremely seriously. Many of us get certified to use Nitrox so we can stay deeper longer.', 'edited': False, 'top_awarded_type': None, 'author_flair_css_class': None, 'name': 't1_l19s9sp', 'is_submitter': False, 'downs': 0, 'author_flair_richtext': [], 'author_patreon_flair': False, 'body_html': '&lt;div class=""md""&gt;&lt;p&gt;I’m a diver and the symptom of delusion you are referencing is called narcosis. It is extremely dangerous and you often don’t realize you are experiencing it (hence the buddy system). It’s kind of like nitrous oxide or “laughing gas”… you feel great and suddenly while at 30 meters deep you start talking to fish and think you can remove your dive equipment and breathe water like they do. Not good. Alternatively, you may start holding your breath which is breaking the “golden rule” of diving. &lt;/p&gt;\n\n&lt;p&gt;Another problem with deep dives is it takes FOREVER to resurface because of the required safety stops to prevent getting decompression sickness or “the bends” from excess nitrogen in the blood which is also deadly and something we take extremely seriously. Many of us get certified to use Nitrox so we can stay deeper longer.&lt;/p&gt;\n&lt;/div&gt;', 'gildings': {}, 'collapsed_reason': None, 'distinguished': None, 'associated_award': None, 'stickied': False, 'author_premium': False, 'can_gild': False, 'link_id': 't3_1cczd5p', 'unrepliable_reason': None, 'author_flair_text_color': None, 'score_hidden': False, 'permalink': '/r/AskPhysics/comments/1cczd5p/how_come_fish_living_in_the_bottom_of_the_ocean/l19s9sp/', 'subreddit_type': 'public', 'locked': False, 'report_reasons': None, 'created': 1714087551.0, 'author_flair_text': None, 'treatment_tags': [], 'created_utc': 1714087551.0, 'subreddit_name_prefixed': 'r/AskPhysics', 'controversiality': 0, 'depth': 3, 'author_flair_background_color': None, 'collapsed_because_crowd_control': None, 'mod_reports': [], 'num_reports': None, 'ups': 20}}, {'kind': 't1', 'data': {'subreddit_id': 't5_2sumo', 'approved_at_utc': None, 'author_is_blocked': False, 'comment_type': None, 'awarders': [], 'mod_reason_by': None, 'banned_by': None, 'author_flair_type': 'text', 'total_awards_received': 0, 'subreddit': 'AskPhysics', 'author_flair_template_id': None, 'likes': None, 'replies': {'kind': 'Listing', 'data': {'after': None, 'dist': None, 'modhash': None, 'geo_filter': '', 'children': [{'kind': 't1', 'data': {'subreddit_id': 't5_2sumo', 'approved_at_utc': None, 'author_is_blocked': False, 'comment_type': None, 'awarders': [], 'mod_reason_by': None, 'banned_by': None, 'author_flair_type': 'text', 'total_awards_received': 0, 'subreddit': 'AskPhysics', 'author_flair_template_id': '7218741a-c6b2-11e4-ad06-22000b6d02ed', 'distinguished': None, 'likes': None, 'replies': '', 'user_reports': [], 'saved': False, 'id': 'l1ar0ow', 'banned_at_utc': None, 'mod_reason_title': None, 'gilded': 0, 'archived': False, 'collapsed_reason_code': None, 'no_follow': False, 'author': 'Enneaphen', 'can_mod_post': False, 'send_replies': True, 'parent_id': 't1_l19qbu6', 'score': 4, 'author_fullname': 't2_tsrk735i', 'removal_reason': None, 'approved_by': None, 'mod_note': None, 'all_awardings': [], 'body': ""If you didn't need to breathe you would be perfectly fine. The human body can theoretically survive any pressure at which water remains liquid. Its rapid changes in pressure that get you."", 'edited': False, 'author_flair_css_class': 'astro', 'name': 't1_l1ar0ow', 'is_submitter': False, 'downs': 0, 'author_flair_richtext': [], 'author_patreon_flair': False, 'body_html': '&lt;div class=""md""&gt;&lt;p&gt;If you didn&amp;#39;t need to breathe you would be perfectly fine. The human body can theoretically survive any pressure at which water remains liquid. Its rapid changes in pressure that get you.&lt;/p&gt;\n&lt;/div&gt;', 'gildings': {}, 'collapsed_reason': None, 'link_id': 't3_1cczd5p', 'associated_award': None, 'stickied': False, 'author_premium': False, 'can_gild': False, 'top_awarded_type': None, 'unrepliable_reason': None, 'author_flair_text_color': 'dark', 'treatment_tags': [], 'score_hidden': False, 'permalink': '/r/AskPhysics/comments/1cczd5p/how_come_fish_living_in_the_bottom_of_the_ocean/l1ar0ow/', 'subreddit_type': 'public', 'locked': False, 'report_reasons': None, 'created': 1714100952.0, 'author_flair_text': 'Astronomy', 'collapsed': False, 'created_utc': 1714100952.0, 'subreddit_name_prefixed': 'r/AskPhysics', 'controversiality': 0, 'depth': 4, 'author_flair_background_color': None, 'collapsed_because_crowd_control': None, 'mod_reports': [], 'num_reports': None, 'ups': 4}}], 'before': None}}, 'user_reports': [], 'saved': False, 'id': 'l19qbu6', 'banned_at_utc': None, 'mod_reason_title': None, 'gilded': 0, 'archived': False, 'collapsed_reason_code': None, 'no_follow': False, 'author': 'LiquidCoal', 'can_mod_post': False, 'send_replies': True, 'parent_id': 't1_l19dwrl', 'score': 6, 'author_fullname': 't2_12kths3r', 'removal_reason': None, 'approved_by': None, 'mod_note': None, 'all_awardings': [], 'collapsed': False, 'body': '&gt;And so we’ve successfully been to challenger deep.\n\nWe unconditionally could not survive such pressures. When people travel to such depths, they do so within a vessel that has significantly lower pressure inside in comparison to the surrounding water.\n\n[Edit: put block quote for context, which I failed to make clear]', 'edited': 1714103042.0, 'top_awarded_type': None, 'author_flair_css_class': None, 'name': 't1_l19qbu6', 'is_submitter': False, 'downs': 0, 'author_flair_richtext': [], 'author_patreon_flair': False, 'body_html': '&lt;div class=""md""&gt;&lt;blockquote&gt;\n&lt;p&gt;And so we’ve successfully been to challenger deep.&lt;/p&gt;\n&lt;/blockquote&gt;\n\n&lt;p&gt;We unconditionally could not survive such pressures. When people travel to such depths, they do so within a vessel that has significantly lower pressure inside in comparison to the surrounding water.&lt;/p&gt;\n\n&lt;p&gt;[Edit: put block quote for context, which I failed to make clear]&lt;/p&gt;\n&lt;/div&gt;', 'gildings': {}, 'collapsed_reason': None, 'distinguished': None, 'associated_award': None, 'stickied': False, 'author_premium': False, 'can_gild': False, 'link_id': 't3_1cczd5p', 'unrepliable_reason': None, 'author_flair_text_color': None, 'score_hidden': False, 'permalink': '/r/AskPhysics/comments/1cczd5p/how_come_fish_living_in_the_bottom_of_the_ocean/l19qbu6/', 'subreddit_type': 'public', 'locked': False, 'report_reasons': None, 'created': 1714086791.0, 'author_flair_text': None, 'treatment_tags': [], 'created_utc': 1714086791.0, 'subreddit_name_prefixed': 'r/AskPhysics', 'controversiality': 0, 'depth': 3, 'author_flair_background_color': None, 'collapsed_because_crowd_control': None, 'mod_reports': [], 'num_reports': None, 'ups': 6}}], 'before': None}}, 'user_reports': [], 'saved': False, 'id': 'l19dwrl', 'banned_at_utc': None, 'mod_reason_title': None, 'gilded': 0, 'archived': False, 'collapsed_reason_code': None, 'no_follow': False, 'author': 'Mountain-Resource656', 'can_mod_post': False, 'send_replies': True, 'parent_id': 't1_l18ybzo', 'score': 20, 'author_fullname': 't2_q40un0y4', 'removal_reason': None, 'approved_by': None, 'mod_note': None, 'all_awardings': [], 'body': 'We can and do; we’ve visited down there. Because the human body is mostly water, and because water is so incompressible, we don’t really experience adverse effects from the descent, itself, so long as we (essentially) keep popping our ears on the way up and down\n\nAnd so we’ve successfully been to challenger deep. The main problem with *staying* there, though, is that the air we breathe *does* get compressed, even as we ourselves are not. So a single breath of atmosphere-like air down there might contain thousands and thousands of breaths’ worth of oxygen, which can be extremely dangerous\n\nTherefore we have to mix our air with a buncha noble gases (that wouldn’t be absorbed into our bloodstream). I think helium is the main one since it’s so hard to compress. But that way we’re breathing like 99.99% inert gas and 0.01% oxygen and it’s still enough due to the density of the air\n\nEdit: Oh, small problem with that, though; the air does still cause problems even when we account for that. Mostly psychological, as I understand it, but you still can’t live that way down there for long without going loopy and then dead', 'edited': False, 'top_awarded_type': None, 'downs': 0, 'author_flair_css_class': None, 'name': 't1_l19dwrl', 'is_submitter': False, 'collapsed': False, 'author_flair_richtext': [], 'author_patreon_flair': False, 'body_html': '&lt;div class=""md""&gt;&lt;p&gt;We can and do; we’ve visited down there. Because the human body is mostly water, and because water is so incompressible, we don’t really experience adverse effects from the descent, itself, so long as we (essentially) keep popping our ears on the way up and down&lt;/p&gt;\n\n&lt;p&gt;And so we’ve successfully been to challenger deep. The main problem with &lt;em&gt;staying&lt;/em&gt; there, though, is that the air we breathe &lt;em&gt;does&lt;/em&gt; get compressed, even as we ourselves are not. So a single breath of atmosphere-like air down there might contain thousands and thousands of breaths’ worth of oxygen, which can be extremely dangerous&lt;/p&gt;\n\n&lt;p&gt;Therefore we have to mix our air with a buncha noble gases (that wouldn’t be absorbed into our bloodstream). I think helium is the main one since it’s so hard to compress. But that way we’re breathing like 99.99% inert gas and 0.01% oxygen and it’s still enough due to the density of the air&lt;/p&gt;\n\n&lt;p&gt;Edit: Oh, small problem with that, though; the air does still cause problems even when we account for that. Mostly psychological, as I understand it, but you still can’t live that way down there for long without going loopy and then dead&lt;/p&gt;\n&lt;/div&gt;', 'gildings': {}, 'collapsed_reason': None, 'distinguished': None, 'associated_award': None, 'stickied': False, 'author_premium': False, 'can_gild': False, 'link_id': 't3_1cczd5p', 'unrepliable_reason': None, 'author_flair_text_color': None, 'score_hidden': False, 'permalink': '/r/AskPhysics/comments/1cczd5p/how_come_fish_living_in_the_bottom_of_the_ocean/l19dwrl/', 'subreddit_type': 'public', 'locked': False, 'report_reasons': None, 'created': 1714081693.0, 'author_flair_text': None, 'treatment_tags': [], 'created_utc': 1714081693.0, 'subreddit_name_prefixed': 'r/AskPhysics', 'controversiality': 0, 'depth': 2, 'author_flair_background_color': None, 'collapsed_because_crowd_control': None, 'mod_reports': [], 'num_reports': None, 'ups': 20}}, {'kind': 't1', 'data': {'subreddit_id': 't5_2sumo', 'approved_at_utc': None, 'author_is_blocked': False, 'comment_type': None, 'awarders': [], 'mod_reason_by': None, 'banned_by': None, 'author_flair_type': 'text', 'total_awards_received': 0, 'subreddit': 'AskPhysics', 'author_flair_template_id': None, 'likes': None, 'replies': '', 'user_reports': [], 'saved': False, 'id': 'l1a2bcr', 'banned_at_utc': None, 'mod_reason_title': None, 'gilded': 0, 'archived': False, 'collapsed_reason_code': None, 'no_follow': True, 'author': 'puffin345', 'can_mod_post': False, 'send_replies': True, 'parent_id': 't1_l18ybzo', 'score': 2, 'author_fullname': 't2_xxyriyg4h', 'removal_reason': None, 'approved_by': None, 'mod_note': None, 'all_awardings': [], 'body': ""There's an upper limit. Fish at the very bottom have certain chemical properties that prevent reactions from happening under such pressure. If you want to go more in-depth, google: Trimethylamine N-oxide (TMAO)"", 'edited': False, 'top_awarded_type': None, 'downs': 0, 'author_flair_css_class': None, 'name': 't1_l1a2bcr', 'is_submitter': False, 'collapsed': False, 'author_flair_richtext': [], 'author_patreon_flair': False, 'body_html': '&lt;div class=""md""&gt;&lt;p&gt;There&amp;#39;s an upper limit. Fish at the very bottom have certain chemical properties that prevent reactions from happening under such pressure. If you want to go more in-depth, google: Trimethylamine N-oxide (TMAO)&lt;/p&gt;\n&lt;/div&gt;', 'gildings': {}, 'collapsed_reason': None, 'distinguished': None, 'associated_award': None, 'stickied': False, 'author_premium': False, 'can_gild': False, 'link_id': 't3_1cczd5p', 'unrepliable_reason': None, 'author_flair_text_color': None, 'score_hidden': False, 'permalink': '/r/AskPhysics/comments/1cczd5p/how_come_fish_living_in_the_bottom_of_the_ocean/l1a2bcr/', 'subreddit_type': 'public', 'locked': False, 'report_reasons': None, 'created': 1714091461.0, 'author_flair_text': None, 'treatment_tags': [], 'created_utc': 1714091461.0, 'subreddit_name_prefixed': 'r/AskPhysics', 'controversiality': 0, 'depth': 2, 'author_flair_background_color': None, 'collapsed_because_crowd_control': None, 'mod_reports': [], 'num_reports': None, 'ups': 2}}], 'before': None}}, 'user_reports': [], 'saved': False, 'id': 'l18ybzo', 'banned_at_utc': None, 'mod_reason_title': None, 'gilded': 0, 'archived': False, 'collapsed_reason_code': None, 'no_follow': False, 'author': 'kirakun', 'can_mod_post': False, 'created_utc': 1714076338.0, 'send_replies': True, 'parent_id': 't1_l18lqzh', 'score': 10, 'author_fullname': 't2_20ftt', 'removal_reason': None, 'approved_by': None, 'mod_note': None, 'all_awardings': [], 'body': 'As a follow up, could us human somehow increase our internal pressure so that we can survive at those depth too? If not, what’s stopping us from doing so?', 'edited': False, 'top_awarded_type': None, 'author_flair_css_class': None, 'name': 't1_l18ybzo', 'is_submitter': False, 'downs': 0, 'author_flair_richtext': [], 'author_patreon_flair': False, 'body_html': '&lt;div class=""md""&gt;&lt;p&gt;As a follow up, could us human somehow increase our internal pressure so that we can survive at those depth too? If not, what’s stopping us from doing so?&lt;/p&gt;\n&lt;/div&gt;', 'gildings': {}, 'collapsed_reason': None, 'distinguished': None, 'associated_award': None, 'stickied': False, 'author_premium': False, 'can_gild': False, 'link_id': 't3_1cczd5p', 'unrepliable_reason': None, 'author_flair_text_color': None, 'score_hidden': False, 'permalink': '/r/AskPhysics/comments/1cczd5p/how_come_fish_living_in_the_bottom_of_the_ocean/l18ybzo/', 'subreddit_type': 'public', 'locked': False, 'report_reasons': None, 'created': 1714076338.0, 'author_flair_text': None, 'treatment_tags': [], 'collapsed': False, 'subreddit_name_prefixed': 'r/AskPhysics', 'controversiality': 0, 'depth': 1, 'author_flair_background_color': None, 'collapsed_because_crowd_control': None, 'mod_reports': [], 'num_reports': None, 'ups': 10}}, {'kind': 't1', 'data': {'subreddit_id': 't5_2sumo', 'approved_at_utc': None, 'author_is_blocked': False, 'comment_type': None, 'awarders': [], 'mod_reason_by': None, 'banned_by': None, 'author_flair_type': 'text', 'total_awards_received': 0, 'subreddit': 'AskPhysics', 'author_flair_template_id': None, 'likes': None, 'replies': {'kind': 'Listing', 'data': {'after': None, 'dist': None, 'modhash': None, 'geo_filter': '', 'children': [{'kind': 't1', 'data': {'subreddit_id': 't5_2sumo', 'approved_at_utc': None, 'author_is_blocked': False, 'comment_type': None, 'awarders': [], 'mod_reason_by': None, 'banned_by': None, 'author_flair_type': 'text', 'total_awards_received': 0, 'subreddit': 'AskPhysics', 'author_flair_template_id': None, 'likes': None, 'replies': {'kind': 'Listing', 'data': {'after': None, 'dist': None, 'modhash': None, 'geo_filter': '', 'children': [{'kind': 't1', 'data': {'subreddit_id': 't5_2sumo', 'approved_at_utc': None, 'author_is_blocked': False, 'comment_type': None, 'awarders': [], 'mod_reason_by': None, 'banned_by': None, 'author_flair_type': 'text', 'total_awards_received': 0, 'subreddit': 'AskPhysics', 'author_flair_template_id': None, 'likes': None, 'replies': {'kind': 'Listing', 'data': {'after': None, 'dist': None, 'modhash': None, 'geo_filter': '', 'children': [{'kind': 't1', 'data': {'subreddit_id': 't5_2sumo', 'approved_at_utc': None, 'author_is_blocked': False, 'comment_type': None, 'awarders': [], 'mod_reason_by': None, 'banned_by': None, 'author_flair_type': 'text', 'total_awards_received': 0, 'subreddit': 'AskPhysics', 'author_flair_template_id': None, 'distinguished': None, 'likes': None, 'replies': {'kind': 'Listing', 'data': {'after': None, 'dist': None, 'modhash': None, 'geo_filter': '', 'children': [{'kind': 't1', 'data': {'subreddit_id': 't5_2sumo', 'approved_at_utc': None, 'author_is_blocked': False, 'comment_type': None, 'awarders': [], 'mod_reason_by': None, 'banned_by': None, 'author_flair_type': 'text', 'total_awards_received': 0, 'subreddit': 'AskPhysics', 'author_flair_template_id': None, 'distinguished': None, 'likes': None, 'replies': '', 'user_reports': [], 'saved': False, 'id': 'l18yxgb', 'banned_at_utc': None, 'mod_reason_title': None, 'gilded': 0, 'archived': False, 'collapsed_reason_code': None, 'no_follow': False, 'author': 'Common-Value-9055', 'can_mod_post': False, 'send_replies': True, 'parent_id': 't1_l18udx7', 'score': 5, 'author_fullname': 't2_w9034dwzw', 'approved_by': None, 'mod_note': None, 'all_awardings': [], 'body': 'I would have to delete my account if I applied that to myself. 😂😂 (self-deprecating humour)', 'edited': 1714153059.0, 'gildings': {}, 'downs': 0, 'author_flair_css_class': None, 'name': 't1_l18yxgb', 'is_submitter': False, 'collapsed': False, 'author_flair_richtext': [], 'author_patreon_flair': False, 'body_html': '&lt;div class=""md""&gt;&lt;p&gt;I would have to delete my account if I applied that to myself. 😂😂 (self-deprecating humour)&lt;/p&gt;\n&lt;/div&gt;', 'removal_reason': None, 'collapsed_reason': None, 'link_id': 't3_1cczd5p', 'associated_award': None, 'stickied': False, 'author_premium': False, 'can_gild': False, 'top_awarded_type': None, 'unrepliable_reason': None, 'author_flair_text_color': None, 'score_hidden': False, 'permalink': '/r/AskPhysics/comments/1cczd5p/how_come_fish_living_in_the_bottom_of_the_ocean/l18yxgb/', 'subreddit_type': 'public', 'locked': False, 'report_reasons': None, 'created': 1714076535.0, 'author_flair_text': None, 'treatment_tags': [], 'created_utc': 1714076535.0, 'subreddit_name_prefixed': 'r/AskPhysics', 'controversiality': 0, 'depth': 5, 'author_flair_background_color': None, 'collapsed_because_crowd_control': None, 'mod_reports': [], 'num_reports': None, 'ups': 5}}], 'before': None}}, 'user_reports': [], 'saved': False, 'id': 'l18udx7', 'banned_at_utc': None, 'mod_reason_title': None, 'gilded': 0, 'archived': False, 'collapsed_reason_code': None, 'no_follow': False, 'author': '1strategist1', 'can_mod_post': False, 'send_replies': True, 'parent_id': 't1_l18ql3i', 'score': 6, 'author_fullname': 't2_2r8ugb2', 'removal_reason': None, 'approved_by': None, 'mod_note': None, 'all_awardings': [], 'body': 'Oh yeah, no worries! It’s always good to clarify that people know what they’re talking about.\xa0', 'edited': False, 'author_flair_css_class': None, 'name': 't1_l18udx7', 'is_submitter': False, 'downs': 0, 'author_flair_richtext': [], 'author_patreon_flair': False, 'body_html': '&lt;div class=""md""&gt;&lt;p&gt;Oh yeah, no worries! It’s always good to clarify that people know what they’re talking about.\xa0&lt;/p&gt;\n&lt;/div&gt;', 'gildings': {}, 'collapsed_reason': None, 'link_id': 't3_1cczd5p', 'associated_award': None, 'stickied': False, 'author_premium': False, 'can_gild': False, 'top_awarded_type': None, 'unrepliable_reason': None, 'author_flair_text_color': None, 'treatment_tags': [], 'score_hidden': False, 'permalink': '/r/AskPhysics/comments/1cczd5p/how_come_fish_living_in_the_bottom_of_the_ocean/l18udx7/', 'subreddit_type': 'public', 'locked': False, 'report_reasons': None, 'created': 1714075037.0, 'author_flair_text': None, 'collapsed': False, 'created_utc': 1714075037.0, 'subreddit_name_prefixed': 'r/AskPhysics', 'controversiality': 0, 'depth': 4, 'author_flair_background_color': None, 'collapsed_because_crowd_control': None, 'mod_reports': [], 'num_reports': None, 'ups': 6}}], 'before': None}}, 'user_reports': [], 'saved': False, 'id': 'l18ql3i', 'banned_at_utc': None, 'mod_reason_title': None, 'gilded': 0, 'archived': False, 'collapsed_reason_code': None, 'no_follow': False, 'author': 'Common-Value-9055', 'can_mod_post': False, 'send_replies': True, 'parent_id': 't1_l18q7l0', 'score': 7, 'author_fullname': 't2_w9034dwzw', 'removal_reason': None, 'approved_by': None, 'mod_note': None, 'all_awardings': [], 'collapsed': False, 'body': 'Thank you. I do appreciate the logic you mentioned. It was brilliant. But brilliant conjecture vs knowing for a matter of fact is very different. My reason for asking: in case it came across as negative. Thanks again.', 'edited': False, 'top_awarded_type': None, 'author_flair_css_class': None, 'name': 't1_l18ql3i', 'is_submitter': False, 'downs': 0, 'author_flair_richtext': [], 'author_patreon_flair': False, 'body_html': '&lt;div class=""md""&gt;&lt;p&gt;Thank you. I do appreciate the logic you mentioned. It was brilliant. But brilliant conjecture vs knowing for a matter of fact is very different. My reason for asking: in case it came across as negative. Thanks again.&lt;/p&gt;\n&lt;/div&gt;', 'gildings': {}, 'collapsed_reason': None, 'distinguished': None, 'associated_award': None, 'stickied': False, 'author_premium': False, 'can_gild': False, 'link_id': 't3_1cczd5p', 'unrepliable_reason': None, 'author_flair_text_color': None, 'score_hidden': False, 'permalink': '/r/AskPhysics/comments/1cczd5p/how_come_fish_living_in_the_bottom_of_the_ocean/l18ql3i/', 'subreddit_type': 'public', 'locked': False, 'report_reasons': None, 'created': 1714073799.0, 'author_flair_text': None, 'treatment_tags': [], 'created_utc': 1714073799.0, 'subreddit_name_prefixed': 'r/AskPhysics', 'controversiality': 0, 'depth': 3, 'author_flair_background_color': None, 'collapsed_because_crowd_control': None, 'mod_reports': [], 'num_reports': None, 'ups': 7}}], 'before': None}}, 'user_reports': [], 'saved': False, 'id': 'l18q7l0', 'banned_at_utc': None, 'mod_reason_title': None, 'gilded': 0, 'archived': False, 'collapsed_reason_code': None, 'no_follow': False, 'author': '1strategist1', 'can_mod_post': False, 'send_replies': True, 'parent_id': 't1_l18ofrq', 'score': 18, 'author_fullname': 't2_2r8ugb2', 'removal_reason': None, 'approved_by': None, 'mod_note': None, 'all_awardings': [], 'body': 'I do know for a fact that deep-sea organisms have the same internal pressure as the ocean around them.\xa0\n\nThey also have a bunch of other adaptations that let their chemical processes continue working at those depths, but the reason they can “withstand” the pressure and not get crushed is the internal pressure.\xa0\n\nThe Wikipedia page on this is pretty good\xa0https://en.m.wikipedia.org/wiki/Deep-sea_fish#:~:text=Deep%2Dsea%20organisms%20have%20the,because%20molecules%20are%20squeezed%20together.', 'edited': False, 'top_awarded_type': None, 'downs': 0, 'author_flair_css_class': None, 'name': 't1_l18q7l0', 'is_submitter': False, 'collapsed': False, 'author_flair_richtext': [], 'author_patreon_flair': False, 'body_html': '&lt;div class=""md""&gt;&lt;p&gt;I do know for a fact that deep-sea organisms have the same internal pressure as the ocean around them.\xa0&lt;/p&gt;\n\n&lt;p&gt;They also have a bunch of other adaptations that let their chemical processes continue working at those depths, but the reason they can “withstand” the pressure and not get crushed is the internal pressure.\xa0&lt;/p&gt;\n\n&lt;p&gt;The Wikipedia page on this is pretty good\xa0&lt;a href=""https://en.m.wikipedia.org/wiki/Deep-sea_fish#:%7E:text=Deep%2Dsea%20organisms%20have%20the,because%20molecules%20are%20squeezed%20together""&gt;https://en.m.wikipedia.org/wiki/Deep-sea_fish#:~:text=Deep%2Dsea%20organisms%20have%20the,because%20molecules%20are%20squeezed%20together&lt;/a&gt;.&lt;/p&gt;\n&lt;/div&gt;', 'gildings': {}, 'collapsed_reason': None, 'distinguished': None, 'associated_award': None, 'stickied': False, 'author_premium': False, 'can_gild': False, 'link_id': 't3_1cczd5p', 'unrepliable_reason': None, 'author_flair_text_color': None, 'score_hidden': False, 'permalink': '/r/AskPhysics/comments/1cczd5p/how_come_fish_living_in_the_bottom_of_the_ocean/l18q7l0/', 'subreddit_type': 'public', 'locked': False, 'report_reasons': None, 'created': 1714073680.0, 'author_flair_text': None, 'treatment_tags': [], 'created_utc': 1714073680.0, 'subreddit_name_prefixed': 'r/AskPhysics', 'controversiality': 0, 'depth': 2, 'author_flair_background_color': None, 'collapsed_because_crowd_control': None, 'mod_reports': [], 'num_reports': None, 'ups': 18}}], 'before': None}}, 'user_reports': [], 'saved': False, 'id': 'l18ofrq', 'banned_at_utc': None, 'mod_reason_title': None, 'gilded': 0, 'archived': False, 'collapsed_reason_code': None, 'no_follow': True, 'author': 'Common-Value-9055', 'can_mod_post': False, 'created_utc': 1714073104.0, 'send_replies': True, 'parent_id': 't1_l18lqzh', 'score': 3, 'author_fullname': 't2_w9034dwzw', 'removal_reason': None, 'approved_by': None, 'mod_note': None, 'all_awardings': [], 'body': 'Are you just using logic to extend it to the fish or do you know that for a fact?', 'edited': False, 'top_awarded_type': None, 'author_flair_css_class': None, 'name': 't1_l18ofrq', 'is_submitter': False, 'downs': 0, 'author_flair_richtext': [], 'author_patreon_flair': False, 'body_html': '&lt;div class=""md""&gt;&lt;p&gt;Are you just using logic to extend it to the fish or do you know that for a fact?&lt;/p&gt;\n&lt;/div&gt;', 'gildings': {}, 'collapsed_reason': None, 'distinguished': None, 'associated_award': None, 'stickied': False, 'author_premium': False, 'can_gild': False, 'link_id': 't3_1cczd5p', 'unrepliable_reason': None, 'author_flair_text_color': None, 'score_hidden': False, 'permalink': '/r/AskPhysics/comments/1cczd5p/how_come_fish_living_in_the_bottom_of_the_ocean/l18ofrq/', 'subreddit_type': 'public', 'locked': False, 'report_reasons': None, 'created': 1714073104.0, 'author_flair_text': None, 'treatment_tags': [], 'collapsed': False, 'subreddit_name_prefixed': 'r/AskPhysics', 'controversiality': 1, 'depth': 1, 'author_flair_background_color': None, 'collapsed_because_crowd_control': None, 'mod_reports': [], 'num_reports': None, 'ups': 3}}, {'kind': 't1', 'data': {'subreddit_id': 't5_2sumo', 'approved_at_utc': None, 'author_is_blocked': False, 'comment_type': None, 'awarders': [], 'mod_reason_by': None, 'banned_by': None, 'author_flair_type': 'text', 'total_awards_received': 0, 'subreddit': 'AskPhysics', 'author_flair_template_id': None, 'likes': None, 'replies': {'kind': 'Listing', 'data': {'after': None, 'dist': None, 'modhash': None, 'geo_filter': '', 'children': [{'kind': 't1', 'data': {'subreddit_id': 't5_2sumo', 'approved_at_utc': None, 'author_is_blocked': False, 'comment_type': None, 'awarders': [], 'mod_reason_by': None, 'banned_by': None, 'author_flair_type': 'text', 'total_awards_received': 0, 'subreddit': 'AskPhysics', 'author_flair_template_id': None, 'likes': None, 'replies': '', 'user_reports': [], 'saved': False, 'id': 'l19cb4u', 'banned_at_utc': None, 'mod_reason_title': None, 'gilded': 0, 'archived': False, 'collapsed_reason_code': None, 'no_follow': False, 'author': '1strategist1', 'can_mod_post': False, 'send_replies': True, 'parent_id': 't1_l19a8o6', 'score': 10, 'author_fullname': 't2_2r8ugb2', 'removal_reason': None, 'approved_by': None, 'mod_note': None, 'all_awardings': [], 'body': 'Not explode, but according to Google\xa0\n\n&gt;\xa0Your blood and body fluids would boil and then freeze because of the extremely low air pressure, and your tissues would expand from the boiling fluids.\n\n___\n\n\n&gt;\xa0And how do those deep sea creatures survive on the surface level of water if their internal pressure is optimized for high pressure? Can they change their internal pressure level according to their surrounding pressure?\n\nThey don’t survive. Have you seen a blobfish? The reason for their name is because when you bring them to the surface, their internal pressure kills them and turns them into a blob.\xa0', 'edited': False, 'top_awarded_type': None, 'downs': 0, 'author_flair_css_class': None, 'name': 't1_l19cb4u', 'is_submitter': False, 'collapsed': False, 'author_flair_richtext': [], 'author_patreon_flair': False, 'body_html': '&lt;div class=""md""&gt;&lt;p&gt;Not explode, but according to Google\xa0&lt;/p&gt;\n\n&lt;blockquote&gt;\n&lt;p&gt;\xa0Your blood and body fluids would boil and then freeze because of the extremely low air pressure, and your tissues would expand from the boiling fluids.&lt;/p&gt;\n&lt;/blockquote&gt;\n\n&lt;hr/&gt;\n\n&lt;blockquote&gt;\n&lt;p&gt;\xa0And how do those deep sea creatures survive on the surface level of water if their internal pressure is optimized for high pressure? Can they change their internal pressure level according to their surrounding pressure?&lt;/p&gt;\n&lt;/blockquote&gt;\n\n&lt;p&gt;They don’t survive. Have you seen a blobfish? The reason for their name is because when you bring them to the surface, their internal pressure kills them and turns them into a blob.\xa0&lt;/p&gt;\n&lt;/div&gt;', 'gildings': {}, 'collapsed_reason': None, 'distinguished': None, 'associated_award': None, 'stickied': False, 'author_premium': False, 'can_gild': False, 'link_id': 't3_1cczd5p', 'unrepliable_reason': None, 'author_flair_text_color': None, 'score_hidden': False, 'permalink': '/r/AskPhysics/comments/1cczd5p/how_come_fish_living_in_the_bottom_of_the_ocean/l19cb4u/', 'subreddit_type': 'public', 'locked': False, 'report_reasons': None, 'created': 1714081122.0, 'author_flair_text': None, 'treatment_tags': [], 'created_utc': 1714081122.0, 'subreddit_name_prefixed': 'r/AskPhysics', 'controversiality': 0, 'depth': 2, 'author_flair_background_color': None, 'collapsed_because_crowd_control': None, 'mod_reports': [], 'num_reports': None, 'ups': 10}}, {'kind': 't1', 'data': {'subreddit_id': 't5_2sumo', 'approved_at_utc': None, 'author_is_blocked': False, 'comment_type': None, 'awarders': [], 'mod_reason_by': None, 'banned_by': None, 'author_flair_type': 'text', 'total_awards_received': 0, 'subreddit': 'AskPhysics', 'author_flair_template_id': None, 'likes': None, 'replies': '', 'user_reports': [], 'saved': False, 'id': 'l19o1nh', 'banned_at_utc': None, 'mod_reason_title': None, 'gilded': 0, 'archived': False, 'collapsed_reason_code': None, 'no_follow': True, 'author': 'LiquidCoal', 'can_mod_post': False, 'send_replies': True, 'parent_id': 't1_l19a8o6', 'score': 2, 'author_fullname': 't2_12kths3r', 'removal_reason': None, 'approved_by': None, 'mod_note': None, 'all_awardings': [], 'body': '&gt;What happens to the astronauts doing spacewalks without their pressurized suits? Do they explode?\n\nNo, they would not explode. Their eardrums would rupture, and their lungs could rupture, but not much else would be exploding. Instead, there will be very severe swelling of tissues and boiling of bodily fluids.', 'edited': False, 'top_awarded_type': None, 'downs': 0, 'author_flair_css_class': None, 'name': 't1_l19o1nh', 'is_submitter': False, 'collapsed': False, 'author_flair_richtext': [], 'author_patreon_flair': False, 'body_html': '&lt;div class=""md""&gt;&lt;blockquote&gt;\n&lt;p&gt;What happens to the astronauts doing spacewalks without their pressurized suits? Do they explode?&lt;/p&gt;\n&lt;/blockquote&gt;\n\n&lt;p&gt;No, they would not explode. Their eardrums would rupture, and their lungs could rupture, but not much else would be exploding. Instead, there will be very severe swelling of tissues and boiling of bodily fluids.&lt;/p&gt;\n&lt;/div&gt;', 'gildings': {}, 'collapsed_reason': None, 'distinguished': None, 'associated_award': None, 'stickied': False, 'author_premium': False, 'can_gild': False, 'link_id': 't3_1cczd5p', 'unrepliable_reason': None, 'author_flair_text_color': None, 'score_hidden': False, 'permalink': '/r/AskPhysics/comments/1cczd5p/how_come_fish_living_in_the_bottom_of_the_ocean/l19o1nh/', 'subreddit_type': 'public', 'locked': False, 'report_reasons': None, 'created': 1714085891.0, 'author_flair_text': None, 'treatment_tags': [], 'created_utc': 1714085891.0, 'subreddit_name_prefixed': 'r/AskPhysics', 'controversiality': 0, 'depth': 2, 'author_flair_background_color': None, 'collapsed_because_crowd_control': None, 'mod_reports': [], 'num_reports': None, 'ups': 2}}, {'kind': 't1', 'data': {'subreddit_id': 't5_2sumo', 'approved_at_utc': None, 'author_is_blocked': False, 'comment_type': None, 'awarders': [], 'mod_reason_by': None, 'banned_by': None, 'author_flair_type': 'text', 'total_awards_received': 0, 'subreddit': 'AskPhysics', 'author_flair_template_id': None, 'likes': None, 'replies': '', 'user_reports': [], 'saved': False, 'id': 'l1bk1f1', 'banned_at_utc': None, 'mod_reason_title': None, 'gilded': 0, 'archived': False, 'collapsed_reason_code': None, 'no_follow': True, 'author': 'Dunderman35', 'can_mod_post': False, 'send_replies': True, 'parent_id': 't1_l19a8o6', 'score': 2, 'author_fullname': 't2_aolr8uz9', 'removal_reason': None, 'approved_by': None, 'mod_note': None, 'all_awardings': [], 'body': ""&gt;Can they change their internal pressure level according to their surrounding pressure?\n\nFor the most part yes, and we can too. The bodies internal pressure changes all the time to match that of the surrounding. \n\nWe are mostly made of water and water is incompressible so that's why we keep the same size too. Same thing with fish. There are some caveats though.\n\nOne issue is any air filled interior volume like our eardrums but this pressure can be equalized. Also we need to make sure to breathe so we equalize the air in our lungs too. Fish have swim bladders filled with gas that might be an issue \n\nAll this allows us to dive to depths where the pressure is several times higher than at the atmosphere. Every 10 meter down is 1 more atmosphere."", 'edited': 1714118108.0, 'top_awarded_type': None, 'downs': 0, 'author_flair_css_class': None, 'name': 't1_l1bk1f1', 'is_submitter': False, 'collapsed': False, 'author_flair_richtext': [], 'author_patreon_flair': False, 'body_html': '&lt;div class=""md""&gt;&lt;blockquote&gt;\n&lt;p&gt;Can they change their internal pressure level according to their surrounding pressure?&lt;/p&gt;\n&lt;/blockquote&gt;\n\n&lt;p&gt;For the most part yes, and we can too. The bodies internal pressure changes all the time to match that of the surrounding. &lt;/p&gt;\n\n&lt;p&gt;We are mostly made of water and water is incompressible so that&amp;#39;s why we keep the same size too. Same thing with fish. There are some caveats though.&lt;/p&gt;\n\n&lt;p&gt;One issue is any air filled interior volume like our eardrums but this pressure can be equalized. Also we need to make sure to breathe so we equalize the air in our lungs too. Fish have swim bladders filled with gas that might be an issue &lt;/p&gt;\n\n&lt;p&gt;All this allows us to dive to depths where the pressure is several times higher than at the atmosphere. Every 10 meter down is 1 more atmosphere.&lt;/p&gt;\n&lt;/div&gt;', 'gildings': {}, 'collapsed_reason': None, 'distinguished': None, 'associated_award': None, 'stickied': False, 'author_premium': False, 'can_gild': False, 'link_id': 't3_1cczd5p', 'unrepliable_reason': None, 'author_flair_text_color': None, 'score_hidden': False, 'permalink': '/r/AskPhysics/comments/1cczd5p/how_come_fish_living_in_the_bottom_of_the_ocean/l1bk1f1/', 'subreddit_type': 'public', 'locked': False, 'report_reasons': None, 'created': 1714117405.0, 'author_flair_text': None, 'treatment_tags': [], 'created_utc': 1714117405.0, 'subreddit_name_prefixed': 'r/AskPhysics', 'controversiality': 0, 'depth': 2, 'author_flair_background_color': None, 'collapsed_because_crowd_control': None, 'mod_reports': [], 'num_reports': None, 'ups': 2}}], 'before': None}}, 'user_reports': [], 'saved': False, 'id': 'l19a8o6', 'banned_at_utc': None, 'mod_reason_title': None, 'gilded': 0, 'archived': False, 'collapsed_reason_code': None, 'no_follow': True, 'author': 'starman69420', 'can_mod_post': False, 'created_utc': 1714080381.0, 'send_replies': True, 'parent_id': 't1_l18lqzh', 'score': 1, 'author_fullname': 't2_qqgyy4lk0', 'removal_reason': None, 'approved_by': None, 'mod_note': None, 'all_awardings': [], 'body': 'What happens to the astronauts doing spacewalks without their pressurized suits? Do they explode? And how do those deep sea creatures survive on the surface level of water if their internal pressure is optimized for high pressure? Can they change their internal pressure level according to their surrounding pressure?', 'edited': False, 'top_awarded_type': None, 'author_flair_css_class': None, 'name': 't1_l19a8o6', 'is_submitter': False, 'downs': 0, 'author_flair_richtext': [], 'author_patreon_flair': False, 'body_html': '&lt;div class=""md""&gt;&lt;p&gt;What happens to the astronauts doing spacewalks without their pressurized suits? Do they explode? And how do those deep sea creatures survive on the surface level of water if their internal pressure is optimized for high pressure? Can they change their internal pressure level according to their surrounding pressure?&lt;/p&gt;\n&lt;/div&gt;', 'gildings': {}, 'collapsed_reason': None, 'distinguished': None, 'associated_award': None, 'stickied': False, 'author_premium': False, 'can_gild': False, 'link_id': 't3_1cczd5p', 'unrepliable_reason': None, 'author_flair_text_color': None, 'score_hidden': False, 'permalink': '/r/AskPhysics/comments/1cczd5p/how_come_fish_living_in_the_bottom_of_the_ocean/l19a8o6/', 'subreddit_type': 'public', 'locked': False, 'report_reasons': None, 'created': 1714080381.0, 'author_flair_text': None, 'treatment_tags': [], 'collapsed': False, 'subreddit_name_prefixed': 'r/AskPhysics', 'controversiality': 0, 'depth': 1, 'author_flair_background_color': None, 'collapsed_because_crowd_control': None, 'mod_reports': [], 'num_reports': None, 'ups': 1}}, {'kind': 't1', 'data': {'subreddit_id': 't5_2sumo', 'approved_at_utc': None, 'author_is_blocked': False, 'comment_type': None, 'awarders': [], 'mod_reason_by': None, 'banned_by': None, 'author_flair_type': 'text', 'total_awards_received': 0, 'subreddit': 'AskPhysics', 'author_flair_template_id': None, 'likes': None, 'replies': {'kind': 'Listing', 'data': {'after': None, 'dist': None, 'modhash': None, 'geo_filter': '', 'children': [{'kind': 't1', 'data': {'subreddit_id': 't5_2sumo', 'approved_at_utc': None, 'author_is_blocked': False, 'comment_type': None, 'awarders': [], 'mod_reason_by': None, 'banned_by': None, 'author_flair_type': 'text', 'total_awards_received': 0, 'subreddit': 'AskPhysics', 'author_flair_template_id': None, 'likes': None, 'replies': {'kind': 'Listing', 'data': {'after': None, 'dist': None, 'modhash': None, 'geo_filter': '', 'children': [{'kind': 't1', 'data': {'total_awards_received': 0, 'approved_at_utc': None, 'author_is_blocked': False, 'comment_type': None, 'awarders': [], 'mod_reason_by': None, 'banned_by': None, 'ups': 2, 'removal_reason': None, 'link_id': 't3_1cczd5p', 'author_flair_template_id': None, 'likes': None, 'replies': {'kind': 'Listing', 'data': {'after': None, 'dist': None, 'modhash': None, 'geo_filter': '', 'children': [{'kind': 't1', 'data': {'subreddit_id': 't5_2sumo', 'approved_at_utc': None, 'author_is_blocked': False, 'comment_type': None, 'awarders': [], 'mod_reason_by': None, 'banned_by': None, 'author_flair_type': 'text', 'total_awards_received': 0, 'subreddit': 'AskPhysics', 'author_flair_template_id': None, 'distinguished': None, 'likes': None, 'replies': {'kind': 'Listing', 'data': {'after': None, 'dist': None, 'modhash': None, 'geo_filter': '', 'children': [{'kind': 't1', 'data': {'total_awards_received': 0, 'approved_at_utc': None, 'author_is_blocked': False, 'comment_type': None, 'awarders': [], 'mod_reason_by': None, 'banned_by': None, 'ups': 1, 'removal_reason': None, 'link_id': 't3_1cczd5p', 'author_flair_template_id': None, 'likes': None, 'replies': {'kind': 'Listing', 'data': {'after': None, 'dist': None, 'modhash': None, 'geo_filter': '', 'children': [{'kind': 't1', 'data': {'subreddit_id': 't5_2sumo', 'approved_at_utc': None, 'author_is_blocked': False, 'comment_type': None, 'awarders': [], 'mod_reason_by': None, 'banned_by': None, 'author_flair_type': 'text', 'total_awards_received': 0, 'subreddit': 'AskPhysics', 'author_flair_template_id': None, 'distinguished': None, 'likes': None, 'replies': '', 'user_reports': [], 'saved': False, 'id': 'l19mgdx', 'banned_at_utc': None, 'mod_reason_title': None, 'gilded': 0, 'archived': False, 'collapsed_reason_code': None, 'no_follow': True, 'author': 'parrotlunaire', 'can_mod_post': False, 'send_replies': True, 'parent_id': 't1_l19hq6n', 'score': 1, 'author_fullname': 't2_vd036dl', 'approved_by': None, 'mod_note': None, 'all_awardings': [], 'collapsed': False, 'body': 'The post you replied to said that water “almost doesn’t compress under pressure” which is quite accurate.', 'edited': False, 'gildings': {}, 'author_flair_css_class': None, 'name': 't1_l19mgdx', 'is_submitter': False, 'downs': 0, 'author_flair_richtext': [], 'author_patreon_flair': False, 'body_html': '&lt;div class=""md""&gt;&lt;p&gt;The post you replied to said that water “almost doesn’t compress under pressure” which is quite accurate.&lt;/p&gt;\n&lt;/div&gt;', 'removal_reason': None, 'collapsed_reason': None, 'link_id': 't3_1cczd5p', 'associated_award': None, 'stickied': False, 'author_premium': False, 'can_gild': False, 'top_awarded_type': None, 'unrepliable_reason': None, 'author_flair_text_color': None, 'score_hidden': False, 'permalink': '/r/AskPhysics/comments/1cczd5p/how_come_fish_living_in_the_bottom_of_the_ocean/l19mgdx/', 'subreddit_type': 'public', 'locked': False, 'report_reasons': None, 'created': 1714085270.0, 'author_flair_text': None, 'treatment_tags': [], 'created_utc': 1714085270.0, 'subreddit_name_prefixed': 'r/AskPhysics', 'controversiality': 0, 'depth': 6, 'author_flair_background_color': None, 'collapsed_because_crowd_control': None, 'mod_reports': [], 'num_reports': None, 'ups': 1}}], 'before': None}}, 'user_reports': [], 'saved': False, 'id': 'l19hq6n', 'banned_at_utc': None, 'mod_reason_title': None, 'gilded': 0, 'archived': False, 'collapsed_reason_code': None, 'no_follow': True, 'author': '[deleted]', 'can_mod_post': False, 'created_utc': 1714083441.0, 'send_replies': True, 'parent_id': 't1_l19g4ib', 'score': 1, 'approved_by': None, 'report_reasons': None, 'all_awardings': [], 'subreddit_id': 't5_2sumo', 'body': '[deleted]', 'edited': 1714085446.0, 'author_flair_css_class': None, 'downs': 0, 'is_submitter': False, 'body_html': '&lt;div class=""md""&gt;&lt;p&gt;[deleted]&lt;/p&gt;\n&lt;/div&gt;', 'gildings': {}, 'collapsed_reason': None, 'associated_award': None, 'stickied': False, 'subreddit_type': 'public', 'can_gild': False, 'top_awarded_type': None, 'unrepliable_reason': None, 'author_flair_text_color': 'dark', 'score_hidden': False, 'permalink': '/r/AskPhysics/comments/1cczd5p/how_come_fish_living_in_the_bottom_of_the_ocean/l19hq6n/', 'num_reports': None, 'locked': False, 'name': 't1_l19hq6n', 'created': 1714083441.0, 'subreddit': 'AskPhysics', 'author_flair_text': None, 'treatment_tags': [], 'collapsed': False, 'subreddit_name_prefixed': 'r/AskPhysics', 'controversiality': 0, 'depth': 5, 'author_flair_background_color': '', 'collapsed_because_crowd_control': None, 'mod_reports': [], 'mod_note': None, 'distinguished': None}}], 'before': None}}, 'user_reports': [], 'saved': False, 'id': 'l19g4ib', 'banned_at_utc': None, 'mod_reason_title': None, 'gilded': 0, 'archived': False, 'collapsed_reason_code': None, 'no_follow': True, 'author': 'parrotlunaire', 'can_mod_post': False, 'send_replies': True, 'parent_id': 't1_l194k6u', 'score': 2, 'author_fullname': 't2_vd036dl', 'removal_reason': None, 'approved_by': None, 'mod_note': None, 'all_awardings': [], 'body': 'Water does compress but only slightly.  At the deepest part of the ocean where the pressure is about 1000 atmospheres, water compresses by only about 5%.', 'edited': False, 'author_flair_css_class': None, 'name': 't1_l19g4ib', 'is_submitter': False, 'downs': 0, 'author_flair_richtext': [], 'author_patreon_flair': False, 'body_html': '&lt;div class=""md""&gt;&lt;p&gt;Water does compress but only slightly.  At the deepest part of the ocean where the pressure is about 1000 atmospheres, water compresses by only about 5%.&lt;/p&gt;\n&lt;/div&gt;', 'gildings': {}, 'collapsed_reason': None, 'link_id': 't3_1cczd5p', 'associated_award': None, 'stickied': False, 'author_premium': False, 'can_gild': False, 'top_awarded_type': None, 'unrepliable_reason': None, 'author_flair_text_color': None, 'treatment_tags': [], 'score_hidden': False, 'permalink': '/r/AskPhysics/comments/1cczd5p/how_come_fish_living_in_the_bottom_of_the_ocean/l19g4ib/', 'subreddit_type': 'public', 'locked': False, 'report_reasons': None, 'created': 1714082692.0, 'author_flair_text': None, 'collapsed': False, 'created_utc': 1714082692.0, 'subreddit_name_prefixed': 'r/AskPhysics', 'controversiality': 0, 'depth': 4, 'author_flair_background_color': None, 'collapsed_because_crowd_control': None, 'mod_reports': [], 'num_reports': None, 'ups': 2}}], 'before': None}}, 'user_reports': [], 'saved': False, 'id': 'l194k6u', 'banned_at_utc': None, 'mod_reason_title': None, 'gilded': 0, 'archived': False, 'collapsed_reason_code': None, 'no_follow': True, 'author': '[deleted]', 'can_mod_post': False, 'send_replies': True, 'parent_id': 't1_l1932o4', 'score': 2, 'approved_by': None, 'report_reasons': None, 'all_awardings': [], 'subreddit_id': 't5_2sumo', 'body': '[deleted]', 'edited': False, 'downs': 0, 'author_flair_css_class': None, 'collapsed': False, 'is_submitter': False, 'body_html': '&lt;div class=""md""&gt;&lt;p&gt;[deleted]&lt;/p&gt;\n&lt;/div&gt;', 'gildings': {}, 'collapsed_reason': None, 'associated_award': None, 'stickied': False, 'subreddit_type': 'public', 'can_gild': False, 'top_awarded_type': None, 'unrepliable_reason': None, 'author_flair_text_color': 'dark', 'score_hidden': False, 'permalink': '/r/AskPhysics/comments/1cczd5p/how_come_fish_living_in_the_bottom_of_the_ocean/l194k6u/', 'num_reports': None, 'locked': False, 'name': 't1_l194k6u', 'created': 1714078414.0, 'subreddit': 'AskPhysics', 'author_flair_text': None, 'treatment_tags': [], 'created_utc': 1714078414.0, 'subreddit_name_prefixed': 'r/AskPhysics', 'controversiality': 0, 'depth': 3, 'author_flair_background_color': '', 'collapsed_because_crowd_control': None, 'mod_reports': [], 'mod_note': None, 'distinguished': None}}, {'kind': 't1', 'data': {'subreddit_id': 't5_2sumo', 'approved_at_utc': None, 'author_is_blocked': False, 'comment_type': None, 'awarders': [], 'mod_reason_by': None, 'banned_by': None, 'author_flair_type': 'text', 'total_awards_received': 0, 'subreddit': 'AskPhysics', 'author_flair_template_id': None, 'likes': None, 'replies': {'kind': 'Listing', 'data': {'after': None, 'dist': None, 'modhash': None, 'geo_filter': '', 'children': [{'kind': 't1', 'data': {'subreddit_id': 't5_2sumo', 'approved_at_utc': None, 'author_is_blocked': False, 'comment_type': None, 'awarders': [], 'mod_reason_by': None, 'banned_by': None, 'author_flair_type': 'text', 'total_awards_received': 0, 'subreddit': 'AskPhysics', 'author_flair_template_id': None, 'distinguished': None, 'likes': None, 'replies': '', 'user_reports': [], 'saved': False, 'id': 'l1a7tao', 'banned_at_utc': None, 'mod_reason_title': None, 'gilded': 0, 'archived': False, 'collapsed_reason_code': None, 'no_follow': True, 'author': 'Verronox', 'can_mod_post': False, 'send_replies': True, 'parent_id': 't1_l19gbd4', 'score': 2, 'author_fullname': 't2_5rs93tuk', 'removal_reason': None, 'approved_by': None, 'mod_note': None, 'all_awardings': [], 'body': 'And sinuses. The three place that need to be equalized when diving are lungs, nose, and ears.', 'edited': False, 'author_flair_css_class': None, 'name': 't1_l1a7tao', 'is_submitter': False, 'downs': 0, 'author_flair_richtext': [], 'author_patreon_flair': False, 'body_html': '&lt;div class=""md""&gt;&lt;p&gt;And sinuses. The three place that need to be equalized when diving are lungs, nose, and ears.&lt;/p&gt;\n&lt;/div&gt;', 'gildings': {}, 'collapsed_reason': None, 'link_id': 't3_1cczd5p', 'associated_award': None, 'stickied': False, 'author_premium': False, 'can_gild': False, 'top_awarded_type': None, 'unrepliable_reason': None, 'author_flair_text_color': None, 'treatment_tags': [], 'score_hidden': False, 'permalink': '/r/AskPhysics/comments/1cczd5p/how_come_fish_living_in_the_bottom_of_the_ocean/l1a7tao/', 'subreddit_type': 'public', 'locked': False, 'report_reasons': None, 'created': 1714093529.0, 'author_flair_text': None, 'collapsed': False, 'created_utc': 1714093529.0, 'subreddit_name_prefixed': 'r/AskPhysics', 'controversiality': 0, 'depth': 4, 'author_flair_background_color': None, 'collapsed_because_crowd_control': None, 'mod_reports': [], 'num_reports': None, 'ups': 2}}], 'before': None}}, 'user_reports': [], 'saved': False, 'id': 'l19gbd4', 'banned_at_utc': None, 'mod_reason_title': None, 'gilded': 0, 'archived': False, 'collapsed_reason_code': None, 'no_follow': True, 'author': 'nicuramar', 'can_mod_post': False, 'send_replies': True, 'parent_id': 't1_l1932o4', 'score': 1, 'author_fullname': 't2_kjv52vr8', 'removal_reason': None, 'approved_by': None, 'mod_note': None, 'all_awardings': [], 'collapsed': False, 'body': '&gt; We have holes in our body filled with air\n\nWhich? Unless you meant lungs.', 'edited': False, 'top_awarded_type': None, 'author_flair_css_class': None, 'name': 't1_l19gbd4', 'is_submitter': False, 'downs': 0, 'author_flair_richtext': [], 'author_patreon_flair': False, 'body_html': '&lt;div class=""md""&gt;&lt;blockquote&gt;\n&lt;p&gt;We have holes in our body filled with air&lt;/p&gt;\n&lt;/blockquote&gt;\n\n&lt;p&gt;Which? Unless you meant lungs.&lt;/p&gt;\n&lt;/div&gt;', 'gildings': {}, 'collapsed_reason': None, 'distinguished': None, 'associated_award': None, 'stickied': False, 'author_premium': False, 'can_gild': False, 'link_id': 't3_1cczd5p', 'unrepliable_reason': None, 'author_flair_text_color': None, 'score_hidden': False, 'permalink': '/r/AskPhysics/comments/1cczd5p/how_come_fish_living_in_the_bottom_of_the_ocean/l19gbd4/', 'subreddit_type': 'public', 'locked': False, 'report_reasons': None, 'created': 1714082821.0, 'author_flair_text': None, 'treatment_tags': [], 'created_utc': 1714082821.0, 'subreddit_name_prefixed': 'r/AskPhysics', 'controversiality': 0, 'depth': 3, 'author_flair_background_color': None, 'collapsed_because_crowd_control': None, 'mod_reports': [], 'num_reports': None, 'ups': 1}}], 'before': None}}, 'user_reports': [], 'saved': False, 'id': 'l1932o4', 'banned_at_utc': None, 'mod_reason_title': None, 'gilded': 0, 'archived': False, 'collapsed_reason_code': None, 'no_follow': False, 'author': 'Nunc27', 'can_mod_post': False, 'send_replies': True, 'parent_id': 't1_l18ycn8', 'score': 5, 'author_fullname': 't2_34jim14z', 'removal_reason': None, 'approved_by': None, 'mod_note': None, 'all_awardings': [], 'body': 'We have holes in our body filled with air. Can’t have that in the deep sea. Deep sea fish also dont have swim bladders. As water almost doesn’t compress under pressure, breathing superoxidized water or something would solve most problems. Slight problem, our lungs aren’t made to breathe liquids. But people have tried\n-with limited success-\n\nSome chemical reactions can change with increased pressures. Some enzymes may not fold correctly or denature under high pressure. Hard to solve this.', 'edited': 1714078856.0, 'top_awarded_type': None, 'downs': 0, 'author_flair_css_class': None, 'name': 't1_l1932o4', 'is_submitter': False, 'collapsed': False, 'author_flair_richtext': [], 'author_patreon_flair': False, 'body_html': '&lt;div class=""md""&gt;&lt;p&gt;We have holes in our body filled with air. Can’t have that in the deep sea. Deep sea fish also dont have swim bladders. As water almost doesn’t compress under pressure, breathing superoxidized water or something would solve most problems. Slight problem, our lungs aren’t made to breathe liquids. But people have tried\n-with limited success-&lt;/p&gt;\n\n&lt;p&gt;Some chemical reactions can change with increased pressures. Some enzymes may not fold correctly or denature under high pressure. Hard to solve this.&lt;/p&gt;\n&lt;/div&gt;', 'gildings': {}, 'collapsed_reason': None, 'distinguished': None, 'associated_award': None, 'stickied': False, 'author_premium': False, 'can_gild': False, 'link_id': 't3_1cczd5p', 'unrepliable_reason': None, 'author_flair_text_color': None, 'score_hidden': False, 'permalink': '/r/AskPhysics/comments/1cczd5p/how_come_fish_living_in_the_bottom_of_the_ocean/l1932o4/', 'subreddit_type': 'public', 'locked': False, 'report_reasons': None, 'created': 1714077912.0, 'author_flair_text': None, 'treatment_tags': [], 'created_utc': 1714077912.0, 'subreddit_name_prefixed': 'r/AskPhysics', 'controversiality': 0, 'depth': 2, 'author_flair_background_color': None, 'collapsed_because_crowd_control': None, 'mod_reports': [], 'num_reports': None, 'ups': 5}}], 'before': None}}, 'user_reports': [], 'saved': False, 'id': 'l18ycn8', 'banned_at_utc': None, 'mod_reason_title': None, 'gilded': 0, 'archived': False, 'collapsed_reason_code': None, 'no_follow': True, 'author': 'kirakun', 'can_mod_post': False, 'created_utc': 1714076343.0, 'send_replies': True, 'parent_id': 't1_l18lqzh', 'score': 1, 'author_fullname': 't2_20ftt', 'removal_reason': None, 'approved_by': None, 'mod_note': None, 'all_awardings': [], 'body': 'As a follow up, could us human somehow increase our internal pressure so that we can survive at those depth too? If not, what’s stopping us from doing so?', 'edited': False, 'top_awarded_type': None, 'author_flair_css_class': None, 'name': 't1_l18ycn8', 'is_submitter': False, 'downs': 0, 'author_flair_richtext': [], 'author_patreon_flair': False, 'body_html': '&lt;div class=""md""&gt;&lt;p&gt;As a follow up, could us human somehow increase our internal pressure so that we can survive at those depth too? If not, what’s stopping us from doing so?&lt;/p&gt;\n&lt;/div&gt;', 'gildings': {}, 'collapsed_reason': None, 'distinguished': None, 'associated_award': None, 'stickied': False, 'author_premium': False, 'can_gild': False, 'link_id': 't3_1cczd5p', 'unrepliable_reason': None, 'author_flair_text_color': None, 'score_hidden': False, 'permalink': '/r/AskPhysics/comments/1cczd5p/how_come_fish_living_in_the_bottom_of_the_ocean/l18ycn8/', 'subreddit_type': 'public', 'locked': False, 'report_reasons': None, 'created': 1714076343.0, 'author_flair_text': None, 'treatment_tags': [], 'collapsed': False, 'subreddit_name_prefixed': 'r/AskPhysics', 'controversiality': 0, 'depth': 1, 'author_flair_background_color': None, 'collapsed_because_crowd_control': None, 'mod_reports': [], 'num_reports': None, 'ups': 1}}], 'before': None}}",,False,75,False,True,False,AskPhysics,t5_2sumo,r/AskPhysics,public,,0,[],,75,[],t1
data_1,[],,,False,,MarinatedPickachu,,,[],,,,text,t2_bwdb8qqfj,False,False,False,[],,,A big pressure is no inherent problem. A big pressure difference is,"&lt;div class=""md""&gt;&lt;p&gt;A big pressure is no inherent problem. A big pressure difference is&lt;/p&gt;
&lt;/div&gt;",False,False,False,,,,,0,1714076963.0,1714076963.0,0,,0,False,0,{},l1908lj,False,,t3_1cczd5p,False,,,,[],t1_l1908lj,False,,t3_1cczd5p,/r/AskPhysics/comments/1cczd5p/how_come_fish_living_in_the_bottom_of_the_ocean/l1908lj/,,"{'kind': 'Listing', 'data': {'after': None, 'dist': None, 'modhash': None, 'geo_filter': '', 'children': [{'kind': 't1', 'data': {'subreddit_id': 't5_2sumo', 'approved_at_utc': None, 'author_is_blocked': False, 'comment_type': None, 'awarders': [], 'mod_reason_by': None, 'banned_by': None, 'author_flair_type': 'text', 'total_awards_received': 0, 'subreddit': 'AskPhysics', 'author_flair_template_id': None, 'likes': None, 'replies': '', 'user_reports': [], 'saved': False, 'id': 'l19unci', 'banned_at_utc': None, 'mod_reason_title': None, 'gilded': 0, 'archived': False, 'collapsed_reason_code': None, 'no_follow': False, 'author': 'Colton-Omnoms', 'can_mod_post': False, 'created_utc': 1714088481.0, 'send_replies': True, 'parent_id': 't1_l1908lj', 'score': 7, 'author_fullname': 't2_43qxojmfx', 'removal_reason': None, 'approved_by': None, 'mod_note': None, 'all_awardings': [], 'body': ""That just reminds me of Jeremy Clarkson, it's not the speed that kills you, it's suddenly becoming still that does"", 'edited': False, 'top_awarded_type': None, 'author_flair_css_class': None, 'name': 't1_l19unci', 'is_submitter': False, 'downs': 0, 'author_flair_richtext': [], 'author_patreon_flair': False, 'body_html': '&lt;div class=""md""&gt;&lt;p&gt;That just reminds me of Jeremy Clarkson, it&amp;#39;s not the speed that kills you, it&amp;#39;s suddenly becoming still that does&lt;/p&gt;\n&lt;/div&gt;', 'gildings': {}, 'collapsed_reason': None, 'distinguished': None, 'associated_award': None, 'stickied': False, 'author_premium': False, 'can_gild': False, 'link_id': 't3_1cczd5p', 'unrepliable_reason': None, 'author_flair_text_color': None, 'score_hidden': False, 'permalink': '/r/AskPhysics/comments/1cczd5p/how_come_fish_living_in_the_bottom_of_the_ocean/l19unci/', 'subreddit_type': 'public', 'locked': False, 'report_reasons': None, 'created': 1714088481.0, 'author_flair_text': None, 'treatment_tags': [], 'collapsed': False, 'subreddit_name_prefixed': 'r/AskPhysics', 'controversiality': 0, 'depth': 1, 'author_flair_background_color': None, 'collapsed_because_crowd_control': None, 'mod_reports': [], 'num_reports': None, 'ups': 7}}], 'before': None}}",,False,17,False,True,False,AskPhysics,t5_2sumo,r/AskPhysics,public,,0,[],,17,[],t1
data_2,[],,,False,,Comfortable_Mind6563,,,[],,,,text,t2_8prk14wn,False,False,False,[],,,"Humans can also withstand very high pressure. There have been experimental dives to around 500 m depth, where pressure is about 50 times higher than at sea level.","&lt;div class=""md""&gt;&lt;p&gt;Humans can also withstand very high pressure. There have been experimental dives to around 500 m depth, where pressure is about 50 times higher than at sea level.&lt;/p&gt;
&lt;/div&gt;",False,False,False,,,,,0,1714074982.0,1714074982.0,0,,0,False,0,{},l18u7y0,False,,t3_1cczd5p,False,,,,[],t1_l18u7y0,False,,t3_1cczd5p,/r/AskPhysics/comments/1cczd5p/how_come_fish_living_in_the_bottom_of_the_ocean/l18u7y0/,,,,False,8,False,True,False,AskPhysics,t5_2sumo,r/AskPhysics,public,,0,[],,8,[],t1
data_3,[],,,False,,nikfra,,,[],,,,text,t2_uahva,False,False,False,[],,,"An interesting fact: There is a limit for how deep we think fish can live. Fish use a protein called trimethylamine N-oxide to help them deal with higher pressure but that protein needs to be in a concentration that would kill the fish at around 8-8.5km depth and deeper. So a fish living deeper would need to evolve some other mechanism. Coincidentally the deepest living fish has been observed at 8.336km.

Also there are other animals living deeper and using different or additional methods so it might be possible for fish to at some point evolve the ability to dive deeper.","&lt;div class=""md""&gt;&lt;p&gt;An interesting fact: There is a limit for how deep we think fish can live. Fish use a protein called trimethylamine N-oxide to help them deal with higher pressure but that protein needs to be in a concentration that would kill the fish at around 8-8.5km depth and deeper. So a fish living deeper would need to evolve some other mechanism. Coincidentally the deepest living fish has been observed at 8.336km.&lt;/p&gt;

&lt;p&gt;Also there are other animals living deeper and using different or additional methods so it might be possible for fish to at some point evolve the ability to dive deeper.&lt;/p&gt;
&lt;/div&gt;",False,False,False,,,,,0,1714082653.0,1714082653.0,0,,0,False,0,{},l19g25z,False,,t3_1cczd5p,False,,,,[],t1_l19g25z,False,,t3_1cczd5p,/r/AskPhysics/comments/1cczd5p/how_come_fish_living_in_the_bottom_of_the_ocean/l19g25z/,,,,False,7,False,True,False,AskPhysics,t5_2sumo,r/AskPhysics,public,,0,[],,7,[],t1
data_4,[],,,False,,slashdave,,pf,[],7ba8ac48-c6b2-11e4-9b49-22000b698517,Particle physics,dark,text,t2_gjx64ted,False,False,False,[],,,"Flesh is mostly water, so it all balances out. Just don't drag the poor thing to the surface and expect it to survive.","&lt;div class=""md""&gt;&lt;p&gt;Flesh is mostly water, so it all balances out. Just don&amp;#39;t drag the poor thing to the surface and expect it to survive.&lt;/p&gt;
&lt;/div&gt;",False,False,False,,,,,0,1714087993.0,1714087993.0,0,,0,False,0,{},l19tejp,False,,t3_1cczd5p,False,,,,[],t1_l19tejp,True,,t3_1cczd5p,/r/AskPhysics/comments/1cczd5p/how_come_fish_living_in_the_bottom_of_the_ocean/l19tejp/,,,,False,3,False,True,False,AskPhysics,t5_2sumo,r/AskPhysics,public,,0,[],,3,[],t1
data_5,[],,,False,,JD_in_Cle,,,[],,,,text,t2_ypt7jva5m,False,False,False,[],,,"Follow up, would the fish basically be like jelly if brought to the surface?","&lt;div class=""md""&gt;&lt;p&gt;Follow up, would the fish basically be like jelly if brought to the surface?&lt;/p&gt;
&lt;/div&gt;",False,False,False,,,,,0,1714095469.0,1714095469.0,0,,0,False,0,{},l1ad4w7,False,,t3_1cczd5p,False,,,,[],t1_l1ad4w7,True,,t3_1cczd5p,/r/AskPhysics/comments/1cczd5p/how_come_fish_living_in_the_bottom_of_the_ocean/l1ad4w7/,,"{'kind': 'Listing', 'data': {'after': None, 'dist': None, 'modhash': None, 'geo_filter': '', 'children': [{'kind': 't1', 'data': {'subreddit_id': 't5_2sumo', 'approved_at_utc': None, 'author_is_blocked': False, 'comment_type': None, 'awarders': [], 'mod_reason_by': None, 'banned_by': None, 'author_flair_type': 'text', 'total_awards_received': 0, 'subreddit': 'AskPhysics', 'author_flair_template_id': None, 'likes': None, 'replies': '', 'user_reports': [], 'saved': False, 'id': 'l1an9f2', 'banned_at_utc': None, 'mod_reason_title': None, 'gilded': 0, 'archived': False, 'collapsed_reason_code': None, 'no_follow': True, 'author': 'smoothie4564', 'can_mod_post': False, 'created_utc': 1714099382.0, 'send_replies': True, 'parent_id': 't1_l1ad4w7', 'score': 5, 'author_fullname': 't2_ksx2f', 'removal_reason': None, 'approved_by': None, 'mod_note': None, 'all_awardings': [], 'body': 'Scientists have tried to bring fish from the bottom towards the surface and they die from too little pressure. What happens is that their internal structure evolved under hundreds of atmospheres of pressure. As soon as that pressure is taken away the internal pressure is greater than the external pressure and the fish will burst. So not quite like jelly, but dead nonetheless.\n\nhttps://www.youtube.com/watch?v=c-QRgVgCpCg\n\nhttp://scienceline.ucsb.edu/getkey.php?key=5334', 'edited': False, 'top_awarded_type': None, 'author_flair_css_class': None, 'name': 't1_l1an9f2', 'is_submitter': False, 'downs': 0, 'author_flair_richtext': [], 'author_patreon_flair': False, 'body_html': '&lt;div class=""md""&gt;&lt;p&gt;Scientists have tried to bring fish from the bottom towards the surface and they die from too little pressure. What happens is that their internal structure evolved under hundreds of atmospheres of pressure. As soon as that pressure is taken away the internal pressure is greater than the external pressure and the fish will burst. So not quite like jelly, but dead nonetheless.&lt;/p&gt;\n\n&lt;p&gt;&lt;a href=""https://www.youtube.com/watch?v=c-QRgVgCpCg""&gt;https://www.youtube.com/watch?v=c-QRgVgCpCg&lt;/a&gt;&lt;/p&gt;\n\n&lt;p&gt;&lt;a href=""http://scienceline.ucsb.edu/getkey.php?key=5334""&gt;http://scienceline.ucsb.edu/getkey.php?key=5334&lt;/a&gt;&lt;/p&gt;\n&lt;/div&gt;', 'gildings': {}, 'collapsed_reason': None, 'distinguished': None, 'associated_award': None, 'stickied': False, 'author_premium': False, 'can_gild': False, 'link_id': 't3_1cczd5p', 'unrepliable_reason': None, 'author_flair_text_color': None, 'score_hidden': False, 'permalink': '/r/AskPhysics/comments/1cczd5p/how_come_fish_living_in_the_bottom_of_the_ocean/l1an9f2/', 'subreddit_type': 'public', 'locked': False, 'report_reasons': None, 'created': 1714099382.0, 'author_flair_text': None, 'treatment_tags': [], 'collapsed': False, 'subreddit_name_prefixed': 'r/AskPhysics', 'controversiality': 0, 'depth': 1, 'author_flair_background_color': None, 'collapsed_because_crowd_control': None, 'mod_reports': [], 'num_reports': None, 'ups': 5}}, {'kind': 't1', 'data': {'subreddit_id': 't5_2sumo', 'approved_at_utc': None, 'author_is_blocked': False, 'comment_type': None, 'awarders': [], 'mod_reason_by': None, 'banned_by': None, 'author_flair_type': 'text', 'total_awards_received': 0, 'subreddit': 'AskPhysics', 'author_flair_template_id': None, 'likes': None, 'replies': '', 'user_reports': [], 'saved': False, 'id': 'l1c92r6', 'banned_at_utc': None, 'mod_reason_title': None, 'gilded': 0, 'archived': False, 'collapsed_reason_code': None, 'no_follow': True, 'author': 'maibrl', 'can_mod_post': False, 'created_utc': 1714133249.0, 'send_replies': True, 'parent_id': 't1_l1ad4w7', 'score': 3, 'author_fullname': 't2_4a1mfkp', 'removal_reason': None, 'approved_by': None, 'mod_note': None, 'all_awardings': [], 'body': 'I’m sure you are familiar with the famous blob fish, deemed ugliest fish on the planet:\n\nhttps://pacoceanproject.weebly.com/uploads/2/4/8/8/24884223/317408167.png\n\nThis fish lives in deep water, and is only ugly when brought up to atmospheric pressure. This is how it normally looks:\n\nhttps://en.m.wikipedia.org/wiki/Blob_sculpin#/media/File%3APsychrolutes_phrictus_1.jpg', 'edited': False, 'top_awarded_type': None, 'author_flair_css_class': None, 'name': 't1_l1c92r6', 'is_submitter': False, 'downs': 0, 'author_flair_richtext': [], 'author_patreon_flair': False, 'body_html': '&lt;div class=""md""&gt;&lt;p&gt;I’m sure you are familiar with the famous blob fish, deemed ugliest fish on the planet:&lt;/p&gt;\n\n&lt;p&gt;&lt;a href=""https://pacoceanproject.weebly.com/uploads/2/4/8/8/24884223/317408167.png""&gt;https://pacoceanproject.weebly.com/uploads/2/4/8/8/24884223/317408167.png&lt;/a&gt;&lt;/p&gt;\n\n&lt;p&gt;This fish lives in deep water, and is only ugly when brought up to atmospheric pressure. This is how it normally looks:&lt;/p&gt;\n\n&lt;p&gt;&lt;a href=""https://en.m.wikipedia.org/wiki/Blob_sculpin#/media/File%3APsychrolutes_phrictus_1.jpg""&gt;https://en.m.wikipedia.org/wiki/Blob_sculpin#/media/File%3APsychrolutes_phrictus_1.jpg&lt;/a&gt;&lt;/p&gt;\n&lt;/div&gt;', 'gildings': {}, 'collapsed_reason': None, 'distinguished': None, 'associated_award': None, 'stickied': False, 'author_premium': False, 'can_gild': False, 'link_id': 't3_1cczd5p', 'unrepliable_reason': None, 'author_flair_text_color': None, 'score_hidden': False, 'permalink': '/r/AskPhysics/comments/1cczd5p/how_come_fish_living_in_the_bottom_of_the_ocean/l1c92r6/', 'subreddit_type': 'public', 'locked': False, 'report_reasons': None, 'created': 1714133249.0, 'author_flair_text': None, 'treatment_tags': [], 'collapsed': False, 'subreddit_name_prefixed': 'r/AskPhysics', 'controversiality': 0, 'depth': 1, 'author_flair_background_color': None, 'collapsed_because_crowd_control': None, 'mod_reports': [], 'num_reports': None, 'ups': 3}}], 'before': None}}",,False,2,False,True,False,AskPhysics,t5_2sumo,r/AskPhysics,public,,0,[],,2,[],t1
data_6,[],,,False,,MooseSpecialist7483,,,[],,,,text,t2_ul066x10,False,False,False,[],,,Better question for r/Biology but I will try to answer here nevertheless; fish that live at extremely high pressures have extremely squishy bodies that are well adjusted to functioning in these pressures. Think of the blob fish! At high pressures it is regular fish but are our lower pressures it is blob! :),"&lt;div class=""md""&gt;&lt;p&gt;Better question for &lt;a href=""/r/Biology""&gt;r/Biology&lt;/a&gt; but I will try to answer here nevertheless; fish that live at extremely high pressures have extremely squishy bodies that are well adjusted to functioning in these pressures. Think of the blob fish! At high pressures it is regular fish but are our lower pressures it is blob! :)&lt;/p&gt;
&lt;/div&gt;",False,False,False,,,,,0,1714134470.0,1714134470.0,0,,0,False,0,{},l1cbtdh,False,,t3_1cczd5p,False,,,,[],t1_l1cbtdh,True,,t3_1cczd5p,/r/AskPhysics/comments/1cczd5p/how_come_fish_living_in_the_bottom_of_the_ocean/l1cbtdh/,,,,False,1,False,True,False,AskPhysics,t5_2sumo,r/AskPhysics,public,,0,[],,1,[],t1
