,all_awardings,approved_at_utc,approved_by,archived,associated_award,author,author_flair_background_color,author_flair_css_class,author_flair_richtext,author_flair_template_id,author_flair_text,author_flair_text_color,author_flair_type,author_fullname,author_is_blocked,author_patreon_flair,author_premium,awarders,banned_at_utc,banned_by,body,body_html,can_gild,can_mod_post,collapsed,collapsed_because_crowd_control,collapsed_reason,collapsed_reason_code,comment_type,controversiality,created,created_utc,depth,distinguished,downs,edited,gilded,gildings,id,is_submitter,likes,link_id,locked,mod_note,mod_reason_by,mod_reason_title,mod_reports,name,no_follow,num_reports,parent_id,permalink,removal_reason,replies,report_reasons,saved,score,score_hidden,send_replies,stickied,subreddit,subreddit_id,subreddit_name_prefixed,subreddit_type,top_awarded_type,total_awards_received,treatment_tags,unrepliable_reason,ups,user_reports,kind
data,[],,,False,,Lumpy-Notice8945,,,[],,,,text,t2_eyyqn1jkb,False,False,False,[],,,"&gt; ou[r] thoughts attracting the reality we desire

That does not sound like physics but pseudoscientific. You would need to provide a realy good explanation to why that would happen.

The many world interpretation in quantum mechanics has parallel realities, but these are not influenced by thoughts by any means, its just every particle interacting with another.","&lt;div class=""md""&gt;&lt;blockquote&gt;
&lt;p&gt;ou[r] thoughts attracting the reality we desire&lt;/p&gt;
&lt;/blockquote&gt;

&lt;p&gt;That does not sound like physics but pseudoscientific. You would need to provide a realy good explanation to why that would happen.&lt;/p&gt;

&lt;p&gt;The many world interpretation in quantum mechanics has parallel realities, but these are not influenced by thoughts by any means, its just every particle interacting with another.&lt;/p&gt;
&lt;/div&gt;",False,False,False,,,,,0,1714047983.0,1714047983.0,0,,0,False,0,{},l16vjzm,False,,t3_1ccqjlk,False,,,,[],t1_l16vjzm,True,,t3_1ccqjlk,/r/AskPhysics/comments/1ccqjlk/what_decides_which_parallel_reality_we_experience/l16vjzm/,,"{'kind': 'Listing', 'data': {'after': None, 'dist': None, 'modhash': None, 'geo_filter': '', 'children': [{'kind': 't1', 'data': {'subreddit_id': 't5_2sumo', 'approved_at_utc': None, 'author_is_blocked': False, 'comment_type': None, 'awarders': [], 'mod_reason_by': None, 'banned_by': None, 'author_flair_type': 'text', 'total_awards_received': 0, 'subreddit': 'AskPhysics', 'author_flair_template_id': '95dad5a0-c6b2-11e4-b741-22000b6e00bb', 'likes': None, 'replies': '', 'user_reports': [], 'saved': False, 'id': 'l17014w', 'banned_at_utc': None, 'mod_reason_title': None, 'gilded': 0, 'archived': False, 'collapsed_reason_code': None, 'no_follow': True, 'author': 'John_Hasler', 'can_mod_post': False, 'created_utc': 1714049907.0, 'send_replies': True, 'parent_id': 't1_l16vjzm', 'score': 5, 'author_fullname': 't2_8s274', 'removal_reason': None, 'approved_by': None, 'mod_note': None, 'all_awardings': [], 'body': '&gt;The many world interpretation in quantum mechanics has parallel realities,\n\nNot parallel.  Orthogonal (if you insist on calling them ""realities"" rather than states).', 'edited': False, 'top_awarded_type': None, 'author_flair_css_class': 'other', 'name': 't1_l17014w', 'is_submitter': False, 'downs': 0, 'author_flair_richtext': [], 'author_patreon_flair': False, 'body_html': '&lt;div class=""md""&gt;&lt;blockquote&gt;\n&lt;p&gt;The many world interpretation in quantum mechanics has parallel realities,&lt;/p&gt;\n&lt;/blockquote&gt;\n\n&lt;p&gt;Not parallel.  Orthogonal (if you insist on calling them &amp;quot;realities&amp;quot; rather than states).&lt;/p&gt;\n&lt;/div&gt;', 'gildings': {}, 'collapsed_reason': None, 'distinguished': None, 'associated_award': None, 'stickied': False, 'author_premium': False, 'can_gild': False, 'link_id': 't3_1ccqjlk', 'unrepliable_reason': None, 'author_flair_text_color': 'dark', 'score_hidden': False, 'permalink': '/r/AskPhysics/comments/1ccqjlk/what_decides_which_parallel_reality_we_experience/l17014w/', 'subreddit_type': 'public', 'locked': False, 'report_reasons': None, 'created': 1714049907.0, 'author_flair_text': 'Engineering', 'treatment_tags': [], 'collapsed': False, 'subreddit_name_prefixed': 'r/AskPhysics', 'controversiality': 0, 'depth': 1, 'author_flair_background_color': None, 'collapsed_because_crowd_control': None, 'mod_reports': [], 'num_reports': None, 'ups': 5}}, {'kind': 't1', 'data': {'total_awards_received': 0, 'approved_at_utc': None, 'author_is_blocked': False, 'comment_type': None, 'awarders': [], 'mod_reason_by': None, 'banned_by': None, 'ups': -9, 'removal_reason': None, 'link_id': 't3_1ccqjlk', 'author_flair_template_id': None, 'likes': None, 'replies': {'kind': 'Listing', 'data': {'after': None, 'dist': None, 'modhash': None, 'geo_filter': '', 'children': [{'kind': 't1', 'data': {'subreddit_id': 't5_2sumo', 'approved_at_utc': None, 'author_is_blocked': False, 'comment_type': None, 'awarders': [], 'mod_reason_by': None, 'banned_by': None, 'author_flair_type': 'text', 'total_awards_received': 0, 'subreddit': 'AskPhysics', 'author_flair_template_id': None, 'likes': None, 'replies': '', 'user_reports': [], 'saved': False, 'id': 'l16xdm8', 'banned_at_utc': None, 'mod_reason_title': None, 'gilded': 0, 'archived': False, 'collapsed_reason_code': None, 'no_follow': True, 'author': 'Shufflepants', 'can_mod_post': False, 'send_replies': True, 'parent_id': 't1_l16x047', 'score': 15, 'author_fullname': 't2_11l93q', 'removal_reason': None, 'approved_by': None, 'mod_note': None, 'all_awardings': [], 'body': ""You're not wrong. Because being wrong would require you to have put together a string of words that actually mean something. What you just said was a bunch of nonsense. You should return the book and forget it exists."", 'edited': False, 'top_awarded_type': None, 'downs': 0, 'author_flair_css_class': None, 'name': 't1_l16xdm8', 'is_submitter': False, 'collapsed': False, 'author_flair_richtext': [], 'author_patreon_flair': False, 'body_html': '&lt;div class=""md""&gt;&lt;p&gt;You&amp;#39;re not wrong. Because being wrong would require you to have put together a string of words that actually mean something. What you just said was a bunch of nonsense. You should return the book and forget it exists.&lt;/p&gt;\n&lt;/div&gt;', 'gildings': {}, 'collapsed_reason': None, 'distinguished': None, 'associated_award': None, 'stickied': False, 'author_premium': False, 'can_gild': False, 'link_id': 't3_1ccqjlk', 'unrepliable_reason': None, 'author_flair_text_color': None, 'score_hidden': False, 'permalink': '/r/AskPhysics/comments/1ccqjlk/what_decides_which_parallel_reality_we_experience/l16xdm8/', 'subreddit_type': 'public', 'locked': False, 'report_reasons': None, 'created': 1714048787.0, 'author_flair_text': None, 'treatment_tags': [], 'created_utc': 1714048787.0, 'subreddit_name_prefixed': 'r/AskPhysics', 'controversiality': 0, 'depth': 2, 'author_flair_background_color': None, 'collapsed_because_crowd_control': None, 'mod_reports': [], 'num_reports': None, 'ups': 15}}, {'kind': 't1', 'data': {'subreddit_id': 't5_2sumo', 'approved_at_utc': None, 'author_is_blocked': False, 'comment_type': None, 'awarders': [], 'mod_reason_by': None, 'banned_by': None, 'author_flair_type': 'text', 'total_awards_received': 0, 'subreddit': 'AskPhysics', 'author_flair_template_id': None, 'likes': None, 'replies': '', 'user_reports': [], 'saved': False, 'id': 'l1726q5', 'banned_at_utc': None, 'mod_reason_title': None, 'gilded': 0, 'archived': False, 'collapsed_reason_code': None, 'no_follow': True, 'author': 'KaptenNicco123', 'can_mod_post': False, 'send_replies': True, 'parent_id': 't1_l16x047', 'score': 6, 'author_fullname': 't2_hc54l', 'removal_reason': None, 'approved_by': None, 'mod_note': None, 'all_awardings': [], 'body': '&gt; our bodys vibrating frequency\n\nOur bodies do not vibrate.', 'edited': False, 'top_awarded_type': None, 'downs': 0, 'author_flair_css_class': None, 'name': 't1_l1726q5', 'is_submitter': False, 'collapsed': False, 'author_flair_richtext': [], 'author_patreon_flair': False, 'body_html': '&lt;div class=""md""&gt;&lt;blockquote&gt;\n&lt;p&gt;our bodys vibrating frequency&lt;/p&gt;\n&lt;/blockquote&gt;\n\n&lt;p&gt;Our bodies do not vibrate.&lt;/p&gt;\n&lt;/div&gt;', 'gildings': {}, 'collapsed_reason': None, 'distinguished': None, 'associated_award': None, 'stickied': False, 'author_premium': False, 'can_gild': False, 'link_id': 't3_1ccqjlk', 'unrepliable_reason': None, 'author_flair_text_color': None, 'score_hidden': False, 'permalink': '/r/AskPhysics/comments/1ccqjlk/what_decides_which_parallel_reality_we_experience/l1726q5/', 'subreddit_type': 'public', 'locked': False, 'report_reasons': None, 'created': 1714050792.0, 'author_flair_text': None, 'treatment_tags': [], 'created_utc': 1714050792.0, 'subreddit_name_prefixed': 'r/AskPhysics', 'controversiality': 0, 'depth': 2, 'author_flair_background_color': None, 'collapsed_because_crowd_control': None, 'mod_reports': [], 'num_reports': None, 'ups': 6}}, {'kind': 't1', 'data': {'subreddit_id': 't5_2sumo', 'approved_at_utc': None, 'author_is_blocked': False, 'comment_type': None, 'awarders': [], 'mod_reason_by': None, 'banned_by': None, 'author_flair_type': 'text', 'total_awards_received': 0, 'subreddit': 'AskPhysics', 'author_flair_template_id': None, 'likes': None, 'replies': '', 'user_reports': [], 'saved': False, 'id': 'l16x9r0', 'banned_at_utc': None, 'mod_reason_title': None, 'gilded': 0, 'archived': False, 'collapsed_reason_code': None, 'no_follow': True, 'author': 'Cryptizard', 'can_mod_post': False, 'send_replies': True, 'parent_id': 't1_l16x047', 'score': 6, 'author_fullname': 't2_n0aht', 'removal_reason': None, 'approved_by': None, 'mod_note': None, 'all_awardings': [], 'body': ""Yeah that is nothing.  Please don't believe that book."", 'edited': False, 'top_awarded_type': None, 'downs': 0, 'author_flair_css_class': None, 'name': 't1_l16x9r0', 'is_submitter': False, 'collapsed': False, 'author_flair_richtext': [], 'author_patreon_flair': False, 'body_html': '&lt;div class=""md""&gt;&lt;p&gt;Yeah that is nothing.  Please don&amp;#39;t believe that book.&lt;/p&gt;\n&lt;/div&gt;', 'gildings': {}, 'collapsed_reason': None, 'distinguished': None, 'associated_award': None, 'stickied': False, 'author_premium': False, 'can_gild': False, 'link_id': 't3_1ccqjlk', 'unrepliable_reason': None, 'author_flair_text_color': None, 'score_hidden': False, 'permalink': '/r/AskPhysics/comments/1ccqjlk/what_decides_which_parallel_reality_we_experience/l16x9r0/', 'subreddit_type': 'public', 'locked': False, 'report_reasons': None, 'created': 1714048739.0, 'author_flair_text': None, 'treatment_tags': [], 'created_utc': 1714048739.0, 'subreddit_name_prefixed': 'r/AskPhysics', 'controversiality': 0, 'depth': 2, 'author_flair_background_color': None, 'collapsed_because_crowd_control': None, 'mod_reports': [], 'num_reports': None, 'ups': 6}}, {'kind': 't1', 'data': {'subreddit_id': 't5_2sumo', 'approved_at_utc': None, 'author_is_blocked': False, 'comment_type': None, 'awarders': [], 'mod_reason_by': None, 'banned_by': None, 'author_flair_type': 'text', 'total_awards_received': 0, 'subreddit': 'AskPhysics', 'author_flair_template_id': None, 'likes': None, 'replies': '', 'user_reports': [], 'saved': False, 'id': 'l16xf6g', 'banned_at_utc': None, 'mod_reason_title': None, 'gilded': 0, 'archived': False, 'collapsed_reason_code': None, 'no_follow': True, 'author': 'Lumpy-Notice8945', 'can_mod_post': False, 'send_replies': True, 'parent_id': 't1_l16x047', 'score': 8, 'author_fullname': 't2_eyyqn1jkb', 'removal_reason': None, 'approved_by': None, 'mod_note': None, 'all_awardings': [], 'body': 'Yeah sorry but this keeps on sounding more and more like BS. What bodys frequency? In what medium is our body vibrating and why would the whole body have one? And what is getting in sync with a reality mean? \n\nI realy doubt that any of this has a basis in actual science. \n\nNone of this is an actual explanation, its uaing fancy sounding words like frequency but it does not actualy mean much.', 'edited': False, 'top_awarded_type': None, 'downs': 0, 'author_flair_css_class': None, 'name': 't1_l16xf6g', 'is_submitter': False, 'collapsed': False, 'author_flair_richtext': [], 'author_patreon_flair': False, 'body_html': '&lt;div class=""md""&gt;&lt;p&gt;Yeah sorry but this keeps on sounding more and more like BS. What bodys frequency? In what medium is our body vibrating and why would the whole body have one? And what is getting in sync with a reality mean? &lt;/p&gt;\n\n&lt;p&gt;I realy doubt that any of this has a basis in actual science. &lt;/p&gt;\n\n&lt;p&gt;None of this is an actual explanation, its uaing fancy sounding words like frequency but it does not actualy mean much.&lt;/p&gt;\n&lt;/div&gt;', 'gildings': {}, 'collapsed_reason': None, 'distinguished': None, 'associated_award': None, 'stickied': False, 'author_premium': False, 'can_gild': False, 'link_id': 't3_1ccqjlk', 'unrepliable_reason': None, 'author_flair_text_color': None, 'score_hidden': False, 'permalink': '/r/AskPhysics/comments/1ccqjlk/what_decides_which_parallel_reality_we_experience/l16xf6g/', 'subreddit_type': 'public', 'locked': False, 'report_reasons': None, 'created': 1714048805.0, 'author_flair_text': None, 'treatment_tags': [], 'created_utc': 1714048805.0, 'subreddit_name_prefixed': 'r/AskPhysics', 'controversiality': 0, 'depth': 2, 'author_flair_background_color': None, 'collapsed_because_crowd_control': None, 'mod_reports': [], 'num_reports': None, 'ups': 8}}, {'kind': 't1', 'data': {'subreddit_id': 't5_2sumo', 'approved_at_utc': None, 'author_is_blocked': False, 'comment_type': None, 'awarders': [], 'mod_reason_by': None, 'banned_by': None, 'author_flair_type': 'text', 'total_awards_received': 0, 'subreddit': 'AskPhysics', 'author_flair_template_id': None, 'likes': None, 'replies': '', 'user_reports': [], 'saved': False, 'id': 'l174o2b', 'banned_at_utc': None, 'mod_reason_title': None, 'gilded': 0, 'archived': False, 'collapsed_reason_code': None, 'no_follow': True, 'author': 'Boris740', 'can_mod_post': False, 'send_replies': True, 'parent_id': 't1_l16x047', 'score': 4, 'author_fullname': 't2_4nll6', 'removal_reason': None, 'approved_by': None, 'mod_note': None, 'all_awardings': [], 'body': 'There is that ""frequency"" thing again.', 'edited': False, 'top_awarded_type': None, 'downs': 0, 'author_flair_css_class': None, 'name': 't1_l174o2b', 'is_submitter': False, 'collapsed': False, 'author_flair_richtext': [], 'author_patreon_flair': False, 'body_html': '&lt;div class=""md""&gt;&lt;p&gt;There is that &amp;quot;frequency&amp;quot; thing again.&lt;/p&gt;\n&lt;/div&gt;', 'gildings': {}, 'collapsed_reason': None, 'distinguished': None, 'associated_award': None, 'stickied': False, 'author_premium': False, 'can_gild': False, 'link_id': 't3_1ccqjlk', 'unrepliable_reason': None, 'author_flair_text_color': None, 'score_hidden': False, 'permalink': '/r/AskPhysics/comments/1ccqjlk/what_decides_which_parallel_reality_we_experience/l174o2b/', 'subreddit_type': 'public', 'locked': False, 'report_reasons': None, 'created': 1714051755.0, 'author_flair_text': None, 'treatment_tags': [], 'created_utc': 1714051755.0, 'subreddit_name_prefixed': 'r/AskPhysics', 'controversiality': 0, 'depth': 2, 'author_flair_background_color': None, 'collapsed_because_crowd_control': None, 'mod_reports': [], 'num_reports': None, 'ups': 4}}, {'kind': 't1', 'data': {'subreddit_id': 't5_2sumo', 'approved_at_utc': None, 'author_is_blocked': False, 'comment_type': None, 'awarders': [], 'mod_reason_by': None, 'banned_by': None, 'author_flair_type': 'text', 'total_awards_received': 0, 'subreddit': 'AskPhysics', 'author_flair_template_id': '7ba8ac48-c6b2-11e4-9b49-22000b698517', 'likes': None, 'replies': '', 'user_reports': [], 'saved': False, 'id': 'l175ywk', 'banned_at_utc': None, 'mod_reason_title': None, 'gilded': 0, 'archived': False, 'collapsed_reason_code': None, 'no_follow': True, 'author': 'whatisausername32', 'can_mod_post': False, 'send_replies': True, 'parent_id': 't1_l16x047', 'score': 1, 'author_fullname': 't2_4r8a2fcn', 'removal_reason': None, 'approved_by': None, 'mod_note': None, 'all_awardings': [], 'body': 'You wrote many words, yet said nothing. The 2nd sentence makes just as much sense as me saying ""me potatoe red car stone brick face"". Don\'t fall for whatever that book is saying because it seems to be just nonsense.', 'edited': False, 'top_awarded_type': None, 'downs': 0, 'author_flair_css_class': 'pf', 'name': 't1_l175ywk', 'is_submitter': False, 'collapsed': False, 'author_flair_richtext': [], 'author_patreon_flair': False, 'body_html': '&lt;div class=""md""&gt;&lt;p&gt;You wrote many words, yet said nothing. The 2nd sentence makes just as much sense as me saying &amp;quot;me potatoe red car stone brick face&amp;quot;. Don&amp;#39;t fall for whatever that book is saying because it seems to be just nonsense.&lt;/p&gt;\n&lt;/div&gt;', 'gildings': {}, 'collapsed_reason': None, 'distinguished': None, 'associated_award': None, 'stickied': False, 'author_premium': False, 'can_gild': False, 'link_id': 't3_1ccqjlk', 'unrepliable_reason': None, 'author_flair_text_color': 'dark', 'score_hidden': False, 'permalink': '/r/AskPhysics/comments/1ccqjlk/what_decides_which_parallel_reality_we_experience/l175ywk/', 'subreddit_type': 'public', 'locked': False, 'report_reasons': None, 'created': 1714052257.0, 'author_flair_text': 'Particle physics', 'treatment_tags': [], 'created_utc': 1714052257.0, 'subreddit_name_prefixed': 'r/AskPhysics', 'controversiality': 0, 'depth': 2, 'author_flair_background_color': None, 'collapsed_because_crowd_control': None, 'mod_reports': [], 'num_reports': None, 'ups': 1}}], 'before': None}}, 'user_reports': [], 'saved': False, 'id': 'l16x047', 'banned_at_utc': None, 'mod_reason_title': None, 'gilded': 0, 'archived': False, 'collapsed_reason_code': 'LOW_SCORE', 'no_follow': True, 'author': '[deleted]', 'can_mod_post': False, 'send_replies': True, 'parent_id': 't1_l16vjzm', 'score': -9, 'approved_by': None, 'report_reasons': None, 'all_awardings': [], 'subreddit_id': 't5_2sumo', 'body': '[removed]', 'edited': False, 'author_flair_css_class': None, 'collapsed': True, 'downs': 0, 'is_submitter': False, 'body_html': '&lt;div class=""md""&gt;&lt;p&gt;[removed]&lt;/p&gt;\n&lt;/div&gt;', 'gildings': {}, 'collapsed_reason': 'comment score below threshold', 'associated_award': None, 'stickied': False, 'subreddit_type': 'public', 'can_gild': False, 'top_awarded_type': None, 'unrepliable_reason': None, 'author_flair_text_color': 'dark', 'score_hidden': False, 'permalink': '/r/AskPhysics/comments/1ccqjlk/what_decides_which_parallel_reality_we_experience/l16x047/', 'num_reports': None, 'locked': False, 'name': 't1_l16x047', 'created': 1714048623.0, 'subreddit': 'AskPhysics', 'author_flair_text': None, 'treatment_tags': [], 'created_utc': 1714048623.0, 'subreddit_name_prefixed': 'r/AskPhysics', 'controversiality': 0, 'depth': 1, 'author_flair_background_color': '', 'collapsed_because_crowd_control': None, 'mod_reports': [], 'mod_note': None, 'distinguished': None}}], 'before': None}}",,False,11,False,True,False,AskPhysics,t5_2sumo,r/AskPhysics,public,,0,[],,11,[],t1
data_1,[],,,False,,TerraNeko_,,,[],,,,text,t2_2pr8eff3,False,False,False,[],,,even if parallel universes are real then this has nothing to do with it in any way,"&lt;div class=""md""&gt;&lt;p&gt;even if parallel universes are real then this has nothing to do with it in any way&lt;/p&gt;
&lt;/div&gt;",False,False,False,,,,,0,1714051205.0,1714051205.0,0,,0,False,0,{},l1738dt,False,,t3_1ccqjlk,False,,,,[],t1_l1738dt,True,,t3_1ccqjlk,/r/AskPhysics/comments/1ccqjlk/what_decides_which_parallel_reality_we_experience/l1738dt/,,,,False,3,False,True,False,AskPhysics,t5_2sumo,r/AskPhysics,public,,0,[],,3,[],t1
data_2,[],,,False,,Odd_Bodkin,,,[],,,,text,t2_ic8an,False,False,False,[],,,"Which “we” are you talking about? If there are parallel universes, then there are parallel we’s.","&lt;div class=""md""&gt;&lt;p&gt;Which “we” are you talking about? If there are parallel universes, then there are parallel we’s.&lt;/p&gt;
&lt;/div&gt;",False,False,False,,,,,0,1714050958.0,1714050958.0,0,,0,False,0,{},l172ls5,False,,t3_1ccqjlk,False,,,,[],t1_l172ls5,True,,t3_1ccqjlk,/r/AskPhysics/comments/1ccqjlk/what_decides_which_parallel_reality_we_experience/l172ls5/,,,,False,3,False,True,False,AskPhysics,t5_2sumo,r/AskPhysics,public,,0,[],,3,[],t1
data_3,[],,,False,,nikfra,,,[],,,,text,t2_uahva,False,False,False,[],,,"The little invisible pink cobolds pull us in the direction they want us to go. Unless there's a purple unicorn close by then its wishes take precedent.

Neville Goddards theories have nothing to do with verifiable reality.

The actual quantum mechanical interpretation of many worlds means every reality happens. There isn't one we experience. A version of us experiences every possible one.","&lt;div class=""md""&gt;&lt;p&gt;The little invisible pink cobolds pull us in the direction they want us to go. Unless there&amp;#39;s a purple unicorn close by then its wishes take precedent.&lt;/p&gt;

&lt;p&gt;Neville Goddards theories have nothing to do with verifiable reality.&lt;/p&gt;

&lt;p&gt;The actual quantum mechanical interpretation of many worlds means every reality happens. There isn&amp;#39;t one we experience. A version of us experiences every possible one.&lt;/p&gt;
&lt;/div&gt;",False,False,False,,,,,0,1714052367.0,1714052367.0,0,,0,False,0,{},l1769ht,False,,t3_1ccqjlk,False,,,,[],t1_l1769ht,True,,t3_1ccqjlk,/r/AskPhysics/comments/1ccqjlk/what_decides_which_parallel_reality_we_experience/l1769ht/,,,,False,1,False,True,False,AskPhysics,t5_2sumo,r/AskPhysics,public,,0,[],,1,[],t1
data_4,[],,,False,,fuseboy,,,[],,,,text,t2_4z958,False,False,False,[],,,"Even without parallel realities, there's an every day situation where we experience this already: past and future versions of yourself. Why is it now, and not an hour ago, or an hour from now?

It seems likely at this point that the block universe view is a better description than presentism (the belief that 'now' is somehow more real than the past or present)—your entire timeline is just as real and vivid, but the 'you' from any one moment of course only experiences that moment as 'now'.

So you can ask the same question. If every moment of my life is experiencing itself as now, why do I get this moment?

We don't really have a good answer to that. In a way there isn't a why. It's tempting to think that your particular perspective is special, like Neville Goddard is doing, but that's just presentism applied to *many worlds*.","&lt;div class=""md""&gt;&lt;p&gt;Even without parallel realities, there&amp;#39;s an every day situation where we experience this already: past and future versions of yourself. Why is it now, and not an hour ago, or an hour from now?&lt;/p&gt;

&lt;p&gt;It seems likely at this point that the block universe view is a better description than presentism (the belief that &amp;#39;now&amp;#39; is somehow more real than the past or present)—your entire timeline is just as real and vivid, but the &amp;#39;you&amp;#39; from any one moment of course only experiences that moment as &amp;#39;now&amp;#39;.&lt;/p&gt;

&lt;p&gt;So you can ask the same question. If every moment of my life is experiencing itself as now, why do I get this moment?&lt;/p&gt;

&lt;p&gt;We don&amp;#39;t really have a good answer to that. In a way there isn&amp;#39;t a why. It&amp;#39;s tempting to think that your particular perspective is special, like Neville Goddard is doing, but that&amp;#39;s just presentism applied to &lt;em&gt;many worlds&lt;/em&gt;.&lt;/p&gt;
&lt;/div&gt;",False,False,False,,,,,0,1714054622.0,1714054622.0,0,,0,False,0,{},l17cj80,False,,t3_1ccqjlk,False,,,,[],t1_l17cj80,True,,t3_1ccqjlk,/r/AskPhysics/comments/1ccqjlk/what_decides_which_parallel_reality_we_experience/l17cj80/,,,,False,1,False,True,False,AskPhysics,t5_2sumo,r/AskPhysics,public,,0,[],,1,[],t1
data_5,[],,,False,,TangoJavaTJ,,other,[],94a9f77e-c6b2-11e4-a3b7-22000b2a8bad,Computer science,dark,text,t2_v65g36v6,False,False,False,[],,,None of this is even remotely related to actual physics.,"&lt;div class=""md""&gt;&lt;p&gt;None of this is even remotely related to actual physics.&lt;/p&gt;
&lt;/div&gt;",False,False,False,,,,,0,1714056209.0,1714056209.0,0,,0,False,0,{},l17h5ly,False,,t3_1ccqjlk,False,,,,[],t1_l17h5ly,True,,t3_1ccqjlk,/r/AskPhysics/comments/1ccqjlk/what_decides_which_parallel_reality_we_experience/l17h5ly/,,,,False,1,False,True,False,AskPhysics,t5_2sumo,r/AskPhysics,public,,0,[],,1,[],t1
