,all_awardings,approved_at_utc,approved_by,archived,associated_award,author,author_flair_background_color,author_flair_css_class,author_flair_richtext,author_flair_template_id,author_flair_text,author_flair_text_color,author_flair_type,author_fullname,author_is_blocked,author_patreon_flair,author_premium,awarders,banned_at_utc,banned_by,body,body_html,can_gild,can_mod_post,collapsed,collapsed_because_crowd_control,collapsed_reason,collapsed_reason_code,comment_type,controversiality,created,created_utc,depth,distinguished,downs,edited,gilded,gildings,id,is_submitter,likes,link_id,locked,mod_note,mod_reason_by,mod_reason_title,mod_reports,name,no_follow,num_reports,parent_id,permalink,removal_reason,replies,report_reasons,saved,score,score_hidden,send_replies,stickied,subreddit,subreddit_id,subreddit_name_prefixed,subreddit_type,top_awarded_type,total_awards_received,treatment_tags,unrepliable_reason,ups,user_reports,kind
data,[],,,False,,starkeffect,,inter,[],8c5fb068-c6b2-11e4-b8be-22000bb30918,Education and outreach,dark,text,t2_3z9vh,False,False,False,[],,,"If you see anything invoking Tesla's name that's not about 100-year-old electrical power transmission technology, then it's probably BS.","&lt;div class=""md""&gt;&lt;p&gt;If you see anything invoking Tesla&amp;#39;s name that&amp;#39;s not about 100-year-old electrical power transmission technology, then it&amp;#39;s probably BS.&lt;/p&gt;
&lt;/div&gt;",False,False,False,,,,,0,1714074006.0,1714074006.0,0,,0,False,0,{},l18r84c,False,,t3_1ccz2h4,False,,,,[],t1_l18r84c,True,,t3_1ccz2h4,/r/AskPhysics/comments/1ccz2h4/what_are_these_nicola_tesla_369_videos_i_keep/l18r84c/,,,,False,11,False,True,False,AskPhysics,t5_2sumo,r/AskPhysics,public,,0,[],,11,[],t1
data_1,[],,,False,,Anonymous-USA,,,[],,,,text,t2_7h3ccwl3,False,False,False,[],,,"Always judge the content based on the source.  With science, forget the headline/title and look who’s presenting the science.  (This is good advice for all forms of content).  But you have to see the credibility of the one presenting the video, not just the website host.","&lt;div class=""md""&gt;&lt;p&gt;Always judge the content based on the source.  With science, forget the headline/title and look who’s presenting the science.  (This is good advice for all forms of content).  But you have to see the credibility of the one presenting the video, not just the website host.&lt;/p&gt;
&lt;/div&gt;",False,False,False,,,,,0,1714071791.0,1714071791.0,0,,0,False,0,{},l18kg0u,False,,t3_1ccz2h4,False,,,,[],t1_l18kg0u,True,,t3_1ccz2h4,/r/AskPhysics/comments/1ccz2h4/what_are_these_nicola_tesla_369_videos_i_keep/l18kg0u/,,,,False,8,False,True,False,AskPhysics,t5_2sumo,r/AskPhysics,public,,0,[],,8,[],t1
data_2,[],,,False,,Key-Difficulty-2085,,,[],,,,text,t2_jgpah9zd6,False,False,False,[],,,It’s Vedic math,"&lt;div class=""md""&gt;&lt;p&gt;It’s Vedic math&lt;/p&gt;
&lt;/div&gt;",False,False,False,,,,,0,1714071991.0,1714071991.0,0,,0,False,0,{},l18l1n7,False,,t3_1ccz2h4,False,,,,[],t1_l18l1n7,True,,t3_1ccz2h4,/r/AskPhysics/comments/1ccz2h4/what_are_these_nicola_tesla_369_videos_i_keep/l18l1n7/,,,,False,1,False,True,False,AskPhysics,t5_2sumo,r/AskPhysics,public,,0,[],,1,[],t1
