,all_awardings,approved_at_utc,approved_by,archived,associated_award,author,author_flair_background_color,author_flair_css_class,author_flair_richtext,author_flair_template_id,author_flair_text,author_flair_text_color,author_flair_type,author_fullname,author_is_blocked,author_patreon_flair,author_premium,awarders,banned_at_utc,banned_by,body,body_html,can_gild,can_mod_post,collapsed,collapsed_because_crowd_control,collapsed_reason,collapsed_reason_code,comment_type,controversiality,created,created_utc,depth,distinguished,downs,edited,gilded,gildings,id,is_submitter,likes,link_id,locked,mod_note,mod_reason_by,mod_reason_title,mod_reports,name,no_follow,num_reports,parent_id,permalink,removal_reason,replies,report_reasons,saved,score,score_hidden,send_replies,stickied,subreddit,subreddit_id,subreddit_name_prefixed,subreddit_type,top_awarded_type,total_awards_received,treatment_tags,unrepliable_reason,ups,user_reports,kind
data,[],,,False,,OldChairmanMiao,,misc,[],9bcf4428-c6b2-11e4-b2ab-22000b2b8b92,Physics enthusiast,dark,text,t2_1uawybz0,False,False,False,[],,,"You can have a drive that emits EM radiation at frequencies other than visible light. That wouldn't stop it from exciting air around it into plasma, but it wouldn't be visible in a vacuum.","&lt;div class=""md""&gt;&lt;p&gt;You can have a drive that emits EM radiation at frequencies other than visible light. That wouldn&amp;#39;t stop it from exciting air around it into plasma, but it wouldn&amp;#39;t be visible in a vacuum.&lt;/p&gt;
&lt;/div&gt;",False,False,False,,,,,0,1714060281.0,1714060281.0,0,,0,1714145115.0,0,{},l17thny,False,,t3_1ccuf44,False,,,,[],t1_l17thny,True,,t3_1ccuf44,/r/AskPhysics/comments/1ccuf44/moving_in_space/l17thny/,,,,False,3,False,True,False,AskPhysics,t5_2sumo,r/AskPhysics,public,,0,[],,3,[],t1
data_1,[],,,False,,Starchives23,,,[],,,,text,t2_5tflahdl,False,False,False,[],,,"Eve from Walle isn't real. There is no way to explain how she moves. 

Real space propulsion comes down to Newton's laws - Namely that an object in motion will stay in motion until acted upon by another force, and that every action has an equal and opposite reaction. 

In a spacecraft, a propellant is taken in the engine and accelerated - either electrically/magnetically, or by superheating it. This propellant escapes through a nozzle. This imparts a force against the spacecraft, pushing it in the opposite direction. 

Because there is essentially no air resistance, the craft will continue to drift, even without the engines burning, until another force is applied to slow or stop it. 

\*this is purely just explaining the propulsion aspect and does not take into account orbital mechanics.","&lt;div class=""md""&gt;&lt;p&gt;Eve from Walle isn&amp;#39;t real. There is no way to explain how she moves. &lt;/p&gt;

&lt;p&gt;Real space propulsion comes down to Newton&amp;#39;s laws - Namely that an object in motion will stay in motion until acted upon by another force, and that every action has an equal and opposite reaction. &lt;/p&gt;

&lt;p&gt;In a spacecraft, a propellant is taken in the engine and accelerated - either electrically/magnetically, or by superheating it. This propellant escapes through a nozzle. This imparts a force against the spacecraft, pushing it in the opposite direction. &lt;/p&gt;

&lt;p&gt;Because there is essentially no air resistance, the craft will continue to drift, even without the engines burning, until another force is applied to slow or stop it. &lt;/p&gt;

&lt;p&gt;*this is purely just explaining the propulsion aspect and does not take into account orbital mechanics.&lt;/p&gt;
&lt;/div&gt;",False,False,False,,,,,0,1714077215.0,1714077215.0,0,,0,False,0,{},l19101k,False,,t3_1ccuf44,False,,,,[],t1_l19101k,True,,t3_1ccuf44,/r/AskPhysics/comments/1ccuf44/moving_in_space/l19101k/,,"{'kind': 'Listing', 'data': {'after': None, 'dist': None, 'modhash': None, 'geo_filter': '', 'children': [{'kind': 't1', 'data': {'subreddit_id': 't5_2sumo', 'approved_at_utc': None, 'author_is_blocked': False, 'comment_type': None, 'awarders': [], 'mod_reason_by': None, 'banned_by': None, 'author_flair_type': 'text', 'total_awards_received': 0, 'subreddit': 'AskPhysics', 'author_flair_template_id': None, 'likes': None, 'replies': '', 'user_reports': [], 'saved': False, 'id': 'l1bhvhp', 'banned_at_utc': None, 'mod_reason_title': None, 'gilded': 0, 'archived': False, 'collapsed_reason_code': None, 'no_follow': True, 'author': 'Inevitable_Income701', 'can_mod_post': False, 'created_utc': 1714115823.0, 'send_replies': True, 'parent_id': 't1_l19101k', 'score': 1, 'author_fullname': 't2_a03sivsz', 'removal_reason': None, 'approved_by': None, 'mod_note': None, 'all_awardings': [], 'body': 'She was more like an example I thought of something not using propulsion not that I wanted an explanation what propels her exactly.  But thank you for the explanation.', 'edited': False, 'top_awarded_type': None, 'author_flair_css_class': None, 'name': 't1_l1bhvhp', 'is_submitter': True, 'downs': 0, 'author_flair_richtext': [], 'author_patreon_flair': False, 'body_html': '&lt;div class=""md""&gt;&lt;p&gt;She was more like an example I thought of something not using propulsion not that I wanted an explanation what propels her exactly.  But thank you for the explanation.&lt;/p&gt;\n&lt;/div&gt;', 'gildings': {}, 'collapsed_reason': None, 'distinguished': None, 'associated_award': None, 'stickied': False, 'author_premium': False, 'can_gild': False, 'link_id': 't3_1ccuf44', 'unrepliable_reason': None, 'author_flair_text_color': None, 'score_hidden': False, 'permalink': '/r/AskPhysics/comments/1ccuf44/moving_in_space/l1bhvhp/', 'subreddit_type': 'public', 'locked': False, 'report_reasons': None, 'created': 1714115823.0, 'author_flair_text': None, 'treatment_tags': [], 'collapsed': False, 'subreddit_name_prefixed': 'r/AskPhysics', 'controversiality': 0, 'depth': 1, 'author_flair_background_color': None, 'collapsed_because_crowd_control': None, 'mod_reports': [], 'num_reports': None, 'ups': 1}}], 'before': None}}",,False,3,False,True,False,AskPhysics,t5_2sumo,r/AskPhysics,public,,0,[],,3,[],t1
data_2,[],,,False,,RichardMHP,,,[],,,,text,t2_9hbgz,False,False,False,[],,,"To be fair, dark bluish-purple rings emitting from one end **are** a form of reaction propulsion. She spits out a dark bluish-purple ring in one direction, she goes in the other.","&lt;div class=""md""&gt;&lt;p&gt;To be fair, dark bluish-purple rings emitting from one end &lt;strong&gt;are&lt;/strong&gt; a form of reaction propulsion. She spits out a dark bluish-purple ring in one direction, she goes in the other.&lt;/p&gt;
&lt;/div&gt;",False,False,False,,,,,0,1714077218.0,1714077218.0,0,,0,False,0,{},l1910dl,False,,t3_1ccuf44,False,,,,[],t1_l1910dl,True,,t3_1ccuf44,/r/AskPhysics/comments/1ccuf44/moving_in_space/l1910dl/,,,,False,2,False,True,False,AskPhysics,t5_2sumo,r/AskPhysics,public,,0,[],,2,[],t1
data_3,[],,,False,,TechnologyHeavy8026,,,[],,,,text,t2_t7gib05sh,False,False,False,[],,,pull the universe behind,"&lt;div class=""md""&gt;&lt;p&gt;pull the universe behind&lt;/p&gt;
&lt;/div&gt;",False,False,False,,,,,0,1714114707.0,1714114707.0,0,,0,False,0,{},l1bg94i,False,,t3_1ccuf44,False,,,,[],t1_l1bg94i,True,,t3_1ccuf44,/r/AskPhysics/comments/1ccuf44/moving_in_space/l1bg94i/,,,,False,1,False,True,False,AskPhysics,t5_2sumo,r/AskPhysics,public,,0,[],,1,[],t1
data_4,[],,,False,,Sad_King_Billy-19,,,[],,,,text,t2_5l98av8z,False,False,False,[],,,Google “reactionless drive”,"&lt;div class=""md""&gt;&lt;p&gt;Google “reactionless drive”&lt;/p&gt;
&lt;/div&gt;",False,False,False,,,,,0,1714058298.0,1714058298.0,0,,0,False,0,{},l17ngga,False,,t3_1ccuf44,False,,,,[],t1_l17ngga,True,,t3_1ccuf44,/r/AskPhysics/comments/1ccuf44/moving_in_space/l17ngga/,,"{'kind': 'Listing', 'data': {'after': None, 'dist': None, 'modhash': None, 'geo_filter': '', 'children': [{'kind': 't1', 'data': {'subreddit_id': 't5_2sumo', 'approved_at_utc': None, 'author_is_blocked': False, 'comment_type': None, 'awarders': [], 'mod_reason_by': None, 'banned_by': None, 'author_flair_type': 'text', 'total_awards_received': 0, 'subreddit': 'AskPhysics', 'author_flair_template_id': None, 'likes': None, 'replies': '', 'user_reports': [], 'saved': False, 'id': 'l17yexf', 'banned_at_utc': None, 'mod_reason_title': None, 'gilded': 0, 'archived': False, 'collapsed_reason_code': None, 'no_follow': False, 'author': 'nicuramar', 'can_mod_post': False, 'created_utc': 1714061895.0, 'send_replies': True, 'parent_id': 't1_l17ngga', 'score': 6, 'author_fullname': 't2_kjv52vr8', 'removal_reason': None, 'approved_by': None, 'mod_note': None, 'all_awardings': [], 'body': '..but keep in mind that they don’t exist :)', 'edited': False, 'top_awarded_type': None, 'author_flair_css_class': None, 'name': 't1_l17yexf', 'is_submitter': False, 'downs': 0, 'author_flair_richtext': [], 'author_patreon_flair': False, 'body_html': '&lt;div class=""md""&gt;&lt;p&gt;..but keep in mind that they don’t exist :)&lt;/p&gt;\n&lt;/div&gt;', 'gildings': {}, 'collapsed_reason': None, 'distinguished': None, 'associated_award': None, 'stickied': False, 'author_premium': False, 'can_gild': False, 'link_id': 't3_1ccuf44', 'unrepliable_reason': None, 'author_flair_text_color': None, 'score_hidden': False, 'permalink': '/r/AskPhysics/comments/1ccuf44/moving_in_space/l17yexf/', 'subreddit_type': 'public', 'locked': False, 'report_reasons': None, 'created': 1714061895.0, 'author_flair_text': None, 'treatment_tags': [], 'collapsed': False, 'subreddit_name_prefixed': 'r/AskPhysics', 'controversiality': 0, 'depth': 1, 'author_flair_background_color': None, 'collapsed_because_crowd_control': None, 'mod_reports': [], 'num_reports': None, 'ups': 6}}], 'before': None}}",,False,-2,False,True,False,AskPhysics,t5_2sumo,r/AskPhysics,public,,0,[],,-2,[],t1
