,all_awardings,approved_at_utc,approved_by,archived,associated_award,author,author_flair_background_color,author_flair_css_class,author_flair_richtext,author_flair_template_id,author_flair_text,author_flair_text_color,author_flair_type,author_fullname,author_is_blocked,author_patreon_flair,author_premium,awarders,banned_at_utc,banned_by,body,body_html,can_gild,can_mod_post,collapsed,collapsed_because_crowd_control,collapsed_reason,collapsed_reason_code,comment_type,controversiality,created,created_utc,depth,distinguished,downs,edited,gilded,gildings,id,is_submitter,likes,link_id,locked,mod_note,mod_reason_by,mod_reason_title,mod_reports,name,no_follow,num_reports,parent_id,permalink,removal_reason,replies,report_reasons,saved,score,score_hidden,send_replies,stickied,subreddit,subreddit_id,subreddit_name_prefixed,subreddit_type,top_awarded_type,total_awards_received,treatment_tags,unrepliable_reason,ups,user_reports,kind
data,[],,,False,,nicuramar,,,[],,,,text,t2_kjv52vr8,False,False,False,[],,,"There is no gravity well center (or center in general). Light moves along geodesics and so does everything else.

&gt; If dark energy is pushing “more space” into existence then would that space be contradicting conservation of energy?

Yes, conservation of energy isn’t valid at universal scales.","&lt;div class=""md""&gt;&lt;p&gt;There is no gravity well center (or center in general). Light moves along geodesics and so does everything else.&lt;/p&gt;

&lt;blockquote&gt;
&lt;p&gt; If dark energy is pushing “more space” into existence then would that space be contradicting conservation of energy?&lt;/p&gt;
&lt;/blockquote&gt;

&lt;p&gt;Yes, conservation of energy isn’t valid at universal scales.&lt;/p&gt;
&lt;/div&gt;",False,False,False,,,,,0,1713969640.0,1713969640.0,0,,0,False,0,{},l11uac3,False,,t3_1cbybgk,False,,,,[],t1_l11uac3,False,,t3_1cbybgk,/r/AskPhysics/comments/1cbybgk/gravity_and_dark_energy/l11uac3/,,"{'kind': 'Listing', 'data': {'after': None, 'dist': None, 'modhash': None, 'geo_filter': '', 'children': [{'kind': 't1', 'data': {'subreddit_id': 't5_2sumo', 'approved_at_utc': None, 'author_is_blocked': False, 'comment_type': None, 'awarders': [], 'mod_reason_by': None, 'banned_by': None, 'author_flair_type': 'text', 'total_awards_received': 0, 'subreddit': 'AskPhysics', 'author_flair_template_id': None, 'likes': None, 'replies': '', 'user_reports': [], 'saved': False, 'id': 'l123v4b', 'banned_at_utc': None, 'mod_reason_title': None, 'gilded': 0, 'archived': False, 'collapsed_reason_code': None, 'no_follow': True, 'author': 'Joebone87', 'can_mod_post': False, 'created_utc': 1713972918.0, 'send_replies': True, 'parent_id': 't1_l11uac3', 'score': 1, 'author_fullname': 't2_11qx9m', 'removal_reason': None, 'approved_by': None, 'mod_note': None, 'all_awardings': [], 'body': 'Where does space accelerate too? If it’s accelerating towards more gravity?', 'edited': False, 'top_awarded_type': None, 'author_flair_css_class': None, 'name': 't1_l123v4b', 'is_submitter': True, 'downs': 0, 'author_flair_richtext': [], 'author_patreon_flair': False, 'body_html': '&lt;div class=""md""&gt;&lt;p&gt;Where does space accelerate too? If it’s accelerating towards more gravity?&lt;/p&gt;\n&lt;/div&gt;', 'gildings': {}, 'collapsed_reason': None, 'distinguished': None, 'associated_award': None, 'stickied': False, 'author_premium': False, 'can_gild': False, 'link_id': 't3_1cbybgk', 'unrepliable_reason': None, 'author_flair_text_color': None, 'score_hidden': False, 'permalink': '/r/AskPhysics/comments/1cbybgk/gravity_and_dark_energy/l123v4b/', 'subreddit_type': 'public', 'locked': False, 'report_reasons': None, 'created': 1713972918.0, 'author_flair_text': None, 'treatment_tags': [], 'collapsed': False, 'subreddit_name_prefixed': 'r/AskPhysics', 'controversiality': 0, 'depth': 1, 'author_flair_background_color': None, 'collapsed_because_crowd_control': None, 'mod_reports': [], 'num_reports': None, 'ups': 1}}], 'before': None}}",,False,4,False,True,False,AskPhysics,t5_2sumo,r/AskPhysics,public,,0,[],,4,[],t1
data_1,[],,,False,,Joebone87,,,[],,,,text,t2_11qx9m,False,False,False,[],,,I’m a little bummed I didn’t get any hits for this. Pretty curious about this subject.,"&lt;div class=""md""&gt;&lt;p&gt;I’m a little bummed I didn’t get any hits for this. Pretty curious about this subject.&lt;/p&gt;
&lt;/div&gt;",False,False,False,,,,,0,1714075783.0,1714075783.0,0,,0,False,0,{},l18wn4e,True,,t3_1cbybgk,False,,,,[],t1_l18wn4e,True,,t3_1cbybgk,/r/AskPhysics/comments/1cbybgk/gravity_and_dark_energy/l18wn4e/,,,,False,1,False,True,False,AskPhysics,t5_2sumo,r/AskPhysics,public,,0,[],,1,[],t1
