,[],,,False,,MezzoScettico,,,[],,,,text,t2_21x3wcsc,False,False,False,[],,,"Method seems correct but something is going wrong with the arithmetic. You have about 10% change in wavelength and frequency, so that should be about 10% of the speed of sound.

Check the arithmetic.","&lt;div class=""md""&gt;&lt;p&gt;Method seems correct but something is going wrong with the arithmetic. You have about 10% change in wavelength and frequency, so that should be about 10% of the speed of sound.&lt;/p&gt;

&lt;p&gt;Check the arithmetic.&lt;/p&gt;
&lt;/div&gt;",False,False,False,,,,,0,1713958564.0,1713958564.0,0,,0,False,0,{},l1132gb,False,,t3_1cbv5jx,False,,,,[],t1_l1132gb,True,,t3_1cbv5jx,/r/AskPhysics/comments/1cbv5jx/highschool_physicswaves/l1132gb/,,,,False,1,False,True,False,AskPhysics,t5_2sumo,r/AskPhysics,public,,0,[],,1,[],t1
data,[],,,False,,MezzoScettico,,,[],,,,text,t2_21x3wcsc,False,False,False,[],,,"Method seems correct but something is going wrong with the arithmetic. You have about 10% change in wavelength and frequency, so that should be about 10% of the speed of sound.

Check the arithmetic.","&lt;div class=""md""&gt;&lt;p&gt;Method seems correct but something is going wrong with the arithmetic. You have about 10% change in wavelength and frequency, so that should be about 10% of the speed of sound.&lt;/p&gt;

&lt;p&gt;Check the arithmetic.&lt;/p&gt;
&lt;/div&gt;",False,False,False,,,,,0,1713958564.0,1713958564.0,0,,0,False,0,{},l1132gb,False,,t3_1cbv5jx,False,,,,[],t1_l1132gb,True,,t3_1cbv5jx,/r/AskPhysics/comments/1cbv5jx/highschool_physicswaves/l1132gb/,,,,False,1,False,True,False,AskPhysics,t5_2sumo,r/AskPhysics,public,,0,[],,1,[],t1
