,all_awardings,approved_at_utc,approved_by,archived,associated_award,author,author_flair_background_color,author_flair_css_class,author_flair_richtext,author_flair_template_id,author_flair_text,author_flair_text_color,author_flair_type,author_fullname,author_is_blocked,author_patreon_flair,author_premium,awarders,banned_at_utc,banned_by,body,body_html,can_gild,can_mod_post,collapsed,collapsed_because_crowd_control,collapsed_reason,collapsed_reason_code,comment_type,controversiality,created,created_utc,depth,distinguished,downs,edited,gilded,gildings,id,is_submitter,likes,link_id,locked,mod_note,mod_reason_by,mod_reason_title,mod_reports,name,no_follow,num_reports,parent_id,permalink,removal_reason,replies,report_reasons,saved,score,score_hidden,send_replies,stickied,subreddit,subreddit_id,subreddit_name_prefixed,subreddit_type,top_awarded_type,total_awards_received,treatment_tags,unrepliable_reason,ups,user_reports,kind
data,[],,,False,,Rensin2,,,[],,,,text,t2_i40qb,False,False,False,[],,,"No, the speed of light is the same in all frames of reference, including yours.","&lt;div class=""md""&gt;&lt;p&gt;No, the speed of light is the same in all frames of reference, including yours.&lt;/p&gt;
&lt;/div&gt;",False,False,False,,,,,0,1713909496.0,1713909496.0,0,,0,False,0,{},l0yetlj,False,,t3_1cbh8aj,False,,,,[],t1_l0yetlj,False,,t3_1cbh8aj,/r/AskPhysics/comments/1cbh8aj/question_abt_the_speed_of_light/l0yetlj/,,,,False,17,False,True,False,AskPhysics,t5_2sumo,r/AskPhysics,public,,0,[],,17,[],t1
data_1,[],,,False,,starkeffect,,inter,[],8c5fb068-c6b2-11e4-b8be-22000bb30918,Education and outreach,dark,text,t2_3z9vh,False,False,False,[],,,"If I'm moving at v relative to you and I shine a laser pointer with light that moves at c relative to me, the speed of the laser light relative to you isn't c + v, it's just c.

Welcome to special relativity.","&lt;div class=""md""&gt;&lt;p&gt;If I&amp;#39;m moving at v relative to you and I shine a laser pointer with light that moves at c relative to me, the speed of the laser light relative to you isn&amp;#39;t c + v, it&amp;#39;s just c.&lt;/p&gt;

&lt;p&gt;Welcome to special relativity.&lt;/p&gt;
&lt;/div&gt;",False,False,False,,,,,0,1713909915.0,1713909915.0,0,,0,False,0,{},l0yfyr1,False,,t3_1cbh8aj,False,,,,[],t1_l0yfyr1,False,,t3_1cbh8aj,/r/AskPhysics/comments/1cbh8aj/question_abt_the_speed_of_light/l0yfyr1/,,"{'kind': 'Listing', 'data': {'after': None, 'dist': None, 'modhash': None, 'geo_filter': '', 'children': [{'kind': 't1', 'data': {'subreddit_id': 't5_2sumo', 'approved_at_utc': None, 'author_is_blocked': False, 'comment_type': None, 'awarders': [], 'mod_reason_by': None, 'banned_by': None, 'author_flair_type': 'text', 'total_awards_received': 0, 'subreddit': 'AskPhysics', 'author_flair_template_id': None, 'likes': None, 'replies': {'kind': 'Listing', 'data': {'after': None, 'dist': None, 'modhash': None, 'geo_filter': '', 'children': [{'kind': 't1', 'data': {'subreddit_id': 't5_2sumo', 'approved_at_utc': None, 'author_is_blocked': False, 'comment_type': None, 'awarders': [], 'mod_reason_by': None, 'banned_by': None, 'author_flair_type': 'text', 'total_awards_received': 0, 'subreddit': 'AskPhysics', 'author_flair_template_id': None, 'likes': None, 'replies': {'kind': 'Listing', 'data': {'after': None, 'dist': None, 'modhash': None, 'geo_filter': '', 'children': [{'kind': 't1', 'data': {'subreddit_id': 't5_2sumo', 'approved_at_utc': None, 'author_is_blocked': False, 'comment_type': None, 'awarders': [], 'mod_reason_by': None, 'banned_by': None, 'author_flair_type': 'text', 'total_awards_received': 0, 'subreddit': 'AskPhysics', 'author_flair_template_id': None, 'likes': None, 'replies': '', 'user_reports': [], 'saved': False, 'id': 'l0zpae4', 'banned_at_utc': None, 'mod_reason_title': None, 'gilded': 0, 'archived': False, 'collapsed_reason_code': None, 'no_follow': True, 'author': 'LiquidCoal', 'can_mod_post': False, 'send_replies': True, 'parent_id': 't1_l0zm8c5', 'score': 2, 'author_fullname': 't2_12kths3r', 'removal_reason': None, 'approved_by': None, 'mod_note': None, 'all_awardings': [], 'collapsed': False, 'body': 'And that even measured *higher-order* effects of the supposed aether drag, only to find nothing inconsistent with a constant *c*.', 'edited': False, 'top_awarded_type': None, 'author_flair_css_class': None, 'name': 't1_l0zpae4', 'is_submitter': False, 'downs': 0, 'author_flair_richtext': [], 'author_patreon_flair': False, 'body_html': '&lt;div class=""md""&gt;&lt;p&gt;And that even measured &lt;em&gt;higher-order&lt;/em&gt; effects of the supposed aether drag, only to find nothing inconsistent with a constant &lt;em&gt;c&lt;/em&gt;.&lt;/p&gt;\n&lt;/div&gt;', 'gildings': {}, 'collapsed_reason': None, 'distinguished': None, 'associated_award': None, 'stickied': False, 'author_premium': False, 'can_gild': False, 'link_id': 't3_1cbh8aj', 'unrepliable_reason': None, 'author_flair_text_color': None, 'score_hidden': False, 'permalink': '/r/AskPhysics/comments/1cbh8aj/question_abt_the_speed_of_light/l0zpae4/', 'subreddit_type': 'public', 'locked': False, 'report_reasons': None, 'created': 1713927645.0, 'author_flair_text': None, 'treatment_tags': [], 'created_utc': 1713927645.0, 'subreddit_name_prefixed': 'r/AskPhysics', 'controversiality': 0, 'depth': 3, 'author_flair_background_color': None, 'collapsed_because_crowd_control': None, 'mod_reports': [], 'num_reports': None, 'ups': 2}}], 'before': None}}, 'user_reports': [], 'saved': False, 'id': 'l0zm8c5', 'banned_at_utc': None, 'mod_reason_title': None, 'gilded': 0, 'archived': False, 'collapsed_reason_code': None, 'no_follow': False, 'author': 'KillerOfSouls665', 'can_mod_post': False, 'send_replies': True, 'parent_id': 't1_l0ylk7s', 'score': 5, 'author_fullname': 't2_1rw9t21f', 'removal_reason': None, 'approved_by': None, 'mod_note': None, 'all_awardings': [], 'body': 'Good job Michelson and Morley did experiments 13 years earlier showing no change in the speed of light as the earth rotates and moves through space.', 'edited': False, 'top_awarded_type': None, 'downs': 0, 'author_flair_css_class': None, 'name': 't1_l0zm8c5', 'is_submitter': False, 'collapsed': False, 'author_flair_richtext': [], 'author_patreon_flair': False, 'body_html': '&lt;div class=""md""&gt;&lt;p&gt;Good job Michelson and Morley did experiments 13 years earlier showing no change in the speed of light as the earth rotates and moves through space.&lt;/p&gt;\n&lt;/div&gt;', 'gildings': {}, 'collapsed_reason': None, 'distinguished': None, 'associated_award': None, 'stickied': False, 'author_premium': False, 'can_gild': False, 'link_id': 't3_1cbh8aj', 'unrepliable_reason': None, 'author_flair_text_color': None, 'score_hidden': False, 'permalink': '/r/AskPhysics/comments/1cbh8aj/question_abt_the_speed_of_light/l0zm8c5/', 'subreddit_type': 'public', 'locked': False, 'report_reasons': None, 'created': 1713926368.0, 'author_flair_text': None, 'treatment_tags': [], 'created_utc': 1713926368.0, 'subreddit_name_prefixed': 'r/AskPhysics', 'controversiality': 0, 'depth': 2, 'author_flair_background_color': None, 'collapsed_because_crowd_control': None, 'mod_reports': [], 'num_reports': None, 'ups': 5}}], 'before': None}}, 'user_reports': [], 'saved': False, 'id': 'l0ylk7s', 'banned_at_utc': None, 'mod_reason_title': None, 'gilded': 0, 'archived': False, 'collapsed_reason_code': None, 'no_follow': True, 'author': 'Odd-Storm4893', 'can_mod_post': False, 'created_utc': 1713911992.0, 'send_replies': True, 'parent_id': 't1_l0yfyr1', 'score': 3, 'author_fullname': 't2_a0j6u8qw', 'removal_reason': None, 'approved_by': None, 'mod_note': None, 'all_awardings': [], 'body': 'Imagine how out of the box that proposal had to be back in the early 1900s.', 'edited': False, 'top_awarded_type': None, 'author_flair_css_class': None, 'name': 't1_l0ylk7s', 'is_submitter': False, 'downs': 0, 'author_flair_richtext': [], 'author_patreon_flair': False, 'body_html': '&lt;div class=""md""&gt;&lt;p&gt;Imagine how out of the box that proposal had to be back in the early 1900s.&lt;/p&gt;\n&lt;/div&gt;', 'gildings': {}, 'collapsed_reason': None, 'distinguished': None, 'associated_award': None, 'stickied': False, 'author_premium': False, 'can_gild': False, 'link_id': 't3_1cbh8aj', 'unrepliable_reason': None, 'author_flair_text_color': None, 'score_hidden': False, 'permalink': '/r/AskPhysics/comments/1cbh8aj/question_abt_the_speed_of_light/l0ylk7s/', 'subreddit_type': 'public', 'locked': False, 'report_reasons': None, 'created': 1713911992.0, 'author_flair_text': None, 'treatment_tags': [], 'collapsed': False, 'subreddit_name_prefixed': 'r/AskPhysics', 'controversiality': 0, 'depth': 1, 'author_flair_background_color': None, 'collapsed_because_crowd_control': None, 'mod_reports': [], 'num_reports': None, 'ups': 3}}, {'kind': 't1', 'data': {'subreddit_id': 't5_2sumo', 'approved_at_utc': None, 'author_is_blocked': False, 'comment_type': None, 'awarders': [], 'mod_reason_by': None, 'banned_by': None, 'author_flair_type': 'text', 'total_awards_received': 0, 'subreddit': 'AskPhysics', 'author_flair_template_id': '95dad5a0-c6b2-11e4-b741-22000b6e00bb', 'likes': None, 'replies': '', 'user_reports': [], 'saved': False, 'id': 'l0zx4pj', 'banned_at_utc': None, 'mod_reason_title': None, 'gilded': 0, 'archived': False, 'collapsed_reason_code': None, 'no_follow': True, 'author': 'Kraz_I', 'can_mod_post': False, 'created_utc': 1713931306.0, 'send_replies': True, 'parent_id': 't1_l0yfyr1', 'score': 1, 'author_fullname': 't2_d9g6t', 'removal_reason': None, 'approved_by': None, 'mod_note': None, 'all_awardings': [], 'body': 'But to make up for that asymmetry, you perceive your light as having a shorter wavelength than they do. It gets redshifted.', 'edited': False, 'top_awarded_type': None, 'author_flair_css_class': 'other', 'name': 't1_l0zx4pj', 'is_submitter': False, 'downs': 0, 'author_flair_richtext': [], 'author_patreon_flair': False, 'body_html': '&lt;div class=""md""&gt;&lt;p&gt;But to make up for that asymmetry, you perceive your light as having a shorter wavelength than they do. It gets redshifted.&lt;/p&gt;\n&lt;/div&gt;', 'gildings': {}, 'collapsed_reason': None, 'distinguished': None, 'associated_award': None, 'stickied': False, 'author_premium': False, 'can_gild': False, 'link_id': 't3_1cbh8aj', 'unrepliable_reason': None, 'author_flair_text_color': 'dark', 'score_hidden': False, 'permalink': '/r/AskPhysics/comments/1cbh8aj/question_abt_the_speed_of_light/l0zx4pj/', 'subreddit_type': 'public', 'locked': False, 'report_reasons': None, 'created': 1713931306.0, 'author_flair_text': 'Engineering', 'treatment_tags': [], 'collapsed': False, 'subreddit_name_prefixed': 'r/AskPhysics', 'controversiality': 0, 'depth': 1, 'author_flair_background_color': None, 'collapsed_because_crowd_control': None, 'mod_reports': [], 'num_reports': None, 'ups': 1}}, {'kind': 't1', 'data': {'subreddit_id': 't5_2sumo', 'approved_at_utc': None, 'author_is_blocked': False, 'comment_type': None, 'awarders': [], 'mod_reason_by': None, 'banned_by': None, 'author_flair_type': 'text', 'total_awards_received': 0, 'subreddit': 'AskPhysics', 'author_flair_template_id': None, 'likes': None, 'replies': '', 'user_reports': [], 'saved': False, 'id': 'l0zorkr', 'banned_at_utc': None, 'mod_reason_title': None, 'gilded': 0, 'archived': False, 'collapsed_reason_code': None, 'no_follow': True, 'author': 'LiquidCoal', 'can_mod_post': False, 'created_utc': 1713927421.0, 'send_replies': True, 'parent_id': 't1_l0yfyr1', 'score': 0, 'author_fullname': 't2_12kths3r', 'removal_reason': None, 'approved_by': None, 'mod_note': None, 'all_awardings': [], 'body': '&gt;I shine a laser pointer with light that moves at c relative to me\n\nNo, it is not. It is slower than *c* in both frames, and would travel 0.0059 m/s faster in the frame of the pointer than in our frame, assuming a typical index of refraction of air. You are forgetting about the medium (or more likely pretending that it is a vacuum for simplicity).', 'edited': 1713927714.0, 'top_awarded_type': None, 'author_flair_css_class': None, 'name': 't1_l0zorkr', 'is_submitter': False, 'downs': 0, 'author_flair_richtext': [], 'author_patreon_flair': False, 'body_html': '&lt;div class=""md""&gt;&lt;blockquote&gt;\n&lt;p&gt;I shine a laser pointer with light that moves at c relative to me&lt;/p&gt;\n&lt;/blockquote&gt;\n\n&lt;p&gt;No, it is not. It is slower than &lt;em&gt;c&lt;/em&gt; in both frames, and would travel 0.0059 m/s faster in the frame of the pointer than in our frame, assuming a typical index of refraction of air. You are forgetting about the medium (or more likely pretending that it is a vacuum for simplicity).&lt;/p&gt;\n&lt;/div&gt;', 'gildings': {}, 'collapsed_reason': None, 'distinguished': None, 'associated_award': None, 'stickied': False, 'author_premium': False, 'can_gild': False, 'link_id': 't3_1cbh8aj', 'unrepliable_reason': None, 'author_flair_text_color': None, 'score_hidden': False, 'permalink': '/r/AskPhysics/comments/1cbh8aj/question_abt_the_speed_of_light/l0zorkr/', 'subreddit_type': 'public', 'locked': False, 'report_reasons': None, 'created': 1713927421.0, 'author_flair_text': None, 'treatment_tags': [], 'collapsed': False, 'subreddit_name_prefixed': 'r/AskPhysics', 'controversiality': 0, 'depth': 1, 'author_flair_background_color': None, 'collapsed_because_crowd_control': None, 'mod_reports': [], 'num_reports': None, 'ups': 0}}], 'before': None}}",,False,5,False,True,False,AskPhysics,t5_2sumo,r/AskPhysics,public,,0,[],,5,[],t1
data_2,[],,,False,,MarinatedPickachu,,,[],,,,text,t2_bwdb8qqfj,False,False,False,[],,,No. The photons will leave the laser pointer at the speed of light - both in your reference frame as well as in the reference frame of the laser pointer,"&lt;div class=""md""&gt;&lt;p&gt;No. The photons will leave the laser pointer at the speed of light - both in your reference frame as well as in the reference frame of the laser pointer&lt;/p&gt;
&lt;/div&gt;",False,False,False,,,,,0,1713911801.0,1713911801.0,0,,0,False,0,{},l0yl2bo,False,,t3_1cbh8aj,False,,,,[],t1_l0yl2bo,True,,t3_1cbh8aj,/r/AskPhysics/comments/1cbh8aj/question_abt_the_speed_of_light/l0yl2bo/,,,,False,2,False,True,False,AskPhysics,t5_2sumo,r/AskPhysics,public,,0,[],,2,[],t1
data_3,[],,,False,,LiquidCoal,,,[],,,,text,t2_12kths3r,False,False,False,[],,,"It would not be beyond the speed of the light in a vacuum, but it would be beyond the speed of that laser light in our frame, as it is traveling through air, not the vacuum.

In the frame of the laser traveling forward at speed *v* = 10 m/s, the light coming out would go faster than it would in our frame by (where *n* is the index of refraction of the air, or about 1.000293):

(*c*/*n* + *v*)/(1 + *v*/*nc*) - *c*/*n* = (1 - 1/*n*^(2))/(1/*v* + 1/*nc*) &amp;#8776; 0.0059 m/s.

This is far less than the 10 m/s predicted by a Galilean transformation.","&lt;div class=""md""&gt;&lt;p&gt;It would not be beyond the speed of the light in a vacuum, but it would be beyond the speed of that laser light in our frame, as it is traveling through air, not the vacuum.&lt;/p&gt;

&lt;p&gt;In the frame of the laser traveling forward at speed &lt;em&gt;v&lt;/em&gt; = 10 m/s, the light coming out would go faster than it would in our frame by (where &lt;em&gt;n&lt;/em&gt; is the index of refraction of the air, or about 1.000293):&lt;/p&gt;

&lt;p&gt;(&lt;em&gt;c&lt;/em&gt;/&lt;em&gt;n&lt;/em&gt; + &lt;em&gt;v&lt;/em&gt;)/(1 + &lt;em&gt;v&lt;/em&gt;/&lt;em&gt;nc&lt;/em&gt;) - &lt;em&gt;c&lt;/em&gt;/&lt;em&gt;n&lt;/em&gt; = (1 - 1/&lt;em&gt;n&lt;/em&gt;&lt;sup&gt;2&lt;/sup&gt;)/(1/&lt;em&gt;v&lt;/em&gt; + 1/&lt;em&gt;nc&lt;/em&gt;) &amp;#8776; 0.0059 m/s.&lt;/p&gt;

&lt;p&gt;This is far less than the 10 m/s predicted by a Galilean transformation.&lt;/p&gt;
&lt;/div&gt;",False,False,False,,,,,0,1713926048.0,1713926048.0,0,,0,1713927292.0,0,{},l0zlgqf,False,,t3_1cbh8aj,False,,,,[],t1_l0zlgqf,True,,t3_1cbh8aj,/r/AskPhysics/comments/1cbh8aj/question_abt_the_speed_of_light/l0zlgqf/,,,,False,2,False,True,False,AskPhysics,t5_2sumo,r/AskPhysics,public,,0,[],,2,[],t1
data_4,[],,,False,,Virus-Party,,,[],,,,text,t2_9tk6ll7x,False,False,False,[],,,"No. The speed of light is a fixed universal constant. It doesn't matter how fast you are moving, how fast the other object is moving or anything else. No matter what frames of reference you are in, you will always mesure/observe the speed of light to be that same. What will change is the frequency/wavelength of the observed light.

Think of it like this if an object is moving towards you then any lightwaves you see coming from it gets compressed and has a shorter wavelength, while if the object is moving away from you then they get stretched out instead. Normally this isn't noticeable because the speed of light is so high compared to the speed of most objects we can actually observe so the change is very minor. But if something is moving  fast enough then it will be notably shifted.","&lt;div class=""md""&gt;&lt;p&gt;No. The speed of light is a fixed universal constant. It doesn&amp;#39;t matter how fast you are moving, how fast the other object is moving or anything else. No matter what frames of reference you are in, you will always mesure/observe the speed of light to be that same. What will change is the frequency/wavelength of the observed light.&lt;/p&gt;

&lt;p&gt;Think of it like this if an object is moving towards you then any lightwaves you see coming from it gets compressed and has a shorter wavelength, while if the object is moving away from you then they get stretched out instead. Normally this isn&amp;#39;t noticeable because the speed of light is so high compared to the speed of most objects we can actually observe so the change is very minor. But if something is moving  fast enough then it will be notably shifted.&lt;/p&gt;
&lt;/div&gt;",False,False,False,,,,,0,1713915067.0,1713915067.0,0,,0,False,0,{},l0ytguo,False,,t3_1cbh8aj,False,,,,[],t1_l0ytguo,True,,t3_1cbh8aj,/r/AskPhysics/comments/1cbh8aj/question_abt_the_speed_of_light/l0ytguo/,,,,False,1,False,True,False,AskPhysics,t5_2sumo,r/AskPhysics,public,,0,[],,1,[],t1
data_5,[],,,False,,Kraz_I,,other,[],95dad5a0-c6b2-11e4-b741-22000b6e00bb,Engineering,dark,text,t2_d9g6t,False,False,False,[],,,"If the light is facing away from you, how would you measure the speed? You won’t detect any of the photons coming off it. If it was facing toward you then the classical expectation would be that the light is moving slower, not faster. 

Since light can’t move slower though, instead you perceive the wavelength as longer. This is Doppler redshift. At only 10 m/s though, the effect isn’t really noticeable.","&lt;div class=""md""&gt;&lt;p&gt;If the light is facing away from you, how would you measure the speed? You won’t detect any of the photons coming off it. If it was facing toward you then the classical expectation would be that the light is moving slower, not faster. &lt;/p&gt;

&lt;p&gt;Since light can’t move slower though, instead you perceive the wavelength as longer. This is Doppler redshift. At only 10 m/s though, the effect isn’t really noticeable.&lt;/p&gt;
&lt;/div&gt;",False,False,False,,,,,0,1713930937.0,1713930937.0,0,,0,1713931183.0,0,{},l0zwe2u,False,,t3_1cbh8aj,False,,,,[],t1_l0zwe2u,True,,t3_1cbh8aj,/r/AskPhysics/comments/1cbh8aj/question_abt_the_speed_of_light/l0zwe2u/,,,,False,1,False,True,False,AskPhysics,t5_2sumo,r/AskPhysics,public,,0,[],,1,[],t1
