,all_awardings,approved_at_utc,approved_by,archived,associated_award,author,author_flair_background_color,author_flair_css_class,author_flair_richtext,author_flair_template_id,author_flair_text,author_flair_text_color,author_flair_type,author_fullname,author_is_blocked,author_patreon_flair,author_premium,awarders,banned_at_utc,banned_by,body,body_html,can_gild,can_mod_post,collapsed,collapsed_because_crowd_control,collapsed_reason,collapsed_reason_code,comment_type,controversiality,created,created_utc,depth,distinguished,downs,edited,gilded,gildings,id,is_submitter,likes,link_id,locked,mod_note,mod_reason_by,mod_reason_title,mod_reports,name,no_follow,num_reports,parent_id,permalink,removal_reason,replies,report_reasons,saved,score,score_hidden,send_replies,stickied,subreddit,subreddit_id,subreddit_name_prefixed,subreddit_type,top_awarded_type,total_awards_received,treatment_tags,unrepliable_reason,ups,user_reports,kind
data,[],,,False,,Hairy_Cake_Lynam,,,[],,,,text,t2_7sth0,False,False,False,[],,,"The former.

As the heat is supplied, the internal energy increases. If the system is free to expand then some of this internal energy will be used to do work.

The first law of thermodynamics states:

heat = change in internal energy + work done by system

So, some of the energy supplied via heat is stored in the system (as an increase in the internal energy), and some comes out of the system in the form of work done on the environment.

But the real mechanics of what's happening are a bit more subtle:

Energy enters the system as heat.

The internal energy increases causing the system to expand.

This expansion does work on the environment and uses up some of the internal energy, so the internal energy decreases.

  
For a constant pressure expansion, the decrease in internal energy due to work is less than the increase due to heat, so that overall, the internal energy increases.

For a constant temperature expansion (in an ideal gas), the decrease in internal energy due to work is the same as the increase due to heat, so that overall, the internal energy stays constant.","&lt;div class=""md""&gt;&lt;p&gt;The former.&lt;/p&gt;

&lt;p&gt;As the heat is supplied, the internal energy increases. If the system is free to expand then some of this internal energy will be used to do work.&lt;/p&gt;

&lt;p&gt;The first law of thermodynamics states:&lt;/p&gt;

&lt;p&gt;heat = change in internal energy + work done by system&lt;/p&gt;

&lt;p&gt;So, some of the energy supplied via heat is stored in the system (as an increase in the internal energy), and some comes out of the system in the form of work done on the environment.&lt;/p&gt;

&lt;p&gt;But the real mechanics of what&amp;#39;s happening are a bit more subtle:&lt;/p&gt;

&lt;p&gt;Energy enters the system as heat.&lt;/p&gt;

&lt;p&gt;The internal energy increases causing the system to expand.&lt;/p&gt;

&lt;p&gt;This expansion does work on the environment and uses up some of the internal energy, so the internal energy decreases.&lt;/p&gt;

&lt;p&gt;For a constant pressure expansion, the decrease in internal energy due to work is less than the increase due to heat, so that overall, the internal energy increases.&lt;/p&gt;

&lt;p&gt;For a constant temperature expansion (in an ideal gas), the decrease in internal energy due to work is the same as the increase due to heat, so that overall, the internal energy stays constant.&lt;/p&gt;
&lt;/div&gt;",False,False,False,,,,,0,1714055994.0,1714055994.0,0,,0,False,0,{},l17giu9,False,,t3_1ccs714,False,,,,[],t1_l17giu9,True,,t3_1ccs714,/r/AskPhysics/comments/1ccs714/in_a_thermodynamics_process_as_heat_is_supplied/l17giu9/,,"{'kind': 'Listing', 'data': {'after': None, 'dist': None, 'modhash': None, 'geo_filter': '', 'children': [{'kind': 't1', 'data': {'subreddit_id': 't5_2sumo', 'approved_at_utc': None, 'author_is_blocked': False, 'comment_type': None, 'awarders': [], 'mod_reason_by': None, 'banned_by': None, 'author_flair_type': 'text', 'total_awards_received': 0, 'subreddit': 'AskPhysics', 'author_flair_template_id': None, 'likes': None, 'replies': {'kind': 'Listing', 'data': {'after': None, 'dist': None, 'modhash': None, 'geo_filter': '', 'children': [{'kind': 't1', 'data': {'subreddit_id': 't5_2sumo', 'approved_at_utc': None, 'author_is_blocked': False, 'comment_type': None, 'awarders': [], 'mod_reason_by': None, 'banned_by': None, 'author_flair_type': 'text', 'total_awards_received': 0, 'subreddit': 'AskPhysics', 'author_flair_template_id': None, 'likes': None, 'replies': '', 'user_reports': [], 'saved': False, 'id': 'l17w743', 'banned_at_utc': None, 'mod_reason_title': None, 'gilded': 0, 'archived': False, 'collapsed_reason_code': None, 'no_follow': True, 'author': 'Hairy_Cake_Lynam', 'can_mod_post': False, 'send_replies': True, 'parent_id': 't1_l17papz', 'score': 1, 'author_fullname': 't2_7sth0', 'removal_reason': None, 'approved_by': None, 'mod_note': None, 'all_awardings': [], 'body': 'Right.\n\nIf the volume is held constant then the system cannot do work. So all the heat goes to change the internal energy.', 'edited': False, 'top_awarded_type': None, 'downs': 0, 'author_flair_css_class': None, 'name': 't1_l17w743', 'is_submitter': False, 'collapsed': False, 'author_flair_richtext': [], 'author_patreon_flair': False, 'body_html': '&lt;div class=""md""&gt;&lt;p&gt;Right.&lt;/p&gt;\n\n&lt;p&gt;If the volume is held constant then the system cannot do work. So all the heat goes to change the internal energy.&lt;/p&gt;\n&lt;/div&gt;', 'gildings': {}, 'collapsed_reason': None, 'distinguished': None, 'associated_award': None, 'stickied': False, 'author_premium': False, 'can_gild': False, 'link_id': 't3_1ccs714', 'unrepliable_reason': None, 'author_flair_text_color': None, 'score_hidden': False, 'permalink': '/r/AskPhysics/comments/1ccs714/in_a_thermodynamics_process_as_heat_is_supplied/l17w743/', 'subreddit_type': 'public', 'locked': False, 'report_reasons': None, 'created': 1714061171.0, 'author_flair_text': None, 'treatment_tags': [], 'created_utc': 1714061171.0, 'subreddit_name_prefixed': 'r/AskPhysics', 'controversiality': 0, 'depth': 2, 'author_flair_background_color': None, 'collapsed_because_crowd_control': None, 'mod_reports': [], 'num_reports': None, 'ups': 1}}], 'before': None}}, 'user_reports': [], 'saved': False, 'id': 'l17papz', 'banned_at_utc': None, 'mod_reason_title': None, 'gilded': 0, 'archived': False, 'collapsed_reason_code': None, 'no_follow': True, 'author': 'penguinsandpandas00', 'can_mod_post': False, 'created_utc': 1714058903.0, 'send_replies': True, 'parent_id': 't1_l17giu9', 'score': 1, 'author_fullname': 't2_aerml4yt', 'removal_reason': None, 'approved_by': None, 'mod_note': None, 'all_awardings': [], 'body': 'so in an isochoric process, where q=u, the heat supplied is only used to raise the internal energy, none of which is used up to do work?', 'edited': False, 'top_awarded_type': None, 'author_flair_css_class': None, 'name': 't1_l17papz', 'is_submitter': True, 'downs': 0, 'author_flair_richtext': [], 'author_patreon_flair': False, 'body_html': '&lt;div class=""md""&gt;&lt;p&gt;so in an isochoric process, where q=u, the heat supplied is only used to raise the internal energy, none of which is used up to do work?&lt;/p&gt;\n&lt;/div&gt;', 'gildings': {}, 'collapsed_reason': None, 'distinguished': None, 'associated_award': None, 'stickied': False, 'author_premium': False, 'can_gild': False, 'link_id': 't3_1ccs714', 'unrepliable_reason': None, 'author_flair_text_color': None, 'score_hidden': False, 'permalink': '/r/AskPhysics/comments/1ccs714/in_a_thermodynamics_process_as_heat_is_supplied/l17papz/', 'subreddit_type': 'public', 'locked': False, 'report_reasons': None, 'created': 1714058903.0, 'author_flair_text': None, 'treatment_tags': [], 'collapsed': False, 'subreddit_name_prefixed': 'r/AskPhysics', 'controversiality': 0, 'depth': 1, 'author_flair_background_color': None, 'collapsed_because_crowd_control': None, 'mod_reports': [], 'num_reports': None, 'ups': 1}}], 'before': None}}",,False,1,False,True,False,AskPhysics,t5_2sumo,r/AskPhysics,public,,0,[],,1,[],t1
data_1,[],,,False,,Chemomechanics,,mat,[],,Materials science,dark,text,t2_61sm0,False,False,False,[],,,"Heating is energy transit through a boundary driven by a temperature difference. “Heat” is not a thing contained in a body—that’s essentially the debunked theory of [caloric](https://en.wikipedia.org/wiki/Caloric_theory).

If the body expands upon heating, output work is done that decreases the internal energy. If it contracts, input work increases the internal energy. If the heating is isochoric, no work is done. ","&lt;div class=""md""&gt;&lt;p&gt;Heating is energy transit through a boundary driven by a temperature difference. “Heat” is not a thing contained in a body—that’s essentially the debunked theory of &lt;a href=""https://en.wikipedia.org/wiki/Caloric_theory""&gt;caloric&lt;/a&gt;.&lt;/p&gt;

&lt;p&gt;If the body expands upon heating, output work is done that decreases the internal energy. If it contracts, input work increases the internal energy. If the heating is isochoric, no work is done. &lt;/p&gt;
&lt;/div&gt;",False,False,False,,,,,0,1714061335.0,1714061335.0,0,,0,False,0,{},l17wp3l,False,,t3_1ccs714,False,,,,[],t1_l17wp3l,True,,t3_1ccs714,/r/AskPhysics/comments/1ccs714/in_a_thermodynamics_process_as_heat_is_supplied/l17wp3l/,,,,False,1,False,True,False,AskPhysics,t5_2sumo,r/AskPhysics,public,,0,[],,1,[],t1
