,all_awardings,approved_at_utc,approved_by,archived,associated_award,author,author_flair_background_color,author_flair_css_class,author_flair_richtext,author_flair_template_id,author_flair_text,author_flair_text_color,author_flair_type,author_fullname,author_is_blocked,author_patreon_flair,author_premium,awarders,banned_at_utc,banned_by,body,body_html,can_gild,can_mod_post,collapsed,collapsed_because_crowd_control,collapsed_reason,collapsed_reason_code,comment_type,controversiality,created,created_utc,depth,distinguished,downs,edited,gilded,gildings,id,is_submitter,likes,link_id,locked,mod_note,mod_reason_by,mod_reason_title,mod_reports,name,no_follow,num_reports,parent_id,permalink,removal_reason,replies,report_reasons,saved,score,score_hidden,send_replies,stickied,subreddit,subreddit_id,subreddit_name_prefixed,subreddit_type,top_awarded_type,total_awards_received,treatment_tags,unrepliable_reason,ups,user_reports,kind
data,[],,,False,,7ieben_,,atom,[],7812a6ec-c6b2-11e4-a485-22000b6e00bb,Biophysical Chemistry,dark,text,t2_bjzsvo2i,False,False,False,[],,,"It's just needed/ a consequence of how the body is defined... just like we have a 0-scalar. There is nothing really more special to it.

But, of course, it has some applications, e.g. in lineare combinations of vectors (testing for linear dependency).","&lt;div class=""md""&gt;&lt;p&gt;It&amp;#39;s just needed/ a consequence of how the body is defined... just like we have a 0-scalar. There is nothing really more special to it.&lt;/p&gt;

&lt;p&gt;But, of course, it has some applications, e.g. in lineare combinations of vectors (testing for linear dependency).&lt;/p&gt;
&lt;/div&gt;",False,False,False,,,,,0,1713969129.0,1713969129.0,0,,0,False,0,{},l11stp6,False,,t3_1cbzhe0,False,,,,[],t1_l11stp6,False,,t3_1cbzhe0,/r/AskPhysics/comments/1cbzhe0/significance_of_zeronull_vector/l11stp6/,,,,False,3,False,True,False,AskPhysics,t5_2sumo,r/AskPhysics,public,,0,[],,3,[],t1
data_1,[],,,False,,PerAsperaDaAstra,,,[],,,,text,t2_10zs7h,False,False,False,[],,,"For most practical uses/calculations it's simply zero - don't overthink things.

That said. There can be ways the symmetry structure of the zero vectors intersecting some subspace can be framed as significant: In Penrose's 'Spinors and Space-time' (v1) he begins the discussion of spinors by examining the parity properties of the null-4-vectors as two families of 2-spheres in space.","&lt;div class=""md""&gt;&lt;p&gt;For most practical uses/calculations it&amp;#39;s simply zero - don&amp;#39;t overthink things.&lt;/p&gt;

&lt;p&gt;That said. There can be ways the symmetry structure of the zero vectors intersecting some subspace can be framed as significant: In Penrose&amp;#39;s &amp;#39;Spinors and Space-time&amp;#39; (v1) he begins the discussion of spinors by examining the parity properties of the null-4-vectors as two families of 2-spheres in space.&lt;/p&gt;
&lt;/div&gt;",False,False,False,,,,,0,1713982181.0,1713982181.0,0,,0,1713982622.0,0,{},l12vt8n,False,,t3_1cbzhe0,False,,,,[],t1_l12vt8n,True,,t3_1cbzhe0,/r/AskPhysics/comments/1cbzhe0/significance_of_zeronull_vector/l12vt8n/,,,,False,1,False,True,False,AskPhysics,t5_2sumo,r/AskPhysics,public,,0,[],,1,[],t1
data_2,[],,,False,,jayanti94,,,[],,,,text,t2_v7pa5spbg,False,False,False,[],,,"What are its applications, or significance? can you give me any example?","&lt;div class=""md""&gt;&lt;p&gt;What are its applications, or significance? can you give me any example?&lt;/p&gt;
&lt;/div&gt;",False,False,False,,,,,0,1713968604.0,1713968604.0,0,,0,False,0,{},l11rc0u,True,,t3_1cbzhe0,False,,,,[],t1_l11rc0u,True,,t3_1cbzhe0,/r/AskPhysics/comments/1cbzhe0/significance_of_zeronull_vector/l11rc0u/,,"{'kind': 'Listing', 'data': {'after': None, 'dist': None, 'modhash': None, 'geo_filter': '', 'children': [{'kind': 't1', 'data': {'subreddit_id': 't5_2sumo', 'approved_at_utc': None, 'author_is_blocked': False, 'comment_type': None, 'awarders': [], 'mod_reason_by': None, 'banned_by': None, 'author_flair_type': 'text', 'total_awards_received': 0, 'subreddit': 'AskPhysics', 'author_flair_template_id': None, 'likes': None, 'replies': {'kind': 'Listing', 'data': {'after': None, 'dist': None, 'modhash': None, 'geo_filter': '', 'children': [{'kind': 't1', 'data': {'subreddit_id': 't5_2sumo', 'approved_at_utc': None, 'author_is_blocked': False, 'comment_type': None, 'awarders': [], 'mod_reason_by': None, 'banned_by': None, 'author_flair_type': 'text', 'total_awards_received': 0, 'subreddit': 'AskPhysics', 'author_flair_template_id': None, 'likes': None, 'replies': '', 'user_reports': [], 'saved': False, 'id': 'l11zkc6', 'banned_at_utc': None, 'mod_reason_title': None, 'gilded': 0, 'archived': False, 'collapsed_reason_code': None, 'no_follow': True, 'author': 'jayanti94', 'can_mod_post': False, 'send_replies': True, 'parent_id': 't1_l11wc50', 'score': 1, 'author_fullname': 't2_v7pa5spbg', 'removal_reason': None, 'approved_by': None, 'mod_note': None, 'all_awardings': [], 'body': 'thank you', 'edited': False, 'top_awarded_type': None, 'downs': 0, 'author_flair_css_class': None, 'name': 't1_l11zkc6', 'is_submitter': True, 'collapsed': False, 'author_flair_richtext': [], 'author_patreon_flair': False, 'body_html': '&lt;div class=""md""&gt;&lt;p&gt;thank you&lt;/p&gt;\n&lt;/div&gt;', 'gildings': {}, 'collapsed_reason': None, 'distinguished': None, 'associated_award': None, 'stickied': False, 'author_premium': False, 'can_gild': False, 'link_id': 't3_1cbzhe0', 'unrepliable_reason': None, 'author_flair_text_color': None, 'score_hidden': False, 'permalink': '/r/AskPhysics/comments/1cbzhe0/significance_of_zeronull_vector/l11zkc6/', 'subreddit_type': 'public', 'locked': False, 'report_reasons': None, 'created': 1713971464.0, 'author_flair_text': None, 'treatment_tags': [], 'created_utc': 1713971464.0, 'subreddit_name_prefixed': 'r/AskPhysics', 'controversiality': 0, 'depth': 2, 'author_flair_background_color': None, 'collapsed_because_crowd_control': None, 'mod_reports': [], 'num_reports': None, 'ups': 1}}], 'before': None}}, 'user_reports': [], 'saved': False, 'id': 'l11wc50', 'banned_at_utc': None, 'mod_reason_title': None, 'gilded': 0, 'archived': False, 'collapsed_reason_code': None, 'no_follow': True, 'author': 'thephoton', 'can_mod_post': False, 'created_utc': 1713970352.0, 'send_replies': True, 'parent_id': 't1_l11rc0u', 'score': 3, 'author_fullname': 't2_v954', 'removal_reason': None, 'approved_by': None, 'mod_note': None, 'all_awardings': [], 'body': 'If you want to know the velocity of something that isn\'t moving.\n\nIf you want to know the position of something that is located at the origin of your coordinate system.\n\nThe significance is that there isn\'t a ""hole"" in the middle of your vector space.', 'edited': False, 'top_awarded_type': None, 'author_flair_css_class': None, 'name': 't1_l11wc50', 'is_submitter': False, 'downs': 0, 'author_flair_richtext': [], 'author_patreon_flair': False, 'body_html': '&lt;div class=""md""&gt;&lt;p&gt;If you want to know the velocity of something that isn&amp;#39;t moving.&lt;/p&gt;\n\n&lt;p&gt;If you want to know the position of something that is located at the origin of your coordinate system.&lt;/p&gt;\n\n&lt;p&gt;The significance is that there isn&amp;#39;t a &amp;quot;hole&amp;quot; in the middle of your vector space.&lt;/p&gt;\n&lt;/div&gt;', 'gildings': {}, 'collapsed_reason': None, 'distinguished': None, 'associated_award': None, 'stickied': False, 'author_premium': False, 'can_gild': False, 'link_id': 't3_1cbzhe0', 'unrepliable_reason': None, 'author_flair_text_color': None, 'score_hidden': False, 'permalink': '/r/AskPhysics/comments/1cbzhe0/significance_of_zeronull_vector/l11wc50/', 'subreddit_type': 'public', 'locked': False, 'report_reasons': None, 'created': 1713970352.0, 'author_flair_text': None, 'treatment_tags': [], 'collapsed': False, 'subreddit_name_prefixed': 'r/AskPhysics', 'controversiality': 0, 'depth': 1, 'author_flair_background_color': None, 'collapsed_because_crowd_control': None, 'mod_reports': [], 'num_reports': None, 'ups': 3}}], 'before': None}}",,False,1,False,True,False,AskPhysics,t5_2sumo,r/AskPhysics,public,,0,[],,1,[],t1
