,[],,,False,,mofo69extreme,,,[],,,,text,t2_e8rdr,False,False,False,[],,,"I had never heard of this, but I seem to have found the paper, and it’s really cool! Here/s the link: https://www.sciencedirect.com/science/article/abs/pii/0550321376905253

The consequence of this paper which applies most directly to quarks is that if a particle has an electric charge q and carries charge under an SU(N) gauge theory, then the relation between electric charge q and magnetic charge m becomes

qm = n/2N,

where n is an integer. It turns out that the monopoles must transform in the center of SU(N) (i.e. ZN, and I believe in the n representation where n is the same integer), so they have color charge by necessity.","&lt;div class=""md""&gt;&lt;p&gt;I had never heard of this, but I seem to have found the paper, and it’s really cool! Here/s the link: &lt;a href=""https://www.sciencedirect.com/science/article/abs/pii/0550321376905253""&gt;https://www.sciencedirect.com/science/article/abs/pii/0550321376905253&lt;/a&gt;&lt;/p&gt;

&lt;p&gt;The consequence of this paper which applies most directly to quarks is that if a particle has an electric charge q and carries charge under an SU(N) gauge theory, then the relation between electric charge q and magnetic charge m becomes&lt;/p&gt;

&lt;p&gt;qm = n/2N,&lt;/p&gt;

&lt;p&gt;where n is an integer. It turns out that the monopoles must transform in the center of SU(N) (i.e. ZN, and I believe in the n representation where n is the same integer), so they have color charge by necessity.&lt;/p&gt;
&lt;/div&gt;",False,False,False,,,,,0,1714003993.0,1714003993.0,0,,0,False,0,{},l14ltg2,False,,t3_1cc4p27,False,,,,[],t1_l14ltg2,True,,t3_1cc4p27,/r/AskPhysics/comments/1cc4p27/what_is_tong_saying/l14ltg2/,,"{'kind': 'Listing', 'data': {'after': None, 'dist': None, 'modhash': None, 'geo_filter': '', 'children': [{'kind': 't1', 'data': {'subreddit_id': 't5_2sumo', 'approved_at_utc': None, 'author_is_blocked': False, 'comment_type': None, 'awarders': [], 'mod_reason_by': None, 'banned_by': None, 'author_flair_type': 'text', 'total_awards_received': 0, 'subreddit': 'AskPhysics', 'author_flair_template_id': '9245fcd0-c6b2-11e4-9133-22000b6e00bb', 'likes': None, 'replies': '', 'user_reports': [], 'saved': False, 'id': 'l15x4d8', 'banned_at_utc': None, 'mod_reason_title': None, 'gilded': 0, 'archived': False, 'collapsed_reason_code': None, 'no_follow': True, 'author': 'GammaCatastrophe', 'can_mod_post': False, 'created_utc': 1714025885.0, 'send_replies': True, 'parent_id': 't1_l14ltg2', 'score': 1, 'author_fullname': 't2_ym9ipy97y', 'removal_reason': None, 'approved_by': None, 'mod_note': None, 'all_awardings': [], 'body': ""Wow that's pretty cool. Monopoles would transform under the dimensional representation **3** like quarks and would therefore have Chromomagnetic charge. Btw so they'd not be subject to Confinement?"", 'edited': 1714200050.0, 'top_awarded_type': None, 'author_flair_css_class': 'inter', 'name': 't1_l15x4d8', 'is_submitter': True, 'downs': 0, 'author_flair_richtext': [], 'author_patreon_flair': False, 'body_html': '&lt;div class=""md""&gt;&lt;p&gt;Wow that&amp;#39;s pretty cool. Monopoles would transform under the dimensional representation &lt;strong&gt;3&lt;/strong&gt; like quarks and would therefore have Chromomagnetic charge. Btw so they&amp;#39;d not be subject to Confinement?&lt;/p&gt;\n&lt;/div&gt;', 'gildings': {}, 'collapsed_reason': None, 'distinguished': None, 'associated_award': None, 'stickied': False, 'author_premium': False, 'can_gild': False, 'link_id': 't3_1cc4p27', 'unrepliable_reason': None, 'author_flair_text_color': 'dark', 'score_hidden': False, 'permalink': '/r/AskPhysics/comments/1cc4p27/what_is_tong_saying/l15x4d8/', 'subreddit_type': 'public', 'locked': False, 'report_reasons': None, 'created': 1714025885.0, 'author_flair_text': 'Statistical and nonlinear physics', 'treatment_tags': [], 'collapsed': False, 'subreddit_name_prefixed': 'r/AskPhysics', 'controversiality': 0, 'depth': 1, 'author_flair_background_color': None, 'collapsed_because_crowd_control': None, 'mod_reports': [], 'num_reports': None, 'ups': 1}}], 'before': None}}",,False,2,False,True,False,AskPhysics,t5_2sumo,r/AskPhysics,public,,0,[],,2,[],t1
data,[],,,False,,mofo69extreme,,,[],,,,text,t2_e8rdr,False,False,False,[],,,"I had never heard of this, but I seem to have found the paper, and it’s really cool! Here/s the link: https://www.sciencedirect.com/science/article/abs/pii/0550321376905253

The consequence of this paper which applies most directly to quarks is that if a particle has an electric charge q and carries charge under an SU(N) gauge theory, then the relation between electric charge q and magnetic charge m becomes

qm = n/2N,

where n is an integer. It turns out that the monopoles must transform in the center of SU(N) (i.e. ZN, and I believe in the n representation where n is the same integer), so they have color charge by necessity.","&lt;div class=""md""&gt;&lt;p&gt;I had never heard of this, but I seem to have found the paper, and it’s really cool! Here/s the link: &lt;a href=""https://www.sciencedirect.com/science/article/abs/pii/0550321376905253""&gt;https://www.sciencedirect.com/science/article/abs/pii/0550321376905253&lt;/a&gt;&lt;/p&gt;

&lt;p&gt;The consequence of this paper which applies most directly to quarks is that if a particle has an electric charge q and carries charge under an SU(N) gauge theory, then the relation between electric charge q and magnetic charge m becomes&lt;/p&gt;

&lt;p&gt;qm = n/2N,&lt;/p&gt;

&lt;p&gt;where n is an integer. It turns out that the monopoles must transform in the center of SU(N) (i.e. ZN, and I believe in the n representation where n is the same integer), so they have color charge by necessity.&lt;/p&gt;
&lt;/div&gt;",False,False,False,,,,,0,1714003993.0,1714003993.0,0,,0,False,0,{},l14ltg2,False,,t3_1cc4p27,False,,,,[],t1_l14ltg2,True,,t3_1cc4p27,/r/AskPhysics/comments/1cc4p27/what_is_tong_saying/l14ltg2/,,"{'kind': 'Listing', 'data': {'after': None, 'dist': None, 'modhash': None, 'geo_filter': '', 'children': [{'kind': 't1', 'data': {'subreddit_id': 't5_2sumo', 'approved_at_utc': None, 'author_is_blocked': False, 'comment_type': None, 'awarders': [], 'mod_reason_by': None, 'banned_by': None, 'author_flair_type': 'text', 'total_awards_received': 0, 'subreddit': 'AskPhysics', 'author_flair_template_id': '9245fcd0-c6b2-11e4-9133-22000b6e00bb', 'likes': None, 'replies': '', 'user_reports': [], 'saved': False, 'id': 'l15x4d8', 'banned_at_utc': None, 'mod_reason_title': None, 'gilded': 0, 'archived': False, 'collapsed_reason_code': None, 'no_follow': True, 'author': 'GammaCatastrophe', 'can_mod_post': False, 'created_utc': 1714025885.0, 'send_replies': True, 'parent_id': 't1_l14ltg2', 'score': 1, 'author_fullname': 't2_ym9ipy97y', 'removal_reason': None, 'approved_by': None, 'mod_note': None, 'all_awardings': [], 'body': ""Wow that's pretty cool. Monopoles would transform under the dimensional representation **3** like quarks and would therefore have Chromomagnetic charge. Btw so they'd not be subject to Confinement?"", 'edited': 1714200050.0, 'top_awarded_type': None, 'author_flair_css_class': 'inter', 'name': 't1_l15x4d8', 'is_submitter': True, 'downs': 0, 'author_flair_richtext': [], 'author_patreon_flair': False, 'body_html': '&lt;div class=""md""&gt;&lt;p&gt;Wow that&amp;#39;s pretty cool. Monopoles would transform under the dimensional representation &lt;strong&gt;3&lt;/strong&gt; like quarks and would therefore have Chromomagnetic charge. Btw so they&amp;#39;d not be subject to Confinement?&lt;/p&gt;\n&lt;/div&gt;', 'gildings': {}, 'collapsed_reason': None, 'distinguished': None, 'associated_award': None, 'stickied': False, 'author_premium': False, 'can_gild': False, 'link_id': 't3_1cc4p27', 'unrepliable_reason': None, 'author_flair_text_color': 'dark', 'score_hidden': False, 'permalink': '/r/AskPhysics/comments/1cc4p27/what_is_tong_saying/l15x4d8/', 'subreddit_type': 'public', 'locked': False, 'report_reasons': None, 'created': 1714025885.0, 'author_flair_text': 'Statistical and nonlinear physics', 'treatment_tags': [], 'collapsed': False, 'subreddit_name_prefixed': 'r/AskPhysics', 'controversiality': 0, 'depth': 1, 'author_flair_background_color': None, 'collapsed_because_crowd_control': None, 'mod_reports': [], 'num_reports': None, 'ups': 1}}], 'before': None}}",,False,2,False,True,False,AskPhysics,t5_2sumo,r/AskPhysics,public,,0,[],,2,[],t1
