,all_awardings,approved_at_utc,approved_by,archived,associated_award,author,author_flair_background_color,author_flair_css_class,author_flair_richtext,author_flair_template_id,author_flair_text,author_flair_text_color,author_flair_type,author_fullname,author_is_blocked,author_patreon_flair,author_premium,awarders,banned_at_utc,banned_by,body,body_html,can_gild,can_mod_post,collapsed,collapsed_because_crowd_control,collapsed_reason,collapsed_reason_code,comment_type,controversiality,created,created_utc,depth,distinguished,downs,edited,gilded,gildings,id,is_submitter,likes,link_id,locked,mod_note,mod_reason_by,mod_reason_title,mod_reports,name,no_follow,num_reports,parent_id,permalink,removal_reason,replies,report_reasons,saved,score,score_hidden,send_replies,stickied,subreddit,subreddit_id,subreddit_name_prefixed,subreddit_type,top_awarded_type,total_awards_received,treatment_tags,unrepliable_reason,ups,user_reports,kind
data,[],,,False,,MarinatedPickachu,,,[],,,,text,t2_bwdb8qqfj,False,False,False,[],,,"&gt; We can't loop back around to where we came from by going a single direction

That's not correct. In a positively curved, simply connected universe, or in a flat, multiply connected universe that would be exactly what would happen.

And no, there hasn't to be a boundary - at least not the kind of 2 dimensional boundary that separates one 3d volume from another. It could only be that our 3d space *is* a three dimensional boundary between two higher dimensional spaces, and only if it were embedded in one (for which there is no evidence). In any case, you could not perceive such a boundary in the same way as a 2 dimensional being living in the surface of a sphere could not perceive that 2d surface as being the boundary of the 3D sphere against its 3D environment.

Besides that, there's no space outside of space. Something can only ""be at"" inside of space. So the question is invalid to begin with. The universe doesn't expand into anything - not even ""nothingness"". To expand into something, the universe would have to be embedded in a larger 3d space - but by definition, that would make that 3d space part of the universe.","&lt;div class=""md""&gt;&lt;blockquote&gt;
&lt;p&gt;We can&amp;#39;t loop back around to where we came from by going a single direction&lt;/p&gt;
&lt;/blockquote&gt;

&lt;p&gt;That&amp;#39;s not correct. In a positively curved, simply connected universe, or in a flat, multiply connected universe that would be exactly what would happen.&lt;/p&gt;

&lt;p&gt;And no, there hasn&amp;#39;t to be a boundary - at least not the kind of 2 dimensional boundary that separates one 3d volume from another. It could only be that our 3d space &lt;em&gt;is&lt;/em&gt; a three dimensional boundary between two higher dimensional spaces, and only if it were embedded in one (for which there is no evidence). In any case, you could not perceive such a boundary in the same way as a 2 dimensional being living in the surface of a sphere could not perceive that 2d surface as being the boundary of the 3D sphere against its 3D environment.&lt;/p&gt;

&lt;p&gt;Besides that, there&amp;#39;s no space outside of space. Something can only &amp;quot;be at&amp;quot; inside of space. So the question is invalid to begin with. The universe doesn&amp;#39;t expand into anything - not even &amp;quot;nothingness&amp;quot;. To expand into something, the universe would have to be embedded in a larger 3d space - but by definition, that would make that 3d space part of the universe.&lt;/p&gt;
&lt;/div&gt;",False,False,False,,,,,0,1714028469.0,1714028469.0,0,,0,1714049130.0,0,{},l160ykw,False,,t3_1cckrum,False,,,,[],t1_l160ykw,False,,t3_1cckrum,/r/AskPhysics/comments/1cckrum/what_exactly_is_or_can_be_beyond_the_boundary_of/l160ykw/,,"{'kind': 'Listing', 'data': {'after': None, 'dist': None, 'modhash': None, 'geo_filter': '', 'children': [{'kind': 't1', 'data': {'subreddit_id': 't5_2sumo', 'approved_at_utc': None, 'author_is_blocked': False, 'comment_type': None, 'awarders': [], 'mod_reason_by': None, 'banned_by': None, 'author_flair_type': 'text', 'total_awards_received': 0, 'subreddit': 'AskPhysics', 'author_flair_template_id': None, 'likes': None, 'replies': {'kind': 'Listing', 'data': {'after': None, 'dist': None, 'modhash': None, 'geo_filter': '', 'children': [{'kind': 't1', 'data': {'subreddit_id': 't5_2sumo', 'approved_at_utc': None, 'author_is_blocked': False, 'comment_type': None, 'awarders': [], 'mod_reason_by': None, 'banned_by': None, 'author_flair_type': 'text', 'total_awards_received': 0, 'subreddit': 'AskPhysics', 'author_flair_template_id': None, 'likes': None, 'replies': '', 'user_reports': [], 'saved': False, 'id': 'l16krcx', 'banned_at_utc': None, 'mod_reason_title': None, 'gilded': 0, 'archived': False, 'collapsed_reason_code': None, 'no_follow': True, 'author': 'cygx', 'can_mod_post': False, 'send_replies': True, 'parent_id': 't1_l16d707', 'score': 3, 'author_fullname': 't2_bs9jq', 'removal_reason': None, 'approved_by': None, 'mod_note': None, 'all_awardings': [], 'body': 'First, note that we make a distinction between geometry (angles, lengths, curvature, ...) and topology (boundaries, holes, connectedness, ...). We normally assume that the universe has no boundary to avoid that whole quagmire of ""what\'s beyond the boundary?"". Let\'s reduce the dimension of the problem and look at some two-dimensional examples:\n\nFirst, there\'s the infinite plane, which is flat, has no holes and has an infinite area. Then, there\'s the sphere, which also has no holes but only a finite surface area. Finally, there\'s the torus (a doughnut shape), which also has a finite surface area, but does have a hole. We can talk about holes without having to assume that the shape is embedded into some larger space: For example, if we have a closed curve that winds around the hole, that curve cannot be contracted into a point.\n\nNow, let\'s get into the difference between topology and geometry: It is possible to endow a topological space with different geometries. As a simple example, we could rescale lengths, changing the total area. However, topology places constraints on geometry: We can prove that it is impossible to make a sphere flat. But what we can do is make a flat torus: This is pacman world, where if you leave the (flat!) screen on the right, you re-enter on the left (and vice versa), and if you leave at the bottom, you re-enter at the top (and vice versa).\n\nIt turns out that the universe appears to be close to spatially flat. The most simple space that has this property would be an inifinite hyperplane. However, all measurements have error bars, so it could very well be that it is curved (eg it could be a hypersphere), but that spatial curvature is too small to detect. And even if space is flat, it could have non-trivial topology like the flat torus. In principle, that would mess up isotropy of space (ie different spatial directions would no longer all be the same), but in practice, we might be unable to detect this: Thanks to the accelerated expansion of space, there\'s a comic event horizon, and parts of the universe are hidden from us. So if something interesting only becomes detectable on large enough scales, we would never know.', 'edited': 1714042809.0, 'top_awarded_type': None, 'downs': 0, 'author_flair_css_class': None, 'name': 't1_l16krcx', 'is_submitter': False, 'collapsed': False, 'author_flair_richtext': [], 'author_patreon_flair': False, 'body_html': '&lt;div class=""md""&gt;&lt;p&gt;First, note that we make a distinction between geometry (angles, lengths, curvature, ...) and topology (boundaries, holes, connectedness, ...). We normally assume that the universe has no boundary to avoid that whole quagmire of &amp;quot;what&amp;#39;s beyond the boundary?&amp;quot;. Let&amp;#39;s reduce the dimension of the problem and look at some two-dimensional examples:&lt;/p&gt;\n\n&lt;p&gt;First, there&amp;#39;s the infinite plane, which is flat, has no holes and has an infinite area. Then, there&amp;#39;s the sphere, which also has no holes but only a finite surface area. Finally, there&amp;#39;s the torus (a doughnut shape), which also has a finite surface area, but does have a hole. We can talk about holes without having to assume that the shape is embedded into some larger space: For example, if we have a closed curve that winds around the hole, that curve cannot be contracted into a point.&lt;/p&gt;\n\n&lt;p&gt;Now, let&amp;#39;s get into the difference between topology and geometry: It is possible to endow a topological space with different geometries. As a simple example, we could rescale lengths, changing the total area. However, topology places constraints on geometry: We can prove that it is impossible to make a sphere flat. But what we can do is make a flat torus: This is pacman world, where if you leave the (flat!) screen on the right, you re-enter on the left (and vice versa), and if you leave at the bottom, you re-enter at the top (and vice versa).&lt;/p&gt;\n\n&lt;p&gt;It turns out that the universe appears to be close to spatially flat. The most simple space that has this property would be an inifinite hyperplane. However, all measurements have error bars, so it could very well be that it is curved (eg it could be a hypersphere), but that spatial curvature is too small to detect. And even if space is flat, it could have non-trivial topology like the flat torus. In principle, that would mess up isotropy of space (ie different spatial directions would no longer all be the same), but in practice, we might be unable to detect this: Thanks to the accelerated expansion of space, there&amp;#39;s a comic event horizon, and parts of the universe are hidden from us. So if something interesting only becomes detectable on large enough scales, we would never know.&lt;/p&gt;\n&lt;/div&gt;', 'gildings': {}, 'collapsed_reason': None, 'distinguished': None, 'associated_award': None, 'stickied': False, 'author_premium': False, 'can_gild': False, 'link_id': 't3_1cckrum', 'unrepliable_reason': None, 'author_flair_text_color': None, 'score_hidden': False, 'permalink': '/r/AskPhysics/comments/1cckrum/what_exactly_is_or_can_be_beyond_the_boundary_of/l16krcx/', 'subreddit_type': 'public', 'locked': False, 'report_reasons': None, 'created': 1714042541.0, 'author_flair_text': None, 'treatment_tags': [], 'created_utc': 1714042541.0, 'subreddit_name_prefixed': 'r/AskPhysics', 'controversiality': 0, 'depth': 2, 'author_flair_background_color': None, 'collapsed_because_crowd_control': None, 'mod_reports': [], 'num_reports': None, 'ups': 3}}, {'kind': 't1', 'data': {'subreddit_id': 't5_2sumo', 'approved_at_utc': None, 'author_is_blocked': False, 'comment_type': None, 'awarders': [], 'mod_reason_by': None, 'banned_by': None, 'author_flair_type': 'text', 'total_awards_received': 0, 'subreddit': 'AskPhysics', 'author_flair_template_id': None, 'likes': None, 'replies': '', 'user_reports': [], 'saved': False, 'id': 'l16k7pa', 'banned_at_utc': None, 'mod_reason_title': None, 'gilded': 0, 'archived': False, 'collapsed_reason_code': None, 'no_follow': True, 'author': 'MarinatedPickachu', 'can_mod_post': False, 'send_replies': True, 'parent_id': 't1_l16d707', 'score': 2, 'author_fullname': 't2_bwdb8qqfj', 'removal_reason': None, 'approved_by': None, 'mod_note': None, 'all_awardings': [], 'body': 'The surface of a sphere is simply connected, the surface of a torus is not: https://en.m.wikipedia.org/wiki/Simply_connected_space\n\nThere are higher dimensional equivalents of these examples, which our 3d space could be a surface of', 'edited': False, 'top_awarded_type': None, 'downs': 0, 'author_flair_css_class': None, 'name': 't1_l16k7pa', 'is_submitter': False, 'collapsed': False, 'author_flair_richtext': [], 'author_patreon_flair': False, 'body_html': '&lt;div class=""md""&gt;&lt;p&gt;The surface of a sphere is simply connected, the surface of a torus is not: &lt;a href=""https://en.m.wikipedia.org/wiki/Simply_connected_space""&gt;https://en.m.wikipedia.org/wiki/Simply_connected_space&lt;/a&gt;&lt;/p&gt;\n\n&lt;p&gt;There are higher dimensional equivalents of these examples, which our 3d space could be a surface of&lt;/p&gt;\n&lt;/div&gt;', 'gildings': {}, 'collapsed_reason': None, 'distinguished': None, 'associated_award': None, 'stickied': False, 'author_premium': False, 'can_gild': False, 'link_id': 't3_1cckrum', 'unrepliable_reason': None, 'author_flair_text_color': None, 'score_hidden': False, 'permalink': '/r/AskPhysics/comments/1cckrum/what_exactly_is_or_can_be_beyond_the_boundary_of/l16k7pa/', 'subreddit_type': 'public', 'locked': False, 'report_reasons': None, 'created': 1714042221.0, 'author_flair_text': None, 'treatment_tags': [], 'created_utc': 1714042221.0, 'subreddit_name_prefixed': 'r/AskPhysics', 'controversiality': 0, 'depth': 2, 'author_flair_background_color': None, 'collapsed_because_crowd_control': None, 'mod_reports': [], 'num_reports': None, 'ups': 2}}], 'before': None}}, 'user_reports': [], 'saved': False, 'id': 'l16d707', 'banned_at_utc': None, 'mod_reason_title': None, 'gilded': 0, 'archived': False, 'collapsed_reason_code': None, 'no_follow': False, 'author': 'MrKguy', 'can_mod_post': False, 'created_utc': 1714037535.0, 'send_replies': True, 'parent_id': 't1_l160ykw', 'score': 4, 'author_fullname': 't2_lwctu', 'removal_reason': None, 'approved_by': None, 'mod_note': None, 'all_awardings': [], 'body': 'I appreciate this answer, thank you! So the universe expands away from itself, yet not out into anything else, regardless of it being infinite or finite. I can wrap my head around that. \n\n&gt;simply connected universe, or in a flat, multiply connected universe that would be exactly what would happen.\n\nCan you expand on this? What does simply or multiply connected mean, and how does the latter enable a flat universe to allow a loop like I described?', 'edited': False, 'top_awarded_type': None, 'author_flair_css_class': None, 'name': 't1_l16d707', 'is_submitter': True, 'downs': 0, 'author_flair_richtext': [], 'author_patreon_flair': False, 'body_html': '&lt;div class=""md""&gt;&lt;p&gt;I appreciate this answer, thank you! So the universe expands away from itself, yet not out into anything else, regardless of it being infinite or finite. I can wrap my head around that. &lt;/p&gt;\n\n&lt;blockquote&gt;\n&lt;p&gt;simply connected universe, or in a flat, multiply connected universe that would be exactly what would happen.&lt;/p&gt;\n&lt;/blockquote&gt;\n\n&lt;p&gt;Can you expand on this? What does simply or multiply connected mean, and how does the latter enable a flat universe to allow a loop like I described?&lt;/p&gt;\n&lt;/div&gt;', 'gildings': {}, 'collapsed_reason': None, 'distinguished': None, 'associated_award': None, 'stickied': False, 'author_premium': False, 'can_gild': False, 'link_id': 't3_1cckrum', 'unrepliable_reason': None, 'author_flair_text_color': None, 'score_hidden': False, 'permalink': '/r/AskPhysics/comments/1cckrum/what_exactly_is_or_can_be_beyond_the_boundary_of/l16d707/', 'subreddit_type': 'public', 'locked': False, 'report_reasons': None, 'created': 1714037535.0, 'author_flair_text': None, 'treatment_tags': [], 'collapsed': False, 'subreddit_name_prefixed': 'r/AskPhysics', 'controversiality': 0, 'depth': 1, 'author_flair_background_color': None, 'collapsed_because_crowd_control': None, 'mod_reports': [], 'num_reports': None, 'ups': 4}}, {'kind': 't1', 'data': {'subreddit_id': 't5_2sumo', 'approved_at_utc': None, 'author_is_blocked': False, 'comment_type': None, 'awarders': [], 'mod_reason_by': None, 'banned_by': None, 'author_flair_type': 'text', 'total_awards_received': 0, 'subreddit': 'AskPhysics', 'author_flair_template_id': None, 'likes': None, 'replies': '', 'user_reports': [], 'saved': False, 'id': 'l1b4mwo', 'banned_at_utc': None, 'mod_reason_title': None, 'gilded': 0, 'archived': False, 'collapsed_reason_code': None, 'no_follow': True, 'author': 'LiquidCoal', 'can_mod_post': False, 'created_utc': 1714107437.0, 'send_replies': True, 'parent_id': 't1_l160ykw', 'score': 1, 'author_fullname': 't2_12kths3r', 'removal_reason': None, 'approved_by': None, 'mod_note': None, 'all_awardings': [], 'body': '&gt; positively curved, simply connected universe &amp;hellip; that would be exactly what would happen.\n\nBeing simply connected is an unnecessary qualifier in this context.', 'edited': False, 'top_awarded_type': None, 'author_flair_css_class': None, 'name': 't1_l1b4mwo', 'is_submitter': False, 'downs': 0, 'author_flair_richtext': [], 'author_patreon_flair': False, 'body_html': '&lt;div class=""md""&gt;&lt;blockquote&gt;\n&lt;p&gt;positively curved, simply connected universe &amp;hellip; that would be exactly what would happen.&lt;/p&gt;\n&lt;/blockquote&gt;\n\n&lt;p&gt;Being simply connected is an unnecessary qualifier in this context.&lt;/p&gt;\n&lt;/div&gt;', 'gildings': {}, 'collapsed_reason': None, 'distinguished': None, 'associated_award': None, 'stickied': False, 'author_premium': False, 'can_gild': False, 'link_id': 't3_1cckrum', 'unrepliable_reason': None, 'author_flair_text_color': None, 'score_hidden': False, 'permalink': '/r/AskPhysics/comments/1cckrum/what_exactly_is_or_can_be_beyond_the_boundary_of/l1b4mwo/', 'subreddit_type': 'public', 'locked': False, 'report_reasons': None, 'created': 1714107437.0, 'author_flair_text': None, 'treatment_tags': [], 'collapsed': False, 'subreddit_name_prefixed': 'r/AskPhysics', 'controversiality': 0, 'depth': 1, 'author_flair_background_color': None, 'collapsed_because_crowd_control': None, 'mod_reports': [], 'num_reports': None, 'ups': 1}}, {'kind': 't1', 'data': {'subreddit_id': 't5_2sumo', 'approved_at_utc': None, 'author_is_blocked': False, 'comment_type': None, 'awarders': [], 'mod_reason_by': None, 'banned_by': None, 'author_flair_type': 'text', 'total_awards_received': 0, 'subreddit': 'AskPhysics', 'author_flair_template_id': None, 'likes': None, 'replies': {'kind': 'Listing', 'data': {'after': None, 'dist': None, 'modhash': None, 'geo_filter': '', 'children': [{'kind': 't1', 'data': {'subreddit_id': 't5_2sumo', 'approved_at_utc': None, 'author_is_blocked': False, 'comment_type': None, 'awarders': [], 'mod_reason_by': None, 'banned_by': None, 'author_flair_type': 'text', 'total_awards_received': 0, 'subreddit': 'AskPhysics', 'author_flair_template_id': None, 'likes': None, 'replies': '', 'user_reports': [], 'saved': False, 'id': 'l1b5pto', 'banned_at_utc': None, 'mod_reason_title': None, 'gilded': 0, 'archived': False, 'collapsed_reason_code': None, 'no_follow': True, 'author': 'LiquidCoal', 'can_mod_post': False, 'send_replies': True, 'parent_id': 't1_l16k2yc', 'score': 1, 'author_fullname': 't2_12kths3r', 'removal_reason': None, 'approved_by': None, 'mod_note': None, 'all_awardings': [], 'body': 'No. Simply connected essentially means that any closed curve can be deformed down to a point.', 'edited': False, 'top_awarded_type': None, 'downs': 0, 'author_flair_css_class': None, 'name': 't1_l1b5pto', 'is_submitter': False, 'collapsed': False, 'author_flair_richtext': [], 'author_patreon_flair': False, 'body_html': '&lt;div class=""md""&gt;&lt;p&gt;No. Simply connected essentially means that any closed curve can be deformed down to a point.&lt;/p&gt;\n&lt;/div&gt;', 'gildings': {}, 'collapsed_reason': None, 'distinguished': None, 'associated_award': None, 'stickied': False, 'author_premium': False, 'can_gild': False, 'link_id': 't3_1cckrum', 'unrepliable_reason': None, 'author_flair_text_color': None, 'score_hidden': False, 'permalink': '/r/AskPhysics/comments/1cckrum/what_exactly_is_or_can_be_beyond_the_boundary_of/l1b5pto/', 'subreddit_type': 'public', 'locked': False, 'report_reasons': None, 'created': 1714108047.0, 'author_flair_text': None, 'treatment_tags': [], 'created_utc': 1714108047.0, 'subreddit_name_prefixed': 'r/AskPhysics', 'controversiality': 0, 'depth': 2, 'author_flair_background_color': None, 'collapsed_because_crowd_control': None, 'mod_reports': [], 'num_reports': None, 'ups': 1}}, {'kind': 't1', 'data': {'subreddit_id': 't5_2sumo', 'approved_at_utc': None, 'author_is_blocked': False, 'comment_type': None, 'awarders': [], 'mod_reason_by': None, 'banned_by': None, 'author_flair_type': 'text', 'total_awards_received': 0, 'subreddit': 'AskPhysics', 'author_flair_template_id': None, 'likes': None, 'replies': '', 'user_reports': [], 'saved': False, 'id': 'l16yint', 'banned_at_utc': None, 'mod_reason_title': None, 'gilded': 0, 'archived': False, 'collapsed_reason_code': None, 'no_follow': True, 'author': 'MarinatedPickachu', 'can_mod_post': False, 'send_replies': True, 'parent_id': 't1_l16k2yc', 'score': 1, 'author_fullname': 't2_bwdb8qqfj', 'removal_reason': None, 'approved_by': None, 'mod_note': None, 'all_awardings': [], 'body': 'No, I mean for example a toroidal universe. It is flat, multiply connected and finite', 'edited': False, 'top_awarded_type': None, 'downs': 0, 'author_flair_css_class': None, 'name': 't1_l16yint', 'is_submitter': False, 'collapsed': False, 'author_flair_richtext': [], 'author_patreon_flair': False, 'body_html': '&lt;div class=""md""&gt;&lt;p&gt;No, I mean for example a toroidal universe. It is flat, multiply connected and finite&lt;/p&gt;\n&lt;/div&gt;', 'gildings': {}, 'collapsed_reason': None, 'distinguished': None, 'associated_award': None, 'stickied': False, 'author_premium': False, 'can_gild': False, 'link_id': 't3_1cckrum', 'unrepliable_reason': None, 'author_flair_text_color': None, 'score_hidden': False, 'permalink': '/r/AskPhysics/comments/1cckrum/what_exactly_is_or_can_be_beyond_the_boundary_of/l16yint/', 'subreddit_type': 'public', 'locked': False, 'report_reasons': None, 'created': 1714049275.0, 'author_flair_text': None, 'treatment_tags': [], 'created_utc': 1714049275.0, 'subreddit_name_prefixed': 'r/AskPhysics', 'controversiality': 0, 'depth': 2, 'author_flair_background_color': None, 'collapsed_because_crowd_control': None, 'mod_reports': [], 'num_reports': None, 'ups': 1}}, {'kind': 't1', 'data': {'subreddit_id': 't5_2sumo', 'approved_at_utc': None, 'author_is_blocked': False, 'comment_type': None, 'awarders': [], 'mod_reason_by': None, 'banned_by': None, 'author_flair_type': 'text', 'total_awards_received': 0, 'subreddit': 'AskPhysics', 'author_flair_template_id': '7f4501c6-c6b2-11e4-bd93-22000b6d02ed', 'likes': None, 'replies': '', 'user_reports': [], 'saved': False, 'id': 'l179xff', 'banned_at_utc': None, 'mod_reason_title': None, 'gilded': 0, 'archived': False, 'collapsed_reason_code': None, 'no_follow': True, 'author': 'xrelaht', 'can_mod_post': False, 'send_replies': True, 'parent_id': 't1_l16k2yc', 'score': 1, 'author_fullname': 't2_3mi0a', 'removal_reason': None, 'approved_by': None, 'mod_note': None, 'all_awardings': [], 'body': 'That’s not what they meant, but statistics says its what you’d find in an infinite universe (assuming the laws of physics are the same everywhere). At some point I saw a calculation of just how far you’d have to go: IIRC it was something like 10^(60)\xa0ly.', 'edited': False, 'top_awarded_type': None, 'downs': 0, 'author_flair_css_class': 'mat', 'name': 't1_l179xff', 'is_submitter': False, 'collapsed': False, 'author_flair_richtext': [], 'author_patreon_flair': False, 'body_html': '&lt;div class=""md""&gt;&lt;p&gt;That’s not what they meant, but statistics says its what you’d find in an infinite universe (assuming the laws of physics are the same everywhere). At some point I saw a calculation of just how far you’d have to go: IIRC it was something like 10&lt;sup&gt;60&lt;/sup&gt;\xa0ly.&lt;/p&gt;\n&lt;/div&gt;', 'gildings': {}, 'collapsed_reason': None, 'distinguished': None, 'associated_award': None, 'stickied': False, 'author_premium': False, 'can_gild': False, 'link_id': 't3_1cckrum', 'unrepliable_reason': None, 'author_flair_text_color': 'dark', 'score_hidden': False, 'permalink': '/r/AskPhysics/comments/1cckrum/what_exactly_is_or_can_be_beyond_the_boundary_of/l179xff/', 'subreddit_type': 'public', 'locked': False, 'report_reasons': None, 'created': 1714053703.0, 'author_flair_text': 'Condensed matter physics', 'treatment_tags': [], 'created_utc': 1714053703.0, 'subreddit_name_prefixed': 'r/AskPhysics', 'controversiality': 0, 'depth': 2, 'author_flair_background_color': None, 'collapsed_because_crowd_control': None, 'mod_reports': [], 'num_reports': None, 'ups': 1}}], 'before': None}}, 'user_reports': [], 'saved': False, 'id': 'l16k2yc', 'banned_at_utc': None, 'mod_reason_title': None, 'gilded': 0, 'archived': False, 'collapsed_reason_code': None, 'no_follow': True, 'author': 'Kinetic_Symphony', 'can_mod_post': False, 'created_utc': 1714042144.0, 'send_replies': True, 'parent_id': 't1_l160ykw', 'score': 1, 'author_fullname': 't2_56ecz1ko', 'removal_reason': None, 'approved_by': None, 'mod_note': None, 'all_awardings': [], 'body': ""&gt;or in a flat, multiply connected universe that would be exactly what would happen.\n\nDo you mean in a universe that goes on to infinity, eventually you'd find yourself a planet earth exactly like ours?"", 'edited': False, 'top_awarded_type': None, 'author_flair_css_class': None, 'name': 't1_l16k2yc', 'is_submitter': False, 'downs': 0, 'author_flair_richtext': [], 'author_patreon_flair': False, 'body_html': '&lt;div class=""md""&gt;&lt;blockquote&gt;\n&lt;p&gt;or in a flat, multiply connected universe that would be exactly what would happen.&lt;/p&gt;\n&lt;/blockquote&gt;\n\n&lt;p&gt;Do you mean in a universe that goes on to infinity, eventually you&amp;#39;d find yourself a planet earth exactly like ours?&lt;/p&gt;\n&lt;/div&gt;', 'gildings': {}, 'collapsed_reason': None, 'distinguished': None, 'associated_award': None, 'stickied': False, 'author_premium': False, 'can_gild': False, 'link_id': 't3_1cckrum', 'unrepliable_reason': None, 'author_flair_text_color': None, 'score_hidden': False, 'permalink': '/r/AskPhysics/comments/1cckrum/what_exactly_is_or_can_be_beyond_the_boundary_of/l16k2yc/', 'subreddit_type': 'public', 'locked': False, 'report_reasons': None, 'created': 1714042144.0, 'author_flair_text': None, 'treatment_tags': [], 'collapsed': False, 'subreddit_name_prefixed': 'r/AskPhysics', 'controversiality': 0, 'depth': 1, 'author_flair_background_color': None, 'collapsed_because_crowd_control': None, 'mod_reports': [], 'num_reports': None, 'ups': 1}}], 'before': None}}",,False,27,False,True,False,AskPhysics,t5_2sumo,r/AskPhysics,public,,0,[],,27,[],t1
data_1,[],,,False,,mfb-,,pf,[],,Particle physics,dark,text,t2_q81tq,False,False,False,[],,,"Even if the universe is finite, we don't expect it to have a boundary. The most plausible geometry would be a hypersphere, a bit like the surface of Earth but with three dimensions. Earth's surface doesn't have an edge either. That is not flat, but if the sphere is large enough then the curvature is too small to measure.

A torus is flat, has a finite volume, and has no boundary either.

It doesn't expand ""into"" anything in either case.","&lt;div class=""md""&gt;&lt;p&gt;Even if the universe is finite, we don&amp;#39;t expect it to have a boundary. The most plausible geometry would be a hypersphere, a bit like the surface of Earth but with three dimensions. Earth&amp;#39;s surface doesn&amp;#39;t have an edge either. That is not flat, but if the sphere is large enough then the curvature is too small to measure.&lt;/p&gt;

&lt;p&gt;A torus is flat, has a finite volume, and has no boundary either.&lt;/p&gt;

&lt;p&gt;It doesn&amp;#39;t expand &amp;quot;into&amp;quot; anything in either case.&lt;/p&gt;
&lt;/div&gt;",False,False,False,,,,,0,1714026563.0,1714026563.0,0,,0,False,0,{},l15y5gp,False,,t3_1cckrum,False,,,,[],t1_l15y5gp,False,,t3_1cckrum,/r/AskPhysics/comments/1cckrum/what_exactly_is_or_can_be_beyond_the_boundary_of/l15y5gp/,,"{'kind': 'Listing', 'data': {'after': None, 'dist': None, 'modhash': None, 'geo_filter': '', 'children': [{'kind': 't1', 'data': {'subreddit_id': 't5_2sumo', 'approved_at_utc': None, 'author_is_blocked': False, 'comment_type': None, 'awarders': [], 'mod_reason_by': None, 'banned_by': None, 'author_flair_type': 'text', 'total_awards_received': 0, 'subreddit': 'AskPhysics', 'author_flair_template_id': None, 'likes': None, 'replies': {'kind': 'Listing', 'data': {'after': None, 'dist': None, 'modhash': None, 'geo_filter': '', 'children': [{'kind': 't1', 'data': {'subreddit_id': 't5_2sumo', 'approved_at_utc': None, 'author_is_blocked': False, 'comment_type': None, 'awarders': [], 'mod_reason_by': None, 'banned_by': None, 'author_flair_type': 'text', 'total_awards_received': 0, 'subreddit': 'AskPhysics', 'author_flair_template_id': None, 'likes': None, 'replies': {'kind': 'Listing', 'data': {'after': None, 'dist': None, 'modhash': None, 'geo_filter': '', 'children': [{'kind': 't1', 'data': {'subreddit_id': 't5_2sumo', 'approved_at_utc': None, 'author_is_blocked': False, 'comment_type': None, 'awarders': [], 'mod_reason_by': None, 'banned_by': None, 'author_flair_type': 'text', 'total_awards_received': 0, 'subreddit': 'AskPhysics', 'author_flair_template_id': None, 'likes': None, 'replies': {'kind': 'Listing', 'data': {'after': None, 'dist': None, 'modhash': None, 'geo_filter': '', 'children': [{'kind': 't1', 'data': {'subreddit_id': 't5_2sumo', 'approved_at_utc': None, 'author_is_blocked': False, 'comment_type': None, 'awarders': [], 'mod_reason_by': None, 'banned_by': None, 'author_flair_type': 'text', 'total_awards_received': 0, 'subreddit': 'AskPhysics', 'author_flair_template_id': None, 'distinguished': None, 'likes': None, 'replies': '', 'user_reports': [], 'saved': False, 'id': 'l1ekycl', 'banned_at_utc': None, 'mod_reason_title': None, 'gilded': 0, 'archived': False, 'collapsed_reason_code': None, 'no_follow': True, 'author': 'LiquidCoal', 'can_mod_post': False, 'send_replies': True, 'parent_id': 't1_l1bnsyc', 'score': 1, 'author_fullname': 't2_12kths3r', 'removal_reason': None, 'approved_by': None, 'mod_note': None, 'all_awardings': [], 'body': 'In addition to the Ricci scalar of the spatial geometry, there is also the matter of the trace-free Ricci tensor of the spatial geometry, *Rij* - 1/3 *R gij*. There would also be a matter of the Weyl tensor of the spatial geometry if it weren&amp;rsquo;t for the fact that this vanishes in 3 dimensions, as the Ricci tensor completely determines the Riemann curvature in fewer than 4 dimensions. If the space was isotropic and homogeneous, we could not have to worry about the trace-free Ricci tensor because a homogeneous, isotropic metric guarantees that the Riemann curvature is completely determined by a globally constant Ricci scalar, but the assumption of a homogeneous, isotropic metric fails for a non-flat 3-torus, so we cannot just talk about the Ricci scalar, making any talk of &amp;ldquo;positive&amp;rdquo; and &amp;ldquo;negative&amp;rdquo; curvature an incomplete picture for a non-flat 3-torus, as these only refer to the Ricci scalar.\n\nHere, I am talking about spatial curvature, not spacetime curvature.', 'edited': 1714163886.0, 'author_flair_css_class': None, 'name': 't1_l1ekycl', 'is_submitter': False, 'downs': 0, 'author_flair_richtext': [], 'author_patreon_flair': False, 'body_html': '&lt;div class=""md""&gt;&lt;p&gt;In addition to the Ricci scalar of the spatial geometry, there is also the matter of the trace-free Ricci tensor of the spatial geometry, &lt;em&gt;Rij&lt;/em&gt; - 1/3 &lt;em&gt;R gij&lt;/em&gt;. There would also be a matter of the Weyl tensor of the spatial geometry if it weren&amp;rsquo;t for the fact that this vanishes in 3 dimensions, as the Ricci tensor completely determines the Riemann curvature in fewer than 4 dimensions. If the space was isotropic and homogeneous, we could not have to worry about the trace-free Ricci tensor because a homogeneous, isotropic metric guarantees that the Riemann curvature is completely determined by a globally constant Ricci scalar, but the assumption of a homogeneous, isotropic metric fails for a non-flat 3-torus, so we cannot just talk about the Ricci scalar, making any talk of &amp;ldquo;positive&amp;rdquo; and &amp;ldquo;negative&amp;rdquo; curvature an incomplete picture for a non-flat 3-torus, as these only refer to the Ricci scalar.&lt;/p&gt;\n\n&lt;p&gt;Here, I am talking about spatial curvature, not spacetime curvature.&lt;/p&gt;\n&lt;/div&gt;', 'gildings': {}, 'collapsed_reason': None, 'link_id': 't3_1cckrum', 'associated_award': None, 'stickied': False, 'author_premium': False, 'can_gild': False, 'top_awarded_type': None, 'unrepliable_reason': None, 'author_flair_text_color': None, 'treatment_tags': [], 'score_hidden': False, 'permalink': '/r/AskPhysics/comments/1cckrum/what_exactly_is_or_can_be_beyond_the_boundary_of/l1ekycl/', 'subreddit_type': 'public', 'locked': False, 'report_reasons': None, 'created': 1714163062.0, 'author_flair_text': None, 'collapsed': False, 'created_utc': 1714163062.0, 'subreddit_name_prefixed': 'r/AskPhysics', 'controversiality': 0, 'depth': 4, 'author_flair_background_color': None, 'collapsed_because_crowd_control': None, 'mod_reports': [], 'num_reports': None, 'ups': 1}}], 'before': None}}, 'user_reports': [], 'saved': False, 'id': 'l1bnsyc', 'banned_at_utc': None, 'mod_reason_title': None, 'gilded': 0, 'archived': False, 'collapsed_reason_code': None, 'no_follow': True, 'author': 'wonkey_monkey', 'can_mod_post': False, 'send_replies': True, 'parent_id': 't1_l1b2nhi', 'score': 1, 'author_fullname': 't2_whgrg', 'removal_reason': None, 'approved_by': None, 'mod_note': None, 'all_awardings': [], 'collapsed': False, 'body': 'Oh yeah, parts would have positive curvature and parts would have negative curvature.', 'edited': False, 'top_awarded_type': None, 'author_flair_css_class': None, 'name': 't1_l1bnsyc', 'is_submitter': False, 'downs': 0, 'author_flair_richtext': [], 'author_patreon_flair': False, 'body_html': '&lt;div class=""md""&gt;&lt;p&gt;Oh yeah, parts would have positive curvature and parts would have negative curvature.&lt;/p&gt;\n&lt;/div&gt;', 'gildings': {}, 'collapsed_reason': None, 'distinguished': None, 'associated_award': None, 'stickied': False, 'author_premium': False, 'can_gild': False, 'link_id': 't3_1cckrum', 'unrepliable_reason': None, 'author_flair_text_color': None, 'score_hidden': False, 'permalink': '/r/AskPhysics/comments/1cckrum/what_exactly_is_or_can_be_beyond_the_boundary_of/l1bnsyc/', 'subreddit_type': 'public', 'locked': False, 'report_reasons': None, 'created': 1714120214.0, 'author_flair_text': None, 'treatment_tags': [], 'created_utc': 1714120214.0, 'subreddit_name_prefixed': 'r/AskPhysics', 'controversiality': 0, 'depth': 3, 'author_flair_background_color': None, 'collapsed_because_crowd_control': None, 'mod_reports': [], 'num_reports': None, 'ups': 1}}], 'before': None}}, 'user_reports': [], 'saved': False, 'id': 'l1b2nhi', 'banned_at_utc': None, 'mod_reason_title': None, 'gilded': 0, 'archived': False, 'collapsed_reason_code': None, 'no_follow': True, 'author': 'LiquidCoal', 'can_mod_post': False, 'send_replies': True, 'parent_id': 't1_l16a99j', 'score': 1, 'author_fullname': 't2_12kths3r', 'removal_reason': None, 'approved_by': None, 'mod_note': None, 'all_awardings': [], 'body': 'A topological 3-torus need not be flat as a Riemannian manifold. However, if it were not flat, that would violate the cosmological principle, as any torus that is not flat cannot be simultaneously homogeneous and isotropic in its geometry, making it impossible to be the spatial part of the FLRW metric by definition.', 'edited': 1714106615.0, 'top_awarded_type': None, 'downs': 0, 'author_flair_css_class': None, 'name': 't1_l1b2nhi', 'is_submitter': False, 'collapsed': False, 'author_flair_richtext': [], 'author_patreon_flair': False, 'body_html': '&lt;div class=""md""&gt;&lt;p&gt;A topological 3-torus need not be flat as a Riemannian manifold. However, if it were not flat, that would violate the cosmological principle, as any torus that is not flat cannot be simultaneously homogeneous and isotropic in its geometry, making it impossible to be the spatial part of the FLRW metric by definition.&lt;/p&gt;\n&lt;/div&gt;', 'gildings': {}, 'collapsed_reason': None, 'distinguished': None, 'associated_award': None, 'stickied': False, 'author_premium': False, 'can_gild': False, 'link_id': 't3_1cckrum', 'unrepliable_reason': None, 'author_flair_text_color': None, 'score_hidden': False, 'permalink': '/r/AskPhysics/comments/1cckrum/what_exactly_is_or_can_be_beyond_the_boundary_of/l1b2nhi/', 'subreddit_type': 'public', 'locked': False, 'report_reasons': None, 'created': 1714106370.0, 'author_flair_text': None, 'treatment_tags': [], 'created_utc': 1714106370.0, 'subreddit_name_prefixed': 'r/AskPhysics', 'controversiality': 0, 'depth': 2, 'author_flair_background_color': None, 'collapsed_because_crowd_control': None, 'mod_reports': [], 'num_reports': None, 'ups': 1}}, {'kind': 't1', 'data': {'subreddit_id': 't5_2sumo', 'approved_at_utc': None, 'author_is_blocked': False, 'comment_type': None, 'awarders': [], 'mod_reason_by': None, 'banned_by': None, 'author_flair_type': 'text', 'total_awards_received': 0, 'subreddit': 'AskPhysics', 'author_flair_template_id': None, 'likes': None, 'replies': '', 'user_reports': [], 'saved': False, 'id': 'l16b0xl', 'banned_at_utc': None, 'mod_reason_title': None, 'gilded': 0, 'archived': False, 'collapsed_reason_code': None, 'no_follow': True, 'author': 'mfb-', 'can_mod_post': False, 'send_replies': True, 'parent_id': 't1_l16a99j', 'score': 0, 'author_fullname': 't2_q81tq', 'removal_reason': None, 'approved_by': None, 'mod_note': None, 'all_awardings': [], 'body': ""I don't see how that would work."", 'edited': False, 'top_awarded_type': None, 'downs': 0, 'author_flair_css_class': 'pf', 'name': 't1_l16b0xl', 'is_submitter': False, 'collapsed': False, 'author_flair_richtext': [], 'author_patreon_flair': False, 'body_html': '&lt;div class=""md""&gt;&lt;p&gt;I don&amp;#39;t see how that would work.&lt;/p&gt;\n&lt;/div&gt;', 'gildings': {}, 'collapsed_reason': None, 'distinguished': None, 'associated_award': None, 'stickied': False, 'author_premium': False, 'can_gild': False, 'link_id': 't3_1cckrum', 'unrepliable_reason': None, 'author_flair_text_color': 'dark', 'score_hidden': False, 'permalink': '/r/AskPhysics/comments/1cckrum/what_exactly_is_or_can_be_beyond_the_boundary_of/l16b0xl/', 'subreddit_type': 'public', 'locked': False, 'report_reasons': None, 'created': 1714035904.0, 'author_flair_text': 'Particle physics', 'treatment_tags': [], 'created_utc': 1714035904.0, 'subreddit_name_prefixed': 'r/AskPhysics', 'controversiality': 0, 'depth': 2, 'author_flair_background_color': '', 'collapsed_because_crowd_control': None, 'mod_reports': [], 'num_reports': None, 'ups': 0}}], 'before': None}}, 'user_reports': [], 'saved': False, 'id': 'l16a99j', 'banned_at_utc': None, 'mod_reason_title': None, 'gilded': 0, 'archived': False, 'collapsed_reason_code': None, 'no_follow': True, 'author': 'wonkey_monkey', 'can_mod_post': False, 'created_utc': 1714035324.0, 'send_replies': True, 'parent_id': 't1_l15y5gp', 'score': 1, 'author_fullname': 't2_whgrg', 'removal_reason': None, 'approved_by': None, 'mod_note': None, 'all_awardings': [], 'body': '&gt; A torus is flat, has a finite volume, and has no boundary either.\n\nI get that a flat repeating universe can have the same geometry as the surface of a torus, but is it also possible that it could have a toroidal geometry *with* curvature, rather than being flat? Or is that just a silly notion?', 'edited': False, 'top_awarded_type': None, 'author_flair_css_class': None, 'name': 't1_l16a99j', 'is_submitter': False, 'downs': 0, 'author_flair_richtext': [], 'author_patreon_flair': False, 'body_html': '&lt;div class=""md""&gt;&lt;blockquote&gt;\n&lt;p&gt;A torus is flat, has a finite volume, and has no boundary either.&lt;/p&gt;\n&lt;/blockquote&gt;\n\n&lt;p&gt;I get that a flat repeating universe can have the same geometry as the surface of a torus, but is it also possible that it could have a toroidal geometry &lt;em&gt;with&lt;/em&gt; curvature, rather than being flat? Or is that just a silly notion?&lt;/p&gt;\n&lt;/div&gt;', 'gildings': {}, 'collapsed_reason': None, 'distinguished': None, 'associated_award': None, 'stickied': False, 'author_premium': False, 'can_gild': False, 'link_id': 't3_1cckrum', 'unrepliable_reason': None, 'author_flair_text_color': None, 'score_hidden': False, 'permalink': '/r/AskPhysics/comments/1cckrum/what_exactly_is_or_can_be_beyond_the_boundary_of/l16a99j/', 'subreddit_type': 'public', 'locked': False, 'report_reasons': None, 'created': 1714035324.0, 'author_flair_text': None, 'treatment_tags': [], 'collapsed': False, 'subreddit_name_prefixed': 'r/AskPhysics', 'controversiality': 0, 'depth': 1, 'author_flair_background_color': None, 'collapsed_because_crowd_control': None, 'mod_reports': [], 'num_reports': None, 'ups': 1}}, {'kind': 't1', 'data': {'subreddit_id': 't5_2sumo', 'approved_at_utc': None, 'author_is_blocked': False, 'comment_type': None, 'awarders': [], 'mod_reason_by': None, 'banned_by': None, 'author_flair_type': 'text', 'total_awards_received': 0, 'subreddit': 'AskPhysics', 'author_flair_template_id': None, 'likes': None, 'replies': {'kind': 'Listing', 'data': {'after': None, 'dist': None, 'modhash': None, 'geo_filter': '', 'children': [{'kind': 't1', 'data': {'subreddit_id': 't5_2sumo', 'approved_at_utc': None, 'author_is_blocked': False, 'comment_type': None, 'awarders': [], 'mod_reason_by': None, 'banned_by': None, 'author_flair_type': 'text', 'total_awards_received': 0, 'subreddit': 'AskPhysics', 'author_flair_template_id': None, 'likes': None, 'replies': '', 'user_reports': [], 'saved': False, 'id': 'l1b3efh', 'banned_at_utc': None, 'mod_reason_title': None, 'gilded': 0, 'archived': False, 'collapsed_reason_code': None, 'no_follow': True, 'author': 'LiquidCoal', 'can_mod_post': False, 'send_replies': True, 'parent_id': 't1_l16feoj', 'score': 1, 'author_fullname': 't2_12kths3r', 'removal_reason': None, 'approved_by': None, 'mod_note': None, 'all_awardings': [], 'body': '&gt;Given that a torus is a sphere with a hole\n\nNo, that would not be a torus, but the boundary of such a volume is homeomorphic to a torus, although not a 3-torus. Instead, it would be the more familiar 2-torus.', 'edited': False, 'top_awarded_type': None, 'downs': 0, 'author_flair_css_class': None, 'name': 't1_l1b3efh', 'is_submitter': False, 'collapsed': False, 'author_flair_richtext': [], 'author_patreon_flair': False, 'body_html': '&lt;div class=""md""&gt;&lt;blockquote&gt;\n&lt;p&gt;Given that a torus is a sphere with a hole&lt;/p&gt;\n&lt;/blockquote&gt;\n\n&lt;p&gt;No, that would not be a torus, but the boundary of such a volume is homeomorphic to a torus, although not a 3-torus. Instead, it would be the more familiar 2-torus.&lt;/p&gt;\n&lt;/div&gt;', 'gildings': {}, 'collapsed_reason': None, 'distinguished': None, 'associated_award': None, 'stickied': False, 'author_premium': False, 'can_gild': False, 'link_id': 't3_1cckrum', 'unrepliable_reason': None, 'author_flair_text_color': None, 'score_hidden': False, 'permalink': '/r/AskPhysics/comments/1cckrum/what_exactly_is_or_can_be_beyond_the_boundary_of/l1b3efh/', 'subreddit_type': 'public', 'locked': False, 'report_reasons': None, 'created': 1714106762.0, 'author_flair_text': None, 'treatment_tags': [], 'created_utc': 1714106762.0, 'subreddit_name_prefixed': 'r/AskPhysics', 'controversiality': 0, 'depth': 2, 'author_flair_background_color': None, 'collapsed_because_crowd_control': None, 'mod_reports': [], 'num_reports': None, 'ups': 1}}, {'kind': 't1', 'data': {'subreddit_id': 't5_2sumo', 'approved_at_utc': None, 'author_is_blocked': False, 'comment_type': None, 'awarders': [], 'mod_reason_by': None, 'banned_by': None, 'author_flair_type': 'text', 'total_awards_received': 0, 'subreddit': 'AskPhysics', 'author_flair_template_id': None, 'likes': None, 'replies': {'kind': 'Listing', 'data': {'after': None, 'dist': None, 'modhash': None, 'geo_filter': '', 'children': [{'kind': 't1', 'data': {'subreddit_id': 't5_2sumo', 'approved_at_utc': None, 'author_is_blocked': False, 'comment_type': None, 'awarders': [], 'mod_reason_by': None, 'banned_by': None, 'author_flair_type': 'text', 'total_awards_received': 0, 'subreddit': 'AskPhysics', 'author_flair_template_id': None, 'likes': None, 'replies': {'kind': 'Listing', 'data': {'after': None, 'dist': None, 'modhash': None, 'geo_filter': '', 'children': [{'kind': 't1', 'data': {'subreddit_id': 't5_2sumo', 'approved_at_utc': None, 'author_is_blocked': False, 'comment_type': None, 'awarders': [], 'mod_reason_by': None, 'banned_by': None, 'author_flair_type': 'text', 'total_awards_received': 0, 'subreddit': 'AskPhysics', 'author_flair_template_id': None, 'distinguished': None, 'likes': None, 'replies': '', 'user_reports': [], 'saved': False, 'id': 'l1b8ior', 'banned_at_utc': None, 'mod_reason_title': None, 'gilded': 0, 'archived': False, 'collapsed_reason_code': None, 'no_follow': True, 'author': 'mfb-', 'can_mod_post': False, 'send_replies': True, 'parent_id': 't1_l1b1u5j', 'score': 1, 'author_fullname': 't2_q81tq', 'removal_reason': None, 'approved_by': None, 'mod_note': None, 'all_awardings': [], 'body': ""I know. That's why I explicitly specified 3-torus for our world."", 'edited': False, 'author_flair_css_class': 'pf', 'name': 't1_l1b8ior', 'is_submitter': False, 'downs': 0, 'author_flair_richtext': [], 'author_patreon_flair': False, 'body_html': '&lt;div class=""md""&gt;&lt;p&gt;I know. That&amp;#39;s why I explicitly specified 3-torus for our world.&lt;/p&gt;\n&lt;/div&gt;', 'gildings': {}, 'collapsed_reason': None, 'link_id': 't3_1cckrum', 'associated_award': None, 'stickied': False, 'author_premium': False, 'can_gild': False, 'top_awarded_type': None, 'unrepliable_reason': None, 'author_flair_text_color': 'dark', 'treatment_tags': [], 'score_hidden': False, 'permalink': '/r/AskPhysics/comments/1cckrum/what_exactly_is_or_can_be_beyond_the_boundary_of/l1b8ior/', 'subreddit_type': 'public', 'locked': False, 'report_reasons': None, 'created': 1714109706.0, 'author_flair_text': 'Particle physics', 'collapsed': False, 'created_utc': 1714109706.0, 'subreddit_name_prefixed': 'r/AskPhysics', 'controversiality': 0, 'depth': 4, 'author_flair_background_color': '', 'collapsed_because_crowd_control': None, 'mod_reports': [], 'num_reports': None, 'ups': 1}}], 'before': None}}, 'user_reports': [], 'saved': False, 'id': 'l1b1u5j', 'banned_at_utc': None, 'mod_reason_title': None, 'gilded': 0, 'archived': False, 'collapsed_reason_code': None, 'no_follow': True, 'author': 'LiquidCoal', 'can_mod_post': False, 'send_replies': True, 'parent_id': 't1_l16i7js', 'score': 1, 'author_fullname': 't2_12kths3r', 'removal_reason': None, 'approved_by': None, 'mod_note': None, 'all_awardings': [], 'collapsed': False, 'body': '&gt; A mathematical 3-torus - which can be interpreted as the surface of the physical object.\n\nThe surface of the solid torus that curlypaul924 was talking about is a 2-torus, not a 3-torus.', 'edited': False, 'top_awarded_type': None, 'author_flair_css_class': None, 'name': 't1_l1b1u5j', 'is_submitter': False, 'downs': 0, 'author_flair_richtext': [], 'author_patreon_flair': False, 'body_html': '&lt;div class=""md""&gt;&lt;blockquote&gt;\n&lt;p&gt;A mathematical 3-torus - which can be interpreted as the surface of the physical object.&lt;/p&gt;\n&lt;/blockquote&gt;\n\n&lt;p&gt;The surface of the solid torus that curlypaul924 was talking about is a 2-torus, not a 3-torus.&lt;/p&gt;\n&lt;/div&gt;', 'gildings': {}, 'collapsed_reason': None, 'distinguished': None, 'associated_award': None, 'stickied': False, 'author_premium': False, 'can_gild': False, 'link_id': 't3_1cckrum', 'unrepliable_reason': None, 'author_flair_text_color': None, 'score_hidden': False, 'permalink': '/r/AskPhysics/comments/1cckrum/what_exactly_is_or_can_be_beyond_the_boundary_of/l1b1u5j/', 'subreddit_type': 'public', 'locked': False, 'report_reasons': None, 'created': 1714105949.0, 'author_flair_text': None, 'treatment_tags': [], 'created_utc': 1714105949.0, 'subreddit_name_prefixed': 'r/AskPhysics', 'controversiality': 0, 'depth': 3, 'author_flair_background_color': None, 'collapsed_because_crowd_control': None, 'mod_reports': [], 'num_reports': None, 'ups': 1}}], 'before': None}}, 'user_reports': [], 'saved': False, 'id': 'l16i7js', 'banned_at_utc': None, 'mod_reason_title': None, 'gilded': 0, 'archived': False, 'collapsed_reason_code': None, 'no_follow': True, 'author': 'mfb-', 'can_mod_post': False, 'send_replies': True, 'parent_id': 't1_l16feoj', 'score': 0, 'author_fullname': 't2_q81tq', 'removal_reason': None, 'approved_by': None, 'mod_note': None, 'all_awardings': [], 'body': ""A mathematical 3-torus - which can be interpreted as the surface of the physical object. It's the three-dimensional version of the Pacman geometry where opposite sides are identified with each other.\n\nhttps://en.wikipedia.org/wiki/Torus#Topology"", 'edited': False, 'top_awarded_type': None, 'downs': 0, 'author_flair_css_class': 'pf', 'name': 't1_l16i7js', 'is_submitter': False, 'collapsed': False, 'author_flair_richtext': [], 'author_patreon_flair': False, 'body_html': '&lt;div class=""md""&gt;&lt;p&gt;A mathematical 3-torus - which can be interpreted as the surface of the physical object. It&amp;#39;s the three-dimensional version of the Pacman geometry where opposite sides are identified with each other.&lt;/p&gt;\n\n&lt;p&gt;&lt;a href=""https://en.wikipedia.org/wiki/Torus#Topology""&gt;https://en.wikipedia.org/wiki/Torus#Topology&lt;/a&gt;&lt;/p&gt;\n&lt;/div&gt;', 'gildings': {}, 'collapsed_reason': None, 'distinguished': None, 'associated_award': None, 'stickied': False, 'author_premium': False, 'can_gild': False, 'link_id': 't3_1cckrum', 'unrepliable_reason': None, 'author_flair_text_color': 'dark', 'score_hidden': False, 'permalink': '/r/AskPhysics/comments/1cckrum/what_exactly_is_or_can_be_beyond_the_boundary_of/l16i7js/', 'subreddit_type': 'public', 'locked': False, 'report_reasons': None, 'created': 1714040993.0, 'author_flair_text': 'Particle physics', 'treatment_tags': [], 'created_utc': 1714040993.0, 'subreddit_name_prefixed': 'r/AskPhysics', 'controversiality': 0, 'depth': 2, 'author_flair_background_color': '', 'collapsed_because_crowd_control': None, 'mod_reports': [], 'num_reports': None, 'ups': 0}}], 'before': None}}, 'user_reports': [], 'saved': False, 'id': 'l16feoj', 'banned_at_utc': None, 'mod_reason_title': None, 'gilded': 0, 'archived': False, 'collapsed_reason_code': None, 'no_follow': True, 'author': 'curlypaul924', 'can_mod_post': False, 'created_utc': 1714039136.0, 'send_replies': True, 'parent_id': 't1_l15y5gp', 'score': 0, 'author_fullname': 't2_3y6as', 'removal_reason': None, 'approved_by': None, 'mod_note': None, 'all_awardings': [], 'body': 'Would space then be the surface of the torus or the interior?\n\nGiven that a torus is a sphere with a hole, could you have two holes? Three holes? Infinite holes?', 'edited': False, 'top_awarded_type': None, 'author_flair_css_class': None, 'name': 't1_l16feoj', 'is_submitter': False, 'downs': 0, 'author_flair_richtext': [], 'author_patreon_flair': False, 'body_html': '&lt;div class=""md""&gt;&lt;p&gt;Would space then be the surface of the torus or the interior?&lt;/p&gt;\n\n&lt;p&gt;Given that a torus is a sphere with a hole, could you have two holes? Three holes? Infinite holes?&lt;/p&gt;\n&lt;/div&gt;', 'gildings': {}, 'collapsed_reason': None, 'distinguished': None, 'associated_award': None, 'stickied': False, 'author_premium': False, 'can_gild': False, 'link_id': 't3_1cckrum', 'unrepliable_reason': None, 'author_flair_text_color': None, 'score_hidden': False, 'permalink': '/r/AskPhysics/comments/1cckrum/what_exactly_is_or_can_be_beyond_the_boundary_of/l16feoj/', 'subreddit_type': 'public', 'locked': False, 'report_reasons': None, 'created': 1714039136.0, 'author_flair_text': None, 'treatment_tags': [], 'collapsed': False, 'subreddit_name_prefixed': 'r/AskPhysics', 'controversiality': 0, 'depth': 1, 'author_flair_background_color': None, 'collapsed_because_crowd_control': None, 'mod_reports': [], 'num_reports': None, 'ups': 0}}], 'before': None}}",,False,11,False,True,False,AskPhysics,t5_2sumo,r/AskPhysics,public,,0,[],,11,[],t1
data_2,[],,,False,,Mkwdr,,,[],,,,text,t2_3d9sj28u,False,False,False,[],,,I don’t know where you would have read that there is ‘nothingness’ beyond the universe or that it is expanding into it. Neither of these are accepted as far as our current understanding is concerned as far as I am aware. Anything the universe could expand *into* would be by definition part of the universe. And the universe doesn’t expand outwards like an explosion it expands or changes scale within itself. And measurements suggest it *could* be infinite - if it is then even though it was hotter and denser in the past it would have been infinite then too. But there are also still possible shapes that are finite and yet don’t have a boundary.,"&lt;div class=""md""&gt;&lt;p&gt;I don’t know where you would have read that there is ‘nothingness’ beyond the universe or that it is expanding into it. Neither of these are accepted as far as our current understanding is concerned as far as I am aware. Anything the universe could expand &lt;em&gt;into&lt;/em&gt; would be by definition part of the universe. And the universe doesn’t expand outwards like an explosion it expands or changes scale within itself. And measurements suggest it &lt;em&gt;could&lt;/em&gt; be infinite - if it is then even though it was hotter and denser in the past it would have been infinite then too. But there are also still possible shapes that are finite and yet don’t have a boundary.&lt;/p&gt;
&lt;/div&gt;",False,False,False,,,,,0,1714041476.0,1714041476.0,0,,0,False,0,{},l16iz4a,False,,t3_1cckrum,False,,,,[],t1_l16iz4a,False,,t3_1cckrum,/r/AskPhysics/comments/1cckrum/what_exactly_is_or_can_be_beyond_the_boundary_of/l16iz4a/,,,,False,3,False,True,False,AskPhysics,t5_2sumo,r/AskPhysics,public,,0,[],,3,[],t1
data_3,[],,,False,,taway6583,,,[],,,,text,t2_gj4kudjxq,False,False,False,[],,,"""We don't know"" is the only real answer. Questions like these get asked a lot on here, but they're really more philosophical questions than physics questions. For example, what do you even mean by ""nothingness?"" I don't know about you or any of the other commenters, but I've never experienced or observed true ""nothingness.""

As some have mentioned, depending on the geometry of our universe, it's possible you might ""loop back around"" in some way. Some have alluded to what is essentially the Boltzmann brains idea: statistically speaking, in an infinite universe, you will eventually happen upon an exact copy of Earth, another you, a brain without a body, etc. Other ideas you'll find connected with this question are multiple universes and higher dimensions (connected with the idea of hyperspheres and such that some posters mentioned).

But, again, there is no evidence for any of this. And even if we do eventually prove, conclusively, that our universe is a hypersphere expanding in some higher dimension (for example) . . . would that really answer what is at the heart of your question? Would you and others really not wonder what lies beyond \*that\*? Would you just stop being curious and asking questions?

(This last part is a tangential rant . . . sorry lol)

I'm a physicist. I love physics. I love learning about the universe and how it works. But I also love philosophy, literature, history, and the other humanities. Science still can't answer all questions and may never be able to do so. Too many people in our society worship science (and I use the word ""worship"" deliberately here; scholars of religion have studied ""scientism"" and have shown that it fits many of the criteria of religious belief). Many people (including many scientists) don't even seem to understand that modern science is rooted in rationalism and empiricism, which are themselves epistemological (i.e., philosophical) positions.

TLDR: ""We don't know"" is the only real, honest answer, although there are many interesting ideas and theories!","&lt;div class=""md""&gt;&lt;p&gt;&amp;quot;We don&amp;#39;t know&amp;quot; is the only real answer. Questions like these get asked a lot on here, but they&amp;#39;re really more philosophical questions than physics questions. For example, what do you even mean by &amp;quot;nothingness?&amp;quot; I don&amp;#39;t know about you or any of the other commenters, but I&amp;#39;ve never experienced or observed true &amp;quot;nothingness.&amp;quot;&lt;/p&gt;

&lt;p&gt;As some have mentioned, depending on the geometry of our universe, it&amp;#39;s possible you might &amp;quot;loop back around&amp;quot; in some way. Some have alluded to what is essentially the Boltzmann brains idea: statistically speaking, in an infinite universe, you will eventually happen upon an exact copy of Earth, another you, a brain without a body, etc. Other ideas you&amp;#39;ll find connected with this question are multiple universes and higher dimensions (connected with the idea of hyperspheres and such that some posters mentioned).&lt;/p&gt;

&lt;p&gt;But, again, there is no evidence for any of this. And even if we do eventually prove, conclusively, that our universe is a hypersphere expanding in some higher dimension (for example) . . . would that really answer what is at the heart of your question? Would you and others really not wonder what lies beyond *that*? Would you just stop being curious and asking questions?&lt;/p&gt;

&lt;p&gt;(This last part is a tangential rant . . . sorry lol)&lt;/p&gt;

&lt;p&gt;I&amp;#39;m a physicist. I love physics. I love learning about the universe and how it works. But I also love philosophy, literature, history, and the other humanities. Science still can&amp;#39;t answer all questions and may never be able to do so. Too many people in our society worship science (and I use the word &amp;quot;worship&amp;quot; deliberately here; scholars of religion have studied &amp;quot;scientism&amp;quot; and have shown that it fits many of the criteria of religious belief). Many people (including many scientists) don&amp;#39;t even seem to understand that modern science is rooted in rationalism and empiricism, which are themselves epistemological (i.e., philosophical) positions.&lt;/p&gt;

&lt;p&gt;TLDR: &amp;quot;We don&amp;#39;t know&amp;quot; is the only real, honest answer, although there are many interesting ideas and theories!&lt;/p&gt;
&lt;/div&gt;",False,False,False,,,,,0,1714087060.0,1714087060.0,0,,0,1714087701.0,0,{},l19r0s0,False,,t3_1cckrum,False,,,,[],t1_l19r0s0,True,,t3_1cckrum,/r/AskPhysics/comments/1cckrum/what_exactly_is_or_can_be_beyond_the_boundary_of/l19r0s0/,,"{'kind': 'Listing', 'data': {'after': None, 'dist': None, 'modhash': None, 'geo_filter': '', 'children': [{'kind': 't1', 'data': {'subreddit_id': 't5_2sumo', 'approved_at_utc': None, 'author_is_blocked': False, 'comment_type': None, 'awarders': [], 'mod_reason_by': None, 'banned_by': None, 'author_flair_type': 'text', 'total_awards_received': 0, 'subreddit': 'AskPhysics', 'author_flair_template_id': None, 'likes': None, 'replies': '', 'user_reports': [], 'saved': False, 'id': 'l19ygsu', 'banned_at_utc': None, 'mod_reason_title': None, 'gilded': 0, 'archived': False, 'collapsed_reason_code': None, 'no_follow': True, 'author': 'MrKguy', 'can_mod_post': False, 'created_utc': 1714089967.0, 'send_replies': True, 'parent_id': 't1_l19r0s0', 'score': 1, 'author_fullname': 't2_lwctu', 'removal_reason': None, 'approved_by': None, 'mod_note': None, 'all_awardings': [], 'body': ""I was more looking for what is plausible and if there are any well-regarded theories or models that have been proposed, as opposed to a definitive answer I can walk away with. This thread has made me aware that I need to develop a better understanding of the subject though; find the time to read up a bit more and so on. Thanks to it though I've now come across the concept of hypersphere, which is cool.\n\n&gt;would that really answer what is at the heart of your question? Would you and others really not wonder what lies beyond \\*that\\*? Would you just stop being curious and asking questions?\n\nYou're right, it wouldn't. The rabbit hole would just get deeper. I do like how if you reach far enough, questions can become more philosophical. Thank you for your response! It's appreciated"", 'edited': False, 'top_awarded_type': None, 'author_flair_css_class': None, 'name': 't1_l19ygsu', 'is_submitter': True, 'downs': 0, 'author_flair_richtext': [], 'author_patreon_flair': False, 'body_html': '&lt;div class=""md""&gt;&lt;p&gt;I was more looking for what is plausible and if there are any well-regarded theories or models that have been proposed, as opposed to a definitive answer I can walk away with. This thread has made me aware that I need to develop a better understanding of the subject though; find the time to read up a bit more and so on. Thanks to it though I&amp;#39;ve now come across the concept of hypersphere, which is cool.&lt;/p&gt;\n\n&lt;blockquote&gt;\n&lt;p&gt;would that really answer what is at the heart of your question? Would you and others really not wonder what lies beyond *that*? Would you just stop being curious and asking questions?&lt;/p&gt;\n&lt;/blockquote&gt;\n\n&lt;p&gt;You&amp;#39;re right, it wouldn&amp;#39;t. The rabbit hole would just get deeper. I do like how if you reach far enough, questions can become more philosophical. Thank you for your response! It&amp;#39;s appreciated&lt;/p&gt;\n&lt;/div&gt;', 'gildings': {}, 'collapsed_reason': None, 'distinguished': None, 'associated_award': None, 'stickied': False, 'author_premium': False, 'can_gild': False, 'link_id': 't3_1cckrum', 'unrepliable_reason': None, 'author_flair_text_color': None, 'score_hidden': False, 'permalink': '/r/AskPhysics/comments/1cckrum/what_exactly_is_or_can_be_beyond_the_boundary_of/l19ygsu/', 'subreddit_type': 'public', 'locked': False, 'report_reasons': None, 'created': 1714089967.0, 'author_flair_text': None, 'treatment_tags': [], 'collapsed': False, 'subreddit_name_prefixed': 'r/AskPhysics', 'controversiality': 0, 'depth': 1, 'author_flair_background_color': None, 'collapsed_because_crowd_control': None, 'mod_reports': [], 'num_reports': None, 'ups': 1}}], 'before': None}}",,False,1,False,True,False,AskPhysics,t5_2sumo,r/AskPhysics,public,,0,[],,1,[],t1
data_4,[],,,False,,shgysk8zer0,,,[],,,,text,t2_5jwsi,False,False,False,[],,,"I think the first point here is that ""universe"" is actually kinda ambiguous. The question means something entirely different if you're asking about the cosmos vs the observable universe.","&lt;div class=""md""&gt;&lt;p&gt;I think the first point here is that &amp;quot;universe&amp;quot; is actually kinda ambiguous. The question means something entirely different if you&amp;#39;re asking about the cosmos vs the observable universe.&lt;/p&gt;
&lt;/div&gt;",False,False,False,,,,,0,1714084316.0,1714084316.0,0,,0,False,0,{},l19jzrx,False,,t3_1cckrum,False,,,,[],t1_l19jzrx,True,,t3_1cckrum,/r/AskPhysics/comments/1cckrum/what_exactly_is_or_can_be_beyond_the_boundary_of/l19jzrx/,,,,False,0,False,True,False,AskPhysics,t5_2sumo,r/AskPhysics,public,,0,[],,0,[],t1
data_5,[],,,False,,TMax01,,,[],,,,text,t2_em1xt98p,False,False,False,[],,,"&gt;I think I also understand that a finite universe must have a ""boundary""?

That isn't really the case. Hence the urge for scare quotes your brain accurately presented.

There's two ways to think about this without your head exploding, so to speak. The first is that the cosmos (but not ""the universe"") has an imaginary ""boundary"" but it's impossible to identify where it is because it expands to include any perspective that approaches it within the cosmos. The other is the same, but without the cosmos/universe dichotomy or the scare quotes around 'boundary'. In short, the universe is not infinite but is immeasurable. Boundary limits are for mathematical constructs, and regard only our understanding of the universe (the mathematical formulae we use to define it) not the universe itself.

I'd be curious what the answer you'd get from r/askPhilosophy, and how it might differ from r/askPhysics.","&lt;div class=""md""&gt;&lt;blockquote&gt;
&lt;p&gt;I think I also understand that a finite universe must have a &amp;quot;boundary&amp;quot;?&lt;/p&gt;
&lt;/blockquote&gt;

&lt;p&gt;That isn&amp;#39;t really the case. Hence the urge for scare quotes your brain accurately presented.&lt;/p&gt;

&lt;p&gt;There&amp;#39;s two ways to think about this without your head exploding, so to speak. The first is that the cosmos (but not &amp;quot;the universe&amp;quot;) has an imaginary &amp;quot;boundary&amp;quot; but it&amp;#39;s impossible to identify where it is because it expands to include any perspective that approaches it within the cosmos. The other is the same, but without the cosmos/universe dichotomy or the scare quotes around &amp;#39;boundary&amp;#39;. In short, the universe is not infinite but is immeasurable. Boundary limits are for mathematical constructs, and regard only our understanding of the universe (the mathematical formulae we use to define it) not the universe itself.&lt;/p&gt;

&lt;p&gt;I&amp;#39;d be curious what the answer you&amp;#39;d get from &lt;a href=""/r/askPhilosophy""&gt;r/askPhilosophy&lt;/a&gt;, and how it might differ from &lt;a href=""/r/askPhysics""&gt;r/askPhysics&lt;/a&gt;.&lt;/p&gt;
&lt;/div&gt;",False,False,False,,,,,0,1714061825.0,1714061825.0,0,,0,False,0,{},l17y73m,False,,t3_1cckrum,False,,,,[],t1_l17y73m,True,,t3_1cckrum,/r/AskPhysics/comments/1cckrum/what_exactly_is_or_can_be_beyond_the_boundary_of/l17y73m/,,,,False,-1,False,True,False,AskPhysics,t5_2sumo,r/AskPhysics,public,,0,[],,-1,[],t1
data_6,[],,,False,,death-to-you,,,[],,,,text,t2_y209yslzh,False,False,False,[],,,I've been a bad boy.,"&lt;div class=""md""&gt;&lt;p&gt;I&amp;#39;ve been a bad boy.&lt;/p&gt;
&lt;/div&gt;",False,False,False,,,,,0,1714073111.0,1714073111.0,0,,0,False,0,{},l18ogia,False,,t3_1cckrum,False,,,,[],t1_l18ogia,True,,t3_1cckrum,/r/AskPhysics/comments/1cckrum/what_exactly_is_or_can_be_beyond_the_boundary_of/l18ogia/,,,,False,-1,False,True,False,AskPhysics,t5_2sumo,r/AskPhysics,public,,0,[],,-1,[],t1
data_7,[],,,False,,51line_baccer,,,[],,,,text,t2_te92fpidn,False,False,False,[],,,"There is nothing past the infinite universe to our minds. The further we look, the universe will always be there beyond our view as humans. So don't worry about it. It is not our place.","&lt;div class=""md""&gt;&lt;p&gt;There is nothing past the infinite universe to our minds. The further we look, the universe will always be there beyond our view as humans. So don&amp;#39;t worry about it. It is not our place.&lt;/p&gt;
&lt;/div&gt;",False,False,False,,,,,0,1714093106.0,1714093106.0,0,,0,False,0,{},l1a6oxr,False,,t3_1cckrum,False,,,,[],t1_l1a6oxr,True,,t3_1cckrum,/r/AskPhysics/comments/1cckrum/what_exactly_is_or_can_be_beyond_the_boundary_of/l1a6oxr/,,,,False,-1,False,True,False,AskPhysics,t5_2sumo,r/AskPhysics,public,,0,[],,-1,[],t1
data_8,[],,,False,,groundhogcow,,,[],,,,text,t2_wbtw5,False,False,False,[],,,"We don't have the answer but consider some options. 

1. There is an infinite nothing that our big ball of something is flying into.

2. Space itself doesn't exist until something goes into it.  So the space that is on the edge is created by matter moving into it.

3. There is a big fixed sphere.  Inside space fell down an infinite hole and in fact the universe isn't expanding at all, but falling into a singularity and streaching space and everything falls infinitely into a singularity.  The walls of which crate the universe as a hologram one dimension deeper than itself.","&lt;div class=""md""&gt;&lt;p&gt;We don&amp;#39;t have the answer but consider some options. &lt;/p&gt;

&lt;ol&gt;
&lt;li&gt;&lt;p&gt;There is an infinite nothing that our big ball of something is flying into.&lt;/p&gt;&lt;/li&gt;
&lt;li&gt;&lt;p&gt;Space itself doesn&amp;#39;t exist until something goes into it.  So the space that is on the edge is created by matter moving into it.&lt;/p&gt;&lt;/li&gt;
&lt;li&gt;&lt;p&gt;There is a big fixed sphere.  Inside space fell down an infinite hole and in fact the universe isn&amp;#39;t expanding at all, but falling into a singularity and streaching space and everything falls infinitely into a singularity.  The walls of which crate the universe as a hologram one dimension deeper than itself.&lt;/p&gt;&lt;/li&gt;
&lt;/ol&gt;
&lt;/div&gt;",False,False,True,,comment score below threshold,LOW_SCORE,,0,1714060564.0,1714060564.0,0,,0,False,0,{},l17uco8,False,,t3_1cckrum,False,,,,[],t1_l17uco8,True,,t3_1cckrum,/r/AskPhysics/comments/1cckrum/what_exactly_is_or_can_be_beyond_the_boundary_of/l17uco8/,,,,False,-6,False,True,False,AskPhysics,t5_2sumo,r/AskPhysics,public,,0,[],,-6,[],t1
data_9,[],,,False,,mez1642,,,[],,,,text,t2_5bvhfxus,False,False,True,[],,,"Well that’s the interesting part.  I mean, could be 11 dimensions, so maybe that architecture is already in place.  Can’t wait to see qualified theories in the responses.","&lt;div class=""md""&gt;&lt;p&gt;Well that’s the interesting part.  I mean, could be 11 dimensions, so maybe that architecture is already in place.  Can’t wait to see qualified theories in the responses.&lt;/p&gt;
&lt;/div&gt;",False,False,True,,comment score below threshold,LOW_SCORE,,0,1714026604.0,1714026604.0,0,,0,False,0,{},l15y7nh,False,,t3_1cckrum,False,,,,[],t1_l15y7nh,True,,t3_1cckrum,/r/AskPhysics/comments/1cckrum/what_exactly_is_or_can_be_beyond_the_boundary_of/l15y7nh/,,,,False,-5,False,True,False,AskPhysics,t5_2sumo,r/AskPhysics,public,,0,[],,-5,[],t1
data_10,[],,,False,,19ShowdogTiger81,,,[],,,,text,t2_d1vv8n8a,False,False,False,[],,,My husband says me when I get angry at people not using coasters.,"&lt;div class=""md""&gt;&lt;p&gt;My husband says me when I get angry at people not using coasters.&lt;/p&gt;
&lt;/div&gt;",False,False,True,,comment score below threshold,LOW_SCORE,,0,1714036252.0,1714036252.0,0,,0,False,0,{},l16bhi5,False,,t3_1cckrum,False,,,,[],t1_l16bhi5,True,,t3_1cckrum,/r/AskPhysics/comments/1cckrum/what_exactly_is_or_can_be_beyond_the_boundary_of/l16bhi5/,,,,False,-6,False,True,False,AskPhysics,t5_2sumo,r/AskPhysics,public,,0,[],,-6,[],t1
data_11,[],,,False,,TheConsutant,,,[],,,,text,t2_kw1tzb6f5,False,False,False,[],,,"There is really no such thing as nothing according to the Shrodinger equation. Yeah, I think I misspelled his name, but, anyway,

Why would the universe end?

The universe expands, but also contracts just as much. We are the equilibrium in-between according to my own theoretical reasoning.","&lt;div class=""md""&gt;&lt;p&gt;There is really no such thing as nothing according to the Shrodinger equation. Yeah, I think I misspelled his name, but, anyway,&lt;/p&gt;

&lt;p&gt;Why would the universe end?&lt;/p&gt;

&lt;p&gt;The universe expands, but also contracts just as much. We are the equilibrium in-between according to my own theoretical reasoning.&lt;/p&gt;
&lt;/div&gt;",False,False,True,,comment score below threshold,LOW_SCORE,,0,1714046338.0,1714046338.0,0,,0,False,0,{},l16s0yj,False,,t3_1cckrum,False,,,,[],t1_l16s0yj,True,,t3_1cckrum,/r/AskPhysics/comments/1cckrum/what_exactly_is_or_can_be_beyond_the_boundary_of/l16s0yj/,,,,False,-6,False,True,False,AskPhysics,t5_2sumo,r/AskPhysics,public,,0,[],,-6,[],t1
data_12,[],,,False,,Whydidyoudothattwice,,,[],,,,text,t2_ve58mfjv0,False,False,False,[],,,Quantum states that the Universe is infinite.,"&lt;div class=""md""&gt;&lt;p&gt;Quantum states that the Universe is infinite.&lt;/p&gt;
&lt;/div&gt;",False,False,True,,comment score below threshold,LOW_SCORE,,0,1714032590.0,1714032590.0,0,,0,False,0,{},l166nrh,False,,t3_1cckrum,False,,,,[],t1_l166nrh,True,,t3_1cckrum,/r/AskPhysics/comments/1cckrum/what_exactly_is_or_can_be_beyond_the_boundary_of/l166nrh/,,"{'kind': 'Listing', 'data': {'after': None, 'dist': None, 'modhash': None, 'geo_filter': '', 'children': [{'kind': 't1', 'data': {'subreddit_id': 't5_2sumo', 'approved_at_utc': None, 'author_is_blocked': False, 'comment_type': None, 'awarders': [], 'mod_reason_by': None, 'banned_by': None, 'author_flair_type': 'text', 'total_awards_received': 0, 'subreddit': 'AskPhysics', 'author_flair_template_id': None, 'likes': None, 'replies': {'kind': 'Listing', 'data': {'after': None, 'dist': None, 'modhash': None, 'geo_filter': '', 'children': [{'kind': 't1', 'data': {'subreddit_id': 't5_2sumo', 'approved_at_utc': None, 'author_is_blocked': False, 'comment_type': None, 'awarders': [], 'mod_reason_by': None, 'banned_by': None, 'author_flair_type': 'text', 'total_awards_received': 0, 'subreddit': 'AskPhysics', 'author_flair_template_id': None, 'likes': None, 'replies': {'kind': 'Listing', 'data': {'after': None, 'dist': None, 'modhash': None, 'geo_filter': '', 'children': [{'kind': 't1', 'data': {'subreddit_id': 't5_2sumo', 'approved_at_utc': None, 'author_is_blocked': False, 'comment_type': None, 'awarders': [], 'mod_reason_by': None, 'banned_by': None, 'author_flair_type': 'text', 'total_awards_received': 0, 'subreddit': 'AskPhysics', 'author_flair_template_id': None, 'likes': None, 'replies': '', 'user_reports': [], 'saved': False, 'id': 'l1bnrs2', 'banned_at_utc': None, 'mod_reason_title': None, 'gilded': 0, 'archived': False, 'collapsed_reason_code': None, 'no_follow': True, 'author': 'wonkey_monkey', 'can_mod_post': False, 'send_replies': True, 'parent_id': 't1_l1b48ei', 'score': 2, 'author_fullname': 't2_whgrg', 'removal_reason': None, 'approved_by': None, 'mod_note': None, 'all_awardings': [], 'collapsed': False, 'body': 'That makes even less sense.', 'edited': False, 'top_awarded_type': None, 'author_flair_css_class': None, 'name': 't1_l1bnrs2', 'is_submitter': False, 'downs': 0, 'author_flair_richtext': [], 'author_patreon_flair': False, 'body_html': '&lt;div class=""md""&gt;&lt;p&gt;That makes even less sense.&lt;/p&gt;\n&lt;/div&gt;', 'gildings': {}, 'collapsed_reason': None, 'distinguished': None, 'associated_award': None, 'stickied': False, 'author_premium': False, 'can_gild': False, 'link_id': 't3_1cckrum', 'unrepliable_reason': None, 'author_flair_text_color': None, 'score_hidden': False, 'permalink': '/r/AskPhysics/comments/1cckrum/what_exactly_is_or_can_be_beyond_the_boundary_of/l1bnrs2/', 'subreddit_type': 'public', 'locked': False, 'report_reasons': None, 'created': 1714120189.0, 'author_flair_text': None, 'treatment_tags': [], 'created_utc': 1714120189.0, 'subreddit_name_prefixed': 'r/AskPhysics', 'controversiality': 0, 'depth': 3, 'author_flair_background_color': None, 'collapsed_because_crowd_control': None, 'mod_reports': [], 'num_reports': None, 'ups': 2}}], 'before': None}}, 'user_reports': [], 'saved': False, 'id': 'l1b48ei', 'banned_at_utc': None, 'mod_reason_title': None, 'gilded': 0, 'archived': False, 'collapsed_reason_code': None, 'no_follow': True, 'author': 'Whydidyoudothattwice', 'can_mod_post': False, 'send_replies': True, 'parent_id': 't1_l16a3kr', 'score': 0, 'author_fullname': 't2_ve58mfjv0', 'removal_reason': None, 'approved_by': None, 'mod_note': None, 'all_awardings': [], 'body': 'Uhh, no. You’re just unaware of what has already occurred.', 'edited': False, 'top_awarded_type': None, 'downs': 0, 'author_flair_css_class': None, 'name': 't1_l1b48ei', 'is_submitter': False, 'collapsed': False, 'author_flair_richtext': [], 'author_patreon_flair': False, 'body_html': '&lt;div class=""md""&gt;&lt;p&gt;Uhh, no. You’re just unaware of what has already occurred.&lt;/p&gt;\n&lt;/div&gt;', 'gildings': {}, 'collapsed_reason': None, 'distinguished': None, 'associated_award': None, 'stickied': False, 'author_premium': False, 'can_gild': False, 'link_id': 't3_1cckrum', 'unrepliable_reason': None, 'author_flair_text_color': None, 'score_hidden': False, 'permalink': '/r/AskPhysics/comments/1cckrum/what_exactly_is_or_can_be_beyond_the_boundary_of/l1b48ei/', 'subreddit_type': 'public', 'locked': False, 'report_reasons': None, 'created': 1714107217.0, 'author_flair_text': None, 'treatment_tags': [], 'created_utc': 1714107217.0, 'subreddit_name_prefixed': 'r/AskPhysics', 'controversiality': 0, 'depth': 2, 'author_flair_background_color': None, 'collapsed_because_crowd_control': None, 'mod_reports': [], 'num_reports': None, 'ups': 0}}], 'before': None}}, 'user_reports': [], 'saved': False, 'id': 'l16a3kr', 'banned_at_utc': None, 'mod_reason_title': None, 'gilded': 0, 'archived': False, 'collapsed_reason_code': None, 'no_follow': False, 'author': 'wonkey_monkey', 'can_mod_post': False, 'created_utc': 1714035205.0, 'send_replies': True, 'parent_id': 't1_l166nrh', 'score': 4, 'author_fullname': 't2_whgrg', 'removal_reason': None, 'approved_by': None, 'mod_note': None, 'all_awardings': [], 'body': ""That's nonsense."", 'edited': False, 'top_awarded_type': None, 'author_flair_css_class': None, 'name': 't1_l16a3kr', 'is_submitter': False, 'downs': 0, 'author_flair_richtext': [], 'author_patreon_flair': False, 'body_html': '&lt;div class=""md""&gt;&lt;p&gt;That&amp;#39;s nonsense.&lt;/p&gt;\n&lt;/div&gt;', 'gildings': {}, 'collapsed_reason': None, 'distinguished': None, 'associated_award': None, 'stickied': False, 'author_premium': False, 'can_gild': False, 'link_id': 't3_1cckrum', 'unrepliable_reason': None, 'author_flair_text_color': None, 'score_hidden': False, 'permalink': '/r/AskPhysics/comments/1cckrum/what_exactly_is_or_can_be_beyond_the_boundary_of/l16a3kr/', 'subreddit_type': 'public', 'locked': False, 'report_reasons': None, 'created': 1714035205.0, 'author_flair_text': None, 'treatment_tags': [], 'collapsed': False, 'subreddit_name_prefixed': 'r/AskPhysics', 'controversiality': 0, 'depth': 1, 'author_flair_background_color': None, 'collapsed_because_crowd_control': None, 'mod_reports': [], 'num_reports': None, 'ups': 4}}, {'kind': 't1', 'data': {'subreddit_id': 't5_2sumo', 'approved_at_utc': None, 'author_is_blocked': False, 'comment_type': None, 'awarders': [], 'mod_reason_by': None, 'banned_by': None, 'author_flair_type': 'text', 'total_awards_received': 0, 'subreddit': 'AskPhysics', 'author_flair_template_id': None, 'likes': None, 'replies': {'kind': 'Listing', 'data': {'after': None, 'dist': None, 'modhash': None, 'geo_filter': '', 'children': [{'kind': 't1', 'data': {'subreddit_id': 't5_2sumo', 'approved_at_utc': None, 'author_is_blocked': False, 'comment_type': None, 'awarders': [], 'mod_reason_by': None, 'banned_by': None, 'author_flair_type': 'text', 'total_awards_received': 0, 'subreddit': 'AskPhysics', 'author_flair_template_id': None, 'likes': None, 'replies': {'kind': 'Listing', 'data': {'after': None, 'dist': None, 'modhash': None, 'geo_filter': '', 'children': [{'kind': 't1', 'data': {'subreddit_id': 't5_2sumo', 'approved_at_utc': None, 'author_is_blocked': False, 'comment_type': None, 'awarders': [], 'mod_reason_by': None, 'banned_by': None, 'author_flair_type': 'text', 'total_awards_received': 0, 'subreddit': 'AskPhysics', 'author_flair_template_id': None, 'likes': None, 'replies': '', 'user_reports': [], 'saved': False, 'id': 'l1b5dfw', 'banned_at_utc': None, 'mod_reason_title': None, 'gilded': 0, 'archived': False, 'collapsed_reason_code': None, 'no_follow': True, 'author': 'LiquidCoal', 'can_mod_post': False, 'send_replies': True, 'parent_id': 't1_l1b4z9b', 'score': 2, 'author_fullname': 't2_12kths3r', 'removal_reason': None, 'approved_by': None, 'mod_note': None, 'all_awardings': [], 'collapsed': False, 'body': 'Uhhhhhhhhh', 'edited': False, 'top_awarded_type': None, 'author_flair_css_class': None, 'name': 't1_l1b5dfw', 'is_submitter': False, 'downs': 0, 'author_flair_richtext': [], 'author_patreon_flair': False, 'body_html': '&lt;div class=""md""&gt;&lt;p&gt;Uhhhhhhhhh&lt;/p&gt;\n&lt;/div&gt;', 'gildings': {}, 'collapsed_reason': None, 'distinguished': None, 'associated_award': None, 'stickied': False, 'author_premium': False, 'can_gild': False, 'link_id': 't3_1cckrum', 'unrepliable_reason': None, 'author_flair_text_color': None, 'score_hidden': False, 'permalink': '/r/AskPhysics/comments/1cckrum/what_exactly_is_or_can_be_beyond_the_boundary_of/l1b5dfw/', 'subreddit_type': 'public', 'locked': False, 'report_reasons': None, 'created': 1714107850.0, 'author_flair_text': None, 'treatment_tags': [], 'created_utc': 1714107850.0, 'subreddit_name_prefixed': 'r/AskPhysics', 'controversiality': 0, 'depth': 3, 'author_flair_background_color': None, 'collapsed_because_crowd_control': None, 'mod_reports': [], 'num_reports': None, 'ups': 2}}, {'kind': 't1', 'data': {'subreddit_id': 't5_2sumo', 'approved_at_utc': None, 'author_is_blocked': False, 'comment_type': None, 'awarders': [], 'mod_reason_by': None, 'banned_by': None, 'author_flair_type': 'text', 'total_awards_received': 0, 'subreddit': 'AskPhysics', 'author_flair_template_id': None, 'likes': None, 'replies': {'kind': 'Listing', 'data': {'after': None, 'dist': None, 'modhash': None, 'geo_filter': '', 'children': [{'kind': 't1', 'data': {'subreddit_id': 't5_2sumo', 'approved_at_utc': None, 'author_is_blocked': False, 'comment_type': None, 'awarders': [], 'mod_reason_by': None, 'banned_by': None, 'author_flair_type': 'text', 'total_awards_received': 0, 'subreddit': 'AskPhysics', 'author_flair_template_id': None, 'distinguished': None, 'likes': None, 'replies': {'kind': 'Listing', 'data': {'after': None, 'dist': None, 'modhash': None, 'geo_filter': '', 'children': [{'kind': 't1', 'data': {'subreddit_id': 't5_2sumo', 'approved_at_utc': None, 'author_is_blocked': False, 'comment_type': None, 'awarders': [], 'mod_reason_by': None, 'banned_by': None, 'author_flair_type': 'text', 'total_awards_received': 0, 'subreddit': 'AskPhysics', 'author_flair_template_id': None, 'distinguished': None, 'likes': None, 'replies': {'kind': 'Listing', 'data': {'after': None, 'dist': None, 'modhash': None, 'geo_filter': '', 'children': [{'kind': 't1', 'data': {'subreddit_id': 't5_2sumo', 'approved_at_utc': None, 'author_is_blocked': False, 'comment_type': None, 'awarders': [], 'mod_reason_by': None, 'banned_by': None, 'author_flair_type': 'text', 'total_awards_received': 0, 'subreddit': 'AskPhysics', 'author_flair_template_id': None, 'distinguished': None, 'likes': None, 'replies': {'kind': 'Listing', 'data': {'after': None, 'dist': None, 'modhash': None, 'geo_filter': '', 'children': [{'kind': 't1', 'data': {'subreddit_id': 't5_2sumo', 'approved_at_utc': None, 'author_is_blocked': False, 'comment_type': None, 'awarders': [], 'mod_reason_by': None, 'banned_by': None, 'author_flair_type': 'text', 'total_awards_received': 0, 'subreddit': 'AskPhysics', 'author_flair_template_id': None, 'distinguished': None, 'likes': None, 'replies': '', 'user_reports': [], 'saved': False, 'id': 'l1jnoj8', 'banned_at_utc': None, 'mod_reason_title': None, 'gilded': 0, 'archived': False, 'collapsed_reason_code': None, 'no_follow': True, 'author': 'wonkey_monkey', 'can_mod_post': False, 'created_utc': 1714248224.0, 'send_replies': True, 'parent_id': 't1_l1jnd8n', 'score': 1, 'author_fullname': 't2_whgrg', 'approved_by': None, 'mod_note': None, 'all_awardings': [], 'body': ""Oooh aren't you all clever and mysterious 👍 🤣"", 'edited': False, 'gildings': {}, 'author_flair_css_class': None, 'name': 't1_l1jnoj8', 'is_submitter': False, 'downs': 0, 'author_flair_richtext': [], 'author_patreon_flair': False, 'body_html': '&lt;div class=""md""&gt;&lt;p&gt;Oooh aren&amp;#39;t you all clever and mysterious 👍 🤣&lt;/p&gt;\n&lt;/div&gt;', 'removal_reason': None, 'collapsed_reason': None, 'link_id': 't3_1cckrum', 'associated_award': None, 'stickied': False, 'author_premium': False, 'can_gild': False, 'top_awarded_type': None, 'unrepliable_reason': None, 'author_flair_text_color': None, 'score_hidden': False, 'permalink': '/r/AskPhysics/comments/1cckrum/what_exactly_is_or_can_be_beyond_the_boundary_of/l1jnoj8/', 'subreddit_type': 'public', 'locked': False, 'report_reasons': None, 'created': 1714248224.0, 'author_flair_text': None, 'treatment_tags': [], 'collapsed': False, 'subreddit_name_prefixed': 'r/AskPhysics', 'controversiality': 0, 'depth': 7, 'author_flair_background_color': None, 'collapsed_because_crowd_control': None, 'mod_reports': [], 'num_reports': None, 'ups': 1}}], 'before': None}}, 'user_reports': [], 'saved': False, 'id': 'l1jnd8n', 'banned_at_utc': None, 'mod_reason_title': None, 'gilded': 0, 'archived': False, 'collapsed_reason_code': None, 'no_follow': True, 'author': 'Whydidyoudothattwice', 'can_mod_post': False, 'send_replies': True, 'parent_id': 't1_l1hhg1u', 'score': 0, 'author_fullname': 't2_ve58mfjv0', 'approved_by': None, 'mod_note': None, 'all_awardings': [], 'collapsed': False, 'body': 'Yep, I can tell. Good luck dude.', 'edited': False, 'gildings': {}, 'author_flair_css_class': None, 'name': 't1_l1jnd8n', 'is_submitter': False, 'downs': 0, 'author_flair_richtext': [], 'author_patreon_flair': False, 'body_html': '&lt;div class=""md""&gt;&lt;p&gt;Yep, I can tell. Good luck dude.&lt;/p&gt;\n&lt;/div&gt;', 'removal_reason': None, 'collapsed_reason': None, 'link_id': 't3_1cckrum', 'associated_award': None, 'stickied': False, 'author_premium': False, 'can_gild': False, 'top_awarded_type': None, 'unrepliable_reason': None, 'author_flair_text_color': None, 'score_hidden': False, 'permalink': '/r/AskPhysics/comments/1cckrum/what_exactly_is_or_can_be_beyond_the_boundary_of/l1jnd8n/', 'subreddit_type': 'public', 'locked': False, 'report_reasons': None, 'created': 1714248103.0, 'author_flair_text': None, 'treatment_tags': [], 'created_utc': 1714248103.0, 'subreddit_name_prefixed': 'r/AskPhysics', 'controversiality': 0, 'depth': 6, 'author_flair_background_color': None, 'collapsed_because_crowd_control': None, 'mod_reports': [], 'num_reports': None, 'ups': 0}}], 'before': None}}, 'user_reports': [], 'saved': False, 'id': 'l1hhg1u', 'banned_at_utc': None, 'mod_reason_title': None, 'gilded': 0, 'archived': False, 'collapsed_reason_code': None, 'no_follow': True, 'author': 'wonkey_monkey', 'can_mod_post': False, 'send_replies': True, 'parent_id': 't1_l1gj6j0', 'score': 1, 'author_fullname': 't2_whgrg', 'approved_by': None, 'mod_note': None, 'all_awardings': [], 'body': 'Even your retorts are nonsensical.', 'edited': False, 'gildings': {}, 'downs': 0, 'author_flair_css_class': None, 'name': 't1_l1hhg1u', 'is_submitter': False, 'collapsed': False, 'author_flair_richtext': [], 'author_patreon_flair': False, 'body_html': '&lt;div class=""md""&gt;&lt;p&gt;Even your retorts are nonsensical.&lt;/p&gt;\n&lt;/div&gt;', 'removal_reason': None, 'collapsed_reason': None, 'link_id': 't3_1cckrum', 'associated_award': None, 'stickied': False, 'author_premium': False, 'can_gild': False, 'top_awarded_type': None, 'unrepliable_reason': None, 'author_flair_text_color': None, 'score_hidden': False, 'permalink': '/r/AskPhysics/comments/1cckrum/what_exactly_is_or_can_be_beyond_the_boundary_of/l1hhg1u/', 'subreddit_type': 'public', 'locked': False, 'report_reasons': None, 'created': 1714215979.0, 'author_flair_text': None, 'treatment_tags': [], 'created_utc': 1714215979.0, 'subreddit_name_prefixed': 'r/AskPhysics', 'controversiality': 0, 'depth': 5, 'author_flair_background_color': None, 'collapsed_because_crowd_control': None, 'mod_reports': [], 'num_reports': None, 'ups': 1}}], 'before': None}}, 'user_reports': [], 'saved': False, 'id': 'l1gj6j0', 'banned_at_utc': None, 'mod_reason_title': None, 'gilded': 0, 'archived': False, 'collapsed_reason_code': None, 'no_follow': True, 'author': 'Whydidyoudothattwice', 'can_mod_post': False, 'send_replies': True, 'parent_id': 't1_l1bvtg8', 'score': 0, 'author_fullname': 't2_ve58mfjv0', 'removal_reason': None, 'approved_by': None, 'mod_note': None, 'all_awardings': [], 'body': 'I can tell. Good luck dude', 'edited': False, 'author_flair_css_class': None, 'name': 't1_l1gj6j0', 'is_submitter': False, 'downs': 0, 'author_flair_richtext': [], 'author_patreon_flair': False, 'body_html': '&lt;div class=""md""&gt;&lt;p&gt;I can tell. Good luck dude&lt;/p&gt;\n&lt;/div&gt;', 'gildings': {}, 'collapsed_reason': None, 'link_id': 't3_1cckrum', 'associated_award': None, 'stickied': False, 'author_premium': False, 'can_gild': False, 'top_awarded_type': None, 'unrepliable_reason': None, 'author_flair_text_color': None, 'treatment_tags': [], 'score_hidden': False, 'permalink': '/r/AskPhysics/comments/1cckrum/what_exactly_is_or_can_be_beyond_the_boundary_of/l1gj6j0/', 'subreddit_type': 'public', 'locked': False, 'report_reasons': None, 'created': 1714192278.0, 'author_flair_text': None, 'collapsed': False, 'created_utc': 1714192278.0, 'subreddit_name_prefixed': 'r/AskPhysics', 'controversiality': 0, 'depth': 4, 'author_flair_background_color': None, 'collapsed_because_crowd_control': None, 'mod_reports': [], 'num_reports': None, 'ups': 0}}], 'before': None}}, 'user_reports': [], 'saved': False, 'id': 'l1bvtg8', 'banned_at_utc': None, 'mod_reason_title': None, 'gilded': 0, 'archived': False, 'collapsed_reason_code': None, 'no_follow': True, 'author': 'wonkey_monkey', 'can_mod_post': False, 'send_replies': True, 'parent_id': 't1_l1b4z9b', 'score': 2, 'author_fullname': 't2_whgrg', 'removal_reason': None, 'approved_by': None, 'mod_note': None, 'all_awardings': [], 'collapsed': False, 'body': ""&gt; This is through what is determined to be the Higgs-Boson particle.\n\nDo you think it was discovered by two guys called Higgs and Boson?\n\n&gt; Hence the “God-particle” moniker.\n\nNo, that's not why it's called that.\n\n&gt; Basically what I am saying is that I was right then, and I am right now. \n\nPretty sure you don't know what you're talking about, then or now."", 'edited': False, 'top_awarded_type': None, 'author_flair_css_class': None, 'name': 't1_l1bvtg8', 'is_submitter': False, 'downs': 0, 'author_flair_richtext': [], 'author_patreon_flair': False, 'body_html': '&lt;div class=""md""&gt;&lt;blockquote&gt;\n&lt;p&gt;This is through what is determined to be the Higgs-Boson particle.&lt;/p&gt;\n&lt;/blockquote&gt;\n\n&lt;p&gt;Do you think it was discovered by two guys called Higgs and Boson?&lt;/p&gt;\n\n&lt;blockquote&gt;\n&lt;p&gt;Hence the “God-particle” moniker.&lt;/p&gt;\n&lt;/blockquote&gt;\n\n&lt;p&gt;No, that&amp;#39;s not why it&amp;#39;s called that.&lt;/p&gt;\n\n&lt;blockquote&gt;\n&lt;p&gt;Basically what I am saying is that I was right then, and I am right now. &lt;/p&gt;\n&lt;/blockquote&gt;\n\n&lt;p&gt;Pretty sure you don&amp;#39;t know what you&amp;#39;re talking about, then or now.&lt;/p&gt;\n&lt;/div&gt;', 'gildings': {}, 'collapsed_reason': None, 'distinguished': None, 'associated_award': None, 'stickied': False, 'author_premium': False, 'can_gild': False, 'link_id': 't3_1cckrum', 'unrepliable_reason': None, 'author_flair_text_color': None, 'score_hidden': False, 'permalink': '/r/AskPhysics/comments/1cckrum/what_exactly_is_or_can_be_beyond_the_boundary_of/l1bvtg8/', 'subreddit_type': 'public', 'locked': False, 'report_reasons': None, 'created': 1714126042.0, 'author_flair_text': None, 'treatment_tags': [], 'created_utc': 1714126042.0, 'subreddit_name_prefixed': 'r/AskPhysics', 'controversiality': 0, 'depth': 3, 'author_flair_background_color': None, 'collapsed_because_crowd_control': None, 'mod_reports': [], 'num_reports': None, 'ups': 2}}], 'before': None}}, 'user_reports': [], 'saved': False, 'id': 'l1b4z9b', 'banned_at_utc': None, 'mod_reason_title': None, 'gilded': 0, 'archived': False, 'collapsed_reason_code': None, 'no_follow': True, 'author': 'Whydidyoudothattwice', 'can_mod_post': False, 'send_replies': True, 'parent_id': 't1_l1b48k3', 'score': 1, 'author_fullname': 't2_ve58mfjv0', 'removal_reason': None, 'approved_by': None, 'mod_note': None, 'all_awardings': [], 'body': 'QFT states that there is no end to the amount of possible created material that makes up the Universe and thus there is no start or stop of it, and thus no beginning or end of it. That the field states that constitute matter can self produce matter from the right field conditions and that matter can and will eventually accumulate.\xa0\n\nThis is through what is determined to be the Higgs-Boson particle. Which is calculated as a wavestate by which all wavestates can be calculated from. Hence the “God-particle” moniker.\n\nThere was even a Quantum PhD candidate back in the early 2000’s whom was awarded his PhD for a successful defense of this theory of the Infinite Universe, by using QFT and validating it all the way through to GR.\n\nBasically what I am saying is that I was right then, and I am right now.\xa0', 'edited': False, 'top_awarded_type': None, 'downs': 0, 'author_flair_css_class': None, 'name': 't1_l1b4z9b', 'is_submitter': False, 'collapsed': False, 'author_flair_richtext': [], 'author_patreon_flair': False, 'body_html': '&lt;div class=""md""&gt;&lt;p&gt;QFT states that there is no end to the amount of possible created material that makes up the Universe and thus there is no start or stop of it, and thus no beginning or end of it. That the field states that constitute matter can self produce matter from the right field conditions and that matter can and will eventually accumulate.\xa0&lt;/p&gt;\n\n&lt;p&gt;This is through what is determined to be the Higgs-Boson particle. Which is calculated as a wavestate by which all wavestates can be calculated from. Hence the “God-particle” moniker.&lt;/p&gt;\n\n&lt;p&gt;There was even a Quantum PhD candidate back in the early 2000’s whom was awarded his PhD for a successful defense of this theory of the Infinite Universe, by using QFT and validating it all the way through to GR.&lt;/p&gt;\n\n&lt;p&gt;Basically what I am saying is that I was right then, and I am right now.\xa0&lt;/p&gt;\n&lt;/div&gt;', 'gildings': {}, 'collapsed_reason': None, 'distinguished': None, 'associated_award': None, 'stickied': False, 'author_premium': False, 'can_gild': False, 'link_id': 't3_1cckrum', 'unrepliable_reason': None, 'author_flair_text_color': None, 'score_hidden': False, 'permalink': '/r/AskPhysics/comments/1cckrum/what_exactly_is_or_can_be_beyond_the_boundary_of/l1b4z9b/', 'subreddit_type': 'public', 'locked': False, 'report_reasons': None, 'created': 1714107626.0, 'author_flair_text': None, 'treatment_tags': [], 'created_utc': 1714107626.0, 'subreddit_name_prefixed': 'r/AskPhysics', 'controversiality': 0, 'depth': 2, 'author_flair_background_color': None, 'collapsed_because_crowd_control': None, 'mod_reports': [], 'num_reports': None, 'ups': 1}}], 'before': None}}, 'user_reports': [], 'saved': False, 'id': 'l1b48k3', 'banned_at_utc': None, 'mod_reason_title': None, 'gilded': 0, 'archived': False, 'collapsed_reason_code': None, 'no_follow': True, 'author': 'LiquidCoal', 'can_mod_post': False, 'created_utc': 1714107219.0, 'send_replies': True, 'parent_id': 't1_l166nrh', 'score': 1, 'author_fullname': 't2_12kths3r', 'removal_reason': None, 'approved_by': None, 'mod_note': None, 'all_awardings': [], 'body': 'Please elaborate.', 'edited': False, 'top_awarded_type': None, 'author_flair_css_class': None, 'name': 't1_l1b48k3', 'is_submitter': False, 'downs': 0, 'author_flair_richtext': [], 'author_patreon_flair': False, 'body_html': '&lt;div class=""md""&gt;&lt;p&gt;Please elaborate.&lt;/p&gt;\n&lt;/div&gt;', 'gildings': {}, 'collapsed_reason': None, 'distinguished': None, 'associated_award': None, 'stickied': False, 'author_premium': False, 'can_gild': False, 'link_id': 't3_1cckrum', 'unrepliable_reason': None, 'author_flair_text_color': None, 'score_hidden': False, 'permalink': '/r/AskPhysics/comments/1cckrum/what_exactly_is_or_can_be_beyond_the_boundary_of/l1b48k3/', 'subreddit_type': 'public', 'locked': False, 'report_reasons': None, 'created': 1714107219.0, 'author_flair_text': None, 'treatment_tags': [], 'collapsed': False, 'subreddit_name_prefixed': 'r/AskPhysics', 'controversiality': 0, 'depth': 1, 'author_flair_background_color': None, 'collapsed_because_crowd_control': None, 'mod_reports': [], 'num_reports': None, 'ups': 1}}], 'before': None}}",,False,-10,False,True,False,AskPhysics,t5_2sumo,r/AskPhysics,public,,0,[],,-10,[],t1
