,all_awardings,approved_at_utc,approved_by,archived,associated_award,author,author_flair_background_color,author_flair_css_class,author_flair_richtext,author_flair_template_id,author_flair_text,author_flair_text_color,author_flair_type,author_fullname,author_is_blocked,author_patreon_flair,author_premium,awarders,banned_at_utc,banned_by,body,body_html,can_gild,can_mod_post,collapsed,collapsed_because_crowd_control,collapsed_reason,collapsed_reason_code,comment_type,controversiality,created,created_utc,depth,distinguished,downs,edited,gilded,gildings,id,is_submitter,likes,link_id,locked,mod_note,mod_reason_by,mod_reason_title,mod_reports,name,no_follow,num_reports,parent_id,permalink,removal_reason,replies,report_reasons,saved,score,score_hidden,send_replies,stickied,subreddit,subreddit_id,subreddit_name_prefixed,subreddit_type,top_awarded_type,total_awards_received,treatment_tags,unrepliable_reason,ups,user_reports,kind
data,[],,,False,,Prof_Sarcastic,,,[],,,,text,t2_7rtkedgv,False,False,False,[],,,"This is an instance where we need to be careful. In some sense, the answer to your question is yes but it needs some unpacking. The object itself is not moving at the speed of light (relative to observers that are near it) and *we* would never see it moving at the speed of light either. Instead, the point at which the object appears to be moving at the speed of light relative to us is the point where the light would completely recede from our horizon and therefore it would be too far for us to actually see it anymore.","&lt;div class=""md""&gt;&lt;p&gt;This is an instance where we need to be careful. In some sense, the answer to your question is yes but it needs some unpacking. The object itself is not moving at the speed of light (relative to observers that are near it) and &lt;em&gt;we&lt;/em&gt; would never see it moving at the speed of light either. Instead, the point at which the object appears to be moving at the speed of light relative to us is the point where the light would completely recede from our horizon and therefore it would be too far for us to actually see it anymore.&lt;/p&gt;
&lt;/div&gt;",False,False,False,,,,,0,1713997633.0,1713997633.0,0,,0,False,0,{},l145h79,False,,t3_1cc990x,False,,,,[],t1_l145h79,False,,t3_1cc990x,/r/AskPhysics/comments/1cc990x/astrophysic_question/l145h79/,,"{'kind': 'Listing', 'data': {'after': None, 'dist': None, 'modhash': None, 'geo_filter': '', 'children': [{'kind': 't1', 'data': {'subreddit_id': 't5_2sumo', 'approved_at_utc': None, 'author_is_blocked': False, 'comment_type': None, 'awarders': [], 'mod_reason_by': None, 'banned_by': None, 'author_flair_type': 'text', 'total_awards_received': 0, 'subreddit': 'AskPhysics', 'author_flair_template_id': None, 'likes': None, 'replies': '', 'user_reports': [], 'saved': False, 'id': 'l16ri38', 'banned_at_utc': None, 'mod_reason_title': None, 'gilded': 0, 'archived': False, 'collapsed_reason_code': None, 'no_follow': True, 'author': 'Internal-Resolution7', 'can_mod_post': False, 'created_utc': 1714046081.0, 'send_replies': True, 'parent_id': 't1_l145h79', 'score': 1, 'author_fullname': 't2_c0de1iib', 'removal_reason': None, 'approved_by': None, 'mod_note': None, 'all_awardings': [], 'body': 'Thanks for the good answer', 'edited': False, 'top_awarded_type': None, 'author_flair_css_class': None, 'name': 't1_l16ri38', 'is_submitter': True, 'downs': 0, 'author_flair_richtext': [], 'author_patreon_flair': False, 'body_html': '&lt;div class=""md""&gt;&lt;p&gt;Thanks for the good answer&lt;/p&gt;\n&lt;/div&gt;', 'gildings': {}, 'collapsed_reason': None, 'distinguished': None, 'associated_award': None, 'stickied': False, 'author_premium': False, 'can_gild': False, 'link_id': 't3_1cc990x', 'unrepliable_reason': None, 'author_flair_text_color': None, 'score_hidden': False, 'permalink': '/r/AskPhysics/comments/1cc990x/astrophysic_question/l16ri38/', 'subreddit_type': 'public', 'locked': False, 'report_reasons': None, 'created': 1714046081.0, 'author_flair_text': None, 'treatment_tags': [], 'collapsed': False, 'subreddit_name_prefixed': 'r/AskPhysics', 'controversiality': 0, 'depth': 1, 'author_flair_background_color': None, 'collapsed_because_crowd_control': None, 'mod_reports': [], 'num_reports': None, 'ups': 1}}], 'before': None}}",,False,5,False,True,False,AskPhysics,t5_2sumo,r/AskPhysics,public,,0,[],,5,[],t1
data_1,[],,,False,,luciana_proetti,,,[],,,,text,t2_8aisndy3,False,False,False,[],,,"Whenever you talk about something moving at a velocity, you should always specify that it is with respect to something. Yes, there are galaxies receding away from us at velocities faster than that of light.","&lt;div class=""md""&gt;&lt;p&gt;Whenever you talk about something moving at a velocity, you should always specify that it is with respect to something. Yes, there are galaxies receding away from us at velocities faster than that of light.&lt;/p&gt;
&lt;/div&gt;",False,False,False,,,,,0,1713997367.0,1713997367.0,0,,0,False,0,{},l144s1e,False,,t3_1cc990x,False,,,,[],t1_l144s1e,False,,t3_1cc990x,/r/AskPhysics/comments/1cc990x/astrophysic_question/l144s1e/,,,,False,5,False,True,False,AskPhysics,t5_2sumo,r/AskPhysics,public,,0,[],,5,[],t1
data_2,[],,,False,,Seis_K,,inter,[],911b090e-c6b2-11e4-acfa-22000b39cdde,Medical and health physics,dark,text,t2_1c8hzogl,False,False,False,[],,,"Yes. Eventually you go far out enough and the objects are receding from us at a rate that exceeds the speed of light. Specifically, it's space's expansion that's causing that recession.

Causally this isn't a problem, because something that is receding away from us so fast can no longer ever be reached. It defacto exists outside of our universe.","&lt;div class=""md""&gt;&lt;p&gt;Yes. Eventually you go far out enough and the objects are receding from us at a rate that exceeds the speed of light. Specifically, it&amp;#39;s space&amp;#39;s expansion that&amp;#39;s causing that recession.&lt;/p&gt;

&lt;p&gt;Causally this isn&amp;#39;t a problem, because something that is receding away from us so fast can no longer ever be reached. It defacto exists outside of our universe.&lt;/p&gt;
&lt;/div&gt;",False,False,False,,,,,0,1713997654.0,1713997654.0,0,,0,False,0,{},l145j59,False,,t3_1cc990x,False,,,,[],t1_l145j59,True,,t3_1cc990x,/r/AskPhysics/comments/1cc990x/astrophysic_question/l145j59/,,,,False,2,False,True,False,AskPhysics,t5_2sumo,r/AskPhysics,public,,0,[],,2,[],t1
data_3,[],,,False,,matt7259,,,[],,,,text,t2_4dnsl,False,False,False,[],,,"No object can move at (or above) the speed of light. The universe itself can (and does) expand faster than c, from certain reference frames of course.","&lt;div class=""md""&gt;&lt;p&gt;No object can move at (or above) the speed of light. The universe itself can (and does) expand faster than c, from certain reference frames of course.&lt;/p&gt;
&lt;/div&gt;",False,False,False,,,,,0,1713993730.0,1713993730.0,0,,0,False,0,{},l13uqf7,False,,t3_1cc990x,False,,,,[],t1_l13uqf7,True,,t3_1cc990x,/r/AskPhysics/comments/1cc990x/astrophysic_question/l13uqf7/,,,,False,2,False,True,False,AskPhysics,t5_2sumo,r/AskPhysics,public,,0,[],,2,[],t1
data_4,[],,,False,,LiquidCoal,,,[],,,,text,t2_12kths3r,False,False,False,[],,,"The rate of change of the distance can be faster than *c* in general relativity, but the faraway objects are not moving faster than *c* in any local Lorentz frame centered upon them, meaning that they are not truly exceeding the speed of light in a vacuum.","&lt;div class=""md""&gt;&lt;p&gt;The rate of change of the distance can be faster than &lt;em&gt;c&lt;/em&gt; in general relativity, but the faraway objects are not moving faster than &lt;em&gt;c&lt;/em&gt; in any local Lorentz frame centered upon them, meaning that they are not truly exceeding the speed of light in a vacuum.&lt;/p&gt;
&lt;/div&gt;",False,False,False,,,,,0,1713998326.0,1713998326.0,0,,0,False,0,{},l147ag2,False,,t3_1cc990x,False,,,,[],t1_l147ag2,True,,t3_1cc990x,/r/AskPhysics/comments/1cc990x/astrophysic_question/l147ag2/,,,,False,1,False,True,False,AskPhysics,t5_2sumo,r/AskPhysics,public,,0,[],,1,[],t1
