,all_awardings,approved_at_utc,approved_by,archived,associated_award,author,author_flair_background_color,author_flair_css_class,author_flair_richtext,author_flair_template_id,author_flair_text,author_flair_text_color,author_flair_type,author_fullname,author_is_blocked,author_patreon_flair,author_premium,awarders,banned_at_utc,banned_by,body,body_html,can_gild,can_mod_post,collapsed,collapsed_because_crowd_control,collapsed_reason,collapsed_reason_code,comment_type,controversiality,created,created_utc,depth,distinguished,downs,edited,gilded,gildings,id,is_submitter,likes,link_id,locked,mod_note,mod_reason_by,mod_reason_title,mod_reports,name,no_follow,num_reports,parent_id,permalink,removal_reason,replies,report_reasons,saved,score,score_hidden,send_replies,stickied,subreddit,subreddit_id,subreddit_name_prefixed,subreddit_type,top_awarded_type,total_awards_received,treatment_tags,unrepliable_reason,ups,user_reports,kind
data,[],,,False,,Odd-Storm4893,,,[],,,,text,t2_a0j6u8qw,False,False,False,[],,,"It's because the upper layer of skin is dead cells so the ionization effect of the particles on the skin doesn't matter. However, if inhaled or if you have open wounds or through your cornea the ionization can damage living cells. Of course it has to be in a relatively large amount.","&lt;div class=""md""&gt;&lt;p&gt;It&amp;#39;s because the upper layer of skin is dead cells so the ionization effect of the particles on the skin doesn&amp;#39;t matter. However, if inhaled or if you have open wounds or through your cornea the ionization can damage living cells. Of course it has to be in a relatively large amount.&lt;/p&gt;
&lt;/div&gt;",False,False,False,,,,,0,1713911617.0,1713911617.0,0,,0,False,0,{},l0ykkrm,False,,t3_1cbhdah,False,,,,[],t1_l0ykkrm,False,,t3_1cbhdah,/r/AskPhysics/comments/1cbhdah/are_the_alpha_particles_that_nuclear_explosions/l0ykkrm/,,,,False,28,False,True,False,AskPhysics,t5_2sumo,r/AskPhysics,public,,0,[],,28,[],t1
data_1,[],,,False,,echoingElephant,,,[],,,,text,t2_q7x19fb7,False,False,False,[],,,"Both statements are right. Alpha particles can be blocked by a sheet of paper or a couple centimeters of air. But when they hit you, they hit you like a cannon ball. That means you have to ingest them, though.","&lt;div class=""md""&gt;&lt;p&gt;Both statements are right. Alpha particles can be blocked by a sheet of paper or a couple centimeters of air. But when they hit you, they hit you like a cannon ball. That means you have to ingest them, though.&lt;/p&gt;
&lt;/div&gt;",False,False,False,,,,,0,1713911575.0,1713911575.0,0,,0,False,0,{},l0ykgsi,False,,t3_1cbhdah,False,,,,[],t1_l0ykgsi,False,,t3_1cbhdah,/r/AskPhysics/comments/1cbhdah/are_the_alpha_particles_that_nuclear_explosions/l0ykgsi/,,,,False,31,False,True,False,AskPhysics,t5_2sumo,r/AskPhysics,public,,0,[],,31,[],t1
data_2,[],,,False,,rhodiumtoad,,,[],,,,text,t2_3xvdrku3e,False,False,False,[],,,"The immediate radiation from a nuclear explosion is, as far as I know, mostly neutrons, not alpha particles; neutrons are much more penetrating.

Then there are the fission products, and whatever materials became radioactive due to neutron exposure; these are generally beta/gamma emitters. These are dangerous because many are biologically significant elements (e.g. iodine, which is concentrated in the thyroid gland).","&lt;div class=""md""&gt;&lt;p&gt;The immediate radiation from a nuclear explosion is, as far as I know, mostly neutrons, not alpha particles; neutrons are much more penetrating.&lt;/p&gt;

&lt;p&gt;Then there are the fission products, and whatever materials became radioactive due to neutron exposure; these are generally beta/gamma emitters. These are dangerous because many are biologically significant elements (e.g. iodine, which is concentrated in the thyroid gland).&lt;/p&gt;
&lt;/div&gt;",False,False,False,,,,,0,1713918476.0,1713918476.0,0,,0,False,0,{},l0z26c1,False,,t3_1cbhdah,False,,,,[],t1_l0z26c1,False,,t3_1cbhdah,/r/AskPhysics/comments/1cbhdah/are_the_alpha_particles_that_nuclear_explosions/l0z26c1/,,"{'kind': 'Listing', 'data': {'after': None, 'dist': None, 'modhash': None, 'geo_filter': '', 'children': [{'kind': 't1', 'data': {'subreddit_id': 't5_2sumo', 'approved_at_utc': None, 'author_is_blocked': False, 'comment_type': None, 'awarders': [], 'mod_reason_by': None, 'banned_by': None, 'author_flair_type': 'text', 'total_awards_received': 0, 'subreddit': 'AskPhysics', 'author_flair_template_id': None, 'likes': None, 'replies': '', 'user_reports': [], 'saved': False, 'id': 'l12gpqp', 'banned_at_utc': None, 'mod_reason_title': None, 'gilded': 0, 'archived': False, 'collapsed_reason_code': None, 'no_follow': True, 'author': 'Impossible-Winner478', 'can_mod_post': False, 'created_utc': 1713977201.0, 'send_replies': True, 'parent_id': 't1_l0z26c1', 'score': 3, 'author_fullname': 't2_lhrautr1n', 'removal_reason': None, 'approved_by': None, 'mod_note': None, 'all_awardings': [], 'body': ""The exact makeup of the initial radiation flux depends on many factors,  including the type of bomb, and the distance from the center that you measure.\n\nThe first effect in most cases is going to be a massive gamma burst (this is the thing that vaporizes things close, and seems like a blinding flash of light).\nAssuming a uranium fission bomb, an average of 2.43 neutrons are liberated from each fission event, alongside about 200 MeV of kinetic energy.  Most of the KE is in the fission fragments, only an average of .75 MeV is imparted to a fast fission neutron.\n\nThe gamma burst is mainly a result of the charged fission products slamming into and accelerating other charged particles like electrons on the air, creating a shower of knock-on photons in the same way as cosmic rays.   \n\nIf you're standing close enough to the bomb that the neutrons are dangerous,  you're either going to be incinerated by the thermal burst, or you're behind something like concrete which is great at shielding gamma radiation,  but less good at stopping the  neutral neutron flux.  \n\nAlpha particles are incredibly-short ranged (I think the tenth-thickness in air is about 10 inches), after which most of the kinetic energy is converted into photons that become part of the gamma burst. \n\nIf alpha radiation is the issue, you're probably going to be absorbing so much KE that you stop being meaningfully different from the rest of the fireball.\n\nContamination by radioactive nuclides is more of a fallout thing later.  \n\nNuclear Engineer here, mostly with experience in Uranium fission in pressurized water reactors, but much of the physics with bombs is similar,  just on a much much shorter time-scale, just like a fuel-air bomb is a really fast and big candle lol"", 'edited': False, 'top_awarded_type': None, 'author_flair_css_class': None, 'name': 't1_l12gpqp', 'is_submitter': False, 'downs': 0, 'author_flair_richtext': [], 'author_patreon_flair': False, 'body_html': '&lt;div class=""md""&gt;&lt;p&gt;The exact makeup of the initial radiation flux depends on many factors,  including the type of bomb, and the distance from the center that you measure.&lt;/p&gt;\n\n&lt;p&gt;The first effect in most cases is going to be a massive gamma burst (this is the thing that vaporizes things close, and seems like a blinding flash of light).\nAssuming a uranium fission bomb, an average of 2.43 neutrons are liberated from each fission event, alongside about 200 MeV of kinetic energy.  Most of the KE is in the fission fragments, only an average of .75 MeV is imparted to a fast fission neutron.&lt;/p&gt;\n\n&lt;p&gt;The gamma burst is mainly a result of the charged fission products slamming into and accelerating other charged particles like electrons on the air, creating a shower of knock-on photons in the same way as cosmic rays.   &lt;/p&gt;\n\n&lt;p&gt;If you&amp;#39;re standing close enough to the bomb that the neutrons are dangerous,  you&amp;#39;re either going to be incinerated by the thermal burst, or you&amp;#39;re behind something like concrete which is great at shielding gamma radiation,  but less good at stopping the  neutral neutron flux.  &lt;/p&gt;\n\n&lt;p&gt;Alpha particles are incredibly-short ranged (I think the tenth-thickness in air is about 10 inches), after which most of the kinetic energy is converted into photons that become part of the gamma burst. &lt;/p&gt;\n\n&lt;p&gt;If alpha radiation is the issue, you&amp;#39;re probably going to be absorbing so much KE that you stop being meaningfully different from the rest of the fireball.&lt;/p&gt;\n\n&lt;p&gt;Contamination by radioactive nuclides is more of a fallout thing later.  &lt;/p&gt;\n\n&lt;p&gt;Nuclear Engineer here, mostly with experience in Uranium fission in pressurized water reactors, but much of the physics with bombs is similar,  just on a much much shorter time-scale, just like a fuel-air bomb is a really fast and big candle lol&lt;/p&gt;\n&lt;/div&gt;', 'gildings': {}, 'collapsed_reason': None, 'distinguished': None, 'associated_award': None, 'stickied': False, 'author_premium': False, 'can_gild': False, 'link_id': 't3_1cbhdah', 'unrepliable_reason': None, 'author_flair_text_color': None, 'score_hidden': False, 'permalink': '/r/AskPhysics/comments/1cbhdah/are_the_alpha_particles_that_nuclear_explosions/l12gpqp/', 'subreddit_type': 'public', 'locked': False, 'report_reasons': None, 'created': 1713977201.0, 'author_flair_text': None, 'treatment_tags': [], 'collapsed': False, 'subreddit_name_prefixed': 'r/AskPhysics', 'controversiality': 0, 'depth': 1, 'author_flair_background_color': None, 'collapsed_because_crowd_control': None, 'mod_reports': [], 'num_reports': None, 'ups': 3}}], 'before': None}}",,False,8,False,True,False,AskPhysics,t5_2sumo,r/AskPhysics,public,,0,[],,8,[],t1
data_3,[],,,False,,Nerull,,,[],,,,text,t2_44k5q,False,False,False,[],,,"It's not the radiation released directly by the fission reaction you need to worry about, its the radioactive fallout produced - fine, highly radioactive dust that can easily get into your body through inhalation or ingestion.","&lt;div class=""md""&gt;&lt;p&gt;It&amp;#39;s not the radiation released directly by the fission reaction you need to worry about, its the radioactive fallout produced - fine, highly radioactive dust that can easily get into your body through inhalation or ingestion.&lt;/p&gt;
&lt;/div&gt;",False,False,False,,,,,0,1713914113.0,1713914113.0,0,,0,False,0,{},l0yr1jv,False,,t3_1cbhdah,False,,,,[],t1_l0yr1jv,False,,t3_1cbhdah,/r/AskPhysics/comments/1cbhdah/are_the_alpha_particles_that_nuclear_explosions/l0yr1jv/,,"{'kind': 'Listing', 'data': {'after': None, 'dist': None, 'modhash': None, 'geo_filter': '', 'children': [{'kind': 't1', 'data': {'subreddit_id': 't5_2sumo', 'approved_at_utc': None, 'author_is_blocked': False, 'comment_type': None, 'awarders': [], 'mod_reason_by': None, 'banned_by': None, 'author_flair_type': 'text', 'total_awards_received': 0, 'subreddit': 'AskPhysics', 'author_flair_template_id': None, 'likes': None, 'replies': '', 'user_reports': [], 'saved': False, 'id': 'l12gtss', 'banned_at_utc': None, 'mod_reason_title': None, 'gilded': 0, 'archived': False, 'collapsed_reason_code': None, 'no_follow': True, 'author': 'Impossible-Winner478', 'can_mod_post': False, 'created_utc': 1713977237.0, 'send_replies': True, 'parent_id': 't1_l0yr1jv', 'score': 2, 'author_fullname': 't2_lhrautr1n', 'removal_reason': None, 'approved_by': None, 'mod_note': None, 'all_awardings': [], 'body': 'I mean, that depends on how close you are, chief', 'edited': False, 'top_awarded_type': None, 'author_flair_css_class': None, 'name': 't1_l12gtss', 'is_submitter': False, 'downs': 0, 'author_flair_richtext': [], 'author_patreon_flair': False, 'body_html': '&lt;div class=""md""&gt;&lt;p&gt;I mean, that depends on how close you are, chief&lt;/p&gt;\n&lt;/div&gt;', 'gildings': {}, 'collapsed_reason': None, 'distinguished': None, 'associated_award': None, 'stickied': False, 'author_premium': False, 'can_gild': False, 'link_id': 't3_1cbhdah', 'unrepliable_reason': None, 'author_flair_text_color': None, 'score_hidden': False, 'permalink': '/r/AskPhysics/comments/1cbhdah/are_the_alpha_particles_that_nuclear_explosions/l12gtss/', 'subreddit_type': 'public', 'locked': False, 'report_reasons': None, 'created': 1713977237.0, 'author_flair_text': None, 'treatment_tags': [], 'collapsed': False, 'subreddit_name_prefixed': 'r/AskPhysics', 'controversiality': 0, 'depth': 1, 'author_flair_background_color': None, 'collapsed_because_crowd_control': None, 'mod_reports': [], 'num_reports': None, 'ups': 2}}], 'before': None}}",,False,9,False,True,False,AskPhysics,t5_2sumo,r/AskPhysics,public,,0,[],,9,[],t1
data_4,[],,,False,,Seis_K,,inter,[],911b090e-c6b2-11e4-acfa-22000b39cdde,Medical and health physics,dark,text,t2_1c8hzogl,False,False,False,[],,,"Alpha emitting radioactive agents like Pb-212 or Ac-225 have to be internalized to cause damage, as others have mentioned, as their path length in tissue is less than the thickness of your skin and mucus membranes. 

Internalized alpha particles, either inhaled, ingested, or injected, are dangerous. In fact there are clinical trials underway attaching alpha-emitting radionuclides to selective ligands that bind cancer receptors. ","&lt;div class=""md""&gt;&lt;p&gt;Alpha emitting radioactive agents like Pb-212 or Ac-225 have to be internalized to cause damage, as others have mentioned, as their path length in tissue is less than the thickness of your skin and mucus membranes. &lt;/p&gt;

&lt;p&gt;Internalized alpha particles, either inhaled, ingested, or injected, are dangerous. In fact there are clinical trials underway attaching alpha-emitting radionuclides to selective ligands that bind cancer receptors. &lt;/p&gt;
&lt;/div&gt;",False,False,False,,,,,0,1713918315.0,1713918315.0,0,,0,False,0,{},l0z1rgd,False,,t3_1cbhdah,False,,,,[],t1_l0z1rgd,True,,t3_1cbhdah,/r/AskPhysics/comments/1cbhdah/are_the_alpha_particles_that_nuclear_explosions/l0z1rgd/,,,,False,2,False,True,False,AskPhysics,t5_2sumo,r/AskPhysics,public,,0,[],,2,[],t1
data_5,[],,,False,,tomrlutong,,,[],,,,text,t2_xuy73,False,False,False,[],,,"You can't ingest the alpha particles, they only last microseconds. The things that gets you is radioactive dust that gets inside your body and emits alpha particles.","&lt;div class=""md""&gt;&lt;p&gt;You can&amp;#39;t ingest the alpha particles, they only last microseconds. The things that gets you is radioactive dust that gets inside your body and emits alpha particles.&lt;/p&gt;
&lt;/div&gt;",False,False,False,,,,,0,1713912133.0,1713912133.0,0,,0,False,0,{},l0ylxdk,False,,t3_1cbhdah,False,,,,[],t1_l0ylxdk,True,,t3_1cbhdah,/r/AskPhysics/comments/1cbhdah/are_the_alpha_particles_that_nuclear_explosions/l0ylxdk/,,"{'kind': 'Listing', 'data': {'after': None, 'dist': None, 'modhash': None, 'geo_filter': '', 'children': [{'kind': 't1', 'data': {'subreddit_id': 't5_2sumo', 'approved_at_utc': None, 'author_is_blocked': False, 'comment_type': None, 'awarders': [], 'mod_reason_by': None, 'banned_by': None, 'author_flair_type': 'text', 'total_awards_received': 0, 'subreddit': 'AskPhysics', 'author_flair_template_id': '9bcf4428-c6b2-11e4-b2ab-22000b2b8b92', 'likes': None, 'replies': {'kind': 'Listing', 'data': {'after': None, 'dist': None, 'modhash': None, 'geo_filter': '', 'children': [{'kind': 't1', 'data': {'subreddit_id': 't5_2sumo', 'approved_at_utc': None, 'author_is_blocked': False, 'comment_type': None, 'awarders': [], 'mod_reason_by': None, 'banned_by': None, 'author_flair_type': 'text', 'total_awards_received': 0, 'subreddit': 'AskPhysics', 'author_flair_template_id': None, 'likes': None, 'replies': {'kind': 'Listing', 'data': {'after': None, 'dist': None, 'modhash': None, 'geo_filter': '', 'children': [{'kind': 't1', 'data': {'subreddit_id': 't5_2sumo', 'approved_at_utc': None, 'author_is_blocked': False, 'comment_type': None, 'awarders': [], 'mod_reason_by': None, 'banned_by': None, 'author_flair_type': 'text', 'total_awards_received': 0, 'subreddit': 'AskPhysics', 'author_flair_template_id': None, 'likes': None, 'replies': {'kind': 'Listing', 'data': {'after': None, 'dist': None, 'modhash': None, 'geo_filter': '', 'children': [{'kind': 't1', 'data': {'subreddit_id': 't5_2sumo', 'approved_at_utc': None, 'author_is_blocked': False, 'comment_type': None, 'awarders': [], 'mod_reason_by': None, 'banned_by': None, 'author_flair_type': 'text', 'total_awards_received': 0, 'subreddit': 'AskPhysics', 'author_flair_template_id': None, 'distinguished': None, 'likes': None, 'replies': {'kind': 'Listing', 'data': {'after': None, 'dist': None, 'modhash': None, 'geo_filter': '', 'children': [{'kind': 't1', 'data': {'subreddit_id': 't5_2sumo', 'approved_at_utc': None, 'author_is_blocked': False, 'comment_type': None, 'awarders': [], 'mod_reason_by': None, 'banned_by': None, 'author_flair_type': 'text', 'total_awards_received': 0, 'subreddit': 'AskPhysics', 'author_flair_template_id': None, 'distinguished': None, 'likes': None, 'replies': '', 'user_reports': [], 'saved': False, 'id': 'l12ndig', 'banned_at_utc': None, 'mod_reason_title': None, 'gilded': 0, 'archived': False, 'collapsed_reason_code': None, 'no_follow': True, 'author': 'Impossible-Winner478', 'can_mod_post': False, 'send_replies': True, 'parent_id': 't1_l12loj6', 'score': 2, 'author_fullname': 't2_lhrautr1n', 'approved_by': None, 'mod_note': None, 'all_awardings': [], 'body': 'I mean, for sure, if you can find a way to get an intact He\\^+2 into someone without an alpha decay chain.', 'edited': False, 'gildings': {}, 'downs': 0, 'author_flair_css_class': None, 'name': 't1_l12ndig', 'is_submitter': False, 'collapsed': False, 'author_flair_richtext': [], 'author_patreon_flair': False, 'body_html': '&lt;div class=""md""&gt;&lt;p&gt;I mean, for sure, if you can find a way to get an intact He^+2 into someone without an alpha decay chain.&lt;/p&gt;\n&lt;/div&gt;', 'removal_reason': None, 'collapsed_reason': None, 'link_id': 't3_1cbhdah', 'associated_award': None, 'stickied': False, 'author_premium': False, 'can_gild': False, 'top_awarded_type': None, 'unrepliable_reason': None, 'author_flair_text_color': None, 'score_hidden': False, 'permalink': '/r/AskPhysics/comments/1cbhdah/are_the_alpha_particles_that_nuclear_explosions/l12ndig/', 'subreddit_type': 'public', 'locked': False, 'report_reasons': None, 'created': 1713979405.0, 'author_flair_text': None, 'treatment_tags': [], 'created_utc': 1713979405.0, 'subreddit_name_prefixed': 'r/AskPhysics', 'controversiality': 0, 'depth': 5, 'author_flair_background_color': None, 'collapsed_because_crowd_control': None, 'mod_reports': [], 'num_reports': None, 'ups': 2}}], 'before': None}}, 'user_reports': [], 'saved': False, 'id': 'l12loj6', 'banned_at_utc': None, 'mod_reason_title': None, 'gilded': 0, 'archived': False, 'collapsed_reason_code': None, 'no_follow': True, 'author': 'tomrlutong', 'can_mod_post': False, 'send_replies': True, 'parent_id': 't1_l12hbyw', 'score': 1, 'author_fullname': 't2_xuy73', 'removal_reason': None, 'approved_by': None, 'mod_note': None, 'all_awardings': [], 'body': 'No, but He^+2 will probably knock somebody over and steal their electrons!', 'edited': False, 'author_flair_css_class': None, 'name': 't1_l12loj6', 'is_submitter': False, 'downs': 0, 'author_flair_richtext': [], 'author_patreon_flair': False, 'body_html': '&lt;div class=""md""&gt;&lt;p&gt;No, but He&lt;sup&gt;+2&lt;/sup&gt; will probably knock somebody over and steal their electrons!&lt;/p&gt;\n&lt;/div&gt;', 'gildings': {}, 'collapsed_reason': None, 'link_id': 't3_1cbhdah', 'associated_award': None, 'stickied': False, 'author_premium': False, 'can_gild': False, 'top_awarded_type': None, 'unrepliable_reason': None, 'author_flair_text_color': None, 'treatment_tags': [], 'score_hidden': False, 'permalink': '/r/AskPhysics/comments/1cbhdah/are_the_alpha_particles_that_nuclear_explosions/l12loj6/', 'subreddit_type': 'public', 'locked': False, 'report_reasons': None, 'created': 1713978849.0, 'author_flair_text': None, 'collapsed': False, 'created_utc': 1713978849.0, 'subreddit_name_prefixed': 'r/AskPhysics', 'controversiality': 0, 'depth': 4, 'author_flair_background_color': None, 'collapsed_because_crowd_control': None, 'mod_reports': [], 'num_reports': None, 'ups': 1}}], 'before': None}}, 'user_reports': [], 'saved': False, 'id': 'l12hbyw', 'banned_at_utc': None, 'mod_reason_title': None, 'gilded': 0, 'archived': False, 'collapsed_reason_code': None, 'no_follow': True, 'author': 'Impossible-Winner478', 'can_mod_post': False, 'send_replies': True, 'parent_id': 't1_l1128c1', 'score': 1, 'author_fullname': 't2_lhrautr1n', 'removal_reason': None, 'approved_by': None, 'mod_note': None, 'all_awardings': [], 'collapsed': False, 'body': ""Helium isn't particularly well known for chemical mischief lol, and you need several orders of magnitude more of a chemical to have a meaningful effect versus radiation itself.  Agreed."", 'edited': False, 'top_awarded_type': None, 'author_flair_css_class': None, 'name': 't1_l12hbyw', 'is_submitter': False, 'downs': 0, 'author_flair_richtext': [], 'author_patreon_flair': False, 'body_html': '&lt;div class=""md""&gt;&lt;p&gt;Helium isn&amp;#39;t particularly well known for chemical mischief lol, and you need several orders of magnitude more of a chemical to have a meaningful effect versus radiation itself.  Agreed.&lt;/p&gt;\n&lt;/div&gt;', 'gildings': {}, 'collapsed_reason': None, 'distinguished': None, 'associated_award': None, 'stickied': False, 'author_premium': False, 'can_gild': False, 'link_id': 't3_1cbhdah', 'unrepliable_reason': None, 'author_flair_text_color': None, 'score_hidden': False, 'permalink': '/r/AskPhysics/comments/1cbhdah/are_the_alpha_particles_that_nuclear_explosions/l12hbyw/', 'subreddit_type': 'public', 'locked': False, 'report_reasons': None, 'created': 1713977403.0, 'author_flair_text': None, 'treatment_tags': [], 'created_utc': 1713977403.0, 'subreddit_name_prefixed': 'r/AskPhysics', 'controversiality': 0, 'depth': 3, 'author_flair_background_color': None, 'collapsed_because_crowd_control': None, 'mod_reports': [], 'num_reports': None, 'ups': 1}}], 'before': None}}, 'user_reports': [], 'saved': False, 'id': 'l1128c1', 'banned_at_utc': None, 'mod_reason_title': None, 'gilded': 0, 'archived': False, 'collapsed_reason_code': None, 'no_follow': False, 'author': 'tomrlutong', 'can_mod_post': False, 'send_replies': True, 'parent_id': 't1_l0zyo8b', 'score': 4, 'author_fullname': 't2_xuy73', 'removal_reason': None, 'approved_by': None, 'mod_note': None, 'all_awardings': [], 'body': ""I submit that once they loose their kinetic energy or gain an electron, they're not alpha particles anymore, they just helium. That's what the microseconds was referring to, and it might be an overestimate.\xa0\xa0\n\n\n\xa0In this context, for sure once you've eaten an alpha particle, the only mischief it can get into is chemical."", 'edited': 1713979673.0, 'top_awarded_type': None, 'downs': 0, 'author_flair_css_class': None, 'name': 't1_l1128c1', 'is_submitter': False, 'collapsed': False, 'author_flair_richtext': [], 'author_patreon_flair': False, 'body_html': '&lt;div class=""md""&gt;&lt;p&gt;I submit that once they loose their kinetic energy or gain an electron, they&amp;#39;re not alpha particles anymore, they just helium. That&amp;#39;s what the microseconds was referring to, and it might be an overestimate.\xa0\xa0&lt;/p&gt;\n\n&lt;p&gt;\xa0In this context, for sure once you&amp;#39;ve eaten an alpha particle, the only mischief it can get into is chemical.&lt;/p&gt;\n&lt;/div&gt;', 'gildings': {}, 'collapsed_reason': None, 'distinguished': None, 'associated_award': None, 'stickied': False, 'author_premium': False, 'can_gild': False, 'link_id': 't3_1cbhdah', 'unrepliable_reason': None, 'author_flair_text_color': None, 'score_hidden': False, 'permalink': '/r/AskPhysics/comments/1cbhdah/are_the_alpha_particles_that_nuclear_explosions/l1128c1/', 'subreddit_type': 'public', 'locked': False, 'report_reasons': None, 'created': 1713958130.0, 'author_flair_text': None, 'treatment_tags': [], 'created_utc': 1713958130.0, 'subreddit_name_prefixed': 'r/AskPhysics', 'controversiality': 0, 'depth': 2, 'author_flair_background_color': None, 'collapsed_because_crowd_control': None, 'mod_reports': [], 'num_reports': None, 'ups': 4}}], 'before': None}}, 'user_reports': [], 'saved': False, 'id': 'l0zyo8b', 'banned_at_utc': None, 'mod_reason_title': None, 'gilded': 0, 'archived': False, 'collapsed_reason_code': None, 'no_follow': True, 'author': 'mikk0384', 'can_mod_post': False, 'created_utc': 1713932081.0, 'send_replies': True, 'parent_id': 't1_l0ylxdk', 'score': 1, 'author_fullname': 't2_c5q70', 'removal_reason': None, 'approved_by': None, 'mod_note': None, 'all_awardings': [], 'body': 'Alpha particles are just a helium nucleus, and helium is stable - they last forever. They will dissipate their kinetic energy quickly in an atmosphere, but that is something else.', 'edited': False, 'top_awarded_type': None, 'author_flair_css_class': 'misc', 'name': 't1_l0zyo8b', 'is_submitter': False, 'downs': 0, 'author_flair_richtext': [], 'author_patreon_flair': False, 'body_html': '&lt;div class=""md""&gt;&lt;p&gt;Alpha particles are just a helium nucleus, and helium is stable - they last forever. They will dissipate their kinetic energy quickly in an atmosphere, but that is something else.&lt;/p&gt;\n&lt;/div&gt;', 'gildings': {}, 'collapsed_reason': None, 'distinguished': None, 'associated_award': None, 'stickied': False, 'author_premium': False, 'can_gild': False, 'link_id': 't3_1cbhdah', 'unrepliable_reason': None, 'author_flair_text_color': 'dark', 'score_hidden': False, 'permalink': '/r/AskPhysics/comments/1cbhdah/are_the_alpha_particles_that_nuclear_explosions/l0zyo8b/', 'subreddit_type': 'public', 'locked': False, 'report_reasons': None, 'created': 1713932081.0, 'author_flair_text': 'Physics enthusiast', 'treatment_tags': [], 'collapsed': False, 'subreddit_name_prefixed': 'r/AskPhysics', 'controversiality': 0, 'depth': 1, 'author_flair_background_color': None, 'collapsed_because_crowd_control': None, 'mod_reports': [], 'num_reports': None, 'ups': 1}}], 'before': None}}",,False,2,False,True,False,AskPhysics,t5_2sumo,r/AskPhysics,public,,0,[],,2,[],t1
data_6,[],,,False,,ImpressiveNinja6309,,pf,[],7cd30a3c-c6b2-11e4-a5e0-22000b698517,Quantum field theory,dark,text,t2_cmuzeysst,False,False,False,[],,,"Alpha particles can be effectively and efficiently stopped and shielded from by a 1-2-ply piece of paper, that's right: two sheets of paper can save you. Gamma rays is what fucks shit up and goes straight trough.","&lt;div class=""md""&gt;&lt;p&gt;Alpha particles can be effectively and efficiently stopped and shielded from by a 1-2-ply piece of paper, that&amp;#39;s right: two sheets of paper can save you. Gamma rays is what fucks shit up and goes straight trough.&lt;/p&gt;
&lt;/div&gt;",False,False,False,,,,,0,1713940039.0,1713940039.0,0,,0,False,0,{},l10c5fl,False,,t3_1cbhdah,False,,,,[],t1_l10c5fl,True,,t3_1cbhdah,/r/AskPhysics/comments/1cbhdah/are_the_alpha_particles_that_nuclear_explosions/l10c5fl/,,,,False,1,False,False,False,AskPhysics,t5_2sumo,r/AskPhysics,public,,0,[],,1,[],t1
data_7,[],,,False,,Hydraulis,,,[],,,,text,t2_iub9g,False,False,False,[],,,"They could cause skin cancer etc, if they hit the right spots.","&lt;div class=""md""&gt;&lt;p&gt;They could cause skin cancer etc, if they hit the right spots.&lt;/p&gt;
&lt;/div&gt;",False,False,False,,,,,0,1713989884.0,1713989884.0,0,,0,False,0,{},l13j4jm,False,,t3_1cbhdah,False,,,,[],t1_l13j4jm,True,,t3_1cbhdah,/r/AskPhysics/comments/1cbhdah/are_the_alpha_particles_that_nuclear_explosions/l13j4jm/,,,,False,2,False,True,False,AskPhysics,t5_2sumo,r/AskPhysics,public,,0,[],,2,[],t1
data_8,[],,,False,,Illeazar,,,[],,,,text,t2_11hqze,False,False,False,[],,,"Like many other things, the amount matters.  Generally speaking, a single alpha particle is easily stopped by a piece of paper or your upper layer of dead skin cells.  But a strong enough beam of them could eventually break down that outer layer of cells and push past into the rest of your body (pretty much only possible inside a particle accelerator?).  

Also, just ingesting an alpha particle, or a group of alpha particles, isn't dangerous.  In fact, you do it all the time!  Or nearly so.  There is a small amount of helium in the air you breathe, and an alpha particle is just the nucleus of the helium atom.  It only really becomes dangerous at high speeds.  

To really understand what's going on in something like a nuclear explosion, you have to separate the ideas or *radiation* and *radioactive material*.  Radioactive material is a bunch of atoms that for one reason or another are unstable--they can't hold themselves together forever, and eventually will break.  When they break, they release some form of radiation, either as a photon, or some particle, or both.  That photon or particle is the radiation, because it's moving out away from the atom it came from in a straight line like a ray.  If it's moving fast enough, it can damage things when it hits them.  A single hit from a single photon or electron or alpha particle isn't really a big deal most of the time, but if you have a large group of these atoms breaking (a lot of radioactive material) then there is a lot of radiation being emitted, so a lot of potential strikes hitting you, which can become dangerous.  

With alpha particle radiation, they don't travel far even in open air before they run into an air molecule because they are so big and heavy (compared to an electron or photon).  So generally, radioactive material that emits alpha particles isn't that dangeous, because if you are a few feet away not much of it is reaching you at all, and even as you get closer, your dead skin layer protects you from most of it.   But, if you were to get some of that radioactive material inside your body, now it suddenly has nothing standing between it and sensitive areas of your body, and yes, it becomes much more dangerous.  If the radioactive material is inside of you, then any of your cells close to it are getting hit with the full force of a large alpha particle that has just been ejected from an unstable atom, and that can do quite a bit of damage.  

This is what people mean when they talk about the ""fallout"" from a nuclear explosion.  During the explosion itself, a lot of radiation is released.  But also, a lot of new kinds of radioactive material, those unstable atoms, are produced, like lots of little ticking time bombs, and thrown up into the air.  Those unstable atoms the ""fall out"" and get in your air, your water, your food, etc., then when they go in your body they will eventually break and emit radiation while inside you.  This is why areas that have experienced a nuclear explosion are dangerous for a long time afterward--some of those unstable atoms take a long time to break down, and some of them break down into other unstable atoms, etc.","&lt;div class=""md""&gt;&lt;p&gt;Like many other things, the amount matters.  Generally speaking, a single alpha particle is easily stopped by a piece of paper or your upper layer of dead skin cells.  But a strong enough beam of them could eventually break down that outer layer of cells and push past into the rest of your body (pretty much only possible inside a particle accelerator?).  &lt;/p&gt;

&lt;p&gt;Also, just ingesting an alpha particle, or a group of alpha particles, isn&amp;#39;t dangerous.  In fact, you do it all the time!  Or nearly so.  There is a small amount of helium in the air you breathe, and an alpha particle is just the nucleus of the helium atom.  It only really becomes dangerous at high speeds.  &lt;/p&gt;

&lt;p&gt;To really understand what&amp;#39;s going on in something like a nuclear explosion, you have to separate the ideas or &lt;em&gt;radiation&lt;/em&gt; and &lt;em&gt;radioactive material&lt;/em&gt;.  Radioactive material is a bunch of atoms that for one reason or another are unstable--they can&amp;#39;t hold themselves together forever, and eventually will break.  When they break, they release some form of radiation, either as a photon, or some particle, or both.  That photon or particle is the radiation, because it&amp;#39;s moving out away from the atom it came from in a straight line like a ray.  If it&amp;#39;s moving fast enough, it can damage things when it hits them.  A single hit from a single photon or electron or alpha particle isn&amp;#39;t really a big deal most of the time, but if you have a large group of these atoms breaking (a lot of radioactive material) then there is a lot of radiation being emitted, so a lot of potential strikes hitting you, which can become dangerous.  &lt;/p&gt;

&lt;p&gt;With alpha particle radiation, they don&amp;#39;t travel far even in open air before they run into an air molecule because they are so big and heavy (compared to an electron or photon).  So generally, radioactive material that emits alpha particles isn&amp;#39;t that dangeous, because if you are a few feet away not much of it is reaching you at all, and even as you get closer, your dead skin layer protects you from most of it.   But, if you were to get some of that radioactive material inside your body, now it suddenly has nothing standing between it and sensitive areas of your body, and yes, it becomes much more dangerous.  If the radioactive material is inside of you, then any of your cells close to it are getting hit with the full force of a large alpha particle that has just been ejected from an unstable atom, and that can do quite a bit of damage.  &lt;/p&gt;

&lt;p&gt;This is what people mean when they talk about the &amp;quot;fallout&amp;quot; from a nuclear explosion.  During the explosion itself, a lot of radiation is released.  But also, a lot of new kinds of radioactive material, those unstable atoms, are produced, like lots of little ticking time bombs, and thrown up into the air.  Those unstable atoms the &amp;quot;fall out&amp;quot; and get in your air, your water, your food, etc., then when they go in your body they will eventually break and emit radiation while inside you.  This is why areas that have experienced a nuclear explosion are dangerous for a long time afterward--some of those unstable atoms take a long time to break down, and some of them break down into other unstable atoms, etc.&lt;/p&gt;
&lt;/div&gt;",False,False,False,,,,,0,1713973945.0,1713973945.0,0,,0,False,0,{},l126y4h,False,,t3_1cbhdah,False,,,,[],t1_l126y4h,True,,t3_1cbhdah,/r/AskPhysics/comments/1cbhdah/are_the_alpha_particles_that_nuclear_explosions/l126y4h/,,,,False,1,False,True,False,AskPhysics,t5_2sumo,r/AskPhysics,public,,0,[],,1,[],t1
