,all_awardings,approved_at_utc,approved_by,archived,associated_award,author,author_flair_background_color,author_flair_css_class,author_flair_richtext,author_flair_template_id,author_flair_text,author_flair_text_color,author_flair_type,author_fullname,author_is_blocked,author_patreon_flair,author_premium,awarders,banned_at_utc,banned_by,body,body_html,can_gild,can_mod_post,collapsed,collapsed_because_crowd_control,collapsed_reason,collapsed_reason_code,comment_type,controversiality,created,created_utc,depth,distinguished,downs,edited,gilded,gildings,id,is_submitter,likes,link_id,locked,mod_note,mod_reason_by,mod_reason_title,mod_reports,name,no_follow,num_reports,parent_id,permalink,removal_reason,replies,report_reasons,saved,score,score_hidden,send_replies,stickied,subreddit,subreddit_id,subreddit_name_prefixed,subreddit_type,top_awarded_type,total_awards_received,treatment_tags,unrepliable_reason,ups,user_reports,kind
data,[],,,False,,tirohtar,,astro,[],73485a1c-c6b2-11e4-b026-22000b698517,Astrophysics,dark,text,t2_fzf5v,False,False,False,[],,,"The dude should stay in his wheelhouse. His website is great, mathematica is a really useful program for many. But his approach to physics is amateurish and quite laughable.

Physics isn't math. Physics USES math. Math by itself will lead you to predict or derive all kinds of stuff that does not and cannot exist in the real world. A key element of physics is to make quantitative, testable results, which Wolfram's framework really does not. Wolfram's ideas have also never been submitted for peer review as a paper.","&lt;div class=""md""&gt;&lt;p&gt;The dude should stay in his wheelhouse. His website is great, mathematica is a really useful program for many. But his approach to physics is amateurish and quite laughable.&lt;/p&gt;

&lt;p&gt;Physics isn&amp;#39;t math. Physics USES math. Math by itself will lead you to predict or derive all kinds of stuff that does not and cannot exist in the real world. A key element of physics is to make quantitative, testable results, which Wolfram&amp;#39;s framework really does not. Wolfram&amp;#39;s ideas have also never been submitted for peer review as a paper.&lt;/p&gt;
&lt;/div&gt;",False,False,False,,,,,0,1713951902.0,1713951902.0,0,,0,False,0,{},l10s4o9,False,,t3_1cbslmz,False,,,,[],t1_l10s4o9,False,,t3_1cbslmz,/r/AskPhysics/comments/1cbslmz/what_is_the_general_consensus_of_computation/l10s4o9/,,"{'kind': 'Listing', 'data': {'after': None, 'dist': None, 'modhash': None, 'geo_filter': '', 'children': [{'kind': 't1', 'data': {'subreddit_id': 't5_2sumo', 'approved_at_utc': None, 'author_is_blocked': False, 'comment_type': None, 'awarders': [], 'mod_reason_by': None, 'banned_by': None, 'author_flair_type': 'text', 'total_awards_received': 0, 'subreddit': 'AskPhysics', 'author_flair_template_id': None, 'likes': None, 'replies': {'kind': 'Listing', 'data': {'after': None, 'dist': None, 'modhash': None, 'geo_filter': '', 'children': [{'kind': 't1', 'data': {'subreddit_id': 't5_2sumo', 'approved_at_utc': None, 'author_is_blocked': False, 'comment_type': None, 'awarders': [], 'mod_reason_by': None, 'banned_by': None, 'author_flair_type': 'text', 'total_awards_received': 0, 'subreddit': 'AskPhysics', 'author_flair_template_id': '73485a1c-c6b2-11e4-b026-22000b698517', 'likes': None, 'replies': {'kind': 'Listing', 'data': {'after': None, 'dist': None, 'modhash': None, 'geo_filter': '', 'children': [{'kind': 't1', 'data': {'subreddit_id': 't5_2sumo', 'approved_at_utc': None, 'author_is_blocked': False, 'comment_type': None, 'awarders': [], 'mod_reason_by': None, 'banned_by': None, 'author_flair_type': 'text', 'total_awards_received': 0, 'subreddit': 'AskPhysics', 'author_flair_template_id': None, 'likes': None, 'replies': '', 'user_reports': [], 'saved': False, 'id': 'l10ysnf', 'banned_at_utc': None, 'mod_reason_title': None, 'gilded': 0, 'archived': False, 'collapsed_reason_code': None, 'no_follow': True, 'author': 'MinimumTomfoolerus', 'can_mod_post': False, 'send_replies': True, 'parent_id': 't1_l10xu7r', 'score': 1, 'author_fullname': 't2_k5hngwa1', 'removal_reason': None, 'approved_by': None, 'mod_note': None, 'all_awardings': [], 'collapsed': False, 'body': 'I see. Thx for commenting.', 'edited': False, 'top_awarded_type': None, 'author_flair_css_class': None, 'name': 't1_l10ysnf', 'is_submitter': True, 'downs': 0, 'author_flair_richtext': [], 'author_patreon_flair': False, 'body_html': '&lt;div class=""md""&gt;&lt;p&gt;I see. Thx for commenting.&lt;/p&gt;\n&lt;/div&gt;', 'gildings': {}, 'collapsed_reason': None, 'distinguished': None, 'associated_award': None, 'stickied': False, 'author_premium': False, 'can_gild': False, 'link_id': 't3_1cbslmz', 'unrepliable_reason': None, 'author_flair_text_color': None, 'score_hidden': False, 'permalink': '/r/AskPhysics/comments/1cbslmz/what_is_the_general_consensus_of_computation/l10ysnf/', 'subreddit_type': 'public', 'locked': False, 'report_reasons': None, 'created': 1713956232.0, 'author_flair_text': None, 'treatment_tags': [], 'created_utc': 1713956232.0, 'subreddit_name_prefixed': 'r/AskPhysics', 'controversiality': 0, 'depth': 3, 'author_flair_background_color': None, 'collapsed_because_crowd_control': None, 'mod_reports': [], 'num_reports': None, 'ups': 1}}, {'kind': 't1', 'data': {'subreddit_id': 't5_2sumo', 'approved_at_utc': None, 'author_is_blocked': False, 'comment_type': None, 'awarders': [], 'mod_reason_by': None, 'banned_by': None, 'author_flair_type': 'text', 'total_awards_received': 0, 'subreddit': 'AskPhysics', 'author_flair_template_id': None, 'likes': None, 'replies': {'kind': 'Listing', 'data': {'after': None, 'dist': None, 'modhash': None, 'geo_filter': '', 'children': [{'kind': 't1', 'data': {'subreddit_id': 't5_2sumo', 'approved_at_utc': None, 'author_is_blocked': False, 'comment_type': None, 'awarders': [], 'mod_reason_by': None, 'banned_by': None, 'author_flair_type': 'text', 'total_awards_received': 0, 'subreddit': 'AskPhysics', 'author_flair_template_id': '73485a1c-c6b2-11e4-b026-22000b698517', 'distinguished': None, 'likes': None, 'replies': '', 'user_reports': [], 'saved': False, 'id': 'l10zr5r', 'banned_at_utc': None, 'mod_reason_title': None, 'gilded': 0, 'archived': False, 'collapsed_reason_code': None, 'no_follow': True, 'author': 'tirohtar', 'can_mod_post': False, 'send_replies': True, 'parent_id': 't1_l10z8uk', 'score': 2, 'author_fullname': 't2_fzf5v', 'removal_reason': None, 'approved_by': None, 'mod_note': None, 'all_awardings': [], 'body': 'Yeah none of his ideas on this have gone through peer review. ""Computation and algorithms plus math"" doesn\'t really mean anything when it comes to physics. There are something like 10^40 different versions of string theory (not a joke, the number is actually crazy high like that) depending entirely on what certain parameter values would be, if they could be measured. Physics comes often down to measured quantities that are not derivable via math, they just are a property of the universe that you cannot predict from pure math, at least not as far as we can understand it right now. And Wolfram\'s ideas do nothing to address that.', 'edited': False, 'author_flair_css_class': 'astro', 'name': 't1_l10zr5r', 'is_submitter': False, 'downs': 0, 'author_flair_richtext': [], 'author_patreon_flair': False, 'body_html': '&lt;div class=""md""&gt;&lt;p&gt;Yeah none of his ideas on this have gone through peer review. &amp;quot;Computation and algorithms plus math&amp;quot; doesn&amp;#39;t really mean anything when it comes to physics. There are something like 10&lt;sup&gt;40&lt;/sup&gt; different versions of string theory (not a joke, the number is actually crazy high like that) depending entirely on what certain parameter values would be, if they could be measured. Physics comes often down to measured quantities that are not derivable via math, they just are a property of the universe that you cannot predict from pure math, at least not as far as we can understand it right now. And Wolfram&amp;#39;s ideas do nothing to address that.&lt;/p&gt;\n&lt;/div&gt;', 'gildings': {}, 'collapsed_reason': None, 'link_id': 't3_1cbslmz', 'associated_award': None, 'stickied': False, 'author_premium': False, 'can_gild': False, 'top_awarded_type': None, 'unrepliable_reason': None, 'author_flair_text_color': 'dark', 'treatment_tags': [], 'score_hidden': False, 'permalink': '/r/AskPhysics/comments/1cbslmz/what_is_the_general_consensus_of_computation/l10zr5r/', 'subreddit_type': 'public', 'locked': False, 'report_reasons': None, 'created': 1713956789.0, 'author_flair_text': 'Astrophysics', 'collapsed': False, 'created_utc': 1713956789.0, 'subreddit_name_prefixed': 'r/AskPhysics', 'controversiality': 0, 'depth': 4, 'author_flair_background_color': None, 'collapsed_because_crowd_control': None, 'mod_reports': [], 'num_reports': None, 'ups': 2}}], 'before': None}}, 'user_reports': [], 'saved': False, 'id': 'l10z8uk', 'banned_at_utc': None, 'mod_reason_title': None, 'gilded': 0, 'archived': False, 'collapsed_reason_code': None, 'no_follow': True, 'author': 'MinimumTomfoolerus', 'can_mod_post': False, 'send_replies': True, 'parent_id': 't1_l10xu7r', 'score': 0, 'author_fullname': 't2_k5hngwa1', 'removal_reason': None, 'approved_by': None, 'mod_note': None, 'all_awardings': [], 'collapsed': False, 'body': ""&gt;completely unphysical\n\nWdym?\n\n---/---\n\nI thought from a clip of him talking in a podcast that computation and algorithms plus math would be a way to formalize the physical world and from these things understand gravity and such and this is why I was interested but now if it's true that he doesn't publish in peer review then this changes the value of his 'theories'."", 'edited': False, 'top_awarded_type': None, 'author_flair_css_class': None, 'name': 't1_l10z8uk', 'is_submitter': True, 'downs': 0, 'author_flair_richtext': [], 'author_patreon_flair': False, 'body_html': '&lt;div class=""md""&gt;&lt;blockquote&gt;\n&lt;p&gt;completely unphysical&lt;/p&gt;\n&lt;/blockquote&gt;\n\n&lt;p&gt;Wdym?&lt;/p&gt;\n\n&lt;p&gt;---/---&lt;/p&gt;\n\n&lt;p&gt;I thought from a clip of him talking in a podcast that computation and algorithms plus math would be a way to formalize the physical world and from these things understand gravity and such and this is why I was interested but now if it&amp;#39;s true that he doesn&amp;#39;t publish in peer review then this changes the value of his &amp;#39;theories&amp;#39;.&lt;/p&gt;\n&lt;/div&gt;', 'gildings': {}, 'collapsed_reason': None, 'distinguished': None, 'associated_award': None, 'stickied': False, 'author_premium': False, 'can_gild': False, 'link_id': 't3_1cbslmz', 'unrepliable_reason': None, 'author_flair_text_color': None, 'score_hidden': False, 'permalink': '/r/AskPhysics/comments/1cbslmz/what_is_the_general_consensus_of_computation/l10z8uk/', 'subreddit_type': 'public', 'locked': False, 'report_reasons': None, 'created': 1713956494.0, 'author_flair_text': None, 'treatment_tags': [], 'created_utc': 1713956494.0, 'subreddit_name_prefixed': 'r/AskPhysics', 'controversiality': 0, 'depth': 3, 'author_flair_background_color': None, 'collapsed_because_crowd_control': None, 'mod_reports': [], 'num_reports': None, 'ups': 0}}], 'before': None}}, 'user_reports': [], 'saved': False, 'id': 'l10xu7r', 'banned_at_utc': None, 'mod_reason_title': None, 'gilded': 0, 'archived': False, 'collapsed_reason_code': None, 'no_follow': True, 'author': 'tirohtar', 'can_mod_post': False, 'send_replies': True, 'parent_id': 't1_l10x13y', 'score': 2, 'author_fullname': 't2_fzf5v', 'removal_reason': None, 'approved_by': None, 'mod_note': None, 'all_awardings': [], 'body': 'The crux of his idea is that you can start from a ""simple"" starting law and through a framework of a set of change operations you get to the other laws of physics, and he claims that through that you get special relativity, general relativity, quantum mechanics, etc etc, as ""emerging properties"". But that doesn\'t really MEAN anything. It\'s not clear that you are limited to ""real laws"", you will most likely get a whole bunch of stuff via this approach that is completely unphysical. Afaik the ""laws"" that he gets that way aren\'t really quantitative either, they just look like the correct ""shape"". It\'s completely unclear where the physics in this whole thing is supposed to be. We can get a whole bunch of nonsense with an approach like that. And if he thinks he has figured out a way to only get results that make physical sense, great, submit it for peer review.', 'edited': False, 'top_awarded_type': None, 'downs': 0, 'author_flair_css_class': 'astro', 'name': 't1_l10xu7r', 'is_submitter': False, 'collapsed': False, 'author_flair_richtext': [], 'author_patreon_flair': False, 'body_html': '&lt;div class=""md""&gt;&lt;p&gt;The crux of his idea is that you can start from a &amp;quot;simple&amp;quot; starting law and through a framework of a set of change operations you get to the other laws of physics, and he claims that through that you get special relativity, general relativity, quantum mechanics, etc etc, as &amp;quot;emerging properties&amp;quot;. But that doesn&amp;#39;t really MEAN anything. It&amp;#39;s not clear that you are limited to &amp;quot;real laws&amp;quot;, you will most likely get a whole bunch of stuff via this approach that is completely unphysical. Afaik the &amp;quot;laws&amp;quot; that he gets that way aren&amp;#39;t really quantitative either, they just look like the correct &amp;quot;shape&amp;quot;. It&amp;#39;s completely unclear where the physics in this whole thing is supposed to be. We can get a whole bunch of nonsense with an approach like that. And if he thinks he has figured out a way to only get results that make physical sense, great, submit it for peer review.&lt;/p&gt;\n&lt;/div&gt;', 'gildings': {}, 'collapsed_reason': None, 'distinguished': None, 'associated_award': None, 'stickied': False, 'author_premium': False, 'can_gild': False, 'link_id': 't3_1cbslmz', 'unrepliable_reason': None, 'author_flair_text_color': 'dark', 'score_hidden': False, 'permalink': '/r/AskPhysics/comments/1cbslmz/what_is_the_general_consensus_of_computation/l10xu7r/', 'subreddit_type': 'public', 'locked': False, 'report_reasons': None, 'created': 1713955671.0, 'author_flair_text': 'Astrophysics', 'treatment_tags': [], 'created_utc': 1713955671.0, 'subreddit_name_prefixed': 'r/AskPhysics', 'controversiality': 0, 'depth': 2, 'author_flair_background_color': None, 'collapsed_because_crowd_control': None, 'mod_reports': [], 'num_reports': None, 'ups': 2}}], 'before': None}}, 'user_reports': [], 'saved': False, 'id': 'l10x13y', 'banned_at_utc': None, 'mod_reason_title': None, 'gilded': 0, 'archived': False, 'collapsed_reason_code': None, 'no_follow': True, 'author': 'MinimumTomfoolerus', 'can_mod_post': False, 'created_utc': 1713955176.0, 'send_replies': True, 'parent_id': 't1_l10s4o9', 'score': 0, 'author_fullname': 't2_k5hngwa1', 'removal_reason': None, 'approved_by': None, 'mod_note': None, 'all_awardings': [], 'body': '&gt;But his approach to physics is amateurish and quite laughable.\n\n\nCan you give examples of his approach that is such adjectives?', 'edited': False, 'top_awarded_type': None, 'author_flair_css_class': None, 'name': 't1_l10x13y', 'is_submitter': True, 'downs': 0, 'author_flair_richtext': [], 'author_patreon_flair': False, 'body_html': '&lt;div class=""md""&gt;&lt;blockquote&gt;\n&lt;p&gt;But his approach to physics is amateurish and quite laughable.&lt;/p&gt;\n&lt;/blockquote&gt;\n\n&lt;p&gt;Can you give examples of his approach that is such adjectives?&lt;/p&gt;\n&lt;/div&gt;', 'gildings': {}, 'collapsed_reason': None, 'distinguished': None, 'associated_award': None, 'stickied': False, 'author_premium': False, 'can_gild': False, 'link_id': 't3_1cbslmz', 'unrepliable_reason': None, 'author_flair_text_color': None, 'score_hidden': False, 'permalink': '/r/AskPhysics/comments/1cbslmz/what_is_the_general_consensus_of_computation/l10x13y/', 'subreddit_type': 'public', 'locked': False, 'report_reasons': None, 'created': 1713955176.0, 'author_flair_text': None, 'treatment_tags': [], 'collapsed': False, 'subreddit_name_prefixed': 'r/AskPhysics', 'controversiality': 1, 'depth': 1, 'author_flair_background_color': None, 'collapsed_because_crowd_control': None, 'mod_reports': [], 'num_reports': None, 'ups': 0}}], 'before': None}}",,False,10,False,True,False,AskPhysics,t5_2sumo,r/AskPhysics,public,,0,[],,10,[],t1
data_1,[],,,False,,GammaCatastrophe,,inter,[],9245fcd0-c6b2-11e4-9133-22000b6e00bb,Statistical and nonlinear physics,dark,text,t2_ym9ipy97y,False,False,False,[],,,Wolfram is sort of seriously taken but a lot of times dude's just a parody.,"&lt;div class=""md""&gt;&lt;p&gt;Wolfram is sort of seriously taken but a lot of times dude&amp;#39;s just a parody.&lt;/p&gt;
&lt;/div&gt;",False,False,False,,,,,0,1713946203.0,1713946203.0,0,,0,False,0,{},l10km26,False,,t3_1cbslmz,False,,,,[],t1_l10km26,False,,t3_1cbslmz,/r/AskPhysics/comments/1cbslmz/what_is_the_general_consensus_of_computation/l10km26/,,"{'kind': 'Listing', 'data': {'after': None, 'dist': None, 'modhash': None, 'geo_filter': '', 'children': [{'kind': 't1', 'data': {'subreddit_id': 't5_2sumo', 'approved_at_utc': None, 'author_is_blocked': False, 'comment_type': None, 'awarders': [], 'mod_reason_by': None, 'banned_by': None, 'author_flair_type': 'text', 'total_awards_received': 0, 'subreddit': 'AskPhysics', 'author_flair_template_id': None, 'likes': None, 'replies': {'kind': 'Listing', 'data': {'after': None, 'dist': None, 'modhash': None, 'geo_filter': '', 'children': [{'kind': 't1', 'data': {'subreddit_id': 't5_2sumo', 'approved_at_utc': None, 'author_is_blocked': False, 'comment_type': None, 'awarders': [], 'mod_reason_by': None, 'banned_by': None, 'author_flair_type': 'text', 'total_awards_received': 0, 'subreddit': 'AskPhysics', 'author_flair_template_id': '9245fcd0-c6b2-11e4-9133-22000b6e00bb', 'likes': None, 'replies': {'kind': 'Listing', 'data': {'after': None, 'dist': None, 'modhash': None, 'geo_filter': '', 'children': [{'kind': 't1', 'data': {'subreddit_id': 't5_2sumo', 'approved_at_utc': None, 'author_is_blocked': False, 'comment_type': None, 'awarders': [], 'mod_reason_by': None, 'banned_by': None, 'author_flair_type': 'text', 'total_awards_received': 0, 'subreddit': 'AskPhysics', 'author_flair_template_id': None, 'likes': None, 'replies': {'kind': 'Listing', 'data': {'after': None, 'dist': None, 'modhash': None, 'geo_filter': '', 'children': [{'kind': 't1', 'data': {'subreddit_id': 't5_2sumo', 'approved_at_utc': None, 'author_is_blocked': False, 'comment_type': None, 'awarders': [], 'mod_reason_by': None, 'banned_by': None, 'author_flair_type': 'text', 'total_awards_received': 0, 'subreddit': 'AskPhysics', 'author_flair_template_id': '9245fcd0-c6b2-11e4-9133-22000b6e00bb', 'distinguished': None, 'likes': None, 'replies': {'kind': 'Listing', 'data': {'after': None, 'dist': None, 'modhash': None, 'geo_filter': '', 'children': [{'kind': 't1', 'data': {'subreddit_id': 't5_2sumo', 'approved_at_utc': None, 'author_is_blocked': False, 'comment_type': None, 'awarders': [], 'mod_reason_by': None, 'banned_by': None, 'author_flair_type': 'text', 'total_awards_received': 0, 'subreddit': 'AskPhysics', 'author_flair_template_id': None, 'distinguished': None, 'likes': None, 'replies': '', 'user_reports': [], 'saved': False, 'id': 'l10xotk', 'banned_at_utc': None, 'mod_reason_title': None, 'gilded': 0, 'archived': False, 'collapsed_reason_code': None, 'no_follow': True, 'author': 'MinimumTomfoolerus', 'can_mod_post': False, 'send_replies': True, 'parent_id': 't1_l10xkzs', 'score': 1, 'author_fullname': 't2_k5hngwa1', 'approved_by': None, 'mod_note': None, 'all_awardings': [], 'body': 'Okay, thanks Gamma.', 'edited': False, 'gildings': {}, 'downs': 0, 'author_flair_css_class': None, 'name': 't1_l10xotk', 'is_submitter': True, 'collapsed': False, 'author_flair_richtext': [], 'author_patreon_flair': False, 'body_html': '&lt;div class=""md""&gt;&lt;p&gt;Okay, thanks Gamma.&lt;/p&gt;\n&lt;/div&gt;', 'removal_reason': None, 'collapsed_reason': None, 'link_id': 't3_1cbslmz', 'associated_award': None, 'stickied': False, 'author_premium': False, 'can_gild': False, 'top_awarded_type': None, 'unrepliable_reason': None, 'author_flair_text_color': None, 'score_hidden': False, 'permalink': '/r/AskPhysics/comments/1cbslmz/what_is_the_general_consensus_of_computation/l10xotk/', 'subreddit_type': 'public', 'locked': False, 'report_reasons': None, 'created': 1713955579.0, 'author_flair_text': None, 'treatment_tags': [], 'created_utc': 1713955579.0, 'subreddit_name_prefixed': 'r/AskPhysics', 'controversiality': 0, 'depth': 5, 'author_flair_background_color': None, 'collapsed_because_crowd_control': None, 'mod_reports': [], 'num_reports': None, 'ups': 1}}], 'before': None}}, 'user_reports': [], 'saved': False, 'id': 'l10xkzs', 'banned_at_utc': None, 'mod_reason_title': None, 'gilded': 0, 'archived': False, 'collapsed_reason_code': None, 'no_follow': True, 'author': 'GammaCatastrophe', 'can_mod_post': False, 'send_replies': True, 'parent_id': 't1_l10xepn', 'score': 0, 'author_fullname': 't2_ym9ipy97y', 'removal_reason': None, 'approved_by': None, 'mod_note': None, 'all_awardings': [], 'body': ""I share the same opinion anyways lol.\n\nDude got his shit right with the math, that's why he's sort of taken seriously. When he delves into Physics,well you can search this sub for some fruitful discussions on Wolfram."", 'edited': False, 'author_flair_css_class': 'inter', 'name': 't1_l10xkzs', 'is_submitter': False, 'downs': 0, 'author_flair_richtext': [], 'author_patreon_flair': False, 'body_html': '&lt;div class=""md""&gt;&lt;p&gt;I share the same opinion anyways lol.&lt;/p&gt;\n\n&lt;p&gt;Dude got his shit right with the math, that&amp;#39;s why he&amp;#39;s sort of taken seriously. When he delves into Physics,well you can search this sub for some fruitful discussions on Wolfram.&lt;/p&gt;\n&lt;/div&gt;', 'gildings': {}, 'collapsed_reason': None, 'link_id': 't3_1cbslmz', 'associated_award': None, 'stickied': False, 'author_premium': False, 'can_gild': False, 'top_awarded_type': None, 'unrepliable_reason': None, 'author_flair_text_color': 'dark', 'treatment_tags': [], 'score_hidden': False, 'permalink': '/r/AskPhysics/comments/1cbslmz/what_is_the_general_consensus_of_computation/l10xkzs/', 'subreddit_type': 'public', 'locked': False, 'report_reasons': None, 'created': 1713955514.0, 'author_flair_text': 'Statistical and nonlinear physics', 'collapsed': False, 'created_utc': 1713955514.0, 'subreddit_name_prefixed': 'r/AskPhysics', 'controversiality': 0, 'depth': 4, 'author_flair_background_color': None, 'collapsed_because_crowd_control': None, 'mod_reports': [], 'num_reports': None, 'ups': 0}}], 'before': None}}, 'user_reports': [], 'saved': False, 'id': 'l10xepn', 'banned_at_utc': None, 'mod_reason_title': None, 'gilded': 0, 'archived': False, 'collapsed_reason_code': None, 'no_follow': True, 'author': 'MinimumTomfoolerus', 'can_mod_post': False, 'send_replies': True, 'parent_id': 't1_l10v2ln', 'score': -2, 'author_fullname': 't2_k5hngwa1', 'removal_reason': None, 'approved_by': None, 'mod_note': None, 'all_awardings': [], 'collapsed': False, 'body': ""Idk why his approach would be taken sort of seriously if it is amateurish and laughable. Also it's one person who is maybe undergraduate student or graduate (astrophysics) saying it, it's not like this is the predominant opinion."", 'edited': False, 'top_awarded_type': None, 'author_flair_css_class': None, 'name': 't1_l10xepn', 'is_submitter': True, 'downs': 0, 'author_flair_richtext': [], 'author_patreon_flair': False, 'body_html': '&lt;div class=""md""&gt;&lt;p&gt;Idk why his approach would be taken sort of seriously if it is amateurish and laughable. Also it&amp;#39;s one person who is maybe undergraduate student or graduate (astrophysics) saying it, it&amp;#39;s not like this is the predominant opinion.&lt;/p&gt;\n&lt;/div&gt;', 'gildings': {}, 'collapsed_reason': None, 'distinguished': None, 'associated_award': None, 'stickied': False, 'author_premium': False, 'can_gild': False, 'link_id': 't3_1cbslmz', 'unrepliable_reason': None, 'author_flair_text_color': None, 'score_hidden': False, 'permalink': '/r/AskPhysics/comments/1cbslmz/what_is_the_general_consensus_of_computation/l10xepn/', 'subreddit_type': 'public', 'locked': False, 'report_reasons': None, 'created': 1713955407.0, 'author_flair_text': None, 'treatment_tags': [], 'created_utc': 1713955407.0, 'subreddit_name_prefixed': 'r/AskPhysics', 'controversiality': 0, 'depth': 3, 'author_flair_background_color': None, 'collapsed_because_crowd_control': None, 'mod_reports': [], 'num_reports': None, 'ups': -2}}], 'before': None}}, 'user_reports': [], 'saved': False, 'id': 'l10v2ln', 'banned_at_utc': None, 'mod_reason_title': None, 'gilded': 0, 'archived': False, 'collapsed_reason_code': None, 'no_follow': True, 'author': 'GammaCatastrophe', 'can_mod_post': False, 'send_replies': True, 'parent_id': 't1_l10los4', 'score': 1, 'author_fullname': 't2_ym9ipy97y', 'removal_reason': None, 'approved_by': None, 'mod_note': None, 'all_awardings': [], 'body': 'Just seen this. I think u/tirohtar explains it well enough.', 'edited': False, 'top_awarded_type': None, 'downs': 0, 'author_flair_css_class': 'inter', 'name': 't1_l10v2ln', 'is_submitter': False, 'collapsed': False, 'author_flair_richtext': [], 'author_patreon_flair': False, 'body_html': '&lt;div class=""md""&gt;&lt;p&gt;Just seen this. I think &lt;a href=""/u/tirohtar""&gt;u/tirohtar&lt;/a&gt; explains it well enough.&lt;/p&gt;\n&lt;/div&gt;', 'gildings': {}, 'collapsed_reason': None, 'distinguished': None, 'associated_award': None, 'stickied': False, 'author_premium': False, 'can_gild': False, 'link_id': 't3_1cbslmz', 'unrepliable_reason': None, 'author_flair_text_color': 'dark', 'score_hidden': False, 'permalink': '/r/AskPhysics/comments/1cbslmz/what_is_the_general_consensus_of_computation/l10v2ln/', 'subreddit_type': 'public', 'locked': False, 'report_reasons': None, 'created': 1713953937.0, 'author_flair_text': 'Statistical and nonlinear physics', 'treatment_tags': [], 'created_utc': 1713953937.0, 'subreddit_name_prefixed': 'r/AskPhysics', 'controversiality': 0, 'depth': 2, 'author_flair_background_color': None, 'collapsed_because_crowd_control': None, 'mod_reports': [], 'num_reports': None, 'ups': 1}}], 'before': None}}, 'user_reports': [], 'saved': False, 'id': 'l10los4', 'banned_at_utc': None, 'mod_reason_title': None, 'gilded': 0, 'archived': False, 'collapsed_reason_code': None, 'no_follow': True, 'author': 'MinimumTomfoolerus', 'can_mod_post': False, 'created_utc': 1713947026.0, 'send_replies': True, 'parent_id': 't1_l10km26', 'score': 2, 'author_fullname': 't2_k5hngwa1', 'removal_reason': None, 'approved_by': None, 'mod_note': None, 'all_awardings': [], 'body': 'Why though?', 'edited': False, 'top_awarded_type': None, 'author_flair_css_class': None, 'name': 't1_l10los4', 'is_submitter': True, 'downs': 0, 'author_flair_richtext': [], 'author_patreon_flair': False, 'body_html': '&lt;div class=""md""&gt;&lt;p&gt;Why though?&lt;/p&gt;\n&lt;/div&gt;', 'gildings': {}, 'collapsed_reason': None, 'distinguished': None, 'associated_award': None, 'stickied': False, 'author_premium': False, 'can_gild': False, 'link_id': 't3_1cbslmz', 'unrepliable_reason': None, 'author_flair_text_color': None, 'score_hidden': False, 'permalink': '/r/AskPhysics/comments/1cbslmz/what_is_the_general_consensus_of_computation/l10los4/', 'subreddit_type': 'public', 'locked': False, 'report_reasons': None, 'created': 1713947026.0, 'author_flair_text': None, 'treatment_tags': [], 'collapsed': False, 'subreddit_name_prefixed': 'r/AskPhysics', 'controversiality': 0, 'depth': 1, 'author_flair_background_color': None, 'collapsed_because_crowd_control': None, 'mod_reports': [], 'num_reports': None, 'ups': 2}}], 'before': None}}",,False,4,False,True,False,AskPhysics,t5_2sumo,r/AskPhysics,public,,0,[],,4,[],t1
