,[],,,False,,Anonymous-USA,,,[],,,,text,t2_7h3ccwl3,False,False,False,[],,,"The radius of the event horizon is strictly a function of the black hole mass.  In general, the escape velocity for any object (planet or star) is only a function of the mass it’s escaping from.

Event Horizon (Schwarzchild Radius) SC = 2GM/*c*^2 where only M mass is variable.  Notice, if you double the mass, you double the radius of the event horizon.","&lt;div class=""md""&gt;&lt;p&gt;The radius of the event horizon is strictly a function of the black hole mass.  In general, the escape velocity for any object (planet or star) is only a function of the mass it’s escaping from.&lt;/p&gt;

&lt;p&gt;Event Horizon (Schwarzchild Radius) SC = 2GM/&lt;em&gt;c&lt;/em&gt;&lt;sup&gt;2&lt;/sup&gt; where only M mass is variable.  Notice, if you double the mass, you double the radius of the event horizon.&lt;/p&gt;
&lt;/div&gt;",False,False,False,,,,,0,1714023605.0,1714023605.0,0,,0,False,0,{},l15tik6,False,,t3_1ccj0hq,False,,,,[],t1_l15tik6,True,,t3_1ccj0hq,/r/AskPhysics/comments/1ccj0hq/is_the_event_horizon_of_a_black_hole_a_singular/l15tik6/,,,,False,2,False,True,False,AskPhysics,t5_2sumo,r/AskPhysics,public,,0,[],,2,[],t1
data,[],,,False,,Anonymous-USA,,,[],,,,text,t2_7h3ccwl3,False,False,False,[],,,"The radius of the event horizon is strictly a function of the black hole mass.  In general, the escape velocity for any object (planet or star) is only a function of the mass it’s escaping from.

Event Horizon (Schwarzchild Radius) SC = 2GM/*c*^2 where only M mass is variable.  Notice, if you double the mass, you double the radius of the event horizon.","&lt;div class=""md""&gt;&lt;p&gt;The radius of the event horizon is strictly a function of the black hole mass.  In general, the escape velocity for any object (planet or star) is only a function of the mass it’s escaping from.&lt;/p&gt;

&lt;p&gt;Event Horizon (Schwarzchild Radius) SC = 2GM/&lt;em&gt;c&lt;/em&gt;&lt;sup&gt;2&lt;/sup&gt; where only M mass is variable.  Notice, if you double the mass, you double the radius of the event horizon.&lt;/p&gt;
&lt;/div&gt;",False,False,False,,,,,0,1714023605.0,1714023605.0,0,,0,False,0,{},l15tik6,False,,t3_1ccj0hq,False,,,,[],t1_l15tik6,True,,t3_1ccj0hq,/r/AskPhysics/comments/1ccj0hq/is_the_event_horizon_of_a_black_hole_a_singular/l15tik6/,,,,False,2,False,True,False,AskPhysics,t5_2sumo,r/AskPhysics,public,,0,[],,2,[],t1
