,all_awardings,approved_at_utc,approved_by,archived,associated_award,author,author_flair_background_color,author_flair_css_class,author_flair_richtext,author_flair_template_id,author_flair_text,author_flair_text_color,author_flair_type,author_fullname,author_is_blocked,author_patreon_flair,author_premium,awarders,banned_at_utc,banned_by,body,body_html,can_gild,can_mod_post,collapsed,collapsed_because_crowd_control,collapsed_reason,collapsed_reason_code,comment_type,controversiality,created,created_utc,depth,distinguished,downs,edited,gilded,gildings,id,is_submitter,likes,link_id,locked,mod_note,mod_reason_by,mod_reason_title,mod_reports,name,no_follow,num_reports,parent_id,permalink,removal_reason,replies,report_reasons,saved,score,score_hidden,send_replies,stickied,subreddit,subreddit_id,subreddit_name_prefixed,subreddit_type,top_awarded_type,total_awards_received,treatment_tags,unrepliable_reason,ups,user_reports,kind
data,[],,,False,,Gengis_con,,mat,[],,Condensed matter physics,dark,text,t2_90yhv,False,False,False,[],,,"In your example you could establish which ball exerted a force on the other, but that is a separate question to which ball was ""really"" moving. Imagine one ball is red and the other is blue. Then in all reference frames the red ball will exert a force on the blue one but not vise versa. This is fine with Galilean relativity, but not the third law.


Now if it was always true that the moving ball exerts a force on the stationary ball but not the reverse, then that would single out a preferred reference frame, but that is because this force law explicitly breaks Galilean relativity in addition to the third law","&lt;div class=""md""&gt;&lt;p&gt;In your example you could establish which ball exerted a force on the other, but that is a separate question to which ball was &amp;quot;really&amp;quot; moving. Imagine one ball is red and the other is blue. Then in all reference frames the red ball will exert a force on the blue one but not vise versa. This is fine with Galilean relativity, but not the third law.&lt;/p&gt;

&lt;p&gt;Now if it was always true that the moving ball exerts a force on the stationary ball but not the reverse, then that would single out a preferred reference frame, but that is because this force law explicitly breaks Galilean relativity in addition to the third law&lt;/p&gt;
&lt;/div&gt;",False,False,False,,,,,0,1713973350.0,1713973350.0,0,,0,False,0,{},l1255ey,False,,t3_1cc0au0,False,,,,[],t1_l1255ey,False,,t3_1cc0au0,/r/AskPhysics/comments/1cc0au0/is_the_third_law_of_motion_necessary_for_galilean/l1255ey/,,"{'kind': 'Listing', 'data': {'after': None, 'dist': None, 'modhash': None, 'geo_filter': '', 'children': [{'kind': 't1', 'data': {'subreddit_id': 't5_2sumo', 'approved_at_utc': None, 'author_is_blocked': False, 'comment_type': None, 'awarders': [], 'mod_reason_by': None, 'banned_by': None, 'author_flair_type': 'text', 'total_awards_received': 0, 'subreddit': 'AskPhysics', 'author_flair_template_id': None, 'likes': None, 'replies': '', 'user_reports': [], 'saved': False, 'id': 'l12an02', 'banned_at_utc': None, 'mod_reason_title': None, 'gilded': 0, 'archived': False, 'collapsed_reason_code': None, 'no_follow': True, 'author': 'Ekvitarius', 'can_mod_post': False, 'created_utc': 1713975187.0, 'send_replies': True, 'parent_id': 't1_l1255ey', 'score': 1, 'author_fullname': 't2_zg669', 'removal_reason': None, 'approved_by': None, 'mod_note': None, 'all_awardings': [], 'body': 'That makes sense.  I guess I just assumed that the only way to account for which object would exert the force was to say it’s the one “really” moving, but that would make the definition circular', 'edited': 1713976513.0, 'top_awarded_type': None, 'author_flair_css_class': None, 'name': 't1_l12an02', 'is_submitter': True, 'downs': 0, 'author_flair_richtext': [], 'author_patreon_flair': False, 'body_html': '&lt;div class=""md""&gt;&lt;p&gt;That makes sense.  I guess I just assumed that the only way to account for which object would exert the force was to say it’s the one “really” moving, but that would make the definition circular&lt;/p&gt;\n&lt;/div&gt;', 'gildings': {}, 'collapsed_reason': None, 'distinguished': None, 'associated_award': None, 'stickied': False, 'author_premium': False, 'can_gild': False, 'link_id': 't3_1cc0au0', 'unrepliable_reason': None, 'author_flair_text_color': None, 'score_hidden': False, 'permalink': '/r/AskPhysics/comments/1cc0au0/is_the_third_law_of_motion_necessary_for_galilean/l12an02/', 'subreddit_type': 'public', 'locked': False, 'report_reasons': None, 'created': 1713975187.0, 'author_flair_text': None, 'treatment_tags': [], 'collapsed': False, 'subreddit_name_prefixed': 'r/AskPhysics', 'controversiality': 0, 'depth': 1, 'author_flair_background_color': None, 'collapsed_because_crowd_control': None, 'mod_reports': [], 'num_reports': None, 'ups': 1}}], 'before': None}}",,False,5,False,True,False,AskPhysics,t5_2sumo,r/AskPhysics,public,,0,[],,5,[],t1
data_1,[],,,False,,[deleted],,,,,,dark,,,False,,,[],,,[deleted],"&lt;div class=""md""&gt;&lt;p&gt;[deleted]&lt;/p&gt;
&lt;/div&gt;",False,False,False,,,,,0,1713975079.0,1713975079.0,0,,0,False,0,{},l12abdw,False,,t3_1cc0au0,False,,,,[],t1_l12abdw,True,,t3_1cc0au0,/r/AskPhysics/comments/1cc0au0/is_the_third_law_of_motion_necessary_for_galilean/l12abdw/,,"{'kind': 'Listing', 'data': {'after': None, 'dist': None, 'modhash': None, 'geo_filter': '', 'children': [{'kind': 't1', 'data': {'subreddit_id': 't5_2sumo', 'approved_at_utc': None, 'author_is_blocked': False, 'comment_type': None, 'awarders': [], 'mod_reason_by': None, 'banned_by': None, 'author_flair_type': 'text', 'total_awards_received': 0, 'subreddit': 'AskPhysics', 'author_flair_template_id': '8c5fb068-c6b2-11e4-b8be-22000bb30918', 'likes': None, 'replies': '', 'user_reports': [], 'saved': False, 'id': 'l12rg12', 'banned_at_utc': None, 'mod_reason_title': None, 'gilded': 0, 'archived': False, 'collapsed_reason_code': None, 'no_follow': True, 'author': 'barthiebarth', 'can_mod_post': False, 'created_utc': 1713980739.0, 'send_replies': True, 'parent_id': 't1_l12abdw', 'score': 1, 'author_fullname': 't2_n3i2jjs', 'removal_reason': None, 'approved_by': None, 'mod_note': None, 'all_awardings': [], 'body': 'In more modern language, the third law is a *consequence*  of the principle of momentum conservation, while the first law is about the equivalence of inertial frames.', 'edited': False, 'top_awarded_type': None, 'author_flair_css_class': 'inter', 'name': 't1_l12rg12', 'is_submitter': False, 'downs': 0, 'author_flair_richtext': [], 'author_patreon_flair': False, 'body_html': '&lt;div class=""md""&gt;&lt;p&gt;In more modern language, the third law is a &lt;em&gt;consequence&lt;/em&gt;  of the principle of momentum conservation, while the first law is about the equivalence of inertial frames.&lt;/p&gt;\n&lt;/div&gt;', 'gildings': {}, 'collapsed_reason': None, 'distinguished': None, 'associated_award': None, 'stickied': False, 'author_premium': False, 'can_gild': False, 'link_id': 't3_1cc0au0', 'unrepliable_reason': None, 'author_flair_text_color': 'dark', 'score_hidden': False, 'permalink': '/r/AskPhysics/comments/1cc0au0/is_the_third_law_of_motion_necessary_for_galilean/l12rg12/', 'subreddit_type': 'public', 'locked': False, 'report_reasons': None, 'created': 1713980739.0, 'author_flair_text': 'Education and outreach', 'treatment_tags': [], 'collapsed': False, 'subreddit_name_prefixed': 'r/AskPhysics', 'controversiality': 0, 'depth': 1, 'author_flair_background_color': None, 'collapsed_because_crowd_control': None, 'mod_reports': [], 'num_reports': None, 'ups': 1}}], 'before': None}}",,False,-4,False,True,False,AskPhysics,t5_2sumo,r/AskPhysics,public,,0,[],,-4,[],t1
