,all_awardings,approved_at_utc,approved_by,archived,associated_award,author,author_flair_background_color,author_flair_css_class,author_flair_richtext,author_flair_template_id,author_flair_text,author_flair_text_color,author_flair_type,author_fullname,author_is_blocked,author_patreon_flair,author_premium,awarders,banned_at_utc,banned_by,body,body_html,can_gild,can_mod_post,collapsed,collapsed_because_crowd_control,collapsed_reason,collapsed_reason_code,comment_type,controversiality,created,created_utc,depth,distinguished,downs,edited,gilded,gildings,id,is_submitter,likes,link_id,locked,mod_note,mod_reason_by,mod_reason_title,mod_reports,name,no_follow,num_reports,parent_id,permalink,removal_reason,replies,report_reasons,saved,score,score_hidden,send_replies,stickied,subreddit,subreddit_id,subreddit_name_prefixed,subreddit_type,top_awarded_type,total_awards_received,treatment_tags,unrepliable_reason,ups,user_reports,kind
data,[],,,False,,jbtronics,,mat,[],7f4501c6-c6b2-11e4-bd93-22000b6d02ed,Condensed matter physics,dark,text,t2_11twzg,False,False,False,[],,,"You cannot create new frequencies with purely linear interactions (like reflections). You need some kind of non-linear process (ideally something with a quadratic response function, to get double frequency).

We can double the frequency of laser light using non-linear crystals, I don't know if something like this is possible with sound. There is non-linear acoustics: https://en.m.wikipedia.org/wiki/Nonlinear_acoustics

But I doubt that this is easily adaptable for everyday usage. Just playing a sound with a speaker is probably much much easier.","&lt;div class=""md""&gt;&lt;p&gt;You cannot create new frequencies with purely linear interactions (like reflections). You need some kind of non-linear process (ideally something with a quadratic response function, to get double frequency).&lt;/p&gt;

&lt;p&gt;We can double the frequency of laser light using non-linear crystals, I don&amp;#39;t know if something like this is possible with sound. There is non-linear acoustics: &lt;a href=""https://en.m.wikipedia.org/wiki/Nonlinear_acoustics""&gt;https://en.m.wikipedia.org/wiki/Nonlinear_acoustics&lt;/a&gt;&lt;/p&gt;

&lt;p&gt;But I doubt that this is easily adaptable for everyday usage. Just playing a sound with a speaker is probably much much easier.&lt;/p&gt;
&lt;/div&gt;",False,False,False,,,,,0,1714073789.0,1714073789.0,0,,0,False,0,{},l18qjxu,False,,t3_1ccwfvr,False,,,,[],t1_l18qjxu,True,,t3_1ccwfvr,/r/AskPhysics/comments/1ccwfvr/doubling_frequency_of_a_sound_by_using_reflection/l18qjxu/,,"{'kind': 'Listing', 'data': {'after': None, 'dist': None, 'modhash': None, 'geo_filter': '', 'children': [{'kind': 't1', 'data': {'subreddit_id': 't5_2sumo', 'approved_at_utc': None, 'author_is_blocked': False, 'comment_type': None, 'awarders': [], 'mod_reason_by': None, 'banned_by': None, 'author_flair_type': 'text', 'total_awards_received': 0, 'subreddit': 'AskPhysics', 'author_flair_template_id': None, 'likes': None, 'replies': '', 'user_reports': [], 'saved': False, 'id': 'l18rbtn', 'banned_at_utc': None, 'mod_reason_title': None, 'gilded': 0, 'archived': False, 'collapsed_reason_code': None, 'no_follow': True, 'author': 'NoradIV', 'can_mod_post': False, 'created_utc': 1714074039.0, 'send_replies': True, 'parent_id': 't1_l18qjxu', 'score': 1, 'author_fullname': 't2_ke1ck', 'removal_reason': None, 'approved_by': None, 'mod_note': None, 'all_awardings': [], 'body': 'Sad. Well, thanks for the answer.\n\nAny way to create harmonics?', 'edited': False, 'top_awarded_type': None, 'author_flair_css_class': None, 'name': 't1_l18rbtn', 'is_submitter': True, 'downs': 0, 'author_flair_richtext': [], 'author_patreon_flair': False, 'body_html': '&lt;div class=""md""&gt;&lt;p&gt;Sad. Well, thanks for the answer.&lt;/p&gt;\n\n&lt;p&gt;Any way to create harmonics?&lt;/p&gt;\n&lt;/div&gt;', 'gildings': {}, 'collapsed_reason': None, 'distinguished': None, 'associated_award': None, 'stickied': False, 'author_premium': False, 'can_gild': False, 'link_id': 't3_1ccwfvr', 'unrepliable_reason': None, 'author_flair_text_color': None, 'score_hidden': False, 'permalink': '/r/AskPhysics/comments/1ccwfvr/doubling_frequency_of_a_sound_by_using_reflection/l18rbtn/', 'subreddit_type': 'public', 'locked': False, 'report_reasons': None, 'created': 1714074039.0, 'author_flair_text': None, 'treatment_tags': [], 'collapsed': False, 'subreddit_name_prefixed': 'r/AskPhysics', 'controversiality': 0, 'depth': 1, 'author_flair_background_color': None, 'collapsed_because_crowd_control': None, 'mod_reports': [], 'num_reports': None, 'ups': 1}}], 'before': None}}",,False,2,False,True,False,AskPhysics,t5_2sumo,r/AskPhysics,public,,0,[],,2,[],t1
data_1,[],,,False,,LiquidCoal,,,[],,,,text,t2_12kths3r,False,False,False,[],,,"If a wall were headed straight at you at 1/3 the speed of sound, this would ideally echo back at you with double the frequency (2 = (1+1/3)/(1-1/3)). This is obviously not what you had in mind, of course.","&lt;div class=""md""&gt;&lt;p&gt;If a wall were headed straight at you at 1/3 the speed of sound, this would ideally echo back at you with double the frequency (2 = (1+1/3)/(1-1/3)). This is obviously not what you had in mind, of course.&lt;/p&gt;
&lt;/div&gt;",False,False,False,,,,,0,1714155409.0,1714155409.0,0,,0,False,0,{},l1dyu7m,False,,t3_1ccwfvr,False,,,,[],t1_l1dyu7m,True,,t3_1ccwfvr,/r/AskPhysics/comments/1ccwfvr/doubling_frequency_of_a_sound_by_using_reflection/l1dyu7m/,,"{'kind': 'Listing', 'data': {'after': None, 'dist': None, 'modhash': None, 'geo_filter': '', 'children': [{'kind': 't1', 'data': {'subreddit_id': 't5_2sumo', 'approved_at_utc': None, 'author_is_blocked': False, 'comment_type': None, 'awarders': [], 'mod_reason_by': None, 'banned_by': None, 'author_flair_type': 'text', 'total_awards_received': 0, 'subreddit': 'AskPhysics', 'author_flair_template_id': None, 'likes': None, 'replies': '', 'user_reports': [], 'saved': False, 'id': 'l1e3msh', 'banned_at_utc': None, 'mod_reason_title': None, 'gilded': 0, 'archived': False, 'collapsed_reason_code': None, 'no_follow': True, 'author': 'NoradIV', 'can_mod_post': False, 'created_utc': 1714157069.0, 'send_replies': True, 'parent_id': 't1_l1dyu7m', 'score': 1, 'author_fullname': 't2_ke1ck', 'removal_reason': None, 'approved_by': None, 'mod_note': None, 'all_awardings': [], 'body': 'Unfortunately, no', 'edited': False, 'top_awarded_type': None, 'author_flair_css_class': None, 'name': 't1_l1e3msh', 'is_submitter': True, 'downs': 0, 'author_flair_richtext': [], 'author_patreon_flair': False, 'body_html': '&lt;div class=""md""&gt;&lt;p&gt;Unfortunately, no&lt;/p&gt;\n&lt;/div&gt;', 'gildings': {}, 'collapsed_reason': None, 'distinguished': None, 'associated_award': None, 'stickied': False, 'author_premium': False, 'can_gild': False, 'link_id': 't3_1ccwfvr', 'unrepliable_reason': None, 'author_flair_text_color': None, 'score_hidden': False, 'permalink': '/r/AskPhysics/comments/1ccwfvr/doubling_frequency_of_a_sound_by_using_reflection/l1e3msh/', 'subreddit_type': 'public', 'locked': False, 'report_reasons': None, 'created': 1714157069.0, 'author_flair_text': None, 'treatment_tags': [], 'collapsed': False, 'subreddit_name_prefixed': 'r/AskPhysics', 'controversiality': 0, 'depth': 1, 'author_flair_background_color': None, 'collapsed_because_crowd_control': None, 'mod_reports': [], 'num_reports': None, 'ups': 1}}], 'before': None}}",,False,1,False,True,False,AskPhysics,t5_2sumo,r/AskPhysics,public,,0,[],,1,[],t1
