,[],,,False,,gerglo,,pf,[],7e019446-c6b2-11e4-a9a9-22000b6d02ed,String theory,dark,text,t2_rjek6,False,False,False,[],,,"&gt;Why is it that we use the action:

&gt;S=-m∫dτ

&gt;Where we integrate over the proper time of the worldline? Can we derive this or is this simply chosen because it gives a certain equation of motion

This is the simplest reparametrization-invariant action one can write down for a time-like curve. It definitely cannot be derived in any generality since there are cases where it is not applicable (e.g. as you point out, m→0).

&gt;Is the lagrangian for this action just L=-m? Can we interpret this somehow as a kintetic energy?

-m dτ = L dt, so L = -m/γ = -m sqrt(1 - v^(2)) = -m + 1/2 mv^(2) + ..., so in the non-relativistic limit it reduces to T-U with U=m constant. It's a nice exercise to compute the Hamiltonian corresponding to L = -m/γ.

&gt;How would this look like if we added interactions/a potential?

This would break Lorentz invariance.

&gt;2. When we take the limit as m-&gt;0, the lagrangian and action seem to go to zero, does this have any significance?

For massless particles you need a slightly more involved action. For example see discussion [here](https://physics.stackexchange.com/questions/204000/the-action-of-a-relativistic-point-particle-the-meaning-of-its-parametrization).

&gt;How would this action be modified if we worked in a curved space time instead of Minkowksi space? Would we still use ∫dτ, but instead use a different metric than dτ= sqrt(-g\_μν dx^(μ) dx^(ν))?

That's right. This is actually a convenient way to compute Christoffel symbols: vary the action for a probe point particle and match to the general form of the geodesic equation.","&lt;div class=""md""&gt;&lt;blockquote&gt;
&lt;p&gt;Why is it that we use the action:&lt;/p&gt;

&lt;p&gt;S=-m∫dτ&lt;/p&gt;

&lt;p&gt;Where we integrate over the proper time of the worldline? Can we derive this or is this simply chosen because it gives a certain equation of motion&lt;/p&gt;
&lt;/blockquote&gt;

&lt;p&gt;This is the simplest reparametrization-invariant action one can write down for a time-like curve. It definitely cannot be derived in any generality since there are cases where it is not applicable (e.g. as you point out, m→0).&lt;/p&gt;

&lt;blockquote&gt;
&lt;p&gt;Is the lagrangian for this action just L=-m? Can we interpret this somehow as a kintetic energy?&lt;/p&gt;
&lt;/blockquote&gt;

&lt;p&gt;-m dτ = L dt, so L = -m/γ = -m sqrt(1 - v&lt;sup&gt;2&lt;/sup&gt;) = -m + 1/2 mv&lt;sup&gt;2&lt;/sup&gt; + ..., so in the non-relativistic limit it reduces to T-U with U=m constant. It&amp;#39;s a nice exercise to compute the Hamiltonian corresponding to L = -m/γ.&lt;/p&gt;

&lt;blockquote&gt;
&lt;p&gt;How would this look like if we added interactions/a potential?&lt;/p&gt;
&lt;/blockquote&gt;

&lt;p&gt;This would break Lorentz invariance.&lt;/p&gt;

&lt;blockquote&gt;
&lt;ol&gt;
&lt;li&gt;When we take the limit as m-&amp;gt;0, the lagrangian and action seem to go to zero, does this have any significance?&lt;/li&gt;
&lt;/ol&gt;
&lt;/blockquote&gt;

&lt;p&gt;For massless particles you need a slightly more involved action. For example see discussion &lt;a href=""https://physics.stackexchange.com/questions/204000/the-action-of-a-relativistic-point-particle-the-meaning-of-its-parametrization""&gt;here&lt;/a&gt;.&lt;/p&gt;

&lt;blockquote&gt;
&lt;p&gt;How would this action be modified if we worked in a curved space time instead of Minkowksi space? Would we still use ∫dτ, but instead use a different metric than dτ= sqrt(-g_μν dx&lt;sup&gt;μ&lt;/sup&gt; dx&lt;sup&gt;ν&lt;/sup&gt;)?&lt;/p&gt;
&lt;/blockquote&gt;

&lt;p&gt;That&amp;#39;s right. This is actually a convenient way to compute Christoffel symbols: vary the action for a probe point particle and match to the general form of the geodesic equation.&lt;/p&gt;
&lt;/div&gt;",False,False,False,,,,,0,1713963632.0,1713963632.0,0,,0,1713963828.0,0,{},l11e8r7,False,,t3_1cbtp75,False,,,,[],t1_l11e8r7,True,,t3_1cbtp75,/r/AskPhysics/comments/1cbtp75/why_is_the_action_of_a_massive_relativistic_point/l11e8r7/,,,,False,2,False,True,False,AskPhysics,t5_2sumo,r/AskPhysics,public,,0,[],,2,[],t1
data,[],,,False,,gerglo,,pf,[],7e019446-c6b2-11e4-a9a9-22000b6d02ed,String theory,dark,text,t2_rjek6,False,False,False,[],,,"&gt;Why is it that we use the action:

&gt;S=-m∫dτ

&gt;Where we integrate over the proper time of the worldline? Can we derive this or is this simply chosen because it gives a certain equation of motion

This is the simplest reparametrization-invariant action one can write down for a time-like curve. It definitely cannot be derived in any generality since there are cases where it is not applicable (e.g. as you point out, m→0).

&gt;Is the lagrangian for this action just L=-m? Can we interpret this somehow as a kintetic energy?

-m dτ = L dt, so L = -m/γ = -m sqrt(1 - v^(2)) = -m + 1/2 mv^(2) + ..., so in the non-relativistic limit it reduces to T-U with U=m constant. It's a nice exercise to compute the Hamiltonian corresponding to L = -m/γ.

&gt;How would this look like if we added interactions/a potential?

This would break Lorentz invariance.

&gt;2. When we take the limit as m-&gt;0, the lagrangian and action seem to go to zero, does this have any significance?

For massless particles you need a slightly more involved action. For example see discussion [here](https://physics.stackexchange.com/questions/204000/the-action-of-a-relativistic-point-particle-the-meaning-of-its-parametrization).

&gt;How would this action be modified if we worked in a curved space time instead of Minkowksi space? Would we still use ∫dτ, but instead use a different metric than dτ= sqrt(-g\_μν dx^(μ) dx^(ν))?

That's right. This is actually a convenient way to compute Christoffel symbols: vary the action for a probe point particle and match to the general form of the geodesic equation.","&lt;div class=""md""&gt;&lt;blockquote&gt;
&lt;p&gt;Why is it that we use the action:&lt;/p&gt;

&lt;p&gt;S=-m∫dτ&lt;/p&gt;

&lt;p&gt;Where we integrate over the proper time of the worldline? Can we derive this or is this simply chosen because it gives a certain equation of motion&lt;/p&gt;
&lt;/blockquote&gt;

&lt;p&gt;This is the simplest reparametrization-invariant action one can write down for a time-like curve. It definitely cannot be derived in any generality since there are cases where it is not applicable (e.g. as you point out, m→0).&lt;/p&gt;

&lt;blockquote&gt;
&lt;p&gt;Is the lagrangian for this action just L=-m? Can we interpret this somehow as a kintetic energy?&lt;/p&gt;
&lt;/blockquote&gt;

&lt;p&gt;-m dτ = L dt, so L = -m/γ = -m sqrt(1 - v&lt;sup&gt;2&lt;/sup&gt;) = -m + 1/2 mv&lt;sup&gt;2&lt;/sup&gt; + ..., so in the non-relativistic limit it reduces to T-U with U=m constant. It&amp;#39;s a nice exercise to compute the Hamiltonian corresponding to L = -m/γ.&lt;/p&gt;

&lt;blockquote&gt;
&lt;p&gt;How would this look like if we added interactions/a potential?&lt;/p&gt;
&lt;/blockquote&gt;

&lt;p&gt;This would break Lorentz invariance.&lt;/p&gt;

&lt;blockquote&gt;
&lt;ol&gt;
&lt;li&gt;When we take the limit as m-&amp;gt;0, the lagrangian and action seem to go to zero, does this have any significance?&lt;/li&gt;
&lt;/ol&gt;
&lt;/blockquote&gt;

&lt;p&gt;For massless particles you need a slightly more involved action. For example see discussion &lt;a href=""https://physics.stackexchange.com/questions/204000/the-action-of-a-relativistic-point-particle-the-meaning-of-its-parametrization""&gt;here&lt;/a&gt;.&lt;/p&gt;

&lt;blockquote&gt;
&lt;p&gt;How would this action be modified if we worked in a curved space time instead of Minkowksi space? Would we still use ∫dτ, but instead use a different metric than dτ= sqrt(-g_μν dx&lt;sup&gt;μ&lt;/sup&gt; dx&lt;sup&gt;ν&lt;/sup&gt;)?&lt;/p&gt;
&lt;/blockquote&gt;

&lt;p&gt;That&amp;#39;s right. This is actually a convenient way to compute Christoffel symbols: vary the action for a probe point particle and match to the general form of the geodesic equation.&lt;/p&gt;
&lt;/div&gt;",False,False,False,,,,,0,1713963632.0,1713963632.0,0,,0,1713963828.0,0,{},l11e8r7,False,,t3_1cbtp75,False,,,,[],t1_l11e8r7,True,,t3_1cbtp75,/r/AskPhysics/comments/1cbtp75/why_is_the_action_of_a_massive_relativistic_point/l11e8r7/,,,,False,2,False,True,False,AskPhysics,t5_2sumo,r/AskPhysics,public,,0,[],,2,[],t1
