,all_awardings,approved_at_utc,approved_by,archived,associated_award,author,author_flair_background_color,author_flair_css_class,author_flair_richtext,author_flair_template_id,author_flair_text,author_flair_text_color,author_flair_type,author_fullname,author_is_blocked,author_patreon_flair,author_premium,awarders,banned_at_utc,banned_by,body,body_html,can_gild,can_mod_post,collapsed,collapsed_because_crowd_control,collapsed_reason,collapsed_reason_code,comment_type,controversiality,created,created_utc,depth,distinguished,downs,edited,gilded,gildings,id,is_submitter,likes,link_id,locked,mod_note,mod_reason_by,mod_reason_title,mod_reports,name,no_follow,num_reports,parent_id,permalink,removal_reason,replies,report_reasons,saved,score,score_hidden,send_replies,stickied,subreddit,subreddit_id,subreddit_name_prefixed,subreddit_type,top_awarded_type,total_awards_received,treatment_tags,unrepliable_reason,ups,user_reports,kind
data,[],,,False,,MaxThrustage,,atom,[],794e2252-c6b2-11e4-88e3-22000b2a8bad,Quantum information,dark,text,t2_bl85j,False,False,False,[],,,"&gt; This changes the one near black hole?

Not really -- at least, not unless we can be careful about what we mean when we say ""changes"". There is no information transmitted, nothing we can do to one particle that will instantaneously affect the other. If you and I each have one half of a pair of entangled particles, there is nothing you can ever do to determine what I've done to mine -- you can't know whether or not I've measured it, whether or not I've done some other operation on it, whether or not it even still exists. If there's no measurable difference on your particle between a situation where I've measured mine and one where I haven't, typically you'd say that your particle isn't changed by me measuring mine.

&gt; Ok. Information flows backward in time from future to past. 

No it doesn't.

&gt; What if the detector in the slit is entangled with the photon on the moment it leaves the photon emitter.

It's not clear what you mean here, but the detector becoming entangled with the thing it's detecting is generally how detectors work. Nothing about your set-up suggests information going backwards in time -- at least, not how you've phrased it currently.

You sound a little confused about entanglement and quantum mechanics. [This blog post on the delayed-choice quantum eraser](https://www.preposterousuniverse.com/blog/2019/09/21/the-notorious-delayed-choice-quantum-eraser/) might help clear up some of that confusion.","&lt;div class=""md""&gt;&lt;blockquote&gt;
&lt;p&gt;This changes the one near black hole?&lt;/p&gt;
&lt;/blockquote&gt;

&lt;p&gt;Not really -- at least, not unless we can be careful about what we mean when we say &amp;quot;changes&amp;quot;. There is no information transmitted, nothing we can do to one particle that will instantaneously affect the other. If you and I each have one half of a pair of entangled particles, there is nothing you can ever do to determine what I&amp;#39;ve done to mine -- you can&amp;#39;t know whether or not I&amp;#39;ve measured it, whether or not I&amp;#39;ve done some other operation on it, whether or not it even still exists. If there&amp;#39;s no measurable difference on your particle between a situation where I&amp;#39;ve measured mine and one where I haven&amp;#39;t, typically you&amp;#39;d say that your particle isn&amp;#39;t changed by me measuring mine.&lt;/p&gt;

&lt;blockquote&gt;
&lt;p&gt;Ok. Information flows backward in time from future to past. &lt;/p&gt;
&lt;/blockquote&gt;

&lt;p&gt;No it doesn&amp;#39;t.&lt;/p&gt;

&lt;blockquote&gt;
&lt;p&gt;What if the detector in the slit is entangled with the photon on the moment it leaves the photon emitter.&lt;/p&gt;
&lt;/blockquote&gt;

&lt;p&gt;It&amp;#39;s not clear what you mean here, but the detector becoming entangled with the thing it&amp;#39;s detecting is generally how detectors work. Nothing about your set-up suggests information going backwards in time -- at least, not how you&amp;#39;ve phrased it currently.&lt;/p&gt;

&lt;p&gt;You sound a little confused about entanglement and quantum mechanics. &lt;a href=""https://www.preposterousuniverse.com/blog/2019/09/21/the-notorious-delayed-choice-quantum-eraser/""&gt;This blog post on the delayed-choice quantum eraser&lt;/a&gt; might help clear up some of that confusion.&lt;/p&gt;
&lt;/div&gt;",False,False,False,,,,,0,1714011767.0,1714011767.0,0,,0,False,0,{},l155v96,False,,t3_1ccf7u4,False,,,,[],t1_l155v96,True,,t3_1ccf7u4,/r/AskPhysics/comments/1ccf7u4/on_double_slit_experiment/l155v96/,,"{'kind': 'Listing', 'data': {'after': None, 'dist': None, 'modhash': None, 'geo_filter': '', 'children': [{'kind': 't1', 'data': {'subreddit_id': 't5_2sumo', 'approved_at_utc': None, 'author_is_blocked': False, 'comment_type': None, 'awarders': [], 'mod_reason_by': None, 'banned_by': None, 'author_flair_type': 'text', 'total_awards_received': 0, 'subreddit': 'AskPhysics', 'author_flair_template_id': None, 'likes': None, 'replies': '', 'user_reports': [], 'saved': False, 'id': 'l1816x0', 'banned_at_utc': None, 'mod_reason_title': None, 'gilded': 0, 'archived': False, 'collapsed_reason_code': None, 'no_follow': True, 'author': 'nicuramar', 'can_mod_post': False, 'created_utc': 1714062793.0, 'send_replies': True, 'parent_id': 't1_l155v96', 'score': 1, 'author_fullname': 't2_kjv52vr8', 'removal_reason': None, 'approved_by': None, 'mod_note': None, 'all_awardings': [], 'body': '&gt;\xa0There is no information transmitted\n\nNo information that isn’t hidden, at least.\xa0', 'edited': False, 'top_awarded_type': None, 'author_flair_css_class': None, 'name': 't1_l1816x0', 'is_submitter': False, 'downs': 0, 'author_flair_richtext': [], 'author_patreon_flair': False, 'body_html': '&lt;div class=""md""&gt;&lt;blockquote&gt;\n&lt;p&gt;\xa0There is no information transmitted&lt;/p&gt;\n&lt;/blockquote&gt;\n\n&lt;p&gt;No information that isn’t hidden, at least.\xa0&lt;/p&gt;\n&lt;/div&gt;', 'gildings': {}, 'collapsed_reason': None, 'distinguished': None, 'associated_award': None, 'stickied': False, 'author_premium': False, 'can_gild': False, 'link_id': 't3_1ccf7u4', 'unrepliable_reason': None, 'author_flair_text_color': None, 'score_hidden': False, 'permalink': '/r/AskPhysics/comments/1ccf7u4/on_double_slit_experiment/l1816x0/', 'subreddit_type': 'public', 'locked': False, 'report_reasons': None, 'created': 1714062793.0, 'author_flair_text': None, 'treatment_tags': [], 'collapsed': False, 'subreddit_name_prefixed': 'r/AskPhysics', 'controversiality': 0, 'depth': 1, 'author_flair_background_color': None, 'collapsed_because_crowd_control': None, 'mod_reports': [], 'num_reports': None, 'ups': 1}}, {'kind': 't1', 'data': {'total_awards_received': 0, 'approved_at_utc': None, 'author_is_blocked': False, 'comment_type': None, 'awarders': [], 'mod_reason_by': None, 'banned_by': None, 'ups': 0, 'removal_reason': None, 'link_id': 't3_1ccf7u4', 'author_flair_template_id': None, 'likes': None, 'replies': {'kind': 'Listing', 'data': {'after': None, 'dist': None, 'modhash': None, 'geo_filter': '', 'children': [{'kind': 't1', 'data': {'subreddit_id': 't5_2sumo', 'approved_at_utc': None, 'author_is_blocked': False, 'comment_type': None, 'awarders': [], 'mod_reason_by': None, 'banned_by': None, 'author_flair_type': 'text', 'total_awards_received': 0, 'subreddit': 'AskPhysics', 'author_flair_template_id': '794e2252-c6b2-11e4-88e3-22000b2a8bad', 'likes': None, 'replies': {'kind': 'Listing', 'data': {'after': None, 'dist': None, 'modhash': None, 'geo_filter': '', 'children': [{'kind': 't1', 'data': {'total_awards_received': 0, 'approved_at_utc': None, 'author_is_blocked': False, 'comment_type': None, 'awarders': [], 'mod_reason_by': None, 'banned_by': None, 'ups': 0, 'removal_reason': None, 'link_id': 't3_1ccf7u4', 'author_flair_template_id': None, 'likes': None, 'replies': {'kind': 'Listing', 'data': {'after': None, 'dist': None, 'modhash': None, 'geo_filter': '', 'children': [{'kind': 't1', 'data': {'subreddit_id': 't5_2sumo', 'approved_at_utc': None, 'author_is_blocked': False, 'comment_type': None, 'awarders': [], 'mod_reason_by': None, 'banned_by': None, 'author_flair_type': 'text', 'total_awards_received': 0, 'subreddit': 'AskPhysics', 'author_flair_template_id': '794e2252-c6b2-11e4-88e3-22000b2a8bad', 'distinguished': None, 'likes': None, 'replies': {'kind': 'Listing', 'data': {'after': None, 'dist': None, 'modhash': None, 'geo_filter': '', 'children': [{'kind': 't1', 'data': {'total_awards_received': 0, 'approved_at_utc': None, 'author_is_blocked': False, 'comment_type': None, 'awarders': [], 'mod_reason_by': None, 'banned_by': None, 'ups': 0, 'removal_reason': None, 'link_id': 't3_1ccf7u4', 'author_flair_template_id': None, 'likes': None, 'replies': {'kind': 'Listing', 'data': {'after': None, 'dist': None, 'modhash': None, 'geo_filter': '', 'children': [{'kind': 't1', 'data': {'subreddit_id': 't5_2sumo', 'approved_at_utc': None, 'author_is_blocked': False, 'comment_type': None, 'awarders': [], 'mod_reason_by': None, 'banned_by': None, 'author_flair_type': 'text', 'total_awards_received': 0, 'subreddit': 'AskPhysics', 'author_flair_template_id': '794e2252-c6b2-11e4-88e3-22000b2a8bad', 'distinguished': None, 'likes': None, 'replies': '', 'user_reports': [], 'saved': False, 'id': 'l165sh4', 'banned_at_utc': None, 'mod_reason_title': None, 'gilded': 0, 'archived': False, 'collapsed_reason_code': None, 'no_follow': True, 'author': 'MaxThrustage', 'can_mod_post': False, 'send_replies': True, 'parent_id': 't1_l15pazv', 'score': 1, 'author_fullname': 't2_bl85j', 'approved_by': None, 'mod_note': None, 'all_awardings': [], 'collapsed': False, 'body': ""Again, that's not really how entanglement works. I suggest you have a read of that blog post I linked earlier. I could also suggest some other resource if you'd like.\n\nIf you want to learn more about entanglement, there are plenty of good, free online resources out there. What you should *not* do is ask a chatbot about it -- that's just really not what they're for. No matter how garbage what you're trying to say is, they will usually take it and run with it. Further, you won't be able to tell the difference between when they accurate and when they are completely wrong unless you already know the topic pretty well. This approach is just going to make you more confused.\n\nFurther, temporal entanglement *is* a thing, but it's completely different from what you're imagining it to be, and it's different from what the chatbots are telling you."", 'edited': False, 'gildings': {}, 'author_flair_css_class': 'atom', 'name': 't1_l165sh4', 'is_submitter': False, 'downs': 0, 'author_flair_richtext': [], 'author_patreon_flair': False, 'body_html': '&lt;div class=""md""&gt;&lt;p&gt;Again, that&amp;#39;s not really how entanglement works. I suggest you have a read of that blog post I linked earlier. I could also suggest some other resource if you&amp;#39;d like.&lt;/p&gt;\n\n&lt;p&gt;If you want to learn more about entanglement, there are plenty of good, free online resources out there. What you should &lt;em&gt;not&lt;/em&gt; do is ask a chatbot about it -- that&amp;#39;s just really not what they&amp;#39;re for. No matter how garbage what you&amp;#39;re trying to say is, they will usually take it and run with it. Further, you won&amp;#39;t be able to tell the difference between when they accurate and when they are completely wrong unless you already know the topic pretty well. This approach is just going to make you more confused.&lt;/p&gt;\n\n&lt;p&gt;Further, temporal entanglement &lt;em&gt;is&lt;/em&gt; a thing, but it&amp;#39;s completely different from what you&amp;#39;re imagining it to be, and it&amp;#39;s different from what the chatbots are telling you.&lt;/p&gt;\n&lt;/div&gt;', 'removal_reason': None, 'collapsed_reason': None, 'link_id': 't3_1ccf7u4', 'associated_award': None, 'stickied': False, 'author_premium': False, 'can_gild': False, 'top_awarded_type': None, 'unrepliable_reason': None, 'author_flair_text_color': 'dark', 'score_hidden': False, 'permalink': '/r/AskPhysics/comments/1ccf7u4/on_double_slit_experiment/l165sh4/', 'subreddit_type': 'public', 'locked': False, 'report_reasons': None, 'created': 1714031938.0, 'author_flair_text': 'Quantum information', 'treatment_tags': [], 'created_utc': 1714031938.0, 'subreddit_name_prefixed': 'r/AskPhysics', 'controversiality': 0, 'depth': 6, 'author_flair_background_color': None, 'collapsed_because_crowd_control': None, 'mod_reports': [], 'num_reports': None, 'ups': 1}}], 'before': None}}, 'user_reports': [], 'saved': False, 'id': 'l15pazv', 'banned_at_utc': None, 'mod_reason_title': None, 'gilded': 0, 'archived': False, 'collapsed_reason_code': None, 'no_follow': True, 'author': '[deleted]', 'can_mod_post': False, 'created_utc': 1714021121.0, 'send_replies': True, 'parent_id': 't1_l15jqzj', 'score': 0, 'approved_by': None, 'report_reasons': None, 'all_awardings': [], 'subreddit_id': 't5_2sumo', 'body': '[deleted]', 'edited': 1714024686.0, 'author_flair_css_class': None, 'downs': 0, 'is_submitter': False, 'body_html': '&lt;div class=""md""&gt;&lt;p&gt;[deleted]&lt;/p&gt;\n&lt;/div&gt;', 'gildings': {}, 'collapsed_reason': None, 'associated_award': None, 'stickied': False, 'subreddit_type': 'public', 'can_gild': False, 'top_awarded_type': None, 'unrepliable_reason': None, 'author_flair_text_color': 'dark', 'score_hidden': False, 'permalink': '/r/AskPhysics/comments/1ccf7u4/on_double_slit_experiment/l15pazv/', 'num_reports': None, 'locked': False, 'name': 't1_l15pazv', 'created': 1714021121.0, 'subreddit': 'AskPhysics', 'author_flair_text': None, 'treatment_tags': [], 'collapsed': False, 'subreddit_name_prefixed': 'r/AskPhysics', 'controversiality': 0, 'depth': 5, 'author_flair_background_color': '', 'collapsed_because_crowd_control': None, 'mod_reports': [], 'mod_note': None, 'distinguished': None}}], 'before': None}}, 'user_reports': [], 'saved': False, 'id': 'l15jqzj', 'banned_at_utc': None, 'mod_reason_title': None, 'gilded': 0, 'archived': False, 'collapsed_reason_code': None, 'no_follow': True, 'author': 'MaxThrustage', 'can_mod_post': False, 'send_replies': True, 'parent_id': 't1_l15aurj', 'score': 1, 'author_fullname': 't2_bl85j', 'removal_reason': None, 'approved_by': None, 'mod_note': None, 'all_awardings': [], 'body': 'Again, you\'re simply misunderstanding what entanglement works. Entanglement is actually extremely well understood. We know how it can develop and change in time. We can model two particles interacting continuously in time, continuously becoming more entangled, and then undergoing some other interaction so that they become unentangled again in time, and we can use these models to predict experimental outcomes with a huge degree of precision. We can also engineer situations where particles A and B are entangled, but then the entanglement is transferred so that A and C are entangled but are not entangled with B, which doesn\'t seem to fit at all with your timeless picture.\n\nEntanglement is really just a consequence of the basic structure of quantum mechanics. In a strict mathematical sense, *most* quantum states are entangled. There\'s nothing mystical going on, entanglement is not outside of time or anything like that.\n\nIn the experiment you\'re describing, it\'s not even clear that entanglement plays any role at all. If I\'m understanding you correctly, you\'ve got two entangled photons (let\'s call them A and B) and one of them (let\'s say A) goes through a double-slit experiment. What kind of entanglement do we have here? Are they entangled such that the state of B contains information about which slit A goes through? In that case, we don\'t get an interference pattern as B has essentially ""measured"" which-slit information for A. Are they entangled such that the state of B does *not* tell us which slit A went through? Then the entanglement is irrelevant, and the double slit experiment proceeds as usual.', 'edited': False, 'author_flair_css_class': 'atom', 'name': 't1_l15jqzj', 'is_submitter': False, 'downs': 0, 'author_flair_richtext': [], 'author_patreon_flair': False, 'body_html': '&lt;div class=""md""&gt;&lt;p&gt;Again, you&amp;#39;re simply misunderstanding what entanglement works. Entanglement is actually extremely well understood. We know how it can develop and change in time. We can model two particles interacting continuously in time, continuously becoming more entangled, and then undergoing some other interaction so that they become unentangled again in time, and we can use these models to predict experimental outcomes with a huge degree of precision. We can also engineer situations where particles A and B are entangled, but then the entanglement is transferred so that A and C are entangled but are not entangled with B, which doesn&amp;#39;t seem to fit at all with your timeless picture.&lt;/p&gt;\n\n&lt;p&gt;Entanglement is really just a consequence of the basic structure of quantum mechanics. In a strict mathematical sense, &lt;em&gt;most&lt;/em&gt; quantum states are entangled. There&amp;#39;s nothing mystical going on, entanglement is not outside of time or anything like that.&lt;/p&gt;\n\n&lt;p&gt;In the experiment you&amp;#39;re describing, it&amp;#39;s not even clear that entanglement plays any role at all. If I&amp;#39;m understanding you correctly, you&amp;#39;ve got two entangled photons (let&amp;#39;s call them A and B) and one of them (let&amp;#39;s say A) goes through a double-slit experiment. What kind of entanglement do we have here? Are they entangled such that the state of B contains information about which slit A goes through? In that case, we don&amp;#39;t get an interference pattern as B has essentially &amp;quot;measured&amp;quot; which-slit information for A. Are they entangled such that the state of B does &lt;em&gt;not&lt;/em&gt; tell us which slit A went through? Then the entanglement is irrelevant, and the double slit experiment proceeds as usual.&lt;/p&gt;\n&lt;/div&gt;', 'gildings': {}, 'collapsed_reason': None, 'link_id': 't3_1ccf7u4', 'associated_award': None, 'stickied': False, 'author_premium': False, 'can_gild': False, 'top_awarded_type': None, 'unrepliable_reason': None, 'author_flair_text_color': 'dark', 'treatment_tags': [], 'score_hidden': False, 'permalink': '/r/AskPhysics/comments/1ccf7u4/on_double_slit_experiment/l15jqzj/', 'subreddit_type': 'public', 'locked': False, 'report_reasons': None, 'created': 1714018114.0, 'author_flair_text': 'Quantum information', 'collapsed': False, 'created_utc': 1714018114.0, 'subreddit_name_prefixed': 'r/AskPhysics', 'controversiality': 0, 'depth': 4, 'author_flair_background_color': None, 'collapsed_because_crowd_control': None, 'mod_reports': [], 'num_reports': None, 'ups': 1}}], 'before': None}}, 'user_reports': [], 'saved': False, 'id': 'l15aurj', 'banned_at_utc': None, 'mod_reason_title': None, 'gilded': 0, 'archived': False, 'collapsed_reason_code': None, 'no_follow': True, 'author': '[deleted]', 'can_mod_post': False, 'send_replies': True, 'parent_id': 't1_l159n79', 'score': 0, 'approved_by': None, 'report_reasons': None, 'all_awardings': [], 'subreddit_id': 't5_2sumo', 'body': '[deleted]', 'edited': 1714014941.0, 'downs': 0, 'author_flair_css_class': None, 'collapsed': False, 'is_submitter': False, 'body_html': '&lt;div class=""md""&gt;&lt;p&gt;[deleted]&lt;/p&gt;\n&lt;/div&gt;', 'gildings': {}, 'collapsed_reason': None, 'associated_award': None, 'stickied': False, 'subreddit_type': 'public', 'can_gild': False, 'top_awarded_type': None, 'unrepliable_reason': None, 'author_flair_text_color': 'dark', 'score_hidden': False, 'permalink': '/r/AskPhysics/comments/1ccf7u4/on_double_slit_experiment/l15aurj/', 'num_reports': None, 'locked': False, 'name': 't1_l15aurj', 'created': 1714013867.0, 'subreddit': 'AskPhysics', 'author_flair_text': None, 'treatment_tags': [], 'created_utc': 1714013867.0, 'subreddit_name_prefixed': 'r/AskPhysics', 'controversiality': 0, 'depth': 3, 'author_flair_background_color': '', 'collapsed_because_crowd_control': None, 'mod_reports': [], 'mod_note': None, 'distinguished': None}}], 'before': None}}, 'user_reports': [], 'saved': False, 'id': 'l159n79', 'banned_at_utc': None, 'mod_reason_title': None, 'gilded': 0, 'archived': False, 'collapsed_reason_code': None, 'no_follow': True, 'author': 'MaxThrustage', 'can_mod_post': False, 'send_replies': True, 'parent_id': 't1_l156i1s', 'score': 1, 'author_fullname': 't2_bl85j', 'removal_reason': None, 'approved_by': None, 'mod_note': None, 'all_awardings': [], 'body': 'I think you\'re a bit confused about entanglement in general.\n\n""Entanglement"" really means that the state of a two-body system can\'t be given in terms of each of those bodies separately. That means that any description of just one particle in an entangled state can\'t be a complete description, because some of the information about the state of the particle is necessarily tied up in the other one.\n\nEntanglement can be established in the past -- for example, two photons can be produced by some process such that they are in an entangled state. But it\'s not like entanglement stops ""happening"" then. Entanglement is a property of the two-particle state.', 'edited': False, 'top_awarded_type': None, 'downs': 0, 'author_flair_css_class': 'atom', 'name': 't1_l159n79', 'is_submitter': False, 'collapsed': False, 'author_flair_richtext': [], 'author_patreon_flair': False, 'body_html': '&lt;div class=""md""&gt;&lt;p&gt;I think you&amp;#39;re a bit confused about entanglement in general.&lt;/p&gt;\n\n&lt;p&gt;&amp;quot;Entanglement&amp;quot; really means that the state of a two-body system can&amp;#39;t be given in terms of each of those bodies separately. That means that any description of just one particle in an entangled state can&amp;#39;t be a complete description, because some of the information about the state of the particle is necessarily tied up in the other one.&lt;/p&gt;\n\n&lt;p&gt;Entanglement can be established in the past -- for example, two photons can be produced by some process such that they are in an entangled state. But it&amp;#39;s not like entanglement stops &amp;quot;happening&amp;quot; then. Entanglement is a property of the two-particle state.&lt;/p&gt;\n&lt;/div&gt;', 'gildings': {}, 'collapsed_reason': None, 'distinguished': None, 'associated_award': None, 'stickied': False, 'author_premium': False, 'can_gild': False, 'link_id': 't3_1ccf7u4', 'unrepliable_reason': None, 'author_flair_text_color': 'dark', 'score_hidden': False, 'permalink': '/r/AskPhysics/comments/1ccf7u4/on_double_slit_experiment/l159n79/', 'subreddit_type': 'public', 'locked': False, 'report_reasons': None, 'created': 1714013341.0, 'author_flair_text': 'Quantum information', 'treatment_tags': [], 'created_utc': 1714013341.0, 'subreddit_name_prefixed': 'r/AskPhysics', 'controversiality': 0, 'depth': 2, 'author_flair_background_color': None, 'collapsed_because_crowd_control': None, 'mod_reports': [], 'num_reports': None, 'ups': 1}}], 'before': None}}, 'user_reports': [], 'saved': False, 'id': 'l156i1s', 'banned_at_utc': None, 'mod_reason_title': None, 'gilded': 0, 'archived': False, 'collapsed_reason_code': None, 'no_follow': True, 'author': '[deleted]', 'can_mod_post': False, 'send_replies': True, 'parent_id': 't1_l155v96', 'score': 0, 'approved_by': None, 'report_reasons': None, 'all_awardings': [], 'subreddit_id': 't5_2sumo', 'body': '[deleted]', 'edited': False, 'author_flair_css_class': None, 'collapsed': False, 'downs': 0, 'is_submitter': False, 'body_html': '&lt;div class=""md""&gt;&lt;p&gt;[deleted]&lt;/p&gt;\n&lt;/div&gt;', 'gildings': {}, 'collapsed_reason': None, 'associated_award': None, 'stickied': False, 'subreddit_type': 'public', 'can_gild': False, 'top_awarded_type': None, 'unrepliable_reason': None, 'author_flair_text_color': 'dark', 'score_hidden': False, 'permalink': '/r/AskPhysics/comments/1ccf7u4/on_double_slit_experiment/l156i1s/', 'num_reports': None, 'locked': False, 'name': 't1_l156i1s', 'created': 1714012022.0, 'subreddit': 'AskPhysics', 'author_flair_text': None, 'treatment_tags': [], 'created_utc': 1714012022.0, 'subreddit_name_prefixed': 'r/AskPhysics', 'controversiality': 0, 'depth': 1, 'author_flair_background_color': '', 'collapsed_because_crowd_control': None, 'mod_reports': [], 'mod_note': None, 'distinguished': None}}], 'before': None}}",,False,2,False,True,False,AskPhysics,t5_2sumo,r/AskPhysics,public,,0,[],,2,[],t1
data_1,[],,,False,,[deleted],,,,,,dark,,,False,,,[],,,[deleted],"&lt;div class=""md""&gt;&lt;p&gt;[deleted]&lt;/p&gt;
&lt;/div&gt;",False,False,False,,,,,0,1714026687.0,1714026687.0,0,,0,False,0,{},l15yc9i,False,,t3_1ccf7u4,False,,,,[],t1_l15yc9i,True,,t3_1ccf7u4,/r/AskPhysics/comments/1ccf7u4/on_double_slit_experiment/l15yc9i/,,"{'kind': 'Listing', 'data': {'after': None, 'dist': None, 'modhash': None, 'geo_filter': '', 'children': [{'kind': 't1', 'data': {'total_awards_received': 0, 'approved_at_utc': None, 'author_is_blocked': False, 'comment_type': None, 'awarders': [], 'mod_reason_by': None, 'banned_by': None, 'ups': 0, 'removal_reason': None, 'link_id': 't3_1ccf7u4', 'author_flair_template_id': None, 'likes': None, 'replies': {'kind': 'Listing', 'data': {'after': None, 'dist': None, 'modhash': None, 'geo_filter': '', 'children': [{'kind': 't1', 'data': {'total_awards_received': 0, 'approved_at_utc': None, 'author_is_blocked': False, 'comment_type': None, 'awarders': [], 'mod_reason_by': None, 'banned_by': None, 'ups': 0, 'removal_reason': None, 'link_id': 't3_1ccf7u4', 'author_flair_template_id': None, 'likes': None, 'replies': '', 'user_reports': [], 'saved': False, 'id': 'l160y91', 'banned_at_utc': None, 'mod_reason_title': None, 'gilded': 0, 'archived': False, 'collapsed_reason_code': None, 'no_follow': True, 'author': '[deleted]', 'can_mod_post': False, 'created_utc': 1714028463.0, 'send_replies': True, 'parent_id': 't1_l1604cj', 'score': 0, 'approved_by': None, 'report_reasons': None, 'all_awardings': [], 'subreddit_id': 't5_2sumo', 'body': '[deleted]', 'edited': False, 'author_flair_css_class': None, 'downs': 0, 'is_submitter': False, 'body_html': '&lt;div class=""md""&gt;&lt;p&gt;[deleted]&lt;/p&gt;\n&lt;/div&gt;', 'gildings': {}, 'collapsed_reason': None, 'associated_award': None, 'stickied': False, 'subreddit_type': 'public', 'can_gild': False, 'top_awarded_type': None, 'unrepliable_reason': None, 'author_flair_text_color': 'dark', 'score_hidden': False, 'permalink': '/r/AskPhysics/comments/1ccf7u4/on_double_slit_experiment/l160y91/', 'num_reports': None, 'locked': False, 'name': 't1_l160y91', 'created': 1714028463.0, 'subreddit': 'AskPhysics', 'author_flair_text': None, 'treatment_tags': [], 'collapsed': False, 'subreddit_name_prefixed': 'r/AskPhysics', 'controversiality': 0, 'depth': 2, 'author_flair_background_color': '', 'collapsed_because_crowd_control': None, 'mod_reports': [], 'mod_note': None, 'distinguished': None}}], 'before': None}}, 'user_reports': [], 'saved': False, 'id': 'l1604cj', 'banned_at_utc': None, 'mod_reason_title': None, 'gilded': 0, 'archived': False, 'collapsed_reason_code': None, 'no_follow': True, 'author': '[deleted]', 'can_mod_post': False, 'send_replies': True, 'parent_id': 't1_l15yc9i', 'score': 0, 'approved_by': None, 'report_reasons': None, 'all_awardings': [], 'subreddit_id': 't5_2sumo', 'body': '[deleted]', 'edited': False, 'author_flair_css_class': None, 'collapsed': False, 'downs': 0, 'is_submitter': False, 'body_html': '&lt;div class=""md""&gt;&lt;p&gt;[deleted]&lt;/p&gt;\n&lt;/div&gt;', 'gildings': {}, 'collapsed_reason': None, 'associated_award': None, 'stickied': False, 'subreddit_type': 'public', 'can_gild': False, 'top_awarded_type': None, 'unrepliable_reason': None, 'author_flair_text_color': 'dark', 'score_hidden': False, 'permalink': '/r/AskPhysics/comments/1ccf7u4/on_double_slit_experiment/l1604cj/', 'num_reports': None, 'locked': False, 'name': 't1_l1604cj', 'created': 1714027897.0, 'subreddit': 'AskPhysics', 'author_flair_text': None, 'treatment_tags': [], 'created_utc': 1714027897.0, 'subreddit_name_prefixed': 'r/AskPhysics', 'controversiality': 0, 'depth': 1, 'author_flair_background_color': '', 'collapsed_because_crowd_control': None, 'mod_reports': [], 'mod_note': None, 'distinguished': None}}], 'before': None}}",,False,0,False,True,False,AskPhysics,t5_2sumo,r/AskPhysics,public,,0,[],,0,[],t1
