,all_awardings,approved_at_utc,approved_by,archived,associated_award,author,author_flair_background_color,author_flair_css_class,author_flair_richtext,author_flair_template_id,author_flair_text,author_flair_text_color,author_flair_type,author_fullname,author_is_blocked,author_patreon_flair,author_premium,awarders,banned_at_utc,banned_by,body,body_html,can_gild,can_mod_post,collapsed,collapsed_because_crowd_control,collapsed_reason,collapsed_reason_code,comment_type,controversiality,created,created_utc,depth,distinguished,downs,edited,gilded,gildings,id,is_submitter,likes,link_id,locked,mod_note,mod_reason_by,mod_reason_title,mod_reports,name,no_follow,num_reports,parent_id,permalink,removal_reason,replies,report_reasons,saved,score,score_hidden,send_replies,stickied,subreddit,subreddit_id,subreddit_name_prefixed,subreddit_type,top_awarded_type,total_awards_received,treatment_tags,unrepliable_reason,ups,user_reports,kind
data,[],,,False,,Gengis_con,,mat,[],,Condensed matter physics,dark,text,t2_90yhv,False,False,False,[],,,"How have you arrived at you expression for the photon energy?

For the quantum harmonic oscillator the ground state is n=0","&lt;div class=""md""&gt;&lt;p&gt;How have you arrived at you expression for the photon energy?&lt;/p&gt;

&lt;p&gt;For the quantum harmonic oscillator the ground state is n=0&lt;/p&gt;
&lt;/div&gt;",False,False,False,,,,,0,1714052600.0,1714052600.0,0,,0,False,0,{},l176whf,False,,t3_1ccrvjb,False,,,,[],t1_l176whf,True,,t3_1ccrvjb,/r/AskPhysics/comments/1ccrvjb/quantum_harmonic_oscillator/l176whf/,,"{'kind': 'Listing', 'data': {'after': None, 'dist': None, 'modhash': None, 'geo_filter': '', 'children': [{'kind': 't1', 'data': {'subreddit_id': 't5_2sumo', 'approved_at_utc': None, 'author_is_blocked': False, 'comment_type': None, 'awarders': [], 'mod_reason_by': None, 'banned_by': None, 'author_flair_type': 'text', 'total_awards_received': 0, 'subreddit': 'AskPhysics', 'author_flair_template_id': None, 'likes': None, 'replies': '', 'user_reports': [], 'saved': False, 'id': 'l1784wm', 'banned_at_utc': None, 'mod_reason_title': None, 'gilded': 0, 'archived': False, 'collapsed_reason_code': None, 'no_follow': True, 'author': 'ImperialFluff', 'can_mod_post': False, 'created_utc': 1714053052.0, 'send_replies': True, 'parent_id': 't1_l176whf', 'score': 1, 'author_fullname': 't2_6by33z4e', 'removal_reason': None, 'approved_by': None, 'mod_note': None, 'all_awardings': [], 'body': 'It’d just be the difference between energy levels n=0 and 1, then use E = hc/lambda.\n\nOk. Is it just 0 for the qho or for infinite and finite potential wells as well?', 'edited': False, 'top_awarded_type': None, 'author_flair_css_class': None, 'name': 't1_l1784wm', 'is_submitter': True, 'downs': 0, 'author_flair_richtext': [], 'author_patreon_flair': False, 'body_html': '&lt;div class=""md""&gt;&lt;p&gt;It’d just be the difference between energy levels n=0 and 1, then use E = hc/lambda.&lt;/p&gt;\n\n&lt;p&gt;Ok. Is it just 0 for the qho or for infinite and finite potential wells as well?&lt;/p&gt;\n&lt;/div&gt;', 'gildings': {}, 'collapsed_reason': None, 'distinguished': None, 'associated_award': None, 'stickied': False, 'author_premium': False, 'can_gild': False, 'link_id': 't3_1ccrvjb', 'unrepliable_reason': None, 'author_flair_text_color': None, 'score_hidden': False, 'permalink': '/r/AskPhysics/comments/1ccrvjb/quantum_harmonic_oscillator/l1784wm/', 'subreddit_type': 'public', 'locked': False, 'report_reasons': None, 'created': 1714053052.0, 'author_flair_text': None, 'treatment_tags': [], 'collapsed': False, 'subreddit_name_prefixed': 'r/AskPhysics', 'controversiality': 0, 'depth': 1, 'author_flair_background_color': None, 'collapsed_because_crowd_control': None, 'mod_reports': [], 'num_reports': None, 'ups': 1}}], 'before': None}}",,False,2,False,True,False,AskPhysics,t5_2sumo,r/AskPhysics,public,,0,[],,2,[],t1
data_1,[],,,False,,TheHabro,,,[],,,,text,t2_3wbjhjo3,False,False,False,[],,,"Why do you think you need the position y? Does you energy depend on position?

The starting point of number n is completely arbitrary. We could redefine the energy as (n - 1 + 1/2). Then the ground state would start with n = 1. But it's simpler to just write (n + 1/2), is it not? Only thing that's important is that the ground state has energy ℏω/2, first excited state 3ℏω/2 and so on.

For infinite well potential energy is proprotinal to n^(2). Since energy can never be 0, we start counting form 1. However, we could've redefined n in such way that we start with n = 0. For an example let energy be proportional to (n + 1)^(2). Now for ground state n = 0, for first excited state n = 1 and so on. However this is just inconvenient so we rather use simple n^(2).","&lt;div class=""md""&gt;&lt;p&gt;Why do you think you need the position y? Does you energy depend on position?&lt;/p&gt;

&lt;p&gt;The starting point of number n is completely arbitrary. We could redefine the energy as (n - 1 + 1/2). Then the ground state would start with n = 1. But it&amp;#39;s simpler to just write (n + 1/2), is it not? Only thing that&amp;#39;s important is that the ground state has energy ℏω/2, first excited state 3ℏω/2 and so on.&lt;/p&gt;

&lt;p&gt;For infinite well potential energy is proprotinal to n&lt;sup&gt;2&lt;/sup&gt;. Since energy can never be 0, we start counting form 1. However, we could&amp;#39;ve redefined n in such way that we start with n = 0. For an example let energy be proportional to (n + 1)&lt;sup&gt;2&lt;/sup&gt;. Now for ground state n = 0, for first excited state n = 1 and so on. However this is just inconvenient so we rather use simple n&lt;sup&gt;2&lt;/sup&gt;.&lt;/p&gt;
&lt;/div&gt;",False,False,False,,,,,0,1714056048.0,1714056048.0,0,,0,1714058656.0,0,{},l17goka,False,,t3_1ccrvjb,False,,,,[],t1_l17goka,True,,t3_1ccrvjb,/r/AskPhysics/comments/1ccrvjb/quantum_harmonic_oscillator/l17goka/,,"{'kind': 'Listing', 'data': {'after': None, 'dist': None, 'modhash': None, 'geo_filter': '', 'children': [{'kind': 't1', 'data': {'subreddit_id': 't5_2sumo', 'approved_at_utc': None, 'author_is_blocked': False, 'comment_type': None, 'awarders': [], 'mod_reason_by': None, 'banned_by': None, 'author_flair_type': 'text', 'total_awards_received': 0, 'subreddit': 'AskPhysics', 'author_flair_template_id': None, 'likes': None, 'replies': {'kind': 'Listing', 'data': {'after': None, 'dist': None, 'modhash': None, 'geo_filter': '', 'children': [{'kind': 't1', 'data': {'subreddit_id': 't5_2sumo', 'approved_at_utc': None, 'author_is_blocked': False, 'comment_type': None, 'awarders': [], 'mod_reason_by': None, 'banned_by': None, 'author_flair_type': 'text', 'total_awards_received': 0, 'subreddit': 'AskPhysics', 'author_flair_template_id': None, 'likes': None, 'replies': '', 'user_reports': [], 'saved': False, 'id': 'l17oh3w', 'banned_at_utc': None, 'mod_reason_title': None, 'gilded': 0, 'archived': False, 'collapsed_reason_code': None, 'no_follow': True, 'author': 'TheHabro', 'can_mod_post': False, 'send_replies': True, 'parent_id': 't1_l17hfbq', 'score': 1, 'author_fullname': 't2_3wbjhjo3', 'removal_reason': None, 'approved_by': None, 'mod_note': None, 'all_awardings': [], 'body': ""I don't know how advanced your classes are, but you are can show that energy of ant state will depend on number of state itself and frequency of the oscilator (of course Planck constant but that's a constant). Only those things you need to know to find energy of any individual state."", 'edited': False, 'top_awarded_type': None, 'downs': 0, 'author_flair_css_class': None, 'name': 't1_l17oh3w', 'is_submitter': False, 'collapsed': False, 'author_flair_richtext': [], 'author_patreon_flair': False, 'body_html': '&lt;div class=""md""&gt;&lt;p&gt;I don&amp;#39;t know how advanced your classes are, but you are can show that energy of ant state will depend on number of state itself and frequency of the oscilator (of course Planck constant but that&amp;#39;s a constant). Only those things you need to know to find energy of any individual state.&lt;/p&gt;\n&lt;/div&gt;', 'gildings': {}, 'collapsed_reason': None, 'distinguished': None, 'associated_award': None, 'stickied': False, 'author_premium': False, 'can_gild': False, 'link_id': 't3_1ccrvjb', 'unrepliable_reason': None, 'author_flair_text_color': None, 'score_hidden': False, 'permalink': '/r/AskPhysics/comments/1ccrvjb/quantum_harmonic_oscillator/l17oh3w/', 'subreddit_type': 'public', 'locked': False, 'report_reasons': None, 'created': 1714058633.0, 'author_flair_text': None, 'treatment_tags': [], 'created_utc': 1714058633.0, 'subreddit_name_prefixed': 'r/AskPhysics', 'controversiality': 0, 'depth': 2, 'author_flair_background_color': None, 'collapsed_because_crowd_control': None, 'mod_reports': [], 'num_reports': None, 'ups': 1}}], 'before': None}}, 'user_reports': [], 'saved': False, 'id': 'l17hfbq', 'banned_at_utc': None, 'mod_reason_title': None, 'gilded': 0, 'archived': False, 'collapsed_reason_code': None, 'no_follow': True, 'author': 'ImperialFluff', 'can_mod_post': False, 'created_utc': 1714056301.0, 'send_replies': True, 'parent_id': 't1_l17goka', 'score': 1, 'author_fullname': 't2_6by33z4e', 'removal_reason': None, 'approved_by': None, 'mod_note': None, 'all_awardings': [], 'body': 'Thank you. In regard to the first part, is there any way at all to calculate the energy without having any additional parameters (not y, probably angular frequency w).\n\nThe question is 3 marks, so maybe it doesn’t require calculation, but it still seems odd to give any marks for just rearranging an equation.', 'edited': False, 'top_awarded_type': None, 'author_flair_css_class': None, 'name': 't1_l17hfbq', 'is_submitter': True, 'downs': 0, 'author_flair_richtext': [], 'author_patreon_flair': False, 'body_html': '&lt;div class=""md""&gt;&lt;p&gt;Thank you. In regard to the first part, is there any way at all to calculate the energy without having any additional parameters (not y, probably angular frequency w).&lt;/p&gt;\n\n&lt;p&gt;The question is 3 marks, so maybe it doesn’t require calculation, but it still seems odd to give any marks for just rearranging an equation.&lt;/p&gt;\n&lt;/div&gt;', 'gildings': {}, 'collapsed_reason': None, 'distinguished': None, 'associated_award': None, 'stickied': False, 'author_premium': False, 'can_gild': False, 'link_id': 't3_1ccrvjb', 'unrepliable_reason': None, 'author_flair_text_color': None, 'score_hidden': False, 'permalink': '/r/AskPhysics/comments/1ccrvjb/quantum_harmonic_oscillator/l17hfbq/', 'subreddit_type': 'public', 'locked': False, 'report_reasons': None, 'created': 1714056301.0, 'author_flair_text': None, 'treatment_tags': [], 'collapsed': False, 'subreddit_name_prefixed': 'r/AskPhysics', 'controversiality': 0, 'depth': 1, 'author_flair_background_color': None, 'collapsed_because_crowd_control': None, 'mod_reports': [], 'num_reports': None, 'ups': 1}}], 'before': None}}",,False,2,False,True,False,AskPhysics,t5_2sumo,r/AskPhysics,public,,0,[],,2,[],t1
data_2,[],,,False,,Prof_Sarcastic,,,[],,,,text,t2_7rtkedgv,False,False,False,[],,,"Since the other commenters addressed the first part of your question, I’ll address the second. Remember, the wave function is what dictates which energy levels are allowed. In the case of the HO, the ground state wave function is non-zero for n = 0 so that tells you that n = 0 is a valid energy state. In the case of say the infinite square well, the wave function is proportional to sin(nx) so n = 0 corresponds to no wave function. That roughly translates to a probability of 0 of being in the n = 0 state.","&lt;div class=""md""&gt;&lt;p&gt;Since the other commenters addressed the first part of your question, I’ll address the second. Remember, the wave function is what dictates which energy levels are allowed. In the case of the HO, the ground state wave function is non-zero for n = 0 so that tells you that n = 0 is a valid energy state. In the case of say the infinite square well, the wave function is proportional to sin(nx) so n = 0 corresponds to no wave function. That roughly translates to a probability of 0 of being in the n = 0 state.&lt;/p&gt;
&lt;/div&gt;",False,False,False,,,,,0,1714062388.0,1714062388.0,0,,0,False,0,{},l17zxxg,False,,t3_1ccrvjb,False,,,,[],t1_l17zxxg,True,,t3_1ccrvjb,/r/AskPhysics/comments/1ccrvjb/quantum_harmonic_oscillator/l17zxxg/,,"{'kind': 'Listing', 'data': {'after': None, 'dist': None, 'modhash': None, 'geo_filter': '', 'children': [{'kind': 't1', 'data': {'subreddit_id': 't5_2sumo', 'approved_at_utc': None, 'author_is_blocked': False, 'comment_type': None, 'awarders': [], 'mod_reason_by': None, 'banned_by': None, 'author_flair_type': 'text', 'total_awards_received': 0, 'subreddit': 'AskPhysics', 'author_flair_template_id': None, 'likes': None, 'replies': {'kind': 'Listing', 'data': {'after': None, 'dist': None, 'modhash': None, 'geo_filter': '', 'children': [{'kind': 't1', 'data': {'subreddit_id': 't5_2sumo', 'approved_at_utc': None, 'author_is_blocked': False, 'comment_type': None, 'awarders': [], 'mod_reason_by': None, 'banned_by': None, 'author_flair_type': 'text', 'total_awards_received': 0, 'subreddit': 'AskPhysics', 'author_flair_template_id': None, 'likes': None, 'replies': '', 'user_reports': [], 'saved': False, 'id': 'l18dcyw', 'banned_at_utc': None, 'mod_reason_title': None, 'gilded': 0, 'archived': False, 'collapsed_reason_code': None, 'no_follow': True, 'author': 'Prof_Sarcastic', 'can_mod_post': False, 'send_replies': True, 'parent_id': 't1_l18cbzn', 'score': 1, 'author_fullname': 't2_7rtkedgv', 'removal_reason': None, 'approved_by': None, 'mod_note': None, 'all_awardings': [], 'body': 'If you’re asking whether or not you can write down the wave function for arbitrary n then the answer is yes. There is a generating function that involves derivatives of the Gaussian function that gives you the wave function and all of its excited states', 'edited': False, 'top_awarded_type': None, 'downs': 0, 'author_flair_css_class': None, 'name': 't1_l18dcyw', 'is_submitter': False, 'collapsed': False, 'author_flair_richtext': [], 'author_patreon_flair': False, 'body_html': '&lt;div class=""md""&gt;&lt;p&gt;If you’re asking whether or not you can write down the wave function for arbitrary n then the answer is yes. There is a generating function that involves derivatives of the Gaussian function that gives you the wave function and all of its excited states&lt;/p&gt;\n&lt;/div&gt;', 'gildings': {}, 'collapsed_reason': None, 'distinguished': None, 'associated_award': None, 'stickied': False, 'author_premium': False, 'can_gild': False, 'link_id': 't3_1ccrvjb', 'unrepliable_reason': None, 'author_flair_text_color': None, 'score_hidden': False, 'permalink': '/r/AskPhysics/comments/1ccrvjb/quantum_harmonic_oscillator/l18dcyw/', 'subreddit_type': 'public', 'locked': False, 'report_reasons': None, 'created': 1714069455.0, 'author_flair_text': None, 'treatment_tags': [], 'created_utc': 1714069455.0, 'subreddit_name_prefixed': 'r/AskPhysics', 'controversiality': 0, 'depth': 2, 'author_flair_background_color': None, 'collapsed_because_crowd_control': None, 'mod_reports': [], 'num_reports': None, 'ups': 1}}], 'before': None}}, 'user_reports': [], 'saved': False, 'id': 'l18cbzn', 'banned_at_utc': None, 'mod_reason_title': None, 'gilded': 0, 'archived': False, 'collapsed_reason_code': None, 'no_follow': True, 'author': 'ImperialFluff', 'can_mod_post': False, 'created_utc': 1714069113.0, 'send_replies': True, 'parent_id': 't1_l17zxxg', 'score': 1, 'author_fullname': 't2_6by33z4e', 'removal_reason': None, 'approved_by': None, 'mod_note': None, 'all_awardings': [], 'body': 'Thanks. Is there any way to know what the wave function of a QHO is without further detail, or do you think the question requires and expression (rather than number) as an answer.', 'edited': False, 'top_awarded_type': None, 'author_flair_css_class': None, 'name': 't1_l18cbzn', 'is_submitter': True, 'downs': 0, 'author_flair_richtext': [], 'author_patreon_flair': False, 'body_html': '&lt;div class=""md""&gt;&lt;p&gt;Thanks. Is there any way to know what the wave function of a QHO is without further detail, or do you think the question requires and expression (rather than number) as an answer.&lt;/p&gt;\n&lt;/div&gt;', 'gildings': {}, 'collapsed_reason': None, 'distinguished': None, 'associated_award': None, 'stickied': False, 'author_premium': False, 'can_gild': False, 'link_id': 't3_1ccrvjb', 'unrepliable_reason': None, 'author_flair_text_color': None, 'score_hidden': False, 'permalink': '/r/AskPhysics/comments/1ccrvjb/quantum_harmonic_oscillator/l18cbzn/', 'subreddit_type': 'public', 'locked': False, 'report_reasons': None, 'created': 1714069113.0, 'author_flair_text': None, 'treatment_tags': [], 'collapsed': False, 'subreddit_name_prefixed': 'r/AskPhysics', 'controversiality': 0, 'depth': 1, 'author_flair_background_color': None, 'collapsed_because_crowd_control': None, 'mod_reports': [], 'num_reports': None, 'ups': 1}}], 'before': None}}",,False,1,False,True,False,AskPhysics,t5_2sumo,r/AskPhysics,public,,0,[],,1,[],t1
