,all_awardings,approved_at_utc,approved_by,archived,associated_award,author,author_flair_background_color,author_flair_css_class,author_flair_richtext,author_flair_template_id,author_flair_text,author_flair_text_color,author_flair_type,author_fullname,author_is_blocked,author_patreon_flair,author_premium,awarders,banned_at_utc,banned_by,body,body_html,can_gild,can_mod_post,collapsed,collapsed_because_crowd_control,collapsed_reason,collapsed_reason_code,comment_type,controversiality,created,created_utc,depth,distinguished,downs,edited,gilded,gildings,id,is_submitter,likes,link_id,locked,mod_note,mod_reason_by,mod_reason_title,mod_reports,name,no_follow,num_reports,parent_id,permalink,removal_reason,replies,report_reasons,saved,score,score_hidden,send_replies,stickied,subreddit,subreddit_id,subreddit_name_prefixed,subreddit_type,top_awarded_type,total_awards_received,treatment_tags,unrepliable_reason,ups,user_reports,kind
data,[],,,False,,tpolakov1,,mat,[],7f4501c6-c6b2-11e4-bd93-22000b6d02ed,Condensed matter physics,dark,text,t2_4no6lqg4,False,False,False,[],,,"I'd bet that all the videos you've seen are just diffraction of laser light and that's a fully classical effect.

To do the quantum version of this experiment, you have to go to very, very low light intensities and a video won't show much.","&lt;div class=""md""&gt;&lt;p&gt;I&amp;#39;d bet that all the videos you&amp;#39;ve seen are just diffraction of laser light and that&amp;#39;s a fully classical effect.&lt;/p&gt;

&lt;p&gt;To do the quantum version of this experiment, you have to go to very, very low light intensities and a video won&amp;#39;t show much.&lt;/p&gt;
&lt;/div&gt;",False,False,False,,,,,0,1714004281.0,1714004281.0,0,,0,False,0,{},l14mk2a,False,,t3_1ccdz6l,False,,,,[],t1_l14mk2a,False,,t3_1ccdz6l,/r/AskPhysics/comments/1ccdz6l/video_of_observer_effect_in_action/l14mk2a/,,"{'kind': 'Listing', 'data': {'after': None, 'dist': None, 'modhash': None, 'geo_filter': '', 'children': [{'kind': 't1', 'data': {'subreddit_id': 't5_2sumo', 'approved_at_utc': None, 'author_is_blocked': False, 'comment_type': None, 'awarders': [], 'mod_reason_by': None, 'banned_by': None, 'author_flair_type': 'text', 'total_awards_received': 0, 'subreddit': 'AskPhysics', 'author_flair_template_id': None, 'likes': None, 'replies': {'kind': 'Listing', 'data': {'after': None, 'dist': None, 'modhash': None, 'geo_filter': '', 'children': [{'kind': 't1', 'data': {'subreddit_id': 't5_2sumo', 'approved_at_utc': None, 'author_is_blocked': False, 'comment_type': None, 'awarders': [], 'mod_reason_by': None, 'banned_by': None, 'author_flair_type': 'text', 'total_awards_received': 0, 'subreddit': 'AskPhysics', 'author_flair_template_id': '7f4501c6-c6b2-11e4-bd93-22000b6d02ed', 'likes': None, 'replies': '', 'user_reports': [], 'saved': False, 'id': 'l18fh3p', 'banned_at_utc': None, 'mod_reason_title': None, 'gilded': 0, 'archived': False, 'collapsed_reason_code': None, 'no_follow': True, 'author': 'tpolakov1', 'can_mod_post': False, 'send_replies': True, 'parent_id': 't1_l16u4ib', 'score': 1, 'author_fullname': 't2_4no6lqg4', 'removal_reason': None, 'approved_by': None, 'mod_note': None, 'all_awardings': [], 'body': ""The thing is that toggling a button doesn't really do much that you can readily observe. You always have to integrate for a long time and get the usual picture that you see in textbooks, like the one with electrons shown in [this article](https://physicsworld.com/a/the-double-slit-experiment/). Or you can do some of the variations of eraser experiments like others have pointed out. On a video, it will just look like random dots appearing somewhere on the sensor plane, with and without having the which-way information.\n\nThe double slit interference is not a quantum effect. Showing that it does happen on the quantum level requires a lot of nuance which is rarely compatible with pretty pictures and even less so with videos or some naive garage-type experiment."", 'edited': False, 'top_awarded_type': None, 'downs': 0, 'author_flair_css_class': 'mat', 'name': 't1_l18fh3p', 'is_submitter': False, 'collapsed': False, 'author_flair_richtext': [], 'author_patreon_flair': False, 'body_html': '&lt;div class=""md""&gt;&lt;p&gt;The thing is that toggling a button doesn&amp;#39;t really do much that you can readily observe. You always have to integrate for a long time and get the usual picture that you see in textbooks, like the one with electrons shown in &lt;a href=""https://physicsworld.com/a/the-double-slit-experiment/""&gt;this article&lt;/a&gt;. Or you can do some of the variations of eraser experiments like others have pointed out. On a video, it will just look like random dots appearing somewhere on the sensor plane, with and without having the which-way information.&lt;/p&gt;\n\n&lt;p&gt;The double slit interference is not a quantum effect. Showing that it does happen on the quantum level requires a lot of nuance which is rarely compatible with pretty pictures and even less so with videos or some naive garage-type experiment.&lt;/p&gt;\n&lt;/div&gt;', 'gildings': {}, 'collapsed_reason': None, 'distinguished': None, 'associated_award': None, 'stickied': False, 'author_premium': False, 'can_gild': False, 'link_id': 't3_1ccdz6l', 'unrepliable_reason': None, 'author_flair_text_color': 'dark', 'score_hidden': False, 'permalink': '/r/AskPhysics/comments/1ccdz6l/video_of_observer_effect_in_action/l18fh3p/', 'subreddit_type': 'public', 'locked': False, 'report_reasons': None, 'created': 1714070157.0, 'author_flair_text': 'Condensed matter physics', 'treatment_tags': [], 'created_utc': 1714070157.0, 'subreddit_name_prefixed': 'r/AskPhysics', 'controversiality': 0, 'depth': 2, 'author_flair_background_color': None, 'collapsed_because_crowd_control': None, 'mod_reports': [], 'num_reports': None, 'ups': 1}}], 'before': None}}, 'user_reports': [], 'saved': False, 'id': 'l16u4ib', 'banned_at_utc': None, 'mod_reason_title': None, 'gilded': 0, 'archived': False, 'collapsed_reason_code': None, 'no_follow': True, 'author': 'nestorkinsin', 'can_mod_post': False, 'created_utc': 1714047328.0, 'send_replies': True, 'parent_id': 't1_l14mk2a', 'score': 1, 'author_fullname': 't2_ux7p32lb', 'removal_reason': None, 'approved_by': None, 'mod_note': None, 'all_awardings': [], 'body': ""Okay yes this is correct I was confused about that. Even if it's not like a video showing the light though I would take a video or a thorough description even of someone just toggling a button to change where the photons landed. It seems so unbelievable to me that I feel that I'm misunderstanding."", 'edited': False, 'top_awarded_type': None, 'author_flair_css_class': None, 'name': 't1_l16u4ib', 'is_submitter': True, 'downs': 0, 'author_flair_richtext': [], 'author_patreon_flair': False, 'body_html': '&lt;div class=""md""&gt;&lt;p&gt;Okay yes this is correct I was confused about that. Even if it&amp;#39;s not like a video showing the light though I would take a video or a thorough description even of someone just toggling a button to change where the photons landed. It seems so unbelievable to me that I feel that I&amp;#39;m misunderstanding.&lt;/p&gt;\n&lt;/div&gt;', 'gildings': {}, 'collapsed_reason': None, 'distinguished': None, 'associated_award': None, 'stickied': False, 'author_premium': False, 'can_gild': False, 'link_id': 't3_1ccdz6l', 'unrepliable_reason': None, 'author_flair_text_color': None, 'score_hidden': False, 'permalink': '/r/AskPhysics/comments/1ccdz6l/video_of_observer_effect_in_action/l16u4ib/', 'subreddit_type': 'public', 'locked': False, 'report_reasons': None, 'created': 1714047328.0, 'author_flair_text': None, 'treatment_tags': [], 'collapsed': False, 'subreddit_name_prefixed': 'r/AskPhysics', 'controversiality': 0, 'depth': 1, 'author_flair_background_color': None, 'collapsed_because_crowd_control': None, 'mod_reports': [], 'num_reports': None, 'ups': 1}}], 'before': None}}",,False,7,False,True,False,AskPhysics,t5_2sumo,r/AskPhysics,public,,0,[],,7,[],t1
data_1,[],,,False,,starkeffect,,inter,[],8c5fb068-c6b2-11e4-b8be-22000bb30918,Education and outreach,dark,text,t2_3z9vh,False,False,False,[],,,"It's a thought experiment that isn't possible to do with current technology, but experiments which are fundamentally equivalent to the double-slit (called ""which-way"" experiments) have been done:

https://en.wikipedia.org/wiki/Double-slit_experiment#%22Which-way%22_experiments_and_the_principle_of_complementarity","&lt;div class=""md""&gt;&lt;p&gt;It&amp;#39;s a thought experiment that isn&amp;#39;t possible to do with current technology, but experiments which are fundamentally equivalent to the double-slit (called &amp;quot;which-way&amp;quot; experiments) have been done:&lt;/p&gt;

&lt;p&gt;&lt;a href=""https://en.wikipedia.org/wiki/Double-slit_experiment#%22Which-way%22_experiments_and_the_principle_of_complementarity""&gt;https://en.wikipedia.org/wiki/Double-slit_experiment#%22Which-way%22_experiments_and_the_principle_of_complementarity&lt;/a&gt;&lt;/p&gt;
&lt;/div&gt;",False,False,False,,,,,0,1714015738.0,1714015738.0,0,,0,False,0,{},l15exc1,False,,t3_1ccdz6l,False,,,,[],t1_l15exc1,True,,t3_1ccdz6l,/r/AskPhysics/comments/1ccdz6l/video_of_observer_effect_in_action/l15exc1/,,"{'kind': 'Listing', 'data': {'after': None, 'dist': None, 'modhash': None, 'geo_filter': '', 'children': [{'kind': 't1', 'data': {'subreddit_id': 't5_2sumo', 'approved_at_utc': None, 'author_is_blocked': False, 'comment_type': None, 'awarders': [], 'mod_reason_by': None, 'banned_by': None, 'author_flair_type': 'text', 'total_awards_received': 0, 'subreddit': 'AskPhysics', 'author_flair_template_id': None, 'likes': None, 'replies': '', 'user_reports': [], 'saved': False, 'id': 'l16uizl', 'banned_at_utc': None, 'mod_reason_title': None, 'gilded': 0, 'archived': False, 'collapsed_reason_code': None, 'no_follow': True, 'author': 'nestorkinsin', 'can_mod_post': False, 'created_utc': 1714047515.0, 'send_replies': True, 'parent_id': 't1_l15exc1', 'score': 1, 'author_fullname': 't2_ux7p32lb', 'removal_reason': None, 'approved_by': None, 'mod_note': None, 'all_awardings': [], 'body': ""I did see a video about a guy doing this and it was certainly the closest thing I got to what I wanted but I'm the video he said to observe the funky behavior you had to remove an obstacle from the particle's path after it had been released which he was obviously not doing in the video."", 'edited': False, 'top_awarded_type': None, 'author_flair_css_class': None, 'name': 't1_l16uizl', 'is_submitter': True, 'downs': 0, 'author_flair_richtext': [], 'author_patreon_flair': False, 'body_html': '&lt;div class=""md""&gt;&lt;p&gt;I did see a video about a guy doing this and it was certainly the closest thing I got to what I wanted but I&amp;#39;m the video he said to observe the funky behavior you had to remove an obstacle from the particle&amp;#39;s path after it had been released which he was obviously not doing in the video.&lt;/p&gt;\n&lt;/div&gt;', 'gildings': {}, 'collapsed_reason': None, 'distinguished': None, 'associated_award': None, 'stickied': False, 'author_premium': False, 'can_gild': False, 'link_id': 't3_1ccdz6l', 'unrepliable_reason': None, 'author_flair_text_color': None, 'score_hidden': False, 'permalink': '/r/AskPhysics/comments/1ccdz6l/video_of_observer_effect_in_action/l16uizl/', 'subreddit_type': 'public', 'locked': False, 'report_reasons': None, 'created': 1714047515.0, 'author_flair_text': None, 'treatment_tags': [], 'collapsed': False, 'subreddit_name_prefixed': 'r/AskPhysics', 'controversiality': 0, 'depth': 1, 'author_flair_background_color': None, 'collapsed_because_crowd_control': None, 'mod_reports': [], 'num_reports': None, 'ups': 1}}], 'before': None}}",,False,2,False,True,False,AskPhysics,t5_2sumo,r/AskPhysics,public,,0,[],,2,[],t1
data_2,[],,,False,,abloblololo,,,[],,,,text,t2_qhbwl,False,False,False,[],,,"The delayed choice quantum eraser is probably the closest thing to this you will find. Which slit the particle passes through can be observed by measuring another particle with which it is entangled. Depending on the measurement you perform on the partner particle, you either reveal the which-path information or not.

You can pretty much ignore the “delayed” part of the experiment. ","&lt;div class=""md""&gt;&lt;p&gt;The delayed choice quantum eraser is probably the closest thing to this you will find. Which slit the particle passes through can be observed by measuring another particle with which it is entangled. Depending on the measurement you perform on the partner particle, you either reveal the which-path information or not.&lt;/p&gt;

&lt;p&gt;You can pretty much ignore the “delayed” part of the experiment. &lt;/p&gt;
&lt;/div&gt;",False,False,False,,,,,0,1714033995.0,1714033995.0,0,,0,False,0,{},l168igd,False,,t3_1ccdz6l,False,,,,[],t1_l168igd,True,,t3_1ccdz6l,/r/AskPhysics/comments/1ccdz6l/video_of_observer_effect_in_action/l168igd/,,,,False,1,False,True,False,AskPhysics,t5_2sumo,r/AskPhysics,public,,0,[],,1,[],t1
