,all_awardings,approved_at_utc,approved_by,archived,associated_award,author,author_flair_background_color,author_flair_css_class,author_flair_richtext,author_flair_template_id,author_flair_text,author_flair_text_color,author_flair_type,author_fullname,author_is_blocked,author_patreon_flair,author_premium,awarders,banned_at_utc,banned_by,body,body_html,can_gild,can_mod_post,collapsed,collapsed_because_crowd_control,collapsed_reason,collapsed_reason_code,comment_type,controversiality,created,created_utc,depth,distinguished,downs,edited,gilded,gildings,id,is_submitter,likes,link_id,locked,mod_note,mod_reason_by,mod_reason_title,mod_reports,name,no_follow,num_reports,parent_id,permalink,removal_reason,replies,report_reasons,saved,score,score_hidden,send_replies,stickied,subreddit,subreddit_id,subreddit_name_prefixed,subreddit_type,top_awarded_type,total_awards_received,treatment_tags,unrepliable_reason,ups,user_reports,kind
data,[],,,False,,tpolakov1,,mat,[],7f4501c6-c6b2-11e4-bd93-22000b6d02ed,Condensed matter physics,dark,text,t2_4no6lqg4,False,False,False,[],,,"&gt; ...I would really like to know why time started.

I have bad news for you. That's not a question we're looking to answer with unified theories. In physics, we just care *how* things went to end up where we are and *how* the future will look given the present.

&gt; Have any theoretical physicist done thought experiments while on psychedelics?

Most probably. The thing with thought experiments is that they have to be physically correct to be thought experiments, and psychedelics are rarely amenable to that, especially in fields and topics that require a lot of focus and technical labor, like theoretical physics.","&lt;div class=""md""&gt;&lt;blockquote&gt;
&lt;p&gt;...I would really like to know why time started.&lt;/p&gt;
&lt;/blockquote&gt;

&lt;p&gt;I have bad news for you. That&amp;#39;s not a question we&amp;#39;re looking to answer with unified theories. In physics, we just care &lt;em&gt;how&lt;/em&gt; things went to end up where we are and &lt;em&gt;how&lt;/em&gt; the future will look given the present.&lt;/p&gt;

&lt;blockquote&gt;
&lt;p&gt;Have any theoretical physicist done thought experiments while on psychedelics?&lt;/p&gt;
&lt;/blockquote&gt;

&lt;p&gt;Most probably. The thing with thought experiments is that they have to be physically correct to be thought experiments, and psychedelics are rarely amenable to that, especially in fields and topics that require a lot of focus and technical labor, like theoretical physics.&lt;/p&gt;
&lt;/div&gt;",False,False,False,,,,,0,1714063239.0,1714063239.0,0,,0,False,0,{},l182kda,False,,t3_1cctcey,False,,,,[],t1_l182kda,True,,t3_1cctcey,/r/AskPhysics/comments/1cctcey/psychedelic_physics/l182kda/,,,,False,3,False,True,False,AskPhysics,t5_2sumo,r/AskPhysics,public,,0,[],,3,[],t1
data_1,[],,,False,,spinjinn,,,[],,,,text,t2_82y2a,False,False,False,[],,,"If you are talking about Steven Weinberg, unfortunately the gentleman died in 2021.","&lt;div class=""md""&gt;&lt;p&gt;If you are talking about Steven Weinberg, unfortunately the gentleman died in 2021.&lt;/p&gt;
&lt;/div&gt;",False,False,False,,,,,0,1714057182.0,1714057182.0,0,,0,False,0,{},l17k30y,False,,t3_1cctcey,False,,,,[],t1_l17k30y,True,,t3_1cctcey,/r/AskPhysics/comments/1cctcey/psychedelic_physics/l17k30y/,,,,False,1,False,True,False,AskPhysics,t5_2sumo,r/AskPhysics,public,,0,[],,1,[],t1
data_2,[],,,False,,Think-BeforeUpost,,,[],,,,text,t2_yu8pzlzxq,False,False,False,[],,,"I just don’t think the solutions will be found with the same minds/chemicals/atoms/hormones/electrical currents/or whatever that created the questions. 
Could experimenting with some LSDinos or DMTinos really hurt quantum physics? IMHO String Theory is dead and good luck with the Graviton. No regrets getting MBA instead. Think “outside the universe”. 
You guys are brilliant and I respect the struggle. Keep after it!!","&lt;div class=""md""&gt;&lt;p&gt;I just don’t think the solutions will be found with the same minds/chemicals/atoms/hormones/electrical currents/or whatever that created the questions. 
Could experimenting with some LSDinos or DMTinos really hurt quantum physics? IMHO String Theory is dead and good luck with the Graviton. No regrets getting MBA instead. Think “outside the universe”. 
You guys are brilliant and I respect the struggle. Keep after it!!&lt;/p&gt;
&lt;/div&gt;",False,False,False,,,,,0,1714088681.0,1714088681.0,0,,0,False,0,{},l19v5ov,True,,t3_1cctcey,False,,,,[],t1_l19v5ov,True,,t3_1cctcey,/r/AskPhysics/comments/1cctcey/psychedelic_physics/l19v5ov/,,,,False,-1,False,True,False,AskPhysics,t5_2sumo,r/AskPhysics,public,,0,[],,-1,[],t1
