,all_awardings,approved_at_utc,approved_by,archived,associated_award,author,author_flair_background_color,author_flair_css_class,author_flair_richtext,author_flair_template_id,author_flair_text,author_flair_text_color,author_flair_type,author_fullname,author_is_blocked,author_patreon_flair,author_premium,awarders,banned_at_utc,banned_by,body,body_html,can_gild,can_mod_post,collapsed,collapsed_because_crowd_control,collapsed_reason,collapsed_reason_code,comment_type,controversiality,created,created_utc,depth,distinguished,downs,edited,gilded,gildings,id,is_submitter,likes,link_id,locked,mod_note,mod_reason_by,mod_reason_title,mod_reports,name,no_follow,num_reports,parent_id,permalink,removal_reason,replies,report_reasons,saved,score,score_hidden,send_replies,stickied,subreddit,subreddit_id,subreddit_name_prefixed,subreddit_type,top_awarded_type,total_awards_received,treatment_tags,unrepliable_reason,ups,user_reports,kind
data,[],,,False,,Cryptizard,,,[],,,,text,t2_n0aht,False,False,False,[],,,"The light speed propagation of gravity, for instance gravity waves, is a consequence of general relativity and has nothing to do with particles or quantum fields.  However, lots of physicists do still believe that gravity is a quantum effect and that the graviton does exist.

The reason we don't add it to the standard model is that there is no coherent theory of quantum gravity.  If there is no consensus on how it works then you can't add it to the standard model.  There are other particles, like the axion, that a lot of people believe exist (or existed in the past) but the evidence is not strong enough to form consensus.","&lt;div class=""md""&gt;&lt;p&gt;The light speed propagation of gravity, for instance gravity waves, is a consequence of general relativity and has nothing to do with particles or quantum fields.  However, lots of physicists do still believe that gravity is a quantum effect and that the graviton does exist.&lt;/p&gt;

&lt;p&gt;The reason we don&amp;#39;t add it to the standard model is that there is no coherent theory of quantum gravity.  If there is no consensus on how it works then you can&amp;#39;t add it to the standard model.  There are other particles, like the axion, that a lot of people believe exist (or existed in the past) but the evidence is not strong enough to form consensus.&lt;/p&gt;
&lt;/div&gt;",False,False,False,,,,,0,1714044901.0,1714044901.0,0,,0,1714045128.0,0,{},l16p3ym,False,,t3_1ccpa6r,False,,,,[],t1_l16p3ym,False,,t3_1ccpa6r,/r/AskPhysics/comments/1ccpa6r/gravity/l16p3ym/,,"{'kind': 'Listing', 'data': {'after': None, 'dist': None, 'modhash': None, 'geo_filter': '', 'children': [{'kind': 't1', 'data': {'subreddit_id': 't5_2sumo', 'approved_at_utc': None, 'author_is_blocked': False, 'comment_type': None, 'awarders': [], 'mod_reason_by': None, 'banned_by': None, 'author_flair_type': 'text', 'total_awards_received': 0, 'subreddit': 'AskPhysics', 'author_flair_template_id': None, 'likes': None, 'replies': {'kind': 'Listing', 'data': {'after': None, 'dist': None, 'modhash': None, 'geo_filter': '', 'children': [{'kind': 't1', 'data': {'subreddit_id': 't5_2sumo', 'approved_at_utc': None, 'author_is_blocked': False, 'comment_type': None, 'awarders': [], 'mod_reason_by': None, 'banned_by': None, 'author_flair_type': 'text', 'total_awards_received': 0, 'subreddit': 'AskPhysics', 'author_flair_template_id': None, 'likes': None, 'replies': '', 'user_reports': [], 'saved': False, 'id': 'l16us4u', 'banned_at_utc': None, 'mod_reason_title': None, 'gilded': 0, 'archived': False, 'collapsed_reason_code': None, 'no_follow': True, 'author': 'Cryptizard', 'can_mod_post': False, 'send_replies': True, 'parent_id': 't1_l16ubg2', 'score': 2, 'author_fullname': 't2_n0aht', 'removal_reason': None, 'approved_by': None, 'mod_note': None, 'all_awardings': [], 'body': 'Sure, but they are all very theoretical and incomplete.\n\n[https://www.youtube.com/watch?v=Kt2U-qmMLfs](https://www.youtube.com/watch?v=Kt2U-qmMLfs)', 'edited': False, 'top_awarded_type': None, 'downs': 0, 'author_flair_css_class': None, 'name': 't1_l16us4u', 'is_submitter': False, 'collapsed': False, 'author_flair_richtext': [], 'author_patreon_flair': False, 'body_html': '&lt;div class=""md""&gt;&lt;p&gt;Sure, but they are all very theoretical and incomplete.&lt;/p&gt;\n\n&lt;p&gt;&lt;a href=""https://www.youtube.com/watch?v=Kt2U-qmMLfs""&gt;https://www.youtube.com/watch?v=Kt2U-qmMLfs&lt;/a&gt;&lt;/p&gt;\n&lt;/div&gt;', 'gildings': {}, 'collapsed_reason': None, 'distinguished': None, 'associated_award': None, 'stickied': False, 'author_premium': False, 'can_gild': False, 'link_id': 't3_1ccpa6r', 'unrepliable_reason': None, 'author_flair_text_color': None, 'score_hidden': False, 'permalink': '/r/AskPhysics/comments/1ccpa6r/gravity/l16us4u/', 'subreddit_type': 'public', 'locked': False, 'report_reasons': None, 'created': 1714047633.0, 'author_flair_text': None, 'treatment_tags': [], 'created_utc': 1714047633.0, 'subreddit_name_prefixed': 'r/AskPhysics', 'controversiality': 0, 'depth': 2, 'author_flair_background_color': None, 'collapsed_because_crowd_control': None, 'mod_reports': [], 'num_reports': None, 'ups': 2}}], 'before': None}}, 'user_reports': [], 'saved': False, 'id': 'l16ubg2', 'banned_at_utc': None, 'mod_reason_title': None, 'gilded': 0, 'archived': False, 'collapsed_reason_code': None, 'no_follow': True, 'author': 'MooseSpecialist7483', 'can_mod_post': False, 'created_utc': 1714047418.0, 'send_replies': True, 'parent_id': 't1_l16p3ym', 'score': 1, 'author_fullname': 't2_ul066x10', 'removal_reason': None, 'approved_by': None, 'mod_note': None, 'all_awardings': [], 'body': 'Are there theoretical models with the graviton that include other missing parts such as dark energy and dark matter?', 'edited': False, 'top_awarded_type': None, 'author_flair_css_class': None, 'name': 't1_l16ubg2', 'is_submitter': True, 'downs': 0, 'author_flair_richtext': [], 'author_patreon_flair': False, 'body_html': '&lt;div class=""md""&gt;&lt;p&gt;Are there theoretical models with the graviton that include other missing parts such as dark energy and dark matter?&lt;/p&gt;\n&lt;/div&gt;', 'gildings': {}, 'collapsed_reason': None, 'distinguished': None, 'associated_award': None, 'stickied': False, 'author_premium': False, 'can_gild': False, 'link_id': 't3_1ccpa6r', 'unrepliable_reason': None, 'author_flair_text_color': None, 'score_hidden': False, 'permalink': '/r/AskPhysics/comments/1ccpa6r/gravity/l16ubg2/', 'subreddit_type': 'public', 'locked': False, 'report_reasons': None, 'created': 1714047418.0, 'author_flair_text': None, 'treatment_tags': [], 'collapsed': False, 'subreddit_name_prefixed': 'r/AskPhysics', 'controversiality': 0, 'depth': 1, 'author_flair_background_color': None, 'collapsed_because_crowd_control': None, 'mod_reports': [], 'num_reports': None, 'ups': 1}}], 'before': None}}",,False,6,False,True,False,AskPhysics,t5_2sumo,r/AskPhysics,public,,0,[],,6,[],t1
data_1,[],,,False,,GammaCatastrophe,,inter,[],9245fcd0-c6b2-11e4-9133-22000b6e00bb,Statistical and nonlinear physics,dark,text,t2_ym9ipy97y,False,False,False,[],,,"Causality has nothing to do with particles. It's a fundamental property of spacetime.

Anyways yes most ppl think that gravity does indeed turn quantum at some scale. The particle for gravity is known as the graviton.

&gt;Why exactly have we not added the gravity boson to the standard model?

The standard model is a collection of facts,not just what we think. We don't know for sure that the graviton exists, it's basically just a wish for now.","&lt;div class=""md""&gt;&lt;p&gt;Causality has nothing to do with particles. It&amp;#39;s a fundamental property of spacetime.&lt;/p&gt;

&lt;p&gt;Anyways yes most ppl think that gravity does indeed turn quantum at some scale. The particle for gravity is known as the graviton.&lt;/p&gt;

&lt;blockquote&gt;
&lt;p&gt;Why exactly have we not added the gravity boson to the standard model?&lt;/p&gt;
&lt;/blockquote&gt;

&lt;p&gt;The standard model is a collection of facts,not just what we think. We don&amp;#39;t know for sure that the graviton exists, it&amp;#39;s basically just a wish for now.&lt;/p&gt;
&lt;/div&gt;",False,False,False,,,,,0,1714047055.0,1714047055.0,0,,0,False,0,{},l16tj4a,False,,t3_1ccpa6r,False,,,,[],t1_l16tj4a,False,,t3_1ccpa6r,/r/AskPhysics/comments/1ccpa6r/gravity/l16tj4a/,,"{'kind': 'Listing', 'data': {'after': None, 'dist': None, 'modhash': None, 'geo_filter': '', 'children': [{'kind': 't1', 'data': {'subreddit_id': 't5_2sumo', 'approved_at_utc': None, 'author_is_blocked': False, 'comment_type': None, 'awarders': [], 'mod_reason_by': None, 'banned_by': None, 'author_flair_type': 'text', 'total_awards_received': 0, 'subreddit': 'AskPhysics', 'author_flair_template_id': None, 'likes': None, 'replies': {'kind': 'Listing', 'data': {'after': None, 'dist': None, 'modhash': None, 'geo_filter': '', 'children': [{'kind': 't1', 'data': {'subreddit_id': 't5_2sumo', 'approved_at_utc': None, 'author_is_blocked': False, 'comment_type': None, 'awarders': [], 'mod_reason_by': None, 'banned_by': None, 'author_flair_type': 'text', 'total_awards_received': 0, 'subreddit': 'AskPhysics', 'author_flair_template_id': '9245fcd0-c6b2-11e4-9133-22000b6e00bb', 'likes': None, 'replies': '', 'user_reports': [], 'saved': False, 'id': 'l16w2ls', 'banned_at_utc': None, 'mod_reason_title': None, 'gilded': 0, 'archived': False, 'collapsed_reason_code': None, 'no_follow': False, 'author': 'GammaCatastrophe', 'can_mod_post': False, 'send_replies': True, 'parent_id': 't1_l16udx5', 'score': 4, 'author_fullname': 't2_ym9ipy97y', 'removal_reason': None, 'approved_by': None, 'mod_note': None, 'all_awardings': [], 'body': ""Yes.\n\n The Higgs isn't the messenger of mass btw :P."", 'edited': False, 'top_awarded_type': None, 'downs': 0, 'author_flair_css_class': 'inter', 'name': 't1_l16w2ls', 'is_submitter': False, 'collapsed': False, 'author_flair_richtext': [], 'author_patreon_flair': False, 'body_html': '&lt;div class=""md""&gt;&lt;p&gt;Yes.&lt;/p&gt;\n\n&lt;p&gt;The Higgs isn&amp;#39;t the messenger of mass btw :P.&lt;/p&gt;\n&lt;/div&gt;', 'gildings': {}, 'collapsed_reason': None, 'distinguished': None, 'associated_award': None, 'stickied': False, 'author_premium': False, 'can_gild': False, 'link_id': 't3_1ccpa6r', 'unrepliable_reason': None, 'author_flair_text_color': 'dark', 'score_hidden': False, 'permalink': '/r/AskPhysics/comments/1ccpa6r/gravity/l16w2ls/', 'subreddit_type': 'public', 'locked': False, 'report_reasons': None, 'created': 1714048212.0, 'author_flair_text': 'Statistical and nonlinear physics', 'treatment_tags': [], 'created_utc': 1714048212.0, 'subreddit_name_prefixed': 'r/AskPhysics', 'controversiality': 0, 'depth': 2, 'author_flair_background_color': None, 'collapsed_because_crowd_control': None, 'mod_reports': [], 'num_reports': None, 'ups': 4}}], 'before': None}}, 'user_reports': [], 'saved': False, 'id': 'l16udx5', 'banned_at_utc': None, 'mod_reason_title': None, 'gilded': 0, 'archived': False, 'collapsed_reason_code': None, 'no_follow': True, 'author': 'MooseSpecialist7483', 'can_mod_post': False, 'created_utc': 1714047450.0, 'send_replies': True, 'parent_id': 't1_l16tj4a', 'score': -1, 'author_fullname': 't2_ul066x10', 'removal_reason': None, 'approved_by': None, 'mod_note': None, 'all_awardings': [], 'body': 'The graviton would just be the messenger of gravity though, right? Like the Higgs is the supposed messenger of mass?', 'edited': False, 'top_awarded_type': None, 'author_flair_css_class': None, 'name': 't1_l16udx5', 'is_submitter': True, 'downs': 0, 'author_flair_richtext': [], 'author_patreon_flair': False, 'body_html': '&lt;div class=""md""&gt;&lt;p&gt;The graviton would just be the messenger of gravity though, right? Like the Higgs is the supposed messenger of mass?&lt;/p&gt;\n&lt;/div&gt;', 'gildings': {}, 'collapsed_reason': None, 'distinguished': None, 'associated_award': None, 'stickied': False, 'author_premium': False, 'can_gild': False, 'link_id': 't3_1ccpa6r', 'unrepliable_reason': None, 'author_flair_text_color': None, 'score_hidden': False, 'permalink': '/r/AskPhysics/comments/1ccpa6r/gravity/l16udx5/', 'subreddit_type': 'public', 'locked': False, 'report_reasons': None, 'created': 1714047450.0, 'author_flair_text': None, 'treatment_tags': [], 'collapsed': False, 'subreddit_name_prefixed': 'r/AskPhysics', 'controversiality': 0, 'depth': 1, 'author_flair_background_color': None, 'collapsed_because_crowd_control': None, 'mod_reports': [], 'num_reports': None, 'ups': -1}}], 'before': None}}",,False,5,False,True,False,AskPhysics,t5_2sumo,r/AskPhysics,public,,0,[],,5,[],t1
data_2,[],,,False,,dvali,,,[],,,,text,t2_urft1,False,False,False,[],,,"You can't just add shit to the standard model because you think it's ""kind of implied"". The standard model isn't just the pretty tabulated list you see in YouTube videos. It's a massive set of enormously complicated equations and adding stuff is non-trivial to say the least. ","&lt;div class=""md""&gt;&lt;p&gt;You can&amp;#39;t just add shit to the standard model because you think it&amp;#39;s &amp;quot;kind of implied&amp;quot;. The standard model isn&amp;#39;t just the pretty tabulated list you see in YouTube videos. It&amp;#39;s a massive set of enormously complicated equations and adding stuff is non-trivial to say the least. &lt;/p&gt;
&lt;/div&gt;",False,False,False,,,,,0,1714070389.0,1714070389.0,0,,0,False,0,{},l18g69s,False,,t3_1ccpa6r,False,,,,[],t1_l18g69s,True,,t3_1ccpa6r,/r/AskPhysics/comments/1ccpa6r/gravity/l18g69s/,,"{'kind': 'Listing', 'data': {'after': None, 'dist': None, 'modhash': None, 'geo_filter': '', 'children': [{'kind': 't1', 'data': {'subreddit_id': 't5_2sumo', 'approved_at_utc': None, 'author_is_blocked': False, 'comment_type': None, 'awarders': [], 'mod_reason_by': None, 'banned_by': None, 'author_flair_type': 'text', 'total_awards_received': 0, 'subreddit': 'AskPhysics', 'author_flair_template_id': None, 'likes': None, 'replies': '', 'user_reports': [], 'saved': False, 'id': 'l18qdtn', 'banned_at_utc': None, 'mod_reason_title': None, 'gilded': 0, 'archived': False, 'collapsed_reason_code': None, 'no_follow': True, 'author': 'ross_ns7f', 'can_mod_post': False, 'created_utc': 1714073735.0, 'send_replies': True, 'parent_id': 't1_l18g69s', 'score': 1, 'author_fullname': 't2_s7p2fdqk', 'removal_reason': None, 'approved_by': None, 'mod_note': None, 'all_awardings': [], 'body': 'I\'d add ""massive set of experimentally verified data...""', 'edited': False, 'top_awarded_type': None, 'author_flair_css_class': None, 'name': 't1_l18qdtn', 'is_submitter': False, 'downs': 0, 'author_flair_richtext': [], 'author_patreon_flair': False, 'body_html': '&lt;div class=""md""&gt;&lt;p&gt;I&amp;#39;d add &amp;quot;massive set of experimentally verified data...&amp;quot;&lt;/p&gt;\n&lt;/div&gt;', 'gildings': {}, 'collapsed_reason': None, 'distinguished': None, 'associated_award': None, 'stickied': False, 'author_premium': False, 'can_gild': False, 'link_id': 't3_1ccpa6r', 'unrepliable_reason': None, 'author_flair_text_color': None, 'score_hidden': False, 'permalink': '/r/AskPhysics/comments/1ccpa6r/gravity/l18qdtn/', 'subreddit_type': 'public', 'locked': False, 'report_reasons': None, 'created': 1714073735.0, 'author_flair_text': None, 'treatment_tags': [], 'collapsed': False, 'subreddit_name_prefixed': 'r/AskPhysics', 'controversiality': 0, 'depth': 1, 'author_flair_background_color': None, 'collapsed_because_crowd_control': None, 'mod_reports': [], 'num_reports': None, 'ups': 1}}], 'before': None}}",,False,2,False,True,False,AskPhysics,t5_2sumo,r/AskPhysics,public,,0,[],,2,[],t1
