,all_awardings,approved_at_utc,approved_by,archived,associated_award,author,author_flair_background_color,author_flair_css_class,author_flair_richtext,author_flair_template_id,author_flair_text,author_flair_text_color,author_flair_type,author_fullname,author_is_blocked,author_patreon_flair,author_premium,awarders,banned_at_utc,banned_by,body,body_html,can_gild,can_mod_post,collapsed,collapsed_because_crowd_control,collapsed_reason,collapsed_reason_code,comment_type,controversiality,created,created_utc,depth,distinguished,downs,edited,gilded,gildings,id,is_submitter,likes,link_id,locked,mod_note,mod_reason_by,mod_reason_title,mod_reports,name,no_follow,num_reports,parent_id,permalink,removal_reason,replies,report_reasons,saved,score,score_hidden,send_replies,stickied,subreddit,subreddit_id,subreddit_name_prefixed,subreddit_type,top_awarded_type,total_awards_received,treatment_tags,unrepliable_reason,ups,user_reports,kind
data,[],,,False,,Heretic112,,inter,[],9245fcd0-c6b2-11e4-9133-22000b6e00bb,Statistical and nonlinear physics,dark,text,t2_ahmq4,False,False,False,[],,,"Because it’s a coordinate invariant. All observers will agree on the number regardless of the coordinates (spherical, cylindrical, Cartesian, …). It has to be mean something!

This is the rational for most physical quantities.","&lt;div class=""md""&gt;&lt;p&gt;Because it’s a coordinate invariant. All observers will agree on the number regardless of the coordinates (spherical, cylindrical, Cartesian, …). It has to be mean something!&lt;/p&gt;

&lt;p&gt;This is the rational for most physical quantities.&lt;/p&gt;
&lt;/div&gt;",False,False,False,,,,,0,1713961457.0,1713961457.0,0,,0,False,0,{},l1196fn,False,,t3_1cbwqi0,False,,,,[],t1_l1196fn,False,,t3_1cbwqi0,/r/AskPhysics/comments/1cbwqi0/why_not_what/l1196fn/,,,,False,11,False,True,False,AskPhysics,t5_2sumo,r/AskPhysics,public,,0,[],,11,[],t1
data_1,[],,,False,,Odd_Bodkin,,,[],,,,text,t2_ic8an,False,False,False,[],,,"Two reasons. 

1) it is useful to simply calculate effects using these that are not as easy other ways. (Potential is a great example of this because, unlike fields or forces, it is a simple algebraic sum, not a vector one.)

2) there are simple and powerful relations that relate these quantities to other ones, like the amount of charge inside some boundary.","&lt;div class=""md""&gt;&lt;p&gt;Two reasons. &lt;/p&gt;

&lt;p&gt;1) it is useful to simply calculate effects using these that are not as easy other ways. (Potential is a great example of this because, unlike fields or forces, it is a simple algebraic sum, not a vector one.)&lt;/p&gt;

&lt;p&gt;2) there are simple and powerful relations that relate these quantities to other ones, like the amount of charge inside some boundary.&lt;/p&gt;
&lt;/div&gt;",False,False,False,,,,,0,1713962385.0,1713962385.0,0,,0,False,0,{},l11b9z0,False,,t3_1cbwqi0,False,,,,[],t1_l11b9z0,False,,t3_1cbwqi0,/r/AskPhysics/comments/1cbwqi0/why_not_what/l11b9z0/,,,,False,5,False,True,False,AskPhysics,t5_2sumo,r/AskPhysics,public,,0,[],,5,[],t1
