,all_awardings,approved_at_utc,approved_by,archived,associated_award,author,author_flair_background_color,author_flair_css_class,author_flair_richtext,author_flair_template_id,author_flair_text,author_flair_text_color,author_flair_type,author_fullname,author_is_blocked,author_patreon_flair,author_premium,awarders,banned_at_utc,banned_by,body,body_html,can_gild,can_mod_post,collapsed,collapsed_because_crowd_control,collapsed_reason,collapsed_reason_code,comment_type,controversiality,created,created_utc,depth,distinguished,downs,edited,gilded,gildings,id,is_submitter,likes,link_id,locked,mod_note,mod_reason_by,mod_reason_title,mod_reports,name,no_follow,num_reports,parent_id,permalink,removal_reason,replies,report_reasons,saved,score,score_hidden,send_replies,stickied,subreddit,subreddit_id,subreddit_name_prefixed,subreddit_type,top_awarded_type,total_awards_received,treatment_tags,unrepliable_reason,ups,user_reports,kind
data,[],,,False,,wutwutwut2000,,astro,[],73485a1c-c6b2-11e4-b026-22000b698517,Astrophysics,dark,text,t2_aefwkbrji,False,False,False,[],,,"Cold Dark Matter (CDM) is the current leading macroscopic theory. It models DM as a non-interacting and non-relativistic gas. In other words, an ideal gas.

Now, CDM only makes claims about the macroscopic behavior of dark matter clouds. Any collection of objects that meets these criteria could be a dark matter candidate, so CDM is arguably a *category* of dark matter candidates.

WIMPs are really just the leading subcategory within CDM, just specifying that the object in question is a new particle in the standard model.","&lt;div class=""md""&gt;&lt;p&gt;Cold Dark Matter (CDM) is the current leading macroscopic theory. It models DM as a non-interacting and non-relativistic gas. In other words, an ideal gas.&lt;/p&gt;

&lt;p&gt;Now, CDM only makes claims about the macroscopic behavior of dark matter clouds. Any collection of objects that meets these criteria could be a dark matter candidate, so CDM is arguably a &lt;em&gt;category&lt;/em&gt; of dark matter candidates.&lt;/p&gt;

&lt;p&gt;WIMPs are really just the leading subcategory within CDM, just specifying that the object in question is a new particle in the standard model.&lt;/p&gt;
&lt;/div&gt;",False,False,False,,,,,0,1713977801.0,1713977801.0,0,,0,False,0,{},l12ijo6,False,,t3_1cc2olg,False,,,,[],t1_l12ijo6,False,,t3_1cc2olg,/r/AskPhysics/comments/1cc2olg/dark_matter/l12ijo6/,,,,False,36,False,True,False,AskPhysics,t5_2sumo,r/AskPhysics,public,,0,[],,36,[],t1
data_1,[],,,False,,TerraNeko_,,,[],,,,text,t2_2pr8eff3,False,False,False,[],,,"my favourite theory is probably axions cause they solve alot of issues at once, but its probably too good to be true lol.  
axions are dark matter candidates, solve the strong charge party problem and could even explain why there was more matter then anti matter in the early universe","&lt;div class=""md""&gt;&lt;p&gt;my favourite theory is probably axions cause they solve alot of issues at once, but its probably too good to be true lol.&lt;br/&gt;
axions are dark matter candidates, solve the strong charge party problem and could even explain why there was more matter then anti matter in the early universe&lt;/p&gt;
&lt;/div&gt;",False,False,False,,,,,0,1714004114.0,1714004114.0,0,,0,False,0,{},l14m4sd,False,,t3_1cc2olg,False,,,,[],t1_l14m4sd,False,,t3_1cc2olg,/r/AskPhysics/comments/1cc2olg/dark_matter/l14m4sd/,,"{'kind': 'Listing', 'data': {'after': None, 'dist': None, 'modhash': None, 'geo_filter': '', 'children': [{'kind': 't1', 'data': {'subreddit_id': 't5_2sumo', 'approved_at_utc': None, 'author_is_blocked': False, 'comment_type': None, 'awarders': [], 'mod_reason_by': None, 'banned_by': None, 'author_flair_type': 'text', 'total_awards_received': 0, 'subreddit': 'AskPhysics', 'author_flair_template_id': None, 'likes': None, 'replies': {'kind': 'Listing', 'data': {'after': None, 'dist': None, 'modhash': None, 'geo_filter': '', 'children': [{'kind': 't1', 'data': {'subreddit_id': 't5_2sumo', 'approved_at_utc': None, 'author_is_blocked': False, 'comment_type': None, 'awarders': [], 'mod_reason_by': None, 'banned_by': None, 'author_flair_type': 'text', 'total_awards_received': 0, 'subreddit': 'AskPhysics', 'author_flair_template_id': None, 'likes': None, 'replies': '', 'user_reports': [], 'saved': False, 'id': 'l16vsxz', 'banned_at_utc': None, 'mod_reason_title': None, 'gilded': 0, 'archived': False, 'collapsed_reason_code': None, 'no_follow': True, 'author': 'TerraNeko_', 'can_mod_post': False, 'send_replies': True, 'parent_id': 't1_l169nou', 'score': 1, 'author_fullname': 't2_2pr8eff3', 'removal_reason': None, 'approved_by': None, 'mod_note': None, 'all_awardings': [], 'body': 'if i remember right there are a few slightly different axion theories, one of them from quantum field theory (unless im being stupid rn) and another from string theory, one of them was like that yea, PBS spacetime has a good video on it', 'edited': False, 'top_awarded_type': None, 'downs': 0, 'author_flair_css_class': None, 'name': 't1_l16vsxz', 'is_submitter': False, 'collapsed': False, 'author_flair_richtext': [], 'author_patreon_flair': False, 'body_html': '&lt;div class=""md""&gt;&lt;p&gt;if i remember right there are a few slightly different axion theories, one of them from quantum field theory (unless im being stupid rn) and another from string theory, one of them was like that yea, PBS spacetime has a good video on it&lt;/p&gt;\n&lt;/div&gt;', 'gildings': {}, 'collapsed_reason': None, 'distinguished': None, 'associated_award': None, 'stickied': False, 'author_premium': False, 'can_gild': False, 'link_id': 't3_1cc2olg', 'unrepliable_reason': None, 'author_flair_text_color': None, 'score_hidden': False, 'permalink': '/r/AskPhysics/comments/1cc2olg/dark_matter/l16vsxz/', 'subreddit_type': 'public', 'locked': False, 'report_reasons': None, 'created': 1714048093.0, 'author_flair_text': None, 'treatment_tags': [], 'created_utc': 1714048093.0, 'subreddit_name_prefixed': 'r/AskPhysics', 'controversiality': 0, 'depth': 2, 'author_flair_background_color': None, 'collapsed_because_crowd_control': None, 'mod_reports': [], 'num_reports': None, 'ups': 1}}], 'before': None}}, 'user_reports': [], 'saved': False, 'id': 'l169nou', 'banned_at_utc': None, 'mod_reason_title': None, 'gilded': 0, 'archived': False, 'collapsed_reason_code': None, 'no_follow': True, 'author': 'DR0P_TABLE_STUDENT', 'can_mod_post': False, 'created_utc': 1714034870.0, 'send_replies': True, 'parent_id': 't1_l14m4sd', 'score': 1, 'author_fullname': 't2_xo5iq78eo', 'removal_reason': None, 'approved_by': None, 'mod_note': None, 'all_awardings': [], 'body': 'Could you elaborate on that?\n\nI think I heard about Axions as particles with DeBroglie (?) Wavelength of lightyears... or am I confusing things?', 'edited': False, 'top_awarded_type': None, 'author_flair_css_class': None, 'name': 't1_l169nou', 'is_submitter': False, 'downs': 0, 'author_flair_richtext': [], 'author_patreon_flair': False, 'body_html': '&lt;div class=""md""&gt;&lt;p&gt;Could you elaborate on that?&lt;/p&gt;\n\n&lt;p&gt;I think I heard about Axions as particles with DeBroglie (?) Wavelength of lightyears... or am I confusing things?&lt;/p&gt;\n&lt;/div&gt;', 'gildings': {}, 'collapsed_reason': None, 'distinguished': None, 'associated_award': None, 'stickied': False, 'author_premium': False, 'can_gild': False, 'link_id': 't3_1cc2olg', 'unrepliable_reason': None, 'author_flair_text_color': None, 'score_hidden': False, 'permalink': '/r/AskPhysics/comments/1cc2olg/dark_matter/l169nou/', 'subreddit_type': 'public', 'locked': False, 'report_reasons': None, 'created': 1714034870.0, 'author_flair_text': None, 'treatment_tags': [], 'collapsed': False, 'subreddit_name_prefixed': 'r/AskPhysics', 'controversiality': 0, 'depth': 1, 'author_flair_background_color': None, 'collapsed_because_crowd_control': None, 'mod_reports': [], 'num_reports': None, 'ups': 1}}], 'before': None}}",,False,11,False,True,False,AskPhysics,t5_2sumo,r/AskPhysics,public,,0,[],,11,[],t1
data_2,[],,,False,,ChangingMonkfish,,,[],,,,text,t2_jh7hx,False,False,False,[],,,Axions are becoming the leading theory I believe.,"&lt;div class=""md""&gt;&lt;p&gt;Axions are becoming the leading theory I believe.&lt;/p&gt;
&lt;/div&gt;",False,False,False,,,,,0,1714004813.0,1714004813.0,0,,0,False,0,{},l14nx6b,False,,t3_1cc2olg,False,,,,[],t1_l14nx6b,False,,t3_1cc2olg,/r/AskPhysics/comments/1cc2olg/dark_matter/l14nx6b/,,,,False,6,False,True,False,AskPhysics,t5_2sumo,r/AskPhysics,public,,0,[],,6,[],t1
data_3,[],,,False,,LtPoultry,,,[],,,,text,t2_akn5w,False,False,False,[],,,"I think we're at the point where there really isn't a leading theory. WIMPs have led the field for decades, but we probably would have expected to see them years ago if they were DM. A SUSY theorist can always make a new theoretical particle for you to look for, but the most natural ones have already been excluded. 

Axions have been the other leading candidate. There is still a lot of parameter space left to look for them, but the production mechanism isn't as well established as WIMPs. They would be produced during inflation which we just don't know that much about, where WIMPs are produced after inflation. They also require a special kind of inflation in order to be produced in such a way to explain CDM.

Primordial black holes have been going up and down in popularity. I think they're mostly ruled out just through microlensing searches. There may still be a window in the asteroid -mass range, but I think that would require our understanding of Hawking radiation to be wrong. 

I think a lot of people are thinking more along the lines of a ""dark sector"" which is basically just to say, ""I don't know, maybe there's a bunch of stuff out there that just doesn't happen to interact with our stuff"".","&lt;div class=""md""&gt;&lt;p&gt;I think we&amp;#39;re at the point where there really isn&amp;#39;t a leading theory. WIMPs have led the field for decades, but we probably would have expected to see them years ago if they were DM. A SUSY theorist can always make a new theoretical particle for you to look for, but the most natural ones have already been excluded. &lt;/p&gt;

&lt;p&gt;Axions have been the other leading candidate. There is still a lot of parameter space left to look for them, but the production mechanism isn&amp;#39;t as well established as WIMPs. They would be produced during inflation which we just don&amp;#39;t know that much about, where WIMPs are produced after inflation. They also require a special kind of inflation in order to be produced in such a way to explain CDM.&lt;/p&gt;

&lt;p&gt;Primordial black holes have been going up and down in popularity. I think they&amp;#39;re mostly ruled out just through microlensing searches. There may still be a window in the asteroid -mass range, but I think that would require our understanding of Hawking radiation to be wrong. &lt;/p&gt;

&lt;p&gt;I think a lot of people are thinking more along the lines of a &amp;quot;dark sector&amp;quot; which is basically just to say, &amp;quot;I don&amp;#39;t know, maybe there&amp;#39;s a bunch of stuff out there that just doesn&amp;#39;t happen to interact with our stuff&amp;quot;.&lt;/p&gt;
&lt;/div&gt;",False,False,False,,,,,0,1714019680.0,1714019680.0,0,,0,1714022643.0,0,{},l15mpeb,False,,t3_1cc2olg,False,,,,[],t1_l15mpeb,False,,t3_1cc2olg,/r/AskPhysics/comments/1cc2olg/dark_matter/l15mpeb/,,,,False,3,False,True,False,AskPhysics,t5_2sumo,r/AskPhysics,public,,0,[],,3,[],t1
data_4,[],,,False,,PaulsRedditUsername,,,[],,,,text,t2_n6shp,False,False,False,[],,,You know how there's always a sock missing when you take the laundry out of the dryer? Dark matter.,"&lt;div class=""md""&gt;&lt;p&gt;You know how there&amp;#39;s always a sock missing when you take the laundry out of the dryer? Dark matter.&lt;/p&gt;
&lt;/div&gt;",False,False,False,,,,,0,1713998310.0,1713998310.0,0,,0,False,0,{},l1478xw,False,,t3_1cc2olg,False,,,,[],t1_l1478xw,False,,t3_1cc2olg,/r/AskPhysics/comments/1cc2olg/dark_matter/l1478xw/,,,,False,10,False,True,False,AskPhysics,t5_2sumo,r/AskPhysics,public,,0,[],,10,[],t1
data_5,[],,,False,,eldahaiya,,pf,[],7ba8ac48-c6b2-11e4-9b49-22000b698517,Particle physics,dark,text,t2_9ertyv1,False,False,False,[],,,"Most theorists are somewhat agnostic: they study models of dark matter that they find well-motivated in some way or other, and often they find multiple, different models worth studying. Another approach is to try to be more model independent. WIMPs are still highly regarded (their demise is generally overstated to the public), but not very popular currently because there isn’t much of a sense that there’s a lot of new stuff to be discussed. Axions have been very popular over the last few years, since they’ve been neglected comparatively before. There has been a huge push to understand how to search for it. Other very intensely studied and generic models include sub-GeV portal models, sterile neutrinos, ultralight dark photons and primordial black holes. There are many other more specific models that people study too.","&lt;div class=""md""&gt;&lt;p&gt;Most theorists are somewhat agnostic: they study models of dark matter that they find well-motivated in some way or other, and often they find multiple, different models worth studying. Another approach is to try to be more model independent. WIMPs are still highly regarded (their demise is generally overstated to the public), but not very popular currently because there isn’t much of a sense that there’s a lot of new stuff to be discussed. Axions have been very popular over the last few years, since they’ve been neglected comparatively before. There has been a huge push to understand how to search for it. Other very intensely studied and generic models include sub-GeV portal models, sterile neutrinos, ultralight dark photons and primordial black holes. There are many other more specific models that people study too.&lt;/p&gt;
&lt;/div&gt;",False,False,False,,,,,0,1714053480.0,1714053480.0,0,,0,1714053763.0,0,{},l179ayb,False,,t3_1cc2olg,False,,,,[],t1_l179ayb,True,,t3_1cc2olg,/r/AskPhysics/comments/1cc2olg/dark_matter/l179ayb/,,,,False,2,False,True,False,AskPhysics,t5_2sumo,r/AskPhysics,public,,0,[],,2,[],t1
data_6,[],,,False,,Anonymous-USA,,,[],,,,text,t2_7h3ccwl3,False,False,False,[],,,I think heavy neutrinos were a good candidate but it’s properties are something that should have been seen in our colliders.  So I think that has swayed *more* cosmologists to embrace small primordial black holes as a leading candidate.  But not convincing by any means — there’s a lack of observational evidence.  We can only study it’s effects (and there is *alot* of evidence for that),"&lt;div class=""md""&gt;&lt;p&gt;I think heavy neutrinos were a good candidate but it’s properties are something that should have been seen in our colliders.  So I think that has swayed &lt;em&gt;more&lt;/em&gt; cosmologists to embrace small primordial black holes as a leading candidate.  But not convincing by any means — there’s a lack of observational evidence.  We can only study it’s effects (and there is &lt;em&gt;alot&lt;/em&gt; of evidence for that)&lt;/p&gt;
&lt;/div&gt;",False,False,False,,,,,0,1713978070.0,1713978070.0,0,,0,False,0,{},l12jcx1,False,,t3_1cc2olg,False,,,,[],t1_l12jcx1,False,,t3_1cc2olg,/r/AskPhysics/comments/1cc2olg/dark_matter/l12jcx1/,,"{'kind': 'Listing', 'data': {'after': None, 'dist': None, 'modhash': None, 'geo_filter': '', 'children': [{'kind': 't1', 'data': {'subreddit_id': 't5_2sumo', 'approved_at_utc': None, 'author_is_blocked': False, 'comment_type': None, 'awarders': [], 'mod_reason_by': None, 'banned_by': None, 'author_flair_type': 'text', 'total_awards_received': 0, 'subreddit': 'AskPhysics', 'author_flair_template_id': None, 'likes': None, 'replies': {'kind': 'Listing', 'data': {'after': None, 'dist': None, 'modhash': None, 'geo_filter': '', 'children': [{'kind': 't1', 'data': {'subreddit_id': 't5_2sumo', 'approved_at_utc': None, 'author_is_blocked': False, 'comment_type': None, 'awarders': [], 'mod_reason_by': None, 'banned_by': None, 'author_flair_type': 'text', 'total_awards_received': 0, 'subreddit': 'AskPhysics', 'author_flair_template_id': None, 'likes': None, 'replies': {'kind': 'Listing', 'data': {'after': None, 'dist': None, 'modhash': None, 'geo_filter': '', 'children': [{'kind': 't1', 'data': {'subreddit_id': 't5_2sumo', 'approved_at_utc': None, 'author_is_blocked': False, 'comment_type': None, 'awarders': [], 'mod_reason_by': None, 'banned_by': None, 'author_flair_type': 'text', 'total_awards_received': 0, 'subreddit': 'AskPhysics', 'author_flair_template_id': None, 'likes': None, 'replies': {'kind': 'Listing', 'data': {'after': None, 'dist': None, 'modhash': None, 'geo_filter': '', 'children': [{'kind': 't1', 'data': {'subreddit_id': 't5_2sumo', 'approved_at_utc': None, 'author_is_blocked': False, 'comment_type': None, 'awarders': [], 'mod_reason_by': None, 'banned_by': None, 'author_flair_type': 'text', 'total_awards_received': 0, 'subreddit': 'AskPhysics', 'author_flair_template_id': None, 'distinguished': None, 'likes': None, 'replies': '', 'user_reports': [], 'saved': False, 'id': 'l1777xd', 'banned_at_utc': None, 'mod_reason_title': None, 'gilded': 0, 'archived': False, 'collapsed_reason_code': None, 'no_follow': True, 'author': 'LtPoultry', 'can_mod_post': False, 'send_replies': True, 'parent_id': 't1_l161l4b', 'score': 2, 'author_fullname': 't2_akn5w', 'removal_reason': None, 'approved_by': None, 'mod_note': None, 'all_awardings': [], 'body': ""I know! What I love most about them is that I don't actually know how to detect them. Even if you had a 100 ton black hole pass through the earth, how would we detect it? The Schwatzchild radius would be more than a million times smaller than a proton an the gravitational effect would be negligible. I'm sure LIGO could see it, but I don't know what the signature would look like."", 'edited': False, 'author_flair_css_class': None, 'name': 't1_l1777xd', 'is_submitter': False, 'downs': 0, 'author_flair_richtext': [], 'author_patreon_flair': False, 'body_html': '&lt;div class=""md""&gt;&lt;p&gt;I know! What I love most about them is that I don&amp;#39;t actually know how to detect them. Even if you had a 100 ton black hole pass through the earth, how would we detect it? The Schwatzchild radius would be more than a million times smaller than a proton an the gravitational effect would be negligible. I&amp;#39;m sure LIGO could see it, but I don&amp;#39;t know what the signature would look like.&lt;/p&gt;\n&lt;/div&gt;', 'gildings': {}, 'collapsed_reason': None, 'link_id': 't3_1cc2olg', 'associated_award': None, 'stickied': False, 'author_premium': False, 'can_gild': False, 'top_awarded_type': None, 'unrepliable_reason': None, 'author_flair_text_color': None, 'treatment_tags': [], 'score_hidden': False, 'permalink': '/r/AskPhysics/comments/1cc2olg/dark_matter/l1777xd/', 'subreddit_type': 'public', 'locked': False, 'report_reasons': None, 'created': 1714052716.0, 'author_flair_text': None, 'collapsed': False, 'created_utc': 1714052716.0, 'subreddit_name_prefixed': 'r/AskPhysics', 'controversiality': 0, 'depth': 4, 'author_flair_background_color': None, 'collapsed_because_crowd_control': None, 'mod_reports': [], 'num_reports': None, 'ups': 2}}], 'before': None}}, 'user_reports': [], 'saved': False, 'id': 'l161l4b', 'banned_at_utc': None, 'mod_reason_title': None, 'gilded': 0, 'archived': False, 'collapsed_reason_code': None, 'no_follow': True, 'author': 'OldRightBoot', 'can_mod_post': False, 'send_replies': True, 'parent_id': 't1_l15rm45', 'score': 3, 'author_fullname': 't2_a4e45ec2', 'removal_reason': None, 'approved_by': None, 'mod_note': None, 'all_awardings': [], 'collapsed': False, 'body': 'The coolness factor of PBHs cannot be understated. That’s why they’re my favorite for DM. Also the fact that the answer might be conceptually that simple (on a surface level at least). Like, I imagine someone going:\n\n“So there definitely seems to be something that causes these effects, but we don’t see/measure anything.”\n\n“What if it’s black holes? Those do stuff and are black right?”\n\n“But they’re huge. We’d see them. There’s lensing and other effects that-“\n\n“Small black holes.”\n\n“Small black holes? What are you talking about, they’d still have to be-“\n\n“No, no, like *really* small. Tiny little fellas. Itty bitty, to be exact.”', 'edited': False, 'top_awarded_type': None, 'author_flair_css_class': None, 'name': 't1_l161l4b', 'is_submitter': False, 'downs': 0, 'author_flair_richtext': [], 'author_patreon_flair': False, 'body_html': '&lt;div class=""md""&gt;&lt;p&gt;The coolness factor of PBHs cannot be understated. That’s why they’re my favorite for DM. Also the fact that the answer might be conceptually that simple (on a surface level at least). Like, I imagine someone going:&lt;/p&gt;\n\n&lt;p&gt;“So there definitely seems to be something that causes these effects, but we don’t see/measure anything.”&lt;/p&gt;\n\n&lt;p&gt;“What if it’s black holes? Those do stuff and are black right?”&lt;/p&gt;\n\n&lt;p&gt;“But they’re huge. We’d see them. There’s lensing and other effects that-“&lt;/p&gt;\n\n&lt;p&gt;“Small black holes.”&lt;/p&gt;\n\n&lt;p&gt;“Small black holes? What are you talking about, they’d still have to be-“&lt;/p&gt;\n\n&lt;p&gt;“No, no, like &lt;em&gt;really&lt;/em&gt; small. Tiny little fellas. Itty bitty, to be exact.”&lt;/p&gt;\n&lt;/div&gt;', 'gildings': {}, 'collapsed_reason': None, 'distinguished': None, 'associated_award': None, 'stickied': False, 'author_premium': False, 'can_gild': False, 'link_id': 't3_1cc2olg', 'unrepliable_reason': None, 'author_flair_text_color': None, 'score_hidden': False, 'permalink': '/r/AskPhysics/comments/1cc2olg/dark_matter/l161l4b/', 'subreddit_type': 'public', 'locked': False, 'report_reasons': None, 'created': 1714028895.0, 'author_flair_text': None, 'treatment_tags': [], 'created_utc': 1714028895.0, 'subreddit_name_prefixed': 'r/AskPhysics', 'controversiality': 0, 'depth': 3, 'author_flair_background_color': None, 'collapsed_because_crowd_control': None, 'mod_reports': [], 'num_reports': None, 'ups': 3}}, {'kind': 't1', 'data': {'subreddit_id': 't5_2sumo', 'approved_at_utc': None, 'author_is_blocked': False, 'comment_type': None, 'awarders': [], 'mod_reason_by': None, 'banned_by': None, 'author_flair_type': 'text', 'total_awards_received': 0, 'subreddit': 'AskPhysics', 'author_flair_template_id': None, 'likes': None, 'replies': '', 'user_reports': [], 'saved': False, 'id': 'l191enr', 'banned_at_utc': None, 'mod_reason_title': None, 'gilded': 0, 'archived': False, 'collapsed_reason_code': None, 'no_follow': True, 'author': 'LiquidCoal', 'can_mod_post': False, 'send_replies': True, 'parent_id': 't1_l15rm45', 'score': 1, 'author_fullname': 't2_12kths3r', 'removal_reason': None, 'approved_by': None, 'mod_note': None, 'all_awardings': [], 'collapsed': False, 'body': ""&gt; An axion isn't a WIMP\n\nI do not know why I just suggested they were. That was a huge blunder on my account. I knew that they were not WIMPs, but I was too focused on the fact that they are dark matter candidates that I accidentally ignored the definition of WIMP.\n\nThank you for correcting me."", 'edited': 1714078066.0, 'top_awarded_type': None, 'author_flair_css_class': None, 'name': 't1_l191enr', 'is_submitter': False, 'downs': 0, 'author_flair_richtext': [], 'author_patreon_flair': False, 'body_html': '&lt;div class=""md""&gt;&lt;blockquote&gt;\n&lt;p&gt;An axion isn&amp;#39;t a WIMP&lt;/p&gt;\n&lt;/blockquote&gt;\n\n&lt;p&gt;I do not know why I just suggested they were. That was a huge blunder on my account. I knew that they were not WIMPs, but I was too focused on the fact that they are dark matter candidates that I accidentally ignored the definition of WIMP.&lt;/p&gt;\n\n&lt;p&gt;Thank you for correcting me.&lt;/p&gt;\n&lt;/div&gt;', 'gildings': {}, 'collapsed_reason': None, 'distinguished': None, 'associated_award': None, 'stickied': False, 'author_premium': False, 'can_gild': False, 'link_id': 't3_1cc2olg', 'unrepliable_reason': None, 'author_flair_text_color': None, 'score_hidden': False, 'permalink': '/r/AskPhysics/comments/1cc2olg/dark_matter/l191enr/', 'subreddit_type': 'public', 'locked': False, 'report_reasons': None, 'created': 1714077350.0, 'author_flair_text': None, 'treatment_tags': [], 'created_utc': 1714077350.0, 'subreddit_name_prefixed': 'r/AskPhysics', 'controversiality': 0, 'depth': 3, 'author_flair_background_color': None, 'collapsed_because_crowd_control': None, 'mod_reports': [], 'num_reports': None, 'ups': 1}}], 'before': None}}, 'user_reports': [], 'saved': False, 'id': 'l15rm45', 'banned_at_utc': None, 'mod_reason_title': None, 'gilded': 0, 'archived': False, 'collapsed_reason_code': None, 'no_follow': True, 'author': 'LtPoultry', 'can_mod_post': False, 'send_replies': True, 'parent_id': 't1_l12k26h', 'score': 2, 'author_fullname': 't2_akn5w', 'removal_reason': None, 'approved_by': None, 'mod_note': None, 'all_awardings': [], 'body': ""&gt;It is a minority position that has to come to terms with observations that severely constrain it.\n\nThat's probably fair, but come on, PBHs are so cool!\n\n&gt;WIMPs are the leading candidates.\n\nThat's debatable. 20 years ago definitely, but pretty much all of the most natural WIMP candidates have been ruled out. Theorists can always come up with more exotic particles though.\n\n&gt;There are plenty of other popular WIMP candidates, like the axion, as well as SUSY particles.\n\nAn axion isn't a WIMP, it's a different kind of particle stemming from a solution to the strong CP problem. I think axions are probably tied in popularity with WIMPs at this point."", 'edited': False, 'top_awarded_type': None, 'downs': 0, 'author_flair_css_class': None, 'name': 't1_l15rm45', 'is_submitter': False, 'collapsed': False, 'author_flair_richtext': [], 'author_patreon_flair': False, 'body_html': '&lt;div class=""md""&gt;&lt;blockquote&gt;\n&lt;p&gt;It is a minority position that has to come to terms with observations that severely constrain it.&lt;/p&gt;\n&lt;/blockquote&gt;\n\n&lt;p&gt;That&amp;#39;s probably fair, but come on, PBHs are so cool!&lt;/p&gt;\n\n&lt;blockquote&gt;\n&lt;p&gt;WIMPs are the leading candidates.&lt;/p&gt;\n&lt;/blockquote&gt;\n\n&lt;p&gt;That&amp;#39;s debatable. 20 years ago definitely, but pretty much all of the most natural WIMP candidates have been ruled out. Theorists can always come up with more exotic particles though.&lt;/p&gt;\n\n&lt;blockquote&gt;\n&lt;p&gt;There are plenty of other popular WIMP candidates, like the axion, as well as SUSY particles.&lt;/p&gt;\n&lt;/blockquote&gt;\n\n&lt;p&gt;An axion isn&amp;#39;t a WIMP, it&amp;#39;s a different kind of particle stemming from a solution to the strong CP problem. I think axions are probably tied in popularity with WIMPs at this point.&lt;/p&gt;\n&lt;/div&gt;', 'gildings': {}, 'collapsed_reason': None, 'distinguished': None, 'associated_award': None, 'stickied': False, 'author_premium': False, 'can_gild': False, 'link_id': 't3_1cc2olg', 'unrepliable_reason': None, 'author_flair_text_color': None, 'score_hidden': False, 'permalink': '/r/AskPhysics/comments/1cc2olg/dark_matter/l15rm45/', 'subreddit_type': 'public', 'locked': False, 'report_reasons': None, 'created': 1714022445.0, 'author_flair_text': None, 'treatment_tags': [], 'created_utc': 1714022445.0, 'subreddit_name_prefixed': 'r/AskPhysics', 'controversiality': 0, 'depth': 2, 'author_flair_background_color': None, 'collapsed_because_crowd_control': None, 'mod_reports': [], 'num_reports': None, 'ups': 2}}, {'kind': 't1', 'data': {'subreddit_id': 't5_2sumo', 'approved_at_utc': None, 'author_is_blocked': False, 'comment_type': None, 'awarders': [], 'mod_reason_by': None, 'banned_by': None, 'author_flair_type': 'text', 'total_awards_received': 0, 'subreddit': 'AskPhysics', 'author_flair_template_id': '9245fcd0-c6b2-11e4-9133-22000b6e00bb', 'likes': None, 'replies': {'kind': 'Listing', 'data': {'after': None, 'dist': None, 'modhash': None, 'geo_filter': '', 'children': [{'kind': 't1', 'data': {'total_awards_received': 0, 'approved_at_utc': None, 'author_is_blocked': False, 'comment_type': None, 'awarders': [], 'mod_reason_by': None, 'banned_by': None, 'ups': 2, 'removal_reason': None, 'link_id': 't3_1cc2olg', 'author_flair_template_id': None, 'likes': None, 'replies': {'kind': 'Listing', 'data': {'after': None, 'dist': None, 'modhash': None, 'geo_filter': '', 'children': [{'kind': 't1', 'data': {'subreddit_id': 't5_2sumo', 'approved_at_utc': None, 'author_is_blocked': False, 'comment_type': None, 'awarders': [], 'mod_reason_by': None, 'banned_by': None, 'author_flair_type': 'text', 'total_awards_received': 0, 'subreddit': 'AskPhysics', 'author_flair_template_id': '9245fcd0-c6b2-11e4-9133-22000b6e00bb', 'distinguished': None, 'likes': None, 'replies': '', 'user_reports': [], 'saved': False, 'id': 'l12ufaw', 'banned_at_utc': None, 'mod_reason_title': None, 'gilded': 0, 'archived': False, 'collapsed_reason_code': None, 'no_follow': True, 'author': 'GammaCatastrophe', 'can_mod_post': False, 'send_replies': True, 'parent_id': 't1_l12ophf', 'score': 2, 'author_fullname': 't2_ym9ipy97y', 'removal_reason': None, 'approved_by': None, 'mod_note': None, 'all_awardings': [], 'body': ""Lol I wasn't even aware about that. (Well kind of,since I still saw it but it was a quick glance and my brain autocorrected me to read it as *axion*.) Anyways enjoy your day :)"", 'edited': 1713982290.0, 'author_flair_css_class': 'inter', 'name': 't1_l12ufaw', 'is_submitter': False, 'downs': 0, 'author_flair_richtext': [], 'author_patreon_flair': False, 'body_html': '&lt;div class=""md""&gt;&lt;p&gt;Lol I wasn&amp;#39;t even aware about that. (Well kind of,since I still saw it but it was a quick glance and my brain autocorrected me to read it as &lt;em&gt;axion&lt;/em&gt;.) Anyways enjoy your day :)&lt;/p&gt;\n&lt;/div&gt;', 'gildings': {}, 'collapsed_reason': None, 'link_id': 't3_1cc2olg', 'associated_award': None, 'stickied': False, 'author_premium': False, 'can_gild': False, 'top_awarded_type': None, 'unrepliable_reason': None, 'author_flair_text_color': 'dark', 'treatment_tags': [], 'score_hidden': False, 'permalink': '/r/AskPhysics/comments/1cc2olg/dark_matter/l12ufaw/', 'subreddit_type': 'public', 'locked': False, 'report_reasons': None, 'created': 1713981717.0, 'author_flair_text': 'Statistical and nonlinear physics', 'collapsed': False, 'created_utc': 1713981717.0, 'subreddit_name_prefixed': 'r/AskPhysics', 'controversiality': 0, 'depth': 4, 'author_flair_background_color': None, 'collapsed_because_crowd_control': None, 'mod_reports': [], 'num_reports': None, 'ups': 2}}], 'before': None}}, 'user_reports': [], 'saved': False, 'id': 'l12ophf', 'banned_at_utc': None, 'mod_reason_title': None, 'gilded': 0, 'archived': False, 'collapsed_reason_code': None, 'no_follow': True, 'author': '[deleted]', 'can_mod_post': False, 'send_replies': True, 'parent_id': 't1_l12o1x2', 'score': 2, 'approved_by': None, 'report_reasons': None, 'all_awardings': [], 'subreddit_id': 't5_2sumo', 'body': '[deleted]', 'edited': False, 'downs': 0, 'author_flair_css_class': None, 'collapsed': False, 'is_submitter': False, 'body_html': '&lt;div class=""md""&gt;&lt;p&gt;[deleted]&lt;/p&gt;\n&lt;/div&gt;', 'gildings': {}, 'collapsed_reason': None, 'associated_award': None, 'stickied': False, 'subreddit_type': 'public', 'can_gild': False, 'top_awarded_type': None, 'unrepliable_reason': None, 'author_flair_text_color': 'dark', 'score_hidden': False, 'permalink': '/r/AskPhysics/comments/1cc2olg/dark_matter/l12ophf/', 'num_reports': None, 'locked': False, 'name': 't1_l12ophf', 'created': 1713979842.0, 'subreddit': 'AskPhysics', 'author_flair_text': None, 'treatment_tags': [], 'created_utc': 1713979842.0, 'subreddit_name_prefixed': 'r/AskPhysics', 'controversiality': 0, 'depth': 3, 'author_flair_background_color': '', 'collapsed_because_crowd_control': None, 'mod_reports': [], 'mod_note': None, 'distinguished': None}}], 'before': None}}, 'user_reports': [], 'saved': False, 'id': 'l12o1x2', 'banned_at_utc': None, 'mod_reason_title': None, 'gilded': 0, 'archived': False, 'collapsed_reason_code': None, 'no_follow': True, 'author': 'GammaCatastrophe', 'can_mod_post': False, 'send_replies': True, 'parent_id': 't1_l12k26h', 'score': 1, 'author_fullname': 't2_ym9ipy97y', 'removal_reason': None, 'approved_by': None, 'mod_note': None, 'all_awardings': [], 'body': 'I thought axions were the mainstream buzz?', 'edited': False, 'top_awarded_type': None, 'downs': 0, 'author_flair_css_class': 'inter', 'name': 't1_l12o1x2', 'is_submitter': False, 'collapsed': False, 'author_flair_richtext': [], 'author_patreon_flair': False, 'body_html': '&lt;div class=""md""&gt;&lt;p&gt;I thought axions were the mainstream buzz?&lt;/p&gt;\n&lt;/div&gt;', 'gildings': {}, 'collapsed_reason': None, 'distinguished': None, 'associated_award': None, 'stickied': False, 'author_premium': False, 'can_gild': False, 'link_id': 't3_1cc2olg', 'unrepliable_reason': None, 'author_flair_text_color': 'dark', 'score_hidden': False, 'permalink': '/r/AskPhysics/comments/1cc2olg/dark_matter/l12o1x2/', 'subreddit_type': 'public', 'locked': False, 'report_reasons': None, 'created': 1713979627.0, 'author_flair_text': 'Statistical and nonlinear physics', 'treatment_tags': [], 'created_utc': 1713979627.0, 'subreddit_name_prefixed': 'r/AskPhysics', 'controversiality': 0, 'depth': 2, 'author_flair_background_color': None, 'collapsed_because_crowd_control': None, 'mod_reports': [], 'num_reports': None, 'ups': 1}}], 'before': None}}, 'user_reports': [], 'saved': False, 'id': 'l12k26h', 'banned_at_utc': None, 'mod_reason_title': None, 'gilded': 0, 'archived': False, 'collapsed_reason_code': None, 'no_follow': False, 'author': 'LiquidCoal', 'can_mod_post': False, 'created_utc': 1713978306.0, 'send_replies': True, 'parent_id': 't1_l12jcx1', 'score': 10, 'author_fullname': 't2_12kths3r', 'removal_reason': None, 'approved_by': None, 'mod_note': None, 'all_awardings': [], 'body': '&gt;  So I think that has swayed more cosmologists to embrace small primordial black holes as a leading candidate.\n\nIt is a minority position that has to come to terms with observations that severely constrain it. Axions and WIMPs are leading candidates.\n\n&gt;I think heavy neutrinos were a good candidate but it’s properties are something that should have been seen in our colliders.\n\nHeavy sterile neutrinos are predicted to be around the GUT scale in the seesaw mechanism. There are plenty of other popular WIMP candidates like SUSY particles.\n\n[Edit: fixed erroneous claim that axions WIMPs, which directly contradicts the definition of WIMP]', 'edited': 1714078182.0, 'top_awarded_type': None, 'author_flair_css_class': None, 'name': 't1_l12k26h', 'is_submitter': False, 'downs': 0, 'author_flair_richtext': [], 'author_patreon_flair': False, 'body_html': '&lt;div class=""md""&gt;&lt;blockquote&gt;\n&lt;p&gt;So I think that has swayed more cosmologists to embrace small primordial black holes as a leading candidate.&lt;/p&gt;\n&lt;/blockquote&gt;\n\n&lt;p&gt;It is a minority position that has to come to terms with observations that severely constrain it. Axions and WIMPs are leading candidates.&lt;/p&gt;\n\n&lt;blockquote&gt;\n&lt;p&gt;I think heavy neutrinos were a good candidate but it’s properties are something that should have been seen in our colliders.&lt;/p&gt;\n&lt;/blockquote&gt;\n\n&lt;p&gt;Heavy sterile neutrinos are predicted to be around the GUT scale in the seesaw mechanism. There are plenty of other popular WIMP candidates like SUSY particles.&lt;/p&gt;\n\n&lt;p&gt;[Edit: fixed erroneous claim that axions WIMPs, which directly contradicts the definition of WIMP]&lt;/p&gt;\n&lt;/div&gt;', 'gildings': {}, 'collapsed_reason': None, 'distinguished': None, 'associated_award': None, 'stickied': False, 'author_premium': False, 'can_gild': False, 'link_id': 't3_1cc2olg', 'unrepliable_reason': None, 'author_flair_text_color': None, 'score_hidden': False, 'permalink': '/r/AskPhysics/comments/1cc2olg/dark_matter/l12k26h/', 'subreddit_type': 'public', 'locked': False, 'report_reasons': None, 'created': 1713978306.0, 'author_flair_text': None, 'treatment_tags': [], 'collapsed': False, 'subreddit_name_prefixed': 'r/AskPhysics', 'controversiality': 0, 'depth': 1, 'author_flair_background_color': None, 'collapsed_because_crowd_control': None, 'mod_reports': [], 'num_reports': None, 'ups': 10}}], 'before': None}}",,False,3,False,True,False,AskPhysics,t5_2sumo,r/AskPhysics,public,,0,[],,3,[],t1
data_7,[],,,False,,Prof_Sarcastic,,,[],,,,text,t2_7rtkedgv,False,False,False,[],,,I’d say the most popular idea is that dark matter is some flavor of particle that’s about it. These you can separate it into two campus: WIMPS and axions. Axions is a generic and catchall term that’s come to me any particle model (usually a pseudo scalar but not necessarily) of dark matter that isn’t a WIMP.,"&lt;div class=""md""&gt;&lt;p&gt;I’d say the most popular idea is that dark matter is some flavor of particle that’s about it. These you can separate it into two campus: WIMPS and axions. Axions is a generic and catchall term that’s come to me any particle model (usually a pseudo scalar but not necessarily) of dark matter that isn’t a WIMP.&lt;/p&gt;
&lt;/div&gt;",False,False,False,,,,,1,1713982013.0,1713982013.0,0,,0,False,0,{},l12vb5t,False,,t3_1cc2olg,False,,,,[],t1_l12vb5t,True,,t3_1cc2olg,/r/AskPhysics/comments/1cc2olg/dark_matter/l12vb5t/,,"{'kind': 'Listing', 'data': {'after': None, 'dist': None, 'modhash': None, 'geo_filter': '', 'children': [{'kind': 't1', 'data': {'subreddit_id': 't5_2sumo', 'approved_at_utc': None, 'author_is_blocked': False, 'comment_type': None, 'awarders': [], 'mod_reason_by': None, 'banned_by': None, 'author_flair_type': 'text', 'total_awards_received': 0, 'subreddit': 'AskPhysics', 'author_flair_template_id': None, 'likes': None, 'replies': {'kind': 'Listing', 'data': {'after': None, 'dist': None, 'modhash': None, 'geo_filter': '', 'children': [{'kind': 't1', 'data': {'subreddit_id': 't5_2sumo', 'approved_at_utc': None, 'author_is_blocked': False, 'comment_type': None, 'awarders': [], 'mod_reason_by': None, 'banned_by': None, 'author_flair_type': 'text', 'total_awards_received': 0, 'subreddit': 'AskPhysics', 'author_flair_template_id': None, 'likes': None, 'replies': {'kind': 'Listing', 'data': {'after': None, 'dist': None, 'modhash': None, 'geo_filter': '', 'children': [{'kind': 't1', 'data': {'subreddit_id': 't5_2sumo', 'approved_at_utc': None, 'author_is_blocked': False, 'comment_type': None, 'awarders': [], 'mod_reason_by': None, 'banned_by': None, 'author_flair_type': 'text', 'total_awards_received': 0, 'subreddit': 'AskPhysics', 'author_flair_template_id': None, 'likes': None, 'replies': {'kind': 'Listing', 'data': {'after': None, 'dist': None, 'modhash': None, 'geo_filter': '', 'children': [{'kind': 't1', 'data': {'subreddit_id': 't5_2sumo', 'approved_at_utc': None, 'author_is_blocked': False, 'comment_type': None, 'awarders': [], 'mod_reason_by': None, 'banned_by': None, 'author_flair_type': 'text', 'total_awards_received': 0, 'subreddit': 'AskPhysics', 'author_flair_template_id': None, 'distinguished': None, 'likes': None, 'replies': {'kind': 'Listing', 'data': {'after': None, 'dist': None, 'modhash': None, 'geo_filter': '', 'children': [{'kind': 't1', 'data': {'subreddit_id': 't5_2sumo', 'approved_at_utc': None, 'author_is_blocked': False, 'comment_type': None, 'awarders': [], 'mod_reason_by': None, 'banned_by': None, 'author_flair_type': 'text', 'total_awards_received': 0, 'subreddit': 'AskPhysics', 'author_flair_template_id': None, 'distinguished': None, 'likes': None, 'replies': '', 'user_reports': [], 'saved': False, 'id': 'l175eev', 'banned_at_utc': None, 'mod_reason_title': None, 'gilded': 0, 'archived': False, 'collapsed_reason_code': None, 'no_follow': True, 'author': 'LtPoultry', 'can_mod_post': False, 'send_replies': True, 'parent_id': 't1_l167qr3', 'score': 1, 'author_fullname': 't2_akn5w', 'approved_by': None, 'mod_note': None, 'all_awardings': [], 'body': '&gt;Then you agree that WIMPs is a pretty generic term for a class of particles then?\n\nI said that in my first reply. But in your original comment I think you said something to the effect that a WIMP is any massive massive particle that interacts at the scale of the weak nuclear force or weaker. WIMPs, in the context of DM searches, do have two specific characteristics. They interact via the weak nuclear force, and are produced thermally during the big bang.\n\nYou similarly go too far even for ALPs. They aren\'t ""any DM particle that isn\'t a WIMP"", they have a specific photon coupling and are produced via the misalignment mechanism. This is a good review paper that describes ALP characteristics. https://arxiv.org/abs/1201.5902 \n\n&gt;I’ve never heard of a WIMP *background* before. Whatever you mean by background, it’s probably not in the same sense as what we typically mean in the case of the CMB or the CνB.\n\nWIMP dark matter is a cosmic background in the exact same way as the CMB and the CNB. They are relic particles that were in thermal equilibrium during the big bang until the universe expanded enough that they could no longer find each other to annihilate. In the case of the CMB it\'s that they can no longer find an electron or proton to scatter with.', 'edited': False, 'gildings': {}, 'downs': 0, 'author_flair_css_class': None, 'name': 't1_l175eev', 'is_submitter': False, 'collapsed': False, 'author_flair_richtext': [], 'author_patreon_flair': False, 'body_html': '&lt;div class=""md""&gt;&lt;blockquote&gt;\n&lt;p&gt;Then you agree that WIMPs is a pretty generic term for a class of particles then?&lt;/p&gt;\n&lt;/blockquote&gt;\n\n&lt;p&gt;I said that in my first reply. But in your original comment I think you said something to the effect that a WIMP is any massive massive particle that interacts at the scale of the weak nuclear force or weaker. WIMPs, in the context of DM searches, do have two specific characteristics. They interact via the weak nuclear force, and are produced thermally during the big bang.&lt;/p&gt;\n\n&lt;p&gt;You similarly go too far even for ALPs. They aren&amp;#39;t &amp;quot;any DM particle that isn&amp;#39;t a WIMP&amp;quot;, they have a specific photon coupling and are produced via the misalignment mechanism. This is a good review paper that describes ALP characteristics. &lt;a href=""https://arxiv.org/abs/1201.5902""&gt;https://arxiv.org/abs/1201.5902&lt;/a&gt; &lt;/p&gt;\n\n&lt;blockquote&gt;\n&lt;p&gt;I’ve never heard of a WIMP &lt;em&gt;background&lt;/em&gt; before. Whatever you mean by background, it’s probably not in the same sense as what we typically mean in the case of the CMB or the CνB.&lt;/p&gt;\n&lt;/blockquote&gt;\n\n&lt;p&gt;WIMP dark matter is a cosmic background in the exact same way as the CMB and the CNB. They are relic particles that were in thermal equilibrium during the big bang until the universe expanded enough that they could no longer find each other to annihilate. In the case of the CMB it&amp;#39;s that they can no longer find an electron or proton to scatter with.&lt;/p&gt;\n&lt;/div&gt;', 'removal_reason': None, 'collapsed_reason': None, 'link_id': 't3_1cc2olg', 'associated_award': None, 'stickied': False, 'author_premium': False, 'can_gild': False, 'top_awarded_type': None, 'unrepliable_reason': None, 'author_flair_text_color': None, 'score_hidden': False, 'permalink': '/r/AskPhysics/comments/1cc2olg/dark_matter/l175eev/', 'subreddit_type': 'public', 'locked': False, 'report_reasons': None, 'created': 1714052040.0, 'author_flair_text': None, 'treatment_tags': [], 'created_utc': 1714052040.0, 'subreddit_name_prefixed': 'r/AskPhysics', 'controversiality': 0, 'depth': 5, 'author_flair_background_color': None, 'collapsed_because_crowd_control': None, 'mod_reports': [], 'num_reports': None, 'ups': 1}}], 'before': None}}, 'user_reports': [], 'saved': False, 'id': 'l167qr3', 'banned_at_utc': None, 'mod_reason_title': None, 'gilded': 0, 'archived': False, 'collapsed_reason_code': None, 'no_follow': True, 'author': 'Prof_Sarcastic', 'can_mod_post': False, 'send_replies': True, 'parent_id': 't1_l15pwho', 'score': 1, 'author_fullname': 't2_7rtkedgv', 'removal_reason': None, 'approved_by': None, 'mod_note': None, 'all_awardings': [], 'body': '&gt;That is literally just a restatement of my definition. \n\nThen you agree that WIMPs is a pretty generic term for a class of particles then? The category of weakly interacting is itself a very broad term. \n\n&gt;Thermal production is the name of the process that create cosmic backgrounds like CMB, CNB, or WIMP dark matter. \n\nI don’t doubt that you can produce photons, neutrinos, or dark matter from thermal processes. I’ve never heard of a WIMP *background* before. Whatever you mean by background, it’s probably not in the same sense as what we typically mean in the case of the CMB or the CνB.', 'edited': False, 'author_flair_css_class': None, 'name': 't1_l167qr3', 'is_submitter': False, 'downs': 0, 'author_flair_richtext': [], 'author_patreon_flair': False, 'body_html': '&lt;div class=""md""&gt;&lt;blockquote&gt;\n&lt;p&gt;That is literally just a restatement of my definition. &lt;/p&gt;\n&lt;/blockquote&gt;\n\n&lt;p&gt;Then you agree that WIMPs is a pretty generic term for a class of particles then? The category of weakly interacting is itself a very broad term. &lt;/p&gt;\n\n&lt;blockquote&gt;\n&lt;p&gt;Thermal production is the name of the process that create cosmic backgrounds like CMB, CNB, or WIMP dark matter. &lt;/p&gt;\n&lt;/blockquote&gt;\n\n&lt;p&gt;I don’t doubt that you can produce photons, neutrinos, or dark matter from thermal processes. I’ve never heard of a WIMP &lt;em&gt;background&lt;/em&gt; before. Whatever you mean by background, it’s probably not in the same sense as what we typically mean in the case of the CMB or the CνB.&lt;/p&gt;\n&lt;/div&gt;', 'gildings': {}, 'collapsed_reason': None, 'link_id': 't3_1cc2olg', 'associated_award': None, 'stickied': False, 'author_premium': False, 'can_gild': False, 'top_awarded_type': None, 'unrepliable_reason': None, 'author_flair_text_color': None, 'treatment_tags': [], 'score_hidden': False, 'permalink': '/r/AskPhysics/comments/1cc2olg/dark_matter/l167qr3/', 'subreddit_type': 'public', 'locked': False, 'report_reasons': None, 'created': 1714033414.0, 'author_flair_text': None, 'collapsed': False, 'created_utc': 1714033414.0, 'subreddit_name_prefixed': 'r/AskPhysics', 'controversiality': 0, 'depth': 4, 'author_flair_background_color': None, 'collapsed_because_crowd_control': None, 'mod_reports': [], 'num_reports': None, 'ups': 1}}], 'before': None}}, 'user_reports': [], 'saved': False, 'id': 'l15pwho', 'banned_at_utc': None, 'mod_reason_title': None, 'gilded': 0, 'archived': False, 'collapsed_reason_code': None, 'no_follow': True, 'author': 'LtPoultry', 'can_mod_post': False, 'send_replies': True, 'parent_id': 't1_l15mtxl', 'score': 1, 'author_fullname': 't2_akn5w', 'removal_reason': None, 'approved_by': None, 'mod_note': None, 'all_awardings': [], 'collapsed': False, 'body': ""&gt;All you really want is a particle that interacts with the weak force that was thermally produced.\n\nThat is literally just a restatement of my definition. Thermal production is the name of the process that creates cosmic backgrounds like the CMB, CNB, or WIMP dark matter. The thing that makes WIMPs special is that they are heavy enough that they would be non-relativistic after thermal production, and since they are pressureless they would collapse into the post-big bang anisotropies forming the kernals of galaxies.\n\n&gt;more accurately axion-like particle [ALPs]\n\n~~Yup~~ I shouldn't be snarky, I'm sorry. I haven't seen people refer to non-Axion ALPs as axions, but I haven't been active keeping up with the literature for a few years."", 'edited': 1714021783.0, 'top_awarded_type': None, 'author_flair_css_class': None, 'name': 't1_l15pwho', 'is_submitter': False, 'downs': 0, 'author_flair_richtext': [], 'author_patreon_flair': False, 'body_html': '&lt;div class=""md""&gt;&lt;blockquote&gt;\n&lt;p&gt;All you really want is a particle that interacts with the weak force that was thermally produced.&lt;/p&gt;\n&lt;/blockquote&gt;\n\n&lt;p&gt;That is literally just a restatement of my definition. Thermal production is the name of the process that creates cosmic backgrounds like the CMB, CNB, or WIMP dark matter. The thing that makes WIMPs special is that they are heavy enough that they would be non-relativistic after thermal production, and since they are pressureless they would collapse into the post-big bang anisotropies forming the kernals of galaxies.&lt;/p&gt;\n\n&lt;blockquote&gt;\n&lt;p&gt;more accurately axion-like particle [ALPs]&lt;/p&gt;\n&lt;/blockquote&gt;\n\n&lt;p&gt;&lt;del&gt;Yup&lt;/del&gt; I shouldn&amp;#39;t be snarky, I&amp;#39;m sorry. I haven&amp;#39;t seen people refer to non-Axion ALPs as axions, but I haven&amp;#39;t been active keeping up with the literature for a few years.&lt;/p&gt;\n&lt;/div&gt;', 'gildings': {}, 'collapsed_reason': None, 'distinguished': None, 'associated_award': None, 'stickied': False, 'author_premium': False, 'can_gild': False, 'link_id': 't3_1cc2olg', 'unrepliable_reason': None, 'author_flair_text_color': None, 'score_hidden': False, 'permalink': '/r/AskPhysics/comments/1cc2olg/dark_matter/l15pwho/', 'subreddit_type': 'public', 'locked': False, 'report_reasons': None, 'created': 1714021458.0, 'author_flair_text': None, 'treatment_tags': [], 'created_utc': 1714021458.0, 'subreddit_name_prefixed': 'r/AskPhysics', 'controversiality': 0, 'depth': 3, 'author_flair_background_color': None, 'collapsed_because_crowd_control': None, 'mod_reports': [], 'num_reports': None, 'ups': 1}}], 'before': None}}, 'user_reports': [], 'saved': False, 'id': 'l15mtxl', 'banned_at_utc': None, 'mod_reason_title': None, 'gilded': 0, 'archived': False, 'collapsed_reason_code': None, 'no_follow': True, 'author': 'Prof_Sarcastic', 'can_mod_post': False, 'send_replies': True, 'parent_id': 't1_l15jey4', 'score': 1, 'author_fullname': 't2_7rtkedgv', 'removal_reason': None, 'approved_by': None, 'mod_note': None, 'all_awardings': [], 'body': '&gt;Axions and WIMPs are specific hypotheses …\n\nProbably when they were originally formulated in the 70’s and 80’s but that’s not really a reflection of how people use the terms today. That being said, WIMPs are really just a class of models rather than a specific hypothesis on its own. All you really want is a particle that interacts with the weak force that was thermally produced. It’s actually one of the reasons why people were excited about SUSY since you naturally get scalars with roughly the correct mass. \n\n&gt;Axions originally were a solution to the strong CP problem …\n\nThis is true *originally* but people will basically call anything an axion (or more accurately axion-like particle [ALPs]). Feel free to peruse the HEP phenomenology arxiv if you want to see this yourself. \n\n&gt;They are a popular candidate for WIMPs because they would naturally make a cosmic WIMP background …\n\nThis is the first I’m hearing of this. I don’t see why you’d need or even want a background of WIMPs to describe dark matter. For dark matter, all you really need is a cold and hardly or non-existent self interacting field that is stable and doesn’t interact very strongly with light. I don’t see how a background could form a halo around galaxies for that matter. Axions (from the misalignment mechanism) are nice dark matter candidates since they’re cold when they’re produced.', 'edited': False, 'top_awarded_type': None, 'downs': 0, 'author_flair_css_class': None, 'name': 't1_l15mtxl', 'is_submitter': False, 'collapsed': False, 'author_flair_richtext': [], 'author_patreon_flair': False, 'body_html': '&lt;div class=""md""&gt;&lt;blockquote&gt;\n&lt;p&gt;Axions and WIMPs are specific hypotheses …&lt;/p&gt;\n&lt;/blockquote&gt;\n\n&lt;p&gt;Probably when they were originally formulated in the 70’s and 80’s but that’s not really a reflection of how people use the terms today. That being said, WIMPs are really just a class of models rather than a specific hypothesis on its own. All you really want is a particle that interacts with the weak force that was thermally produced. It’s actually one of the reasons why people were excited about SUSY since you naturally get scalars with roughly the correct mass. &lt;/p&gt;\n\n&lt;blockquote&gt;\n&lt;p&gt;Axions originally were a solution to the strong CP problem …&lt;/p&gt;\n&lt;/blockquote&gt;\n\n&lt;p&gt;This is true &lt;em&gt;originally&lt;/em&gt; but people will basically call anything an axion (or more accurately axion-like particle [ALPs]). Feel free to peruse the HEP phenomenology arxiv if you want to see this yourself. &lt;/p&gt;\n\n&lt;blockquote&gt;\n&lt;p&gt;They are a popular candidate for WIMPs because they would naturally make a cosmic WIMP background …&lt;/p&gt;\n&lt;/blockquote&gt;\n\n&lt;p&gt;This is the first I’m hearing of this. I don’t see why you’d need or even want a background of WIMPs to describe dark matter. For dark matter, all you really need is a cold and hardly or non-existent self interacting field that is stable and doesn’t interact very strongly with light. I don’t see how a background could form a halo around galaxies for that matter. Axions (from the misalignment mechanism) are nice dark matter candidates since they’re cold when they’re produced.&lt;/p&gt;\n&lt;/div&gt;', 'gildings': {}, 'collapsed_reason': None, 'distinguished': None, 'associated_award': None, 'stickied': False, 'author_premium': False, 'can_gild': False, 'link_id': 't3_1cc2olg', 'unrepliable_reason': None, 'author_flair_text_color': None, 'score_hidden': False, 'permalink': '/r/AskPhysics/comments/1cc2olg/dark_matter/l15mtxl/', 'subreddit_type': 'public', 'locked': False, 'report_reasons': None, 'created': 1714019749.0, 'author_flair_text': None, 'treatment_tags': [], 'created_utc': 1714019749.0, 'subreddit_name_prefixed': 'r/AskPhysics', 'controversiality': 0, 'depth': 2, 'author_flair_background_color': None, 'collapsed_because_crowd_control': None, 'mod_reports': [], 'num_reports': None, 'ups': 1}}], 'before': None}}, 'user_reports': [], 'saved': False, 'id': 'l15jey4', 'banned_at_utc': None, 'mod_reason_title': None, 'gilded': 0, 'archived': False, 'collapsed_reason_code': None, 'no_follow': True, 'author': 'LtPoultry', 'can_mod_post': False, 'created_utc': 1714017942.0, 'send_replies': True, 'parent_id': 't1_l12vb5t', 'score': 2, 'author_fullname': 't2_akn5w', 'removal_reason': None, 'approved_by': None, 'mod_note': None, 'all_awardings': [], 'body': ""That's not right at all. Axions and WIMPs are specific hypotheses, not general terms. Axions originally were a solution to the strong CP problem, and then people realized there was a big bang production mechanism that could make enough of them to explain DM. WIMPs are more general, but they are specifically a new type of particle that interacts through the weak nuclear force. They are a popular candidate for ~~WIMPs~~ DM because they would naturally make a cosmic WIMP background during the big bang similar to the CMB or CNB, and that CWB would explain dark matter.\n\nEdited for typo"", 'edited': 1714020731.0, 'top_awarded_type': None, 'author_flair_css_class': None, 'name': 't1_l15jey4', 'is_submitter': False, 'downs': 0, 'author_flair_richtext': [], 'author_patreon_flair': False, 'body_html': '&lt;div class=""md""&gt;&lt;p&gt;That&amp;#39;s not right at all. Axions and WIMPs are specific hypotheses, not general terms. Axions originally were a solution to the strong CP problem, and then people realized there was a big bang production mechanism that could make enough of them to explain DM. WIMPs are more general, but they are specifically a new type of particle that interacts through the weak nuclear force. They are a popular candidate for &lt;del&gt;WIMPs&lt;/del&gt; DM because they would naturally make a cosmic WIMP background during the big bang similar to the CMB or CNB, and that CWB would explain dark matter.&lt;/p&gt;\n\n&lt;p&gt;Edited for typo&lt;/p&gt;\n&lt;/div&gt;', 'gildings': {}, 'collapsed_reason': None, 'distinguished': None, 'associated_award': None, 'stickied': False, 'author_premium': False, 'can_gild': False, 'link_id': 't3_1cc2olg', 'unrepliable_reason': None, 'author_flair_text_color': None, 'score_hidden': False, 'permalink': '/r/AskPhysics/comments/1cc2olg/dark_matter/l15jey4/', 'subreddit_type': 'public', 'locked': False, 'report_reasons': None, 'created': 1714017942.0, 'author_flair_text': None, 'treatment_tags': [], 'collapsed': False, 'subreddit_name_prefixed': 'r/AskPhysics', 'controversiality': 0, 'depth': 1, 'author_flair_background_color': None, 'collapsed_because_crowd_control': None, 'mod_reports': [], 'num_reports': None, 'ups': 2}}], 'before': None}}",,False,2,False,True,False,AskPhysics,t5_2sumo,r/AskPhysics,public,,0,[],,2,[],t1
data_8,[],,,False,,floater66,,,[],,,,text,t2_vof7w0ze,False,False,False,[],,,Modified Newtonian Dynamics. ha.,"&lt;div class=""md""&gt;&lt;p&gt;Modified Newtonian Dynamics. ha.&lt;/p&gt;
&lt;/div&gt;",False,False,True,,comment score below threshold,LOW_SCORE,,0,1713977353.0,1713977353.0,0,,0,False,0,{},l12h6h3,False,,t3_1cc2olg,False,,,,[],t1_l12h6h3,True,,t3_1cc2olg,/r/AskPhysics/comments/1cc2olg/dark_matter/l12h6h3/,,"{'kind': 'Listing', 'data': {'after': None, 'dist': None, 'modhash': None, 'geo_filter': '', 'children': [{'kind': 't1', 'data': {'subreddit_id': 't5_2sumo', 'approved_at_utc': None, 'author_is_blocked': False, 'comment_type': None, 'awarders': [], 'mod_reason_by': None, 'banned_by': None, 'author_flair_type': 'text', 'total_awards_received': 0, 'subreddit': 'AskPhysics', 'author_flair_template_id': None, 'likes': None, 'replies': {'kind': 'Listing', 'data': {'after': None, 'dist': None, 'modhash': None, 'geo_filter': '', 'children': [{'kind': 't1', 'data': {'subreddit_id': 't5_2sumo', 'approved_at_utc': None, 'author_is_blocked': False, 'comment_type': None, 'awarders': [], 'mod_reason_by': None, 'banned_by': None, 'author_flair_type': 'text', 'total_awards_received': 0, 'subreddit': 'AskPhysics', 'author_flair_template_id': None, 'likes': None, 'replies': '', 'user_reports': [], 'saved': False, 'id': 'l12whdg', 'banned_at_utc': None, 'mod_reason_title': None, 'gilded': 0, 'archived': False, 'collapsed_reason_code': None, 'no_follow': True, 'author': 'floater66', 'can_mod_post': False, 'send_replies': True, 'parent_id': 't1_l12he96', 'score': -3, 'author_fullname': 't2_vof7w0ze', 'removal_reason': None, 'approved_by': None, 'mod_note': None, 'all_awardings': [], 'body': ""I mean - it's gotta be up there. just considering a singular theory here - but obviously there are a cornucopia of other (whack-a-mole / flavor-of-the-day) theories to choose from. \n\nbut did you want quality. or quantity? lol."", 'edited': False, 'top_awarded_type': None, 'downs': 0, 'author_flair_css_class': None, 'name': 't1_l12whdg', 'is_submitter': False, 'collapsed': False, 'author_flair_richtext': [], 'author_patreon_flair': False, 'body_html': '&lt;div class=""md""&gt;&lt;p&gt;I mean - it&amp;#39;s gotta be up there. just considering a singular theory here - but obviously there are a cornucopia of other (whack-a-mole / flavor-of-the-day) theories to choose from. &lt;/p&gt;\n\n&lt;p&gt;but did you want quality. or quantity? lol.&lt;/p&gt;\n&lt;/div&gt;', 'gildings': {}, 'collapsed_reason': None, 'distinguished': None, 'associated_award': None, 'stickied': False, 'author_premium': False, 'can_gild': False, 'link_id': 't3_1cc2olg', 'unrepliable_reason': None, 'author_flair_text_color': None, 'score_hidden': False, 'permalink': '/r/AskPhysics/comments/1cc2olg/dark_matter/l12whdg/', 'subreddit_type': 'public', 'locked': False, 'report_reasons': None, 'created': 1713982405.0, 'author_flair_text': None, 'treatment_tags': [], 'created_utc': 1713982405.0, 'subreddit_name_prefixed': 'r/AskPhysics', 'controversiality': 1, 'depth': 2, 'author_flair_background_color': None, 'collapsed_because_crowd_control': None, 'mod_reports': [], 'num_reports': None, 'ups': -3}}], 'before': None}}, 'user_reports': [], 'saved': False, 'id': 'l12he96', 'banned_at_utc': None, 'mod_reason_title': None, 'gilded': 0, 'archived': False, 'collapsed_reason_code': None, 'no_follow': False, 'author': 'MooseSpecialist7483', 'can_mod_post': False, 'created_utc': 1713977424.0, 'send_replies': True, 'parent_id': 't1_l12h6h3', 'score': 6, 'author_fullname': 't2_ul066x10', 'removal_reason': None, 'approved_by': None, 'mod_note': None, 'all_awardings': [], 'body': 'Why I oughta', 'edited': False, 'top_awarded_type': None, 'author_flair_css_class': None, 'name': 't1_l12he96', 'is_submitter': True, 'downs': 0, 'author_flair_richtext': [], 'author_patreon_flair': False, 'body_html': '&lt;div class=""md""&gt;&lt;p&gt;Why I oughta&lt;/p&gt;\n&lt;/div&gt;', 'gildings': {}, 'collapsed_reason': None, 'distinguished': None, 'associated_award': None, 'stickied': False, 'author_premium': False, 'can_gild': False, 'link_id': 't3_1cc2olg', 'unrepliable_reason': None, 'author_flair_text_color': None, 'score_hidden': False, 'permalink': '/r/AskPhysics/comments/1cc2olg/dark_matter/l12he96/', 'subreddit_type': 'public', 'locked': False, 'report_reasons': None, 'created': 1713977424.0, 'author_flair_text': None, 'treatment_tags': [], 'collapsed': False, 'subreddit_name_prefixed': 'r/AskPhysics', 'controversiality': 0, 'depth': 1, 'author_flair_background_color': None, 'collapsed_because_crowd_control': None, 'mod_reports': [], 'num_reports': None, 'ups': 6}}, {'kind': 't1', 'data': {'subreddit_id': 't5_2sumo', 'approved_at_utc': None, 'author_is_blocked': False, 'comment_type': None, 'awarders': [], 'mod_reason_by': None, 'banned_by': None, 'author_flair_type': 'text', 'total_awards_received': 0, 'subreddit': 'AskPhysics', 'author_flair_template_id': None, 'likes': None, 'replies': {'kind': 'Listing', 'data': {'after': None, 'dist': None, 'modhash': None, 'geo_filter': '', 'children': [{'kind': 't1', 'data': {'subreddit_id': 't5_2sumo', 'approved_at_utc': None, 'author_is_blocked': False, 'comment_type': None, 'awarders': [], 'mod_reason_by': None, 'banned_by': None, 'author_flair_type': 'text', 'total_awards_received': 0, 'subreddit': 'AskPhysics', 'author_flair_template_id': None, 'likes': None, 'replies': '', 'user_reports': [], 'saved': False, 'id': 'l13lk55', 'banned_at_utc': None, 'mod_reason_title': None, 'gilded': 0, 'archived': False, 'collapsed_reason_code': None, 'no_follow': True, 'author': 'floater66', 'can_mod_post': False, 'send_replies': True, 'parent_id': 't1_l12umfv', 'score': 2, 'author_fullname': 't2_vof7w0ze', 'removal_reason': None, 'approved_by': None, 'mod_note': None, 'all_awardings': [], 'body': 'visit Triton Station - and your sanity shall be restored!', 'edited': False, 'top_awarded_type': None, 'downs': 0, 'author_flair_css_class': None, 'name': 't1_l13lk55', 'is_submitter': False, 'collapsed': False, 'author_flair_richtext': [], 'author_patreon_flair': False, 'body_html': '&lt;div class=""md""&gt;&lt;p&gt;visit Triton Station - and your sanity shall be restored!&lt;/p&gt;\n&lt;/div&gt;', 'gildings': {}, 'collapsed_reason': None, 'distinguished': None, 'associated_award': None, 'stickied': False, 'author_premium': False, 'can_gild': False, 'link_id': 't3_1cc2olg', 'unrepliable_reason': None, 'author_flair_text_color': None, 'score_hidden': False, 'permalink': '/r/AskPhysics/comments/1cc2olg/dark_matter/l13lk55/', 'subreddit_type': 'public', 'locked': False, 'report_reasons': None, 'created': 1713990668.0, 'author_flair_text': None, 'treatment_tags': [], 'created_utc': 1713990668.0, 'subreddit_name_prefixed': 'r/AskPhysics', 'controversiality': 0, 'depth': 2, 'author_flair_background_color': None, 'collapsed_because_crowd_control': None, 'mod_reports': [], 'num_reports': None, 'ups': 2}}], 'before': None}}, 'user_reports': [], 'saved': False, 'id': 'l12umfv', 'banned_at_utc': None, 'mod_reason_title': None, 'gilded': 0, 'archived': False, 'collapsed_reason_code': None, 'no_follow': True, 'author': 'RussColburn', 'can_mod_post': False, 'created_utc': 1713981784.0, 'send_replies': True, 'parent_id': 't1_l12h6h3', 'score': 3, 'author_fullname': 't2_86l1tf2n', 'removal_reason': None, 'approved_by': None, 'mod_note': None, 'all_awardings': [], 'body': ""Every time there is a new wrinkle in MOND I get excited as I really thought it had a chance - and I'm disappointed every time."", 'edited': False, 'top_awarded_type': None, 'author_flair_css_class': None, 'name': 't1_l12umfv', 'is_submitter': False, 'downs': 0, 'author_flair_richtext': [], 'author_patreon_flair': False, 'body_html': '&lt;div class=""md""&gt;&lt;p&gt;Every time there is a new wrinkle in MOND I get excited as I really thought it had a chance - and I&amp;#39;m disappointed every time.&lt;/p&gt;\n&lt;/div&gt;', 'gildings': {}, 'collapsed_reason': None, 'distinguished': None, 'associated_award': None, 'stickied': False, 'author_premium': False, 'can_gild': False, 'link_id': 't3_1cc2olg', 'unrepliable_reason': None, 'author_flair_text_color': None, 'score_hidden': False, 'permalink': '/r/AskPhysics/comments/1cc2olg/dark_matter/l12umfv/', 'subreddit_type': 'public', 'locked': False, 'report_reasons': None, 'created': 1713981784.0, 'author_flair_text': None, 'treatment_tags': [], 'collapsed': False, 'subreddit_name_prefixed': 'r/AskPhysics', 'controversiality': 0, 'depth': 1, 'author_flair_background_color': None, 'collapsed_because_crowd_control': None, 'mod_reports': [], 'num_reports': None, 'ups': 3}}], 'before': None}}",,False,-9,False,True,False,AskPhysics,t5_2sumo,r/AskPhysics,public,,0,[],,-9,[],t1
data_9,[],,,False,,starion832000,,,[],,,,text,t2_x21lx,False,False,False,[],,,My favorite unproven theory is that dark matter/energy is gravitational leakage from a neighboring universe.,"&lt;div class=""md""&gt;&lt;p&gt;My favorite unproven theory is that dark matter/energy is gravitational leakage from a neighboring universe.&lt;/p&gt;
&lt;/div&gt;",False,False,True,,comment score below threshold,LOW_SCORE,,0,1713982191.0,1713982191.0,0,,0,False,0,{},l12vuck,False,,t3_1cc2olg,False,,,,[],t1_l12vuck,True,,t3_1cc2olg,/r/AskPhysics/comments/1cc2olg/dark_matter/l12vuck/,,"{'kind': 'Listing', 'data': {'after': None, 'dist': None, 'modhash': None, 'geo_filter': '', 'children': [{'kind': 't1', 'data': {'subreddit_id': 't5_2sumo', 'approved_at_utc': None, 'author_is_blocked': False, 'comment_type': None, 'awarders': [], 'mod_reason_by': None, 'banned_by': None, 'author_flair_type': 'text', 'total_awards_received': 0, 'subreddit': 'AskPhysics', 'author_flair_template_id': None, 'likes': None, 'replies': '', 'user_reports': [], 'saved': False, 'id': 'l14lzea', 'banned_at_utc': None, 'mod_reason_title': None, 'gilded': 0, 'archived': False, 'collapsed_reason_code': None, 'no_follow': True, 'author': 'TerraNeko_', 'can_mod_post': False, 'created_utc': 1714004057.0, 'send_replies': True, 'parent_id': 't1_l12vuck', 'score': 1, 'author_fullname': 't2_2pr8eff3', 'removal_reason': None, 'approved_by': None, 'mod_note': None, 'all_awardings': [], 'body': 'i cant even imagine how that would work, way less it actually working math wise', 'edited': False, 'top_awarded_type': None, 'author_flair_css_class': None, 'name': 't1_l14lzea', 'is_submitter': False, 'downs': 0, 'author_flair_richtext': [], 'author_patreon_flair': False, 'body_html': '&lt;div class=""md""&gt;&lt;p&gt;i cant even imagine how that would work, way less it actually working math wise&lt;/p&gt;\n&lt;/div&gt;', 'gildings': {}, 'collapsed_reason': None, 'distinguished': None, 'associated_award': None, 'stickied': False, 'author_premium': False, 'can_gild': False, 'link_id': 't3_1cc2olg', 'unrepliable_reason': None, 'author_flair_text_color': None, 'score_hidden': False, 'permalink': '/r/AskPhysics/comments/1cc2olg/dark_matter/l14lzea/', 'subreddit_type': 'public', 'locked': False, 'report_reasons': None, 'created': 1714004057.0, 'author_flair_text': None, 'treatment_tags': [], 'collapsed': False, 'subreddit_name_prefixed': 'r/AskPhysics', 'controversiality': 0, 'depth': 1, 'author_flair_background_color': None, 'collapsed_because_crowd_control': None, 'mod_reports': [], 'num_reports': None, 'ups': 1}}], 'before': None}}",,False,-13,False,True,False,AskPhysics,t5_2sumo,r/AskPhysics,public,,0,[],,-13,[],t1
data_10,[],,,False,,Maleficent-Salad3197,,,[],,,,text,t2_hs2id8r35,False,False,False,[],,,There is no Dark Matter until proven otherwise.,"&lt;div class=""md""&gt;&lt;p&gt;There is no Dark Matter until proven otherwise.&lt;/p&gt;
&lt;/div&gt;",False,False,True,,comment score below threshold,LOW_SCORE,,0,1713994821.0,1713994821.0,0,,0,False,0,{},l13xu5o,False,,t3_1cc2olg,False,,,,[],t1_l13xu5o,True,,t3_1cc2olg,/r/AskPhysics/comments/1cc2olg/dark_matter/l13xu5o/,,"{'kind': 'Listing', 'data': {'after': None, 'dist': None, 'modhash': None, 'geo_filter': '', 'children': [{'kind': 't1', 'data': {'subreddit_id': 't5_2sumo', 'approved_at_utc': None, 'author_is_blocked': False, 'comment_type': None, 'awarders': [], 'mod_reason_by': None, 'banned_by': None, 'author_flair_type': 'text', 'total_awards_received': 0, 'subreddit': 'AskPhysics', 'author_flair_template_id': '997e5baa-c6b2-11e4-8b92-22000b2a8bad', 'likes': None, 'replies': {'kind': 'Listing', 'data': {'after': None, 'dist': None, 'modhash': None, 'geo_filter': '', 'children': [{'kind': 't1', 'data': {'subreddit_id': 't5_2sumo', 'approved_at_utc': None, 'author_is_blocked': False, 'comment_type': None, 'awarders': [], 'mod_reason_by': None, 'banned_by': None, 'author_flair_type': 'text', 'total_awards_received': 0, 'subreddit': 'AskPhysics', 'author_flair_template_id': None, 'likes': None, 'replies': {'kind': 'Listing', 'data': {'after': None, 'dist': None, 'modhash': None, 'geo_filter': '', 'children': [{'kind': 't1', 'data': {'subreddit_id': 't5_2sumo', 'approved_at_utc': None, 'author_is_blocked': False, 'comment_type': None, 'awarders': [], 'mod_reason_by': None, 'banned_by': None, 'author_flair_type': 'text', 'total_awards_received': 0, 'subreddit': 'AskPhysics', 'author_flair_template_id': '997e5baa-c6b2-11e4-8b92-22000b2a8bad', 'likes': None, 'replies': {'kind': 'Listing', 'data': {'after': None, 'dist': None, 'modhash': None, 'geo_filter': '', 'children': [{'kind': 't1', 'data': {'subreddit_id': 't5_2sumo', 'approved_at_utc': None, 'author_is_blocked': False, 'comment_type': None, 'awarders': [], 'mod_reason_by': None, 'banned_by': None, 'author_flair_type': 'text', 'total_awards_received': 0, 'subreddit': 'AskPhysics', 'author_flair_template_id': None, 'distinguished': None, 'likes': None, 'replies': '', 'user_reports': [], 'saved': False, 'id': 'l15wagg', 'banned_at_utc': None, 'mod_reason_title': None, 'gilded': 0, 'archived': False, 'collapsed_reason_code': None, 'no_follow': True, 'author': 'Maleficent-Salad3197', 'can_mod_post': False, 'send_replies': True, 'parent_id': 't1_l15vdz1', 'score': 1, 'author_fullname': 't2_hs2id8r35', 'removal_reason': None, 'approved_by': None, 'mod_note': None, 'all_awardings': [], 'body': ""Im a total beleiver in our great cosmic universe. If you looke at how many errors have been made to prove the BigBang is the correct theory you'll notice how many free parameters have been added. It is a constant changing attempt to ignore observational analysis over the years. The JWST was.the final straw. The universe is far older possibly endless. There's no shame in admitting you dont know but there is in being stuborn and afraid of new ideas."", 'edited': False, 'author_flair_css_class': None, 'name': 't1_l15wagg', 'is_submitter': False, 'downs': 0, 'author_flair_richtext': [], 'author_patreon_flair': False, 'body_html': '&lt;div class=""md""&gt;&lt;p&gt;Im a total beleiver in our great cosmic universe. If you looke at how many errors have been made to prove the BigBang is the correct theory you&amp;#39;ll notice how many free parameters have been added. It is a constant changing attempt to ignore observational analysis over the years. The JWST was.the final straw. The universe is far older possibly endless. There&amp;#39;s no shame in admitting you dont know but there is in being stuborn and afraid of new ideas.&lt;/p&gt;\n&lt;/div&gt;', 'gildings': {}, 'collapsed_reason': None, 'link_id': 't3_1cc2olg', 'associated_award': None, 'stickied': False, 'author_premium': False, 'can_gild': False, 'top_awarded_type': None, 'unrepliable_reason': None, 'author_flair_text_color': None, 'treatment_tags': [], 'score_hidden': False, 'permalink': '/r/AskPhysics/comments/1cc2olg/dark_matter/l15wagg/', 'subreddit_type': 'public', 'locked': False, 'report_reasons': None, 'created': 1714025350.0, 'author_flair_text': None, 'collapsed': False, 'created_utc': 1714025350.0, 'subreddit_name_prefixed': 'r/AskPhysics', 'controversiality': 0, 'depth': 4, 'author_flair_background_color': None, 'collapsed_because_crowd_control': None, 'mod_reports': [], 'num_reports': None, 'ups': 1}}], 'before': None}}, 'user_reports': [], 'saved': False, 'id': 'l15vdz1', 'banned_at_utc': None, 'mod_reason_title': None, 'gilded': 0, 'archived': False, 'collapsed_reason_code': None, 'no_follow': True, 'author': 'LemmeKermitSuicide', 'can_mod_post': False, 'send_replies': True, 'parent_id': 't1_l15u9rc', 'score': 1, 'author_fullname': 't2_2iuiqyou', 'removal_reason': None, 'approved_by': None, 'mod_note': None, 'all_awardings': [], 'collapsed': False, 'body': 'do you distrust dark matter or cosmology as a whole? I’m happy to discuss w you, but idk where to start.', 'edited': False, 'top_awarded_type': None, 'author_flair_css_class': 'misc', 'name': 't1_l15vdz1', 'is_submitter': False, 'downs': 0, 'author_flair_richtext': [], 'author_patreon_flair': False, 'body_html': '&lt;div class=""md""&gt;&lt;p&gt;do you distrust dark matter or cosmology as a whole? I’m happy to discuss w you, but idk where to start.&lt;/p&gt;\n&lt;/div&gt;', 'gildings': {}, 'collapsed_reason': None, 'distinguished': None, 'associated_award': None, 'stickied': False, 'author_premium': False, 'can_gild': False, 'link_id': 't3_1cc2olg', 'unrepliable_reason': None, 'author_flair_text_color': 'dark', 'score_hidden': False, 'permalink': '/r/AskPhysics/comments/1cc2olg/dark_matter/l15vdz1/', 'subreddit_type': 'public', 'locked': False, 'report_reasons': None, 'created': 1714024777.0, 'author_flair_text': 'Undergraduate', 'treatment_tags': [], 'created_utc': 1714024777.0, 'subreddit_name_prefixed': 'r/AskPhysics', 'controversiality': 0, 'depth': 3, 'author_flair_background_color': None, 'collapsed_because_crowd_control': None, 'mod_reports': [], 'num_reports': None, 'ups': 1}}], 'before': None}}, 'user_reports': [], 'saved': False, 'id': 'l15u9rc', 'banned_at_utc': None, 'mod_reason_title': None, 'gilded': 0, 'archived': False, 'collapsed_reason_code': None, 'no_follow': True, 'author': 'Maleficent-Salad3197', 'can_mod_post': False, 'send_replies': True, 'parent_id': 't1_l1419qv', 'score': 1, 'author_fullname': 't2_hs2id8r35', 'removal_reason': None, 'approved_by': None, 'mod_note': None, 'all_awardings': [], 'body': 'Please supply proof of inflation, hubble constant since tension was found and how there are super galactic clusters 3billion LY across when the big bang happened approx 14 billion years ago. He who knows that he knows not all is a wise man. Now get busy with some new free parameters to prove your big epicycle theory is still valid.', 'edited': False, 'top_awarded_type': None, 'downs': 0, 'author_flair_css_class': None, 'name': 't1_l15u9rc', 'is_submitter': False, 'collapsed': False, 'author_flair_richtext': [], 'author_patreon_flair': False, 'body_html': '&lt;div class=""md""&gt;&lt;p&gt;Please supply proof of inflation, hubble constant since tension was found and how there are super galactic clusters 3billion LY across when the big bang happened approx 14 billion years ago. He who knows that he knows not all is a wise man. Now get busy with some new free parameters to prove your big epicycle theory is still valid.&lt;/p&gt;\n&lt;/div&gt;', 'gildings': {}, 'collapsed_reason': None, 'distinguished': None, 'associated_award': None, 'stickied': False, 'author_premium': False, 'can_gild': False, 'link_id': 't3_1cc2olg', 'unrepliable_reason': None, 'author_flair_text_color': None, 'score_hidden': False, 'permalink': '/r/AskPhysics/comments/1cc2olg/dark_matter/l15u9rc/', 'subreddit_type': 'public', 'locked': False, 'report_reasons': None, 'created': 1714024073.0, 'author_flair_text': None, 'treatment_tags': [], 'created_utc': 1714024073.0, 'subreddit_name_prefixed': 'r/AskPhysics', 'controversiality': 0, 'depth': 2, 'author_flair_background_color': None, 'collapsed_because_crowd_control': None, 'mod_reports': [], 'num_reports': None, 'ups': 1}}], 'before': None}}, 'user_reports': [], 'saved': False, 'id': 'l1419qv', 'banned_at_utc': None, 'mod_reason_title': None, 'gilded': 0, 'archived': False, 'collapsed_reason_code': None, 'no_follow': False, 'author': 'LemmeKermitSuicide', 'can_mod_post': False, 'created_utc': 1713996054.0, 'send_replies': True, 'parent_id': 't1_l13xu5o', 'score': 10, 'author_fullname': 't2_2iuiqyou', 'removal_reason': None, 'approved_by': None, 'mod_note': None, 'all_awardings': [], 'body': 'If I’m not mistaken, data from the CMB and movement of galaxies essentially confirm the existence of dark matter.', 'edited': False, 'top_awarded_type': None, 'author_flair_css_class': 'misc', 'name': 't1_l1419qv', 'is_submitter': False, 'downs': 0, 'author_flair_richtext': [], 'author_patreon_flair': False, 'body_html': '&lt;div class=""md""&gt;&lt;p&gt;If I’m not mistaken, data from the CMB and movement of galaxies essentially confirm the existence of dark matter.&lt;/p&gt;\n&lt;/div&gt;', 'gildings': {}, 'collapsed_reason': None, 'distinguished': None, 'associated_award': None, 'stickied': False, 'author_premium': False, 'can_gild': False, 'link_id': 't3_1cc2olg', 'unrepliable_reason': None, 'author_flair_text_color': 'dark', 'score_hidden': False, 'permalink': '/r/AskPhysics/comments/1cc2olg/dark_matter/l1419qv/', 'subreddit_type': 'public', 'locked': False, 'report_reasons': None, 'created': 1713996054.0, 'author_flair_text': 'Undergraduate', 'treatment_tags': [], 'collapsed': False, 'subreddit_name_prefixed': 'r/AskPhysics', 'controversiality': 0, 'depth': 1, 'author_flair_background_color': None, 'collapsed_because_crowd_control': None, 'mod_reports': [], 'num_reports': None, 'ups': 10}}], 'before': None}}",,False,-9,False,True,False,AskPhysics,t5_2sumo,r/AskPhysics,public,,0,[],,-9,[],t1
