,all_awardings,approved_at_utc,approved_by,archived,associated_award,author,author_flair_background_color,author_flair_css_class,author_flair_richtext,author_flair_template_id,author_flair_text,author_flair_text_color,author_flair_type,author_fullname,author_is_blocked,author_patreon_flair,author_premium,awarders,banned_at_utc,banned_by,body,body_html,can_gild,can_mod_post,collapsed,collapsed_because_crowd_control,collapsed_reason,collapsed_reason_code,comment_type,controversiality,created,created_utc,depth,distinguished,downs,edited,gilded,gildings,id,is_submitter,likes,link_id,locked,mod_note,mod_reason_by,mod_reason_title,mod_reports,name,no_follow,num_reports,parent_id,permalink,removal_reason,replies,report_reasons,saved,score,score_hidden,send_replies,stickied,subreddit,subreddit_id,subreddit_name_prefixed,subreddit_type,top_awarded_type,total_awards_received,treatment_tags,unrepliable_reason,ups,user_reports,kind
data,[],,,False,,RichardMHP,,,[],,,,text,t2_9hbgz,False,False,False,[],,,"&gt;Literal empty space sounds like nothing to me, however nothing is mere absence, which seems to be inexistence.

One of the things I find most interesting about physics, generally, is that our observations of the universe's nature and composition don't really care much about our personal definitions of the words other people use.","&lt;div class=""md""&gt;&lt;blockquote&gt;
&lt;p&gt;Literal empty space sounds like nothing to me, however nothing is mere absence, which seems to be inexistence.&lt;/p&gt;
&lt;/blockquote&gt;

&lt;p&gt;One of the things I find most interesting about physics, generally, is that our observations of the universe&amp;#39;s nature and composition don&amp;#39;t really care much about our personal definitions of the words other people use.&lt;/p&gt;
&lt;/div&gt;",False,False,False,,,,,0,1713888743.0,1713888743.0,0,,0,False,0,{},l0wox3f,False,,t3_1cb7suz,False,,,,[],t1_l0wox3f,False,,t3_1cb7suz,/r/AskPhysics/comments/1cb7suz/what_actually_exists_between_particles/l0wox3f/,,"{'kind': 'Listing', 'data': {'after': None, 'dist': None, 'modhash': None, 'geo_filter': '', 'children': [{'kind': 't1', 'data': {'subreddit_id': 't5_2sumo', 'approved_at_utc': None, 'author_is_blocked': False, 'comment_type': None, 'awarders': [], 'mod_reason_by': None, 'banned_by': None, 'author_flair_type': 'text', 'total_awards_received': 0, 'subreddit': 'AskPhysics', 'author_flair_template_id': None, 'likes': None, 'replies': '', 'user_reports': [], 'saved': False, 'id': 'l0xicze', 'banned_at_utc': None, 'mod_reason_title': None, 'gilded': 0, 'archived': False, 'collapsed_reason_code': None, 'no_follow': False, 'author': 'jblazer97', 'can_mod_post': False, 'created_utc': 1713898583.0, 'send_replies': True, 'parent_id': 't1_l0wox3f', 'score': 56, 'author_fullname': 't2_cvu9c', 'removal_reason': None, 'approved_by': None, 'mod_note': None, 'all_awardings': [], 'body': 'The amount of times you will be faced with a topic and utter the words ""that can\'t be right. That doesn\'t make any sense."" Just to find out it is right and your view of the world is obscured by your preconceptions is way too many.', 'edited': False, 'top_awarded_type': None, 'author_flair_css_class': None, 'name': 't1_l0xicze', 'is_submitter': False, 'downs': 0, 'author_flair_richtext': [], 'author_patreon_flair': False, 'body_html': '&lt;div class=""md""&gt;&lt;p&gt;The amount of times you will be faced with a topic and utter the words &amp;quot;that can&amp;#39;t be right. That doesn&amp;#39;t make any sense.&amp;quot; Just to find out it is right and your view of the world is obscured by your preconceptions is way too many.&lt;/p&gt;\n&lt;/div&gt;', 'gildings': {}, 'collapsed_reason': None, 'distinguished': None, 'associated_award': None, 'stickied': False, 'author_premium': False, 'can_gild': False, 'link_id': 't3_1cb7suz', 'unrepliable_reason': None, 'author_flair_text_color': None, 'score_hidden': False, 'permalink': '/r/AskPhysics/comments/1cb7suz/what_actually_exists_between_particles/l0xicze/', 'subreddit_type': 'public', 'locked': False, 'report_reasons': None, 'created': 1713898583.0, 'author_flair_text': None, 'treatment_tags': [], 'collapsed': False, 'subreddit_name_prefixed': 'r/AskPhysics', 'controversiality': 0, 'depth': 1, 'author_flair_background_color': None, 'collapsed_because_crowd_control': None, 'mod_reports': [], 'num_reports': None, 'ups': 56}}, {'kind': 't1', 'data': {'subreddit_id': 't5_2sumo', 'approved_at_utc': None, 'author_is_blocked': False, 'comment_type': None, 'awarders': [], 'mod_reason_by': None, 'banned_by': None, 'author_flair_type': 'text', 'total_awards_received': 0, 'subreddit': 'AskPhysics', 'author_flair_template_id': None, 'likes': None, 'replies': {'kind': 'Listing', 'data': {'after': None, 'dist': None, 'modhash': None, 'geo_filter': '', 'children': [{'kind': 't1', 'data': {'subreddit_id': 't5_2sumo', 'approved_at_utc': None, 'author_is_blocked': False, 'comment_type': None, 'awarders': [], 'mod_reason_by': None, 'banned_by': None, 'author_flair_type': 'text', 'total_awards_received': 0, 'subreddit': 'AskPhysics', 'author_flair_template_id': '88bd6d6a-c6b2-11e4-b741-22000b6e00bb', 'likes': None, 'replies': {'kind': 'Listing', 'data': {'after': None, 'dist': None, 'modhash': None, 'geo_filter': '', 'children': [{'kind': 't1', 'data': {'subreddit_id': 't5_2sumo', 'approved_at_utc': None, 'author_is_blocked': False, 'comment_type': None, 'awarders': [], 'mod_reason_by': None, 'banned_by': None, 'author_flair_type': 'text', 'total_awards_received': 0, 'subreddit': 'AskPhysics', 'author_flair_template_id': None, 'likes': None, 'replies': {'kind': 'Listing', 'data': {'after': None, 'dist': None, 'modhash': None, 'geo_filter': '', 'children': [{'kind': 't1', 'data': {'subreddit_id': 't5_2sumo', 'approved_at_utc': None, 'author_is_blocked': False, 'comment_type': None, 'awarders': [], 'mod_reason_by': None, 'banned_by': None, 'author_flair_type': 'text', 'total_awards_received': 0, 'subreddit': 'AskPhysics', 'author_flair_template_id': None, 'distinguished': None, 'likes': None, 'replies': {'kind': 'Listing', 'data': {'after': None, 'dist': None, 'modhash': None, 'geo_filter': '', 'children': [{'kind': 't1', 'data': {'subreddit_id': 't5_2sumo', 'approved_at_utc': None, 'author_is_blocked': False, 'comment_type': None, 'awarders': [], 'mod_reason_by': None, 'banned_by': None, 'author_flair_type': 'text', 'total_awards_received': 0, 'subreddit': 'AskPhysics', 'author_flair_template_id': None, 'distinguished': None, 'likes': None, 'replies': '', 'user_reports': [], 'saved': False, 'id': 'l1i6n6m', 'banned_at_utc': None, 'mod_reason_title': None, 'gilded': 0, 'archived': False, 'collapsed_reason_code': None, 'no_follow': True, 'author': 'gigot45208', 'can_mod_post': False, 'send_replies': True, 'parent_id': 't1_l1gn91c', 'score': 1, 'author_fullname': 't2_3ofyabbu', 'approved_by': None, 'mod_note': None, 'all_awardings': [], 'body': 'That’s quaint', 'edited': False, 'gildings': {}, 'downs': 0, 'author_flair_css_class': None, 'name': 't1_l1i6n6m', 'is_submitter': False, 'collapsed': False, 'author_flair_richtext': [], 'author_patreon_flair': False, 'body_html': '&lt;div class=""md""&gt;&lt;p&gt;That’s quaint&lt;/p&gt;\n&lt;/div&gt;', 'removal_reason': None, 'collapsed_reason': None, 'link_id': 't3_1cb7suz', 'associated_award': None, 'stickied': False, 'author_premium': False, 'can_gild': False, 'top_awarded_type': None, 'unrepliable_reason': None, 'author_flair_text_color': None, 'score_hidden': False, 'permalink': '/r/AskPhysics/comments/1cb7suz/what_actually_exists_between_particles/l1i6n6m/', 'subreddit_type': 'public', 'locked': False, 'report_reasons': None, 'created': 1714228184.0, 'author_flair_text': None, 'treatment_tags': [], 'created_utc': 1714228184.0, 'subreddit_name_prefixed': 'r/AskPhysics', 'controversiality': 0, 'depth': 5, 'author_flair_background_color': None, 'collapsed_because_crowd_control': None, 'mod_reports': [], 'num_reports': None, 'ups': 1}}], 'before': None}}, 'user_reports': [], 'saved': False, 'id': 'l1gn91c', 'banned_at_utc': None, 'mod_reason_title': None, 'gilded': 0, 'archived': False, 'collapsed_reason_code': None, 'no_follow': True, 'author': 'kibblerz', 'can_mod_post': False, 'send_replies': True, 'parent_id': 't1_l14w601', 'score': 1, 'author_fullname': 't2_ks5ip', 'removal_reason': None, 'approved_by': None, 'mod_note': None, 'all_awardings': [], 'body': 'Philosophy is responsible for the scientific method...', 'edited': False, 'author_flair_css_class': None, 'name': 't1_l1gn91c', 'is_submitter': False, 'downs': 0, 'author_flair_richtext': [], 'author_patreon_flair': False, 'body_html': '&lt;div class=""md""&gt;&lt;p&gt;Philosophy is responsible for the scientific method...&lt;/p&gt;\n&lt;/div&gt;', 'gildings': {}, 'collapsed_reason': None, 'link_id': 't3_1cb7suz', 'associated_award': None, 'stickied': False, 'author_premium': True, 'can_gild': False, 'top_awarded_type': None, 'unrepliable_reason': None, 'author_flair_text_color': None, 'treatment_tags': [], 'score_hidden': False, 'permalink': '/r/AskPhysics/comments/1cb7suz/what_actually_exists_between_particles/l1gn91c/', 'subreddit_type': 'public', 'locked': False, 'report_reasons': None, 'created': 1714194567.0, 'author_flair_text': None, 'collapsed': False, 'created_utc': 1714194567.0, 'subreddit_name_prefixed': 'r/AskPhysics', 'controversiality': 0, 'depth': 4, 'author_flair_background_color': None, 'collapsed_because_crowd_control': None, 'mod_reports': [], 'num_reports': None, 'ups': 1}}], 'before': None}}, 'user_reports': [], 'saved': False, 'id': 'l14w601', 'banned_at_utc': None, 'mod_reason_title': None, 'gilded': 0, 'archived': False, 'collapsed_reason_code': None, 'no_follow': True, 'author': 'gigot45208', 'can_mod_post': False, 'send_replies': True, 'parent_id': 't1_l13bb7q', 'score': -2, 'author_fullname': 't2_3ofyabbu', 'removal_reason': None, 'approved_by': None, 'mod_note': None, 'all_awardings': [], 'collapsed': False, 'body': 'Philosophy tends to believe words are somehow the window to truth and insight, and if you understand words , which comes from writing about them in the right way I guess, then you get to the truth of things.  Like some believe there’s some “goodness ” that all “good” deeds must share, and by golly just write about the words, the “concepts” of “goodness” and you can draw conclusions about what is good.    No need to observe, experiment.  Just write, and hopefully in a way that fits todays academic standards.', 'edited': False, 'top_awarded_type': None, 'author_flair_css_class': None, 'name': 't1_l14w601', 'is_submitter': False, 'downs': 0, 'author_flair_richtext': [], 'author_patreon_flair': False, 'body_html': '&lt;div class=""md""&gt;&lt;p&gt;Philosophy tends to believe words are somehow the window to truth and insight, and if you understand words , which comes from writing about them in the right way I guess, then you get to the truth of things.  Like some believe there’s some “goodness ” that all “good” deeds must share, and by golly just write about the words, the “concepts” of “goodness” and you can draw conclusions about what is good.    No need to observe, experiment.  Just write, and hopefully in a way that fits todays academic standards.&lt;/p&gt;\n&lt;/div&gt;', 'gildings': {}, 'collapsed_reason': None, 'distinguished': None, 'associated_award': None, 'stickied': False, 'author_premium': False, 'can_gild': False, 'link_id': 't3_1cb7suz', 'unrepliable_reason': None, 'author_flair_text_color': None, 'score_hidden': False, 'permalink': '/r/AskPhysics/comments/1cb7suz/what_actually_exists_between_particles/l14w601/', 'subreddit_type': 'public', 'locked': False, 'report_reasons': None, 'created': 1714008005.0, 'author_flair_text': None, 'treatment_tags': [], 'created_utc': 1714008005.0, 'subreddit_name_prefixed': 'r/AskPhysics', 'controversiality': 0, 'depth': 3, 'author_flair_background_color': None, 'collapsed_because_crowd_control': None, 'mod_reports': [], 'num_reports': None, 'ups': -2}}], 'before': None}}, 'user_reports': [], 'saved': False, 'id': 'l13bb7q', 'banned_at_utc': None, 'mod_reason_title': None, 'gilded': 0, 'archived': False, 'collapsed_reason_code': None, 'no_follow': True, 'author': 'paxxx17', 'can_mod_post': False, 'send_replies': True, 'parent_id': 't1_l0y53q6', 'score': 2, 'author_fullname': 't2_ib0q6', 'removal_reason': None, 'approved_by': None, 'mod_note': None, 'all_awardings': [], 'body': 'What do you mean?', 'edited': False, 'top_awarded_type': None, 'downs': 0, 'author_flair_css_class': 'inter', 'name': 't1_l13bb7q', 'is_submitter': False, 'collapsed': False, 'author_flair_richtext': [], 'author_patreon_flair': False, 'body_html': '&lt;div class=""md""&gt;&lt;p&gt;What do you mean?&lt;/p&gt;\n&lt;/div&gt;', 'gildings': {}, 'collapsed_reason': None, 'distinguished': None, 'associated_award': None, 'stickied': False, 'author_premium': False, 'can_gild': False, 'link_id': 't3_1cb7suz', 'unrepliable_reason': None, 'author_flair_text_color': 'dark', 'score_hidden': False, 'permalink': '/r/AskPhysics/comments/1cb7suz/what_actually_exists_between_particles/l13bb7q/', 'subreddit_type': 'public', 'locked': False, 'report_reasons': None, 'created': 1713987326.0, 'author_flair_text': 'Chemical physics', 'treatment_tags': [], 'created_utc': 1713987326.0, 'subreddit_name_prefixed': 'r/AskPhysics', 'controversiality': 0, 'depth': 2, 'author_flair_background_color': None, 'collapsed_because_crowd_control': None, 'mod_reports': [], 'num_reports': None, 'ups': 2}}], 'before': None}}, 'user_reports': [], 'saved': False, 'id': 'l0y53q6', 'banned_at_utc': None, 'mod_reason_title': None, 'gilded': 0, 'archived': False, 'collapsed_reason_code': None, 'no_follow': False, 'author': 'gigot45208', 'can_mod_post': False, 'created_utc': 1713906091.0, 'send_replies': True, 'parent_id': 't1_l0wox3f', 'score': 4, 'author_fullname': 't2_3ofyabbu', 'removal_reason': None, 'approved_by': None, 'mod_note': None, 'all_awardings': [], 'body': 'Oh that’s so nice!  the opposite of philosophy.', 'edited': False, 'top_awarded_type': None, 'author_flair_css_class': None, 'name': 't1_l0y53q6', 'is_submitter': False, 'downs': 0, 'author_flair_richtext': [], 'author_patreon_flair': False, 'body_html': '&lt;div class=""md""&gt;&lt;p&gt;Oh that’s so nice!  the opposite of philosophy.&lt;/p&gt;\n&lt;/div&gt;', 'gildings': {}, 'collapsed_reason': None, 'distinguished': None, 'associated_award': None, 'stickied': False, 'author_premium': False, 'can_gild': False, 'link_id': 't3_1cb7suz', 'unrepliable_reason': None, 'author_flair_text_color': None, 'score_hidden': False, 'permalink': '/r/AskPhysics/comments/1cb7suz/what_actually_exists_between_particles/l0y53q6/', 'subreddit_type': 'public', 'locked': False, 'report_reasons': None, 'created': 1713906091.0, 'author_flair_text': None, 'treatment_tags': [], 'collapsed': False, 'subreddit_name_prefixed': 'r/AskPhysics', 'controversiality': 0, 'depth': 1, 'author_flair_background_color': None, 'collapsed_because_crowd_control': None, 'mod_reports': [], 'num_reports': None, 'ups': 4}}], 'before': None}}",,False,138,False,True,False,AskPhysics,t5_2sumo,r/AskPhysics,public,,0,[],,138,[],t1
data_1,[],,,False,,7ieben_,,atom,[],7812a6ec-c6b2-11e4-a485-22000b6e00bb,Biophysical Chemistry,dark,text,t2_bjzsvo2i,False,False,False,[],,,"No, ""empty space"" (which is an idealisation) is permitive for, e.g, electromagnetic radiation. This is: even when space between two things may be empty, they are not isolated. They can interact. And, yea, to describe this we use ""fields"".","&lt;div class=""md""&gt;&lt;p&gt;No, &amp;quot;empty space&amp;quot; (which is an idealisation) is permitive for, e.g, electromagnetic radiation. This is: even when space between two things may be empty, they are not isolated. They can interact. And, yea, to describe this we use &amp;quot;fields&amp;quot;.&lt;/p&gt;
&lt;/div&gt;",False,False,False,,,,,0,1713887582.0,1713887582.0,0,,0,False,0,{},l0wlh4h,False,,t3_1cb7suz,False,,,,[],t1_l0wlh4h,False,,t3_1cb7suz,/r/AskPhysics/comments/1cb7suz/what_actually_exists_between_particles/l0wlh4h/,,"{'kind': 'Listing', 'data': {'after': None, 'dist': None, 'modhash': None, 'geo_filter': '', 'children': [{'kind': 't1', 'data': {'subreddit_id': 't5_2sumo', 'approved_at_utc': None, 'author_is_blocked': False, 'comment_type': None, 'awarders': [], 'mod_reason_by': None, 'banned_by': None, 'author_flair_type': 'text', 'total_awards_received': 0, 'subreddit': 'AskPhysics', 'author_flair_template_id': None, 'likes': None, 'replies': {'kind': 'Listing', 'data': {'after': None, 'dist': None, 'modhash': None, 'geo_filter': '', 'children': [{'kind': 't1', 'data': {'subreddit_id': 't5_2sumo', 'approved_at_utc': None, 'author_is_blocked': False, 'comment_type': None, 'awarders': [], 'mod_reason_by': None, 'banned_by': None, 'author_flair_type': 'text', 'total_awards_received': 0, 'subreddit': 'AskPhysics', 'author_flair_template_id': None, 'likes': None, 'replies': '', 'user_reports': [], 'saved': False, 'id': 'l0x0769', 'banned_at_utc': None, 'mod_reason_title': None, 'gilded': 0, 'archived': False, 'collapsed_reason_code': None, 'no_follow': False, 'author': 'fuzzyredsea', 'can_mod_post': False, 'send_replies': True, 'parent_id': 't1_l0wwpgb', 'score': 37, 'author_fullname': 't2_gxj9r2zo', 'removal_reason': None, 'approved_by': None, 'mod_note': None, 'all_awardings': [], 'body': ""Here's a nice quote from Neurath, it's written in the context of epistemology and philosophy of science but I do think it applies straight up to pure science:\n\n&gt;We are like sailors who on the open sea must reconstruct their ship but are never able to start afresh from the bottom. Where a beam is taken away a new one must at once be put there, and for this the rest of the ship is used as support. In this way, by using the old beams and driftwood the ship can be shaped entirely anew, but only by gradual reconstruction.\n\nHere, science is the ship"", 'edited': False, 'top_awarded_type': None, 'downs': 0, 'author_flair_css_class': None, 'name': 't1_l0x0769', 'is_submitter': False, 'collapsed': False, 'author_flair_richtext': [], 'author_patreon_flair': False, 'body_html': '&lt;div class=""md""&gt;&lt;p&gt;Here&amp;#39;s a nice quote from Neurath, it&amp;#39;s written in the context of epistemology and philosophy of science but I do think it applies straight up to pure science:&lt;/p&gt;\n\n&lt;blockquote&gt;\n&lt;p&gt;We are like sailors who on the open sea must reconstruct their ship but are never able to start afresh from the bottom. Where a beam is taken away a new one must at once be put there, and for this the rest of the ship is used as support. In this way, by using the old beams and driftwood the ship can be shaped entirely anew, but only by gradual reconstruction.&lt;/p&gt;\n&lt;/blockquote&gt;\n\n&lt;p&gt;Here, science is the ship&lt;/p&gt;\n&lt;/div&gt;', 'gildings': {}, 'collapsed_reason': None, 'distinguished': None, 'associated_award': None, 'stickied': False, 'author_premium': False, 'can_gild': False, 'link_id': 't3_1cb7suz', 'unrepliable_reason': None, 'author_flair_text_color': None, 'score_hidden': False, 'permalink': '/r/AskPhysics/comments/1cb7suz/what_actually_exists_between_particles/l0x0769/', 'subreddit_type': 'public', 'locked': False, 'report_reasons': None, 'created': 1713892501.0, 'author_flair_text': None, 'treatment_tags': [], 'created_utc': 1713892501.0, 'subreddit_name_prefixed': 'r/AskPhysics', 'controversiality': 0, 'depth': 2, 'author_flair_background_color': None, 'collapsed_because_crowd_control': None, 'mod_reports': [], 'num_reports': None, 'ups': 37}}, {'kind': 't1', 'data': {'subreddit_id': 't5_2sumo', 'approved_at_utc': None, 'author_is_blocked': False, 'comment_type': None, 'awarders': [], 'mod_reason_by': None, 'banned_by': None, 'author_flair_type': 'text', 'total_awards_received': 0, 'subreddit': 'AskPhysics', 'author_flair_template_id': None, 'likes': None, 'replies': '', 'user_reports': [], 'saved': False, 'id': 'l0wy3re', 'banned_at_utc': None, 'mod_reason_title': None, 'gilded': 0, 'archived': False, 'collapsed_reason_code': None, 'no_follow': False, 'author': 'RichardMHP', 'can_mod_post': False, 'send_replies': True, 'parent_id': 't1_l0wwpgb', 'score': 20, 'author_fullname': 't2_9hbgz', 'removal_reason': None, 'approved_by': None, 'mod_note': None, 'all_awardings': [], 'body': 'Welcome to all of science', 'edited': False, 'top_awarded_type': None, 'downs': 0, 'author_flair_css_class': None, 'name': 't1_l0wy3re', 'is_submitter': False, 'collapsed': False, 'author_flair_richtext': [], 'author_patreon_flair': False, 'body_html': '&lt;div class=""md""&gt;&lt;p&gt;Welcome to all of science&lt;/p&gt;\n&lt;/div&gt;', 'gildings': {}, 'collapsed_reason': None, 'distinguished': None, 'associated_award': None, 'stickied': False, 'author_premium': False, 'can_gild': False, 'link_id': 't3_1cb7suz', 'unrepliable_reason': None, 'author_flair_text_color': None, 'score_hidden': False, 'permalink': '/r/AskPhysics/comments/1cb7suz/what_actually_exists_between_particles/l0wy3re/', 'subreddit_type': 'public', 'locked': False, 'report_reasons': None, 'created': 1713891803.0, 'author_flair_text': None, 'treatment_tags': [], 'created_utc': 1713891803.0, 'subreddit_name_prefixed': 'r/AskPhysics', 'controversiality': 0, 'depth': 2, 'author_flair_background_color': None, 'collapsed_because_crowd_control': None, 'mod_reports': [], 'num_reports': None, 'ups': 20}}, {'kind': 't1', 'data': {'subreddit_id': 't5_2sumo', 'approved_at_utc': None, 'author_is_blocked': False, 'comment_type': None, 'awarders': [], 'mod_reason_by': None, 'banned_by': None, 'author_flair_type': 'text', 'total_awards_received': 0, 'subreddit': 'AskPhysics', 'author_flair_template_id': None, 'likes': None, 'replies': '', 'user_reports': [], 'saved': False, 'id': 'l0zb33z', 'banned_at_utc': None, 'mod_reason_title': None, 'gilded': 0, 'archived': False, 'collapsed_reason_code': None, 'no_follow': False, 'author': 'astronauticalll', 'can_mod_post': False, 'send_replies': True, 'parent_id': 't1_l0wwpgb', 'score': 3, 'author_fullname': 't2_13jvm34l', 'removal_reason': None, 'approved_by': None, 'mod_note': None, 'all_awardings': [], 'body': ""we know a decent amount actually. The permittivity of free space for example is a very real and very measurable constant. \n\nSure there's always more to learn, this is physics after all. But it's narrow-minded and frankly dismissive to pretend that we don't know anything about it."", 'edited': False, 'top_awarded_type': None, 'downs': 0, 'author_flair_css_class': None, 'name': 't1_l0zb33z', 'is_submitter': False, 'collapsed': False, 'author_flair_richtext': [], 'author_patreon_flair': False, 'body_html': '&lt;div class=""md""&gt;&lt;p&gt;we know a decent amount actually. The permittivity of free space for example is a very real and very measurable constant. &lt;/p&gt;\n\n&lt;p&gt;Sure there&amp;#39;s always more to learn, this is physics after all. But it&amp;#39;s narrow-minded and frankly dismissive to pretend that we don&amp;#39;t know anything about it.&lt;/p&gt;\n&lt;/div&gt;', 'gildings': {}, 'collapsed_reason': None, 'distinguished': None, 'associated_award': None, 'stickied': False, 'author_premium': False, 'can_gild': False, 'link_id': 't3_1cb7suz', 'unrepliable_reason': None, 'author_flair_text_color': None, 'score_hidden': False, 'permalink': '/r/AskPhysics/comments/1cb7suz/what_actually_exists_between_particles/l0zb33z/', 'subreddit_type': 'public', 'locked': False, 'report_reasons': None, 'created': 1713921949.0, 'author_flair_text': None, 'treatment_tags': [], 'created_utc': 1713921949.0, 'subreddit_name_prefixed': 'r/AskPhysics', 'controversiality': 0, 'depth': 2, 'author_flair_background_color': None, 'collapsed_because_crowd_control': None, 'mod_reports': [], 'num_reports': None, 'ups': 3}}, {'kind': 't1', 'data': {'subreddit_id': 't5_2sumo', 'approved_at_utc': None, 'author_is_blocked': False, 'comment_type': None, 'awarders': [], 'mod_reason_by': None, 'banned_by': None, 'author_flair_type': 'text', 'total_awards_received': 0, 'subreddit': 'AskPhysics', 'author_flair_template_id': None, 'likes': None, 'replies': '', 'user_reports': [], 'saved': False, 'id': 'l0ygw9b', 'banned_at_utc': None, 'mod_reason_title': None, 'gilded': 0, 'archived': False, 'collapsed_reason_code': 'LOW_SCORE', 'no_follow': True, 'author': 'death-to-you', 'can_mod_post': False, 'send_replies': True, 'parent_id': 't1_l0wwpgb', 'score': -19, 'author_fullname': 't2_y209yslzh', 'removal_reason': None, 'approved_by': None, 'mod_note': None, 'all_awardings': [], 'body': 'Stupid people be here', 'edited': False, 'top_awarded_type': None, 'downs': 0, 'author_flair_css_class': None, 'name': 't1_l0ygw9b', 'is_submitter': False, 'collapsed': True, 'author_flair_richtext': [], 'author_patreon_flair': False, 'body_html': '&lt;div class=""md""&gt;&lt;p&gt;Stupid people be here&lt;/p&gt;\n&lt;/div&gt;', 'gildings': {}, 'collapsed_reason': 'comment score below threshold', 'distinguished': None, 'associated_award': None, 'stickied': False, 'author_premium': False, 'can_gild': False, 'link_id': 't3_1cb7suz', 'unrepliable_reason': None, 'author_flair_text_color': None, 'score_hidden': False, 'permalink': '/r/AskPhysics/comments/1cb7suz/what_actually_exists_between_particles/l0ygw9b/', 'subreddit_type': 'public', 'locked': False, 'report_reasons': None, 'created': 1713910256.0, 'author_flair_text': None, 'treatment_tags': [], 'created_utc': 1713910256.0, 'subreddit_name_prefixed': 'r/AskPhysics', 'controversiality': 0, 'depth': 2, 'author_flair_background_color': None, 'collapsed_because_crowd_control': None, 'mod_reports': [], 'num_reports': None, 'ups': -19}}], 'before': None}}, 'user_reports': [], 'saved': False, 'id': 'l0wwpgb', 'banned_at_utc': None, 'mod_reason_title': None, 'gilded': 0, 'archived': False, 'collapsed_reason_code': 'LOW_SCORE', 'no_follow': True, 'author': 'death-to-you', 'can_mod_post': False, 'created_utc': 1713891341.0, 'send_replies': True, 'parent_id': 't1_l0wlh4h', 'score': -50, 'author_fullname': 't2_y209yslzh', 'removal_reason': None, 'approved_by': None, 'mod_note': None, 'all_awardings': [], 'body': ""Which means that we don't actually know the details just the results."", 'edited': False, 'top_awarded_type': None, 'author_flair_css_class': None, 'name': 't1_l0wwpgb', 'is_submitter': False, 'downs': 0, 'author_flair_richtext': [], 'author_patreon_flair': False, 'body_html': '&lt;div class=""md""&gt;&lt;p&gt;Which means that we don&amp;#39;t actually know the details just the results.&lt;/p&gt;\n&lt;/div&gt;', 'gildings': {}, 'collapsed_reason': 'comment score below threshold', 'distinguished': None, 'associated_award': None, 'stickied': False, 'author_premium': False, 'can_gild': False, 'link_id': 't3_1cb7suz', 'unrepliable_reason': None, 'author_flair_text_color': None, 'score_hidden': False, 'permalink': '/r/AskPhysics/comments/1cb7suz/what_actually_exists_between_particles/l0wwpgb/', 'subreddit_type': 'public', 'locked': False, 'report_reasons': None, 'created': 1713891341.0, 'author_flair_text': None, 'treatment_tags': [], 'collapsed': True, 'subreddit_name_prefixed': 'r/AskPhysics', 'controversiality': 0, 'depth': 1, 'author_flair_background_color': None, 'collapsed_because_crowd_control': None, 'mod_reports': [], 'num_reports': None, 'ups': -50}}], 'before': None}}",,False,54,False,True,False,AskPhysics,t5_2sumo,r/AskPhysics,public,,0,[],,54,[],t1
data_2,[],,,False,,TerraNeko_,,,[],,,,text,t2_2pr8eff3,False,False,False,[],,,"our best model of the subatomic is probably quantum field theory, in which particles are just excitations in their respective field, the fields being everywhere in the universe, so there is only really low energy fields and high energy peaks we know as particles","&lt;div class=""md""&gt;&lt;p&gt;our best model of the subatomic is probably quantum field theory, in which particles are just excitations in their respective field, the fields being everywhere in the universe, so there is only really low energy fields and high energy peaks we know as particles&lt;/p&gt;
&lt;/div&gt;",False,False,False,,,,,0,1713892527.0,1713892527.0,0,,0,False,0,{},l0x09wq,False,,t3_1cb7suz,False,,,,[],t1_l0x09wq,False,,t3_1cb7suz,/r/AskPhysics/comments/1cb7suz/what_actually_exists_between_particles/l0x09wq/,,"{'kind': 'Listing', 'data': {'after': None, 'dist': None, 'modhash': None, 'geo_filter': '', 'children': [{'kind': 't1', 'data': {'subreddit_id': 't5_2sumo', 'approved_at_utc': None, 'author_is_blocked': False, 'comment_type': None, 'awarders': [], 'mod_reason_by': None, 'banned_by': None, 'author_flair_type': 'text', 'total_awards_received': 0, 'subreddit': 'AskPhysics', 'author_flair_template_id': None, 'likes': None, 'replies': {'kind': 'Listing', 'data': {'after': None, 'dist': None, 'modhash': None, 'geo_filter': '', 'children': [{'kind': 't1', 'data': {'subreddit_id': 't5_2sumo', 'approved_at_utc': None, 'author_is_blocked': False, 'comment_type': None, 'awarders': [], 'mod_reason_by': None, 'banned_by': None, 'author_flair_type': 'text', 'total_awards_received': 0, 'subreddit': 'AskPhysics', 'author_flair_template_id': None, 'likes': None, 'replies': {'kind': 'Listing', 'data': {'after': None, 'dist': None, 'modhash': None, 'geo_filter': '', 'children': [{'kind': 't1', 'data': {'subreddit_id': 't5_2sumo', 'approved_at_utc': None, 'author_is_blocked': False, 'comment_type': None, 'awarders': [], 'mod_reason_by': None, 'banned_by': None, 'author_flair_type': 'text', 'total_awards_received': 0, 'subreddit': 'AskPhysics', 'author_flair_template_id': None, 'likes': None, 'replies': {'kind': 'Listing', 'data': {'after': None, 'dist': None, 'modhash': None, 'geo_filter': '', 'children': [{'kind': 't1', 'data': {'subreddit_id': 't5_2sumo', 'approved_at_utc': None, 'author_is_blocked': False, 'comment_type': None, 'awarders': [], 'mod_reason_by': None, 'banned_by': None, 'author_flair_type': 'text', 'total_awards_received': 0, 'subreddit': 'AskPhysics', 'author_flair_template_id': None, 'distinguished': None, 'likes': None, 'replies': {'kind': 'Listing', 'data': {'after': None, 'dist': None, 'modhash': None, 'geo_filter': '', 'children': [{'kind': 't1', 'data': {'subreddit_id': 't5_2sumo', 'approved_at_utc': None, 'author_is_blocked': False, 'comment_type': None, 'awarders': [], 'mod_reason_by': None, 'banned_by': None, 'author_flair_type': 'text', 'total_awards_received': 0, 'subreddit': 'AskPhysics', 'author_flair_template_id': None, 'distinguished': None, 'likes': None, 'replies': {'kind': 'Listing', 'data': {'after': None, 'dist': None, 'modhash': None, 'geo_filter': '', 'children': [{'kind': 't1', 'data': {'subreddit_id': 't5_2sumo', 'approved_at_utc': None, 'author_is_blocked': False, 'comment_type': None, 'awarders': [], 'mod_reason_by': None, 'banned_by': None, 'author_flair_type': 'text', 'total_awards_received': 0, 'subreddit': 'AskPhysics', 'author_flair_template_id': None, 'distinguished': None, 'likes': None, 'replies': '', 'user_reports': [], 'saved': False, 'id': 'l0xkupy', 'banned_at_utc': None, 'mod_reason_title': None, 'gilded': 0, 'archived': False, 'collapsed_reason_code': None, 'no_follow': False, 'author': 'Rigorous_Threshold', 'can_mod_post': False, 'send_replies': True, 'parent_id': 't1_l0xjofo', 'score': 8, 'author_fullname': 't2_p499kq9ts', 'approved_by': None, 'mod_note': None, 'all_awardings': [], 'collapsed': False, 'body': 'Curiosity is curiosity', 'edited': False, 'gildings': {}, 'author_flair_css_class': None, 'name': 't1_l0xkupy', 'is_submitter': False, 'downs': 0, 'author_flair_richtext': [], 'author_patreon_flair': False, 'body_html': '&lt;div class=""md""&gt;&lt;p&gt;Curiosity is curiosity&lt;/p&gt;\n&lt;/div&gt;', 'removal_reason': None, 'collapsed_reason': None, 'link_id': 't3_1cb7suz', 'associated_award': None, 'stickied': False, 'author_premium': False, 'can_gild': False, 'top_awarded_type': None, 'unrepliable_reason': None, 'author_flair_text_color': None, 'score_hidden': False, 'permalink': '/r/AskPhysics/comments/1cb7suz/what_actually_exists_between_particles/l0xkupy/', 'subreddit_type': 'public', 'locked': False, 'report_reasons': None, 'created': 1713899412.0, 'author_flair_text': None, 'treatment_tags': [], 'created_utc': 1713899412.0, 'subreddit_name_prefixed': 'r/AskPhysics', 'controversiality': 0, 'depth': 6, 'author_flair_background_color': None, 'collapsed_because_crowd_control': None, 'mod_reports': [], 'num_reports': None, 'ups': 8}}, {'kind': 't1', 'data': {'subreddit_id': 't5_2sumo', 'approved_at_utc': None, 'author_is_blocked': False, 'comment_type': None, 'awarders': [], 'mod_reason_by': None, 'banned_by': None, 'author_flair_type': 'text', 'total_awards_received': 0, 'subreddit': 'AskPhysics', 'author_flair_template_id': None, 'distinguished': None, 'likes': None, 'replies': '', 'user_reports': [], 'saved': False, 'id': 'l0xkqpg', 'banned_at_utc': None, 'mod_reason_title': None, 'gilded': 0, 'archived': False, 'collapsed_reason_code': None, 'no_follow': True, 'author': 'boredicjoseph', 'can_mod_post': False, 'send_replies': True, 'parent_id': 't1_l0xjofo', 'score': 1, 'author_fullname': 't2_mocmtga3v', 'approved_by': None, 'mod_note': None, 'all_awardings': [], 'collapsed': False, 'body': ""Sammmme\n\nIt feels like I've seen every video on YouTube that isn't weird horse shit. And some of the weird horse shit for fun (but with awareness that it's weird horse shit)."", 'edited': False, 'gildings': {}, 'author_flair_css_class': None, 'name': 't1_l0xkqpg', 'is_submitter': False, 'downs': 0, 'author_flair_richtext': [], 'author_patreon_flair': False, 'body_html': '&lt;div class=""md""&gt;&lt;p&gt;Sammmme&lt;/p&gt;\n\n&lt;p&gt;It feels like I&amp;#39;ve seen every video on YouTube that isn&amp;#39;t weird horse shit. And some of the weird horse shit for fun (but with awareness that it&amp;#39;s weird horse shit).&lt;/p&gt;\n&lt;/div&gt;', 'removal_reason': None, 'collapsed_reason': None, 'link_id': 't3_1cb7suz', 'associated_award': None, 'stickied': False, 'author_premium': False, 'can_gild': False, 'top_awarded_type': None, 'unrepliable_reason': None, 'author_flair_text_color': None, 'score_hidden': False, 'permalink': '/r/AskPhysics/comments/1cb7suz/what_actually_exists_between_particles/l0xkqpg/', 'subreddit_type': 'public', 'locked': False, 'report_reasons': None, 'created': 1713899376.0, 'author_flair_text': None, 'treatment_tags': [], 'created_utc': 1713899376.0, 'subreddit_name_prefixed': 'r/AskPhysics', 'controversiality': 0, 'depth': 6, 'author_flair_background_color': None, 'collapsed_because_crowd_control': None, 'mod_reports': [], 'num_reports': None, 'ups': 1}}], 'before': None}}, 'user_reports': [], 'saved': False, 'id': 'l0xjofo', 'banned_at_utc': None, 'mod_reason_title': None, 'gilded': 0, 'archived': False, 'collapsed_reason_code': None, 'no_follow': False, 'author': 'TerraNeko_', 'can_mod_post': False, 'send_replies': True, 'parent_id': 't1_l0xgijl', 'score': 4, 'author_fullname': 't2_2pr8eff3', 'approved_by': None, 'mod_note': None, 'all_awardings': [], 'body': 'honestly its mostly autism making me hyper focused on a single random thing for some time', 'edited': False, 'gildings': {}, 'downs': 0, 'author_flair_css_class': None, 'name': 't1_l0xjofo', 'is_submitter': False, 'collapsed': False, 'author_flair_richtext': [], 'author_patreon_flair': False, 'body_html': '&lt;div class=""md""&gt;&lt;p&gt;honestly its mostly autism making me hyper focused on a single random thing for some time&lt;/p&gt;\n&lt;/div&gt;', 'removal_reason': None, 'collapsed_reason': None, 'link_id': 't3_1cb7suz', 'associated_award': None, 'stickied': False, 'author_premium': False, 'can_gild': False, 'top_awarded_type': None, 'unrepliable_reason': None, 'author_flair_text_color': None, 'score_hidden': False, 'permalink': '/r/AskPhysics/comments/1cb7suz/what_actually_exists_between_particles/l0xjofo/', 'subreddit_type': 'public', 'locked': False, 'report_reasons': None, 'created': 1713899022.0, 'author_flair_text': None, 'treatment_tags': [], 'created_utc': 1713899022.0, 'subreddit_name_prefixed': 'r/AskPhysics', 'controversiality': 0, 'depth': 5, 'author_flair_background_color': None, 'collapsed_because_crowd_control': None, 'mod_reports': [], 'num_reports': None, 'ups': 4}}], 'before': None}}, 'user_reports': [], 'saved': False, 'id': 'l0xgijl', 'banned_at_utc': None, 'mod_reason_title': None, 'gilded': 0, 'archived': False, 'collapsed_reason_code': None, 'no_follow': False, 'author': 'Rigorous_Threshold', 'can_mod_post': False, 'send_replies': True, 'parent_id': 't1_l0xfbhy', 'score': 4, 'author_fullname': 't2_p499kq9ts', 'removal_reason': None, 'approved_by': None, 'mod_note': None, 'all_awardings': [], 'body': 'If you know about the holographic principle you’re probably pretty smart. Not necessarily educated enough to know what you’re talking about, mind you, but people who are curious enough to look into that aren’t dumb', 'edited': False, 'author_flair_css_class': None, 'name': 't1_l0xgijl', 'is_submitter': False, 'downs': 0, 'author_flair_richtext': [], 'author_patreon_flair': False, 'body_html': '&lt;div class=""md""&gt;&lt;p&gt;If you know about the holographic principle you’re probably pretty smart. Not necessarily educated enough to know what you’re talking about, mind you, but people who are curious enough to look into that aren’t dumb&lt;/p&gt;\n&lt;/div&gt;', 'gildings': {}, 'collapsed_reason': None, 'link_id': 't3_1cb7suz', 'associated_award': None, 'stickied': False, 'author_premium': False, 'can_gild': False, 'top_awarded_type': None, 'unrepliable_reason': None, 'author_flair_text_color': None, 'treatment_tags': [], 'score_hidden': False, 'permalink': '/r/AskPhysics/comments/1cb7suz/what_actually_exists_between_particles/l0xgijl/', 'subreddit_type': 'public', 'locked': False, 'report_reasons': None, 'created': 1713897957.0, 'author_flair_text': None, 'collapsed': False, 'created_utc': 1713897957.0, 'subreddit_name_prefixed': 'r/AskPhysics', 'controversiality': 0, 'depth': 4, 'author_flair_background_color': None, 'collapsed_because_crowd_control': None, 'mod_reports': [], 'num_reports': None, 'ups': 4}}], 'before': None}}, 'user_reports': [], 'saved': False, 'id': 'l0xfbhy', 'banned_at_utc': None, 'mod_reason_title': None, 'gilded': 0, 'archived': False, 'collapsed_reason_code': None, 'no_follow': True, 'author': 'TerraNeko_', 'can_mod_post': False, 'send_replies': True, 'parent_id': 't1_l0xbmj9', 'score': 2, 'author_fullname': 't2_2pr8eff3', 'removal_reason': None, 'approved_by': None, 'mod_note': None, 'all_awardings': [], 'collapsed': False, 'body': 'alot of modern theories apperently move towards holographic/emergent space time, even if thats not rly the right word (im not that smart) PBS made a great video about it recently', 'edited': False, 'top_awarded_type': None, 'author_flair_css_class': None, 'name': 't1_l0xfbhy', 'is_submitter': False, 'downs': 0, 'author_flair_richtext': [], 'author_patreon_flair': False, 'body_html': '&lt;div class=""md""&gt;&lt;p&gt;alot of modern theories apperently move towards holographic/emergent space time, even if thats not rly the right word (im not that smart) PBS made a great video about it recently&lt;/p&gt;\n&lt;/div&gt;', 'gildings': {}, 'collapsed_reason': None, 'distinguished': None, 'associated_award': None, 'stickied': False, 'author_premium': False, 'can_gild': False, 'link_id': 't3_1cb7suz', 'unrepliable_reason': None, 'author_flair_text_color': None, 'score_hidden': False, 'permalink': '/r/AskPhysics/comments/1cb7suz/what_actually_exists_between_particles/l0xfbhy/', 'subreddit_type': 'public', 'locked': False, 'report_reasons': None, 'created': 1713897557.0, 'author_flair_text': None, 'treatment_tags': [], 'created_utc': 1713897557.0, 'subreddit_name_prefixed': 'r/AskPhysics', 'controversiality': 0, 'depth': 3, 'author_flair_background_color': None, 'collapsed_because_crowd_control': None, 'mod_reports': [], 'num_reports': None, 'ups': 2}}], 'before': None}}, 'user_reports': [], 'saved': False, 'id': 'l0xbmj9', 'banned_at_utc': None, 'mod_reason_title': None, 'gilded': 0, 'archived': False, 'collapsed_reason_code': None, 'no_follow': False, 'author': 'annarborhawk', 'can_mod_post': False, 'send_replies': True, 'parent_id': 't1_l0x63w5', 'score': 11, 'author_fullname': 't2_nbjp1', 'removal_reason': None, 'approved_by': None, 'mod_note': None, 'all_awardings': [], 'body': 'Then there\'s the bit about ""space"" perhaps not even being fundamental. If that\'s true, ""empty space"" is just an emergent course-grained way of looking at part of the universe.   \n\nI think a larger point is that as our understanding of quantum field theory grows, completely intuitive concepts like ""empty"" and ""space"" do not represent or map on to underlying reality.  \n\nIt\'s likely weirder than we can grasp, so our intuitions are a poor guide.\n\nI would recommend to OP, ""The Big Picture"" by Sean Carroll for this type of question.', 'edited': False, 'top_awarded_type': None, 'downs': 0, 'author_flair_css_class': None, 'name': 't1_l0xbmj9', 'is_submitter': False, 'collapsed': False, 'author_flair_richtext': [], 'author_patreon_flair': False, 'body_html': '&lt;div class=""md""&gt;&lt;p&gt;Then there&amp;#39;s the bit about &amp;quot;space&amp;quot; perhaps not even being fundamental. If that&amp;#39;s true, &amp;quot;empty space&amp;quot; is just an emergent course-grained way of looking at part of the universe.   &lt;/p&gt;\n\n&lt;p&gt;I think a larger point is that as our understanding of quantum field theory grows, completely intuitive concepts like &amp;quot;empty&amp;quot; and &amp;quot;space&amp;quot; do not represent or map on to underlying reality.  &lt;/p&gt;\n\n&lt;p&gt;It&amp;#39;s likely weirder than we can grasp, so our intuitions are a poor guide.&lt;/p&gt;\n\n&lt;p&gt;I would recommend to OP, &amp;quot;The Big Picture&amp;quot; by Sean Carroll for this type of question.&lt;/p&gt;\n&lt;/div&gt;', 'gildings': {}, 'collapsed_reason': None, 'distinguished': None, 'associated_award': None, 'stickied': False, 'author_premium': False, 'can_gild': False, 'link_id': 't3_1cb7suz', 'unrepliable_reason': None, 'author_flair_text_color': None, 'score_hidden': False, 'permalink': '/r/AskPhysics/comments/1cb7suz/what_actually_exists_between_particles/l0xbmj9/', 'subreddit_type': 'public', 'locked': False, 'report_reasons': None, 'created': 1713896318.0, 'author_flair_text': None, 'treatment_tags': [], 'created_utc': 1713896318.0, 'subreddit_name_prefixed': 'r/AskPhysics', 'controversiality': 0, 'depth': 2, 'author_flair_background_color': None, 'collapsed_because_crowd_control': None, 'mod_reports': [], 'num_reports': None, 'ups': 11}}], 'before': None}}, 'user_reports': [], 'saved': False, 'id': 'l0x63w5', 'banned_at_utc': None, 'mod_reason_title': None, 'gilded': 0, 'archived': False, 'collapsed_reason_code': None, 'no_follow': False, 'author': 'Fizassist1', 'can_mod_post': False, 'created_utc': 1713894476.0, 'send_replies': True, 'parent_id': 't1_l0x09wq', 'score': 15, 'author_fullname': 't2_55fn93dl', 'removal_reason': None, 'approved_by': None, 'mod_note': None, 'all_awardings': [], 'body': 'this is the best answer in here imo', 'edited': False, 'top_awarded_type': None, 'author_flair_css_class': None, 'name': 't1_l0x63w5', 'is_submitter': False, 'downs': 0, 'author_flair_richtext': [], 'author_patreon_flair': False, 'body_html': '&lt;div class=""md""&gt;&lt;p&gt;this is the best answer in here imo&lt;/p&gt;\n&lt;/div&gt;', 'gildings': {}, 'collapsed_reason': None, 'distinguished': None, 'associated_award': None, 'stickied': False, 'author_premium': False, 'can_gild': False, 'link_id': 't3_1cb7suz', 'unrepliable_reason': None, 'author_flair_text_color': None, 'score_hidden': False, 'permalink': '/r/AskPhysics/comments/1cb7suz/what_actually_exists_between_particles/l0x63w5/', 'subreddit_type': 'public', 'locked': False, 'report_reasons': None, 'created': 1713894476.0, 'author_flair_text': None, 'treatment_tags': [], 'collapsed': False, 'subreddit_name_prefixed': 'r/AskPhysics', 'controversiality': 0, 'depth': 1, 'author_flair_background_color': None, 'collapsed_because_crowd_control': None, 'mod_reports': [], 'num_reports': None, 'ups': 15}}, {'kind': 't1', 'data': {'subreddit_id': 't5_2sumo', 'approved_at_utc': None, 'author_is_blocked': False, 'comment_type': None, 'awarders': [], 'mod_reason_by': None, 'banned_by': None, 'author_flair_type': 'text', 'total_awards_received': 0, 'subreddit': 'AskPhysics', 'author_flair_template_id': None, 'likes': None, 'replies': '', 'user_reports': [], 'saved': False, 'id': 'l10el7z', 'banned_at_utc': None, 'mod_reason_title': None, 'gilded': 0, 'archived': False, 'collapsed_reason_code': None, 'no_follow': True, 'author': 'techadoodle', 'can_mod_post': False, 'created_utc': 1713941718.0, 'send_replies': True, 'parent_id': 't1_l0x09wq', 'score': 1, 'author_fullname': 't2_miew9vwz', 'removal_reason': None, 'approved_by': None, 'mod_note': None, 'all_awardings': [], 'body': ""So not really much different to Christiaan Huygens' ether?"", 'edited': False, 'top_awarded_type': None, 'author_flair_css_class': None, 'name': 't1_l10el7z', 'is_submitter': False, 'downs': 0, 'author_flair_richtext': [], 'author_patreon_flair': False, 'body_html': '&lt;div class=""md""&gt;&lt;p&gt;So not really much different to Christiaan Huygens&amp;#39; ether?&lt;/p&gt;\n&lt;/div&gt;', 'gildings': {}, 'collapsed_reason': None, 'distinguished': None, 'associated_award': None, 'stickied': False, 'author_premium': False, 'can_gild': False, 'link_id': 't3_1cb7suz', 'unrepliable_reason': None, 'author_flair_text_color': None, 'score_hidden': False, 'permalink': '/r/AskPhysics/comments/1cb7suz/what_actually_exists_between_particles/l10el7z/', 'subreddit_type': 'public', 'locked': False, 'report_reasons': None, 'created': 1713941718.0, 'author_flair_text': None, 'treatment_tags': [], 'collapsed': False, 'subreddit_name_prefixed': 'r/AskPhysics', 'controversiality': 0, 'depth': 1, 'author_flair_background_color': None, 'collapsed_because_crowd_control': None, 'mod_reports': [], 'num_reports': None, 'ups': 1}}, {'kind': 't1', 'data': {'subreddit_id': 't5_2sumo', 'approved_at_utc': None, 'author_is_blocked': False, 'comment_type': None, 'awarders': [], 'mod_reason_by': None, 'banned_by': None, 'author_flair_type': 'text', 'total_awards_received': 0, 'subreddit': 'AskPhysics', 'author_flair_template_id': None, 'likes': None, 'replies': {'kind': 'Listing', 'data': {'after': None, 'dist': None, 'modhash': None, 'geo_filter': '', 'children': [{'kind': 't1', 'data': {'subreddit_id': 't5_2sumo', 'approved_at_utc': None, 'author_is_blocked': False, 'comment_type': None, 'awarders': [], 'mod_reason_by': None, 'banned_by': None, 'author_flair_type': 'text', 'total_awards_received': 0, 'subreddit': 'AskPhysics', 'author_flair_template_id': '94a9f77e-c6b2-11e4-a3b7-22000b2a8bad', 'likes': None, 'replies': {'kind': 'Listing', 'data': {'after': None, 'dist': None, 'modhash': None, 'geo_filter': '', 'children': [{'kind': 't1', 'data': {'subreddit_id': 't5_2sumo', 'approved_at_utc': None, 'author_is_blocked': False, 'comment_type': None, 'awarders': [], 'mod_reason_by': None, 'banned_by': None, 'author_flair_type': 'text', 'total_awards_received': 0, 'subreddit': 'AskPhysics', 'author_flair_template_id': None, 'likes': None, 'replies': {'kind': 'Listing', 'data': {'after': None, 'dist': None, 'modhash': None, 'geo_filter': '', 'children': [{'kind': 't1', 'data': {'subreddit_id': 't5_2sumo', 'approved_at_utc': None, 'author_is_blocked': False, 'comment_type': None, 'awarders': [], 'mod_reason_by': None, 'banned_by': None, 'author_flair_type': 'text', 'total_awards_received': 0, 'subreddit': 'AskPhysics', 'author_flair_template_id': '7ba8ac48-c6b2-11e4-9b49-22000b698517', 'distinguished': None, 'likes': None, 'replies': {'kind': 'Listing', 'data': {'after': None, 'dist': None, 'modhash': None, 'geo_filter': '', 'children': [{'kind': 't1', 'data': {'subreddit_id': 't5_2sumo', 'approved_at_utc': None, 'author_is_blocked': False, 'comment_type': None, 'awarders': [], 'mod_reason_by': None, 'banned_by': None, 'author_flair_type': 'text', 'total_awards_received': 0, 'subreddit': 'AskPhysics', 'author_flair_template_id': None, 'distinguished': None, 'likes': None, 'replies': '', 'user_reports': [], 'saved': False, 'id': 'l0yq3qf', 'banned_at_utc': None, 'mod_reason_title': None, 'gilded': 0, 'archived': False, 'collapsed_reason_code': None, 'no_follow': True, 'author': 'YourMomAnyPercent', 'can_mod_post': False, 'send_replies': True, 'parent_id': 't1_l0yev26', 'score': 1, 'author_fullname': 't2_rw3rkf232', 'approved_by': None, 'mod_note': None, 'all_awardings': [], 'body': 'Til, ty', 'edited': False, 'gildings': {}, 'downs': 0, 'author_flair_css_class': None, 'name': 't1_l0yq3qf', 'is_submitter': False, 'collapsed': False, 'author_flair_richtext': [], 'author_patreon_flair': False, 'body_html': '&lt;div class=""md""&gt;&lt;p&gt;Til, ty&lt;/p&gt;\n&lt;/div&gt;', 'removal_reason': None, 'collapsed_reason': None, 'link_id': 't3_1cb7suz', 'associated_award': None, 'stickied': False, 'author_premium': False, 'can_gild': False, 'top_awarded_type': None, 'unrepliable_reason': None, 'author_flair_text_color': None, 'score_hidden': False, 'permalink': '/r/AskPhysics/comments/1cb7suz/what_actually_exists_between_particles/l0yq3qf/', 'subreddit_type': 'public', 'locked': False, 'report_reasons': None, 'created': 1713913745.0, 'author_flair_text': None, 'treatment_tags': [], 'created_utc': 1713913745.0, 'subreddit_name_prefixed': 'r/AskPhysics', 'controversiality': 0, 'depth': 5, 'author_flair_background_color': None, 'collapsed_because_crowd_control': None, 'mod_reports': [], 'num_reports': None, 'ups': 1}}], 'before': None}}, 'user_reports': [], 'saved': False, 'id': 'l0yev26', 'banned_at_utc': None, 'mod_reason_title': None, 'gilded': 0, 'archived': False, 'collapsed_reason_code': None, 'no_follow': False, 'author': 'x_pinklvr_xcxo', 'can_mod_post': False, 'send_replies': True, 'parent_id': 't1_l0y8a6q', 'score': 5, 'author_fullname': 't2_gaf7hfqi', 'removal_reason': None, 'approved_by': None, 'mod_note': None, 'all_awardings': [], 'body': 'quarks are excitations in the quark fields\ngluons are the excitations of the strong field', 'edited': False, 'author_flair_css_class': 'pf', 'name': 't1_l0yev26', 'is_submitter': False, 'downs': 0, 'author_flair_richtext': [], 'author_patreon_flair': False, 'body_html': '&lt;div class=""md""&gt;&lt;p&gt;quarks are excitations in the quark fields\ngluons are the excitations of the strong field&lt;/p&gt;\n&lt;/div&gt;', 'gildings': {}, 'collapsed_reason': None, 'link_id': 't3_1cb7suz', 'associated_award': None, 'stickied': False, 'author_premium': False, 'can_gild': False, 'top_awarded_type': None, 'unrepliable_reason': None, 'author_flair_text_color': 'dark', 'treatment_tags': [], 'score_hidden': False, 'permalink': '/r/AskPhysics/comments/1cb7suz/what_actually_exists_between_particles/l0yev26/', 'subreddit_type': 'public', 'locked': False, 'report_reasons': None, 'created': 1713909511.0, 'author_flair_text': 'Particle physics', 'collapsed': False, 'created_utc': 1713909511.0, 'subreddit_name_prefixed': 'r/AskPhysics', 'controversiality': 0, 'depth': 4, 'author_flair_background_color': None, 'collapsed_because_crowd_control': None, 'mod_reports': [], 'num_reports': None, 'ups': 5}}], 'before': None}}, 'user_reports': [], 'saved': False, 'id': 'l0y8a6q', 'banned_at_utc': None, 'mod_reason_title': None, 'gilded': 0, 'archived': False, 'collapsed_reason_code': None, 'no_follow': True, 'author': 'YourMomAnyPercent', 'can_mod_post': False, 'send_replies': True, 'parent_id': 't1_l0xva7i', 'score': 1, 'author_fullname': 't2_rw3rkf232', 'removal_reason': None, 'approved_by': None, 'mod_note': None, 'all_awardings': [], 'collapsed': False, 'body': 'Jeez, so are quarks only found in ""the strong force""?', 'edited': 1713913755.0, 'top_awarded_type': None, 'author_flair_css_class': None, 'name': 't1_l0y8a6q', 'is_submitter': False, 'downs': 0, 'author_flair_richtext': [], 'author_patreon_flair': False, 'body_html': '&lt;div class=""md""&gt;&lt;p&gt;Jeez, so are quarks only found in &amp;quot;the strong force&amp;quot;?&lt;/p&gt;\n&lt;/div&gt;', 'gildings': {}, 'collapsed_reason': None, 'distinguished': None, 'associated_award': None, 'stickied': False, 'author_premium': False, 'can_gild': False, 'link_id': 't3_1cb7suz', 'unrepliable_reason': None, 'author_flair_text_color': None, 'score_hidden': False, 'permalink': '/r/AskPhysics/comments/1cb7suz/what_actually_exists_between_particles/l0y8a6q/', 'subreddit_type': 'public', 'locked': False, 'report_reasons': None, 'created': 1713907181.0, 'author_flair_text': None, 'treatment_tags': [], 'created_utc': 1713907181.0, 'subreddit_name_prefixed': 'r/AskPhysics', 'controversiality': 0, 'depth': 3, 'author_flair_background_color': None, 'collapsed_because_crowd_control': None, 'mod_reports': [], 'num_reports': None, 'ups': 1}}, {'kind': 't1', 'data': {'subreddit_id': 't5_2sumo', 'approved_at_utc': None, 'author_is_blocked': False, 'comment_type': None, 'awarders': [], 'mod_reason_by': None, 'banned_by': None, 'author_flair_type': 'text', 'total_awards_received': 0, 'subreddit': 'AskPhysics', 'author_flair_template_id': None, 'likes': None, 'replies': {'kind': 'Listing', 'data': {'after': None, 'dist': None, 'modhash': None, 'geo_filter': '', 'children': [{'kind': 't1', 'data': {'subreddit_id': 't5_2sumo', 'approved_at_utc': None, 'author_is_blocked': False, 'comment_type': None, 'awarders': [], 'mod_reason_by': None, 'banned_by': None, 'author_flair_type': 'text', 'total_awards_received': 0, 'subreddit': 'AskPhysics', 'author_flair_template_id': '94a9f77e-c6b2-11e4-a3b7-22000b2a8bad', 'distinguished': None, 'likes': None, 'replies': {'kind': 'Listing', 'data': {'after': None, 'dist': None, 'modhash': None, 'geo_filter': '', 'children': [{'kind': 't1', 'data': {'subreddit_id': 't5_2sumo', 'approved_at_utc': None, 'author_is_blocked': False, 'comment_type': None, 'awarders': [], 'mod_reason_by': None, 'banned_by': None, 'author_flair_type': 'text', 'total_awards_received': 0, 'subreddit': 'AskPhysics', 'author_flair_template_id': None, 'distinguished': None, 'likes': None, 'replies': {'kind': 'Listing', 'data': {'after': None, 'dist': None, 'modhash': None, 'geo_filter': '', 'children': [{'kind': 't1', 'data': {'subreddit_id': 't5_2sumo', 'approved_at_utc': None, 'author_is_blocked': False, 'comment_type': None, 'awarders': [], 'mod_reason_by': None, 'banned_by': None, 'author_flair_type': 'text', 'total_awards_received': 0, 'subreddit': 'AskPhysics', 'author_flair_template_id': '94a9f77e-c6b2-11e4-a3b7-22000b2a8bad', 'distinguished': None, 'likes': None, 'replies': '', 'user_reports': [], 'saved': False, 'id': 'l1fx5nm', 'banned_at_utc': None, 'mod_reason_title': None, 'gilded': 0, 'archived': False, 'collapsed_reason_code': None, 'no_follow': True, 'author': 'NNOTM', 'can_mod_post': False, 'send_replies': True, 'parent_id': 't1_l1fkxfi', 'score': 1, 'author_fullname': 't2_6ztbu', 'approved_by': None, 'mod_note': None, 'all_awardings': [], 'collapsed': False, 'body': ""In terms of calculation, if you have the wavefunction, you can apply something called the [particle number operator](https://en.wikipedia.org/wiki/Particle_number_operator) to it (and integrate over a given volume), although I don't have any experience with this, so I couldn't really tell you how to use it in detail.\n\nAs for detectors, I suppose it really depends on the kind of particle you're trying to count:\n\n- In the Rutherford gold foil experiment, they had sparse beams of alpha particles and used phosphorescent screens to count them - i.e. literally just look at the screen and count the number of bright dots you see.\n- If you have a dense beam of photons of a given wavelength, you measure the intensity, and via E = hν calculate how many particles there must be.\n- If you have a charged object, you can count how many excess electrons it has by measuring the charge and dividing by the elementary charge."", 'edited': False, 'gildings': {}, 'author_flair_css_class': 'other', 'name': 't1_l1fx5nm', 'is_submitter': False, 'downs': 0, 'author_flair_richtext': [], 'author_patreon_flair': False, 'body_html': '&lt;div class=""md""&gt;&lt;p&gt;In terms of calculation, if you have the wavefunction, you can apply something called the &lt;a href=""https://en.wikipedia.org/wiki/Particle_number_operator""&gt;particle number operator&lt;/a&gt; to it (and integrate over a given volume), although I don&amp;#39;t have any experience with this, so I couldn&amp;#39;t really tell you how to use it in detail.&lt;/p&gt;\n\n&lt;p&gt;As for detectors, I suppose it really depends on the kind of particle you&amp;#39;re trying to count:&lt;/p&gt;\n\n&lt;ul&gt;\n&lt;li&gt;In the Rutherford gold foil experiment, they had sparse beams of alpha particles and used phosphorescent screens to count them - i.e. literally just look at the screen and count the number of bright dots you see.&lt;/li&gt;\n&lt;li&gt;If you have a dense beam of photons of a given wavelength, you measure the intensity, and via E = hν calculate how many particles there must be.&lt;/li&gt;\n&lt;li&gt;If you have a charged object, you can count how many excess electrons it has by measuring the charge and dividing by the elementary charge.&lt;/li&gt;\n&lt;/ul&gt;\n&lt;/div&gt;', 'removal_reason': None, 'collapsed_reason': None, 'link_id': 't3_1cb7suz', 'associated_award': None, 'stickied': False, 'author_premium': False, 'can_gild': False, 'top_awarded_type': None, 'unrepliable_reason': None, 'author_flair_text_color': 'dark', 'score_hidden': False, 'permalink': '/r/AskPhysics/comments/1cb7suz/what_actually_exists_between_particles/l1fx5nm/', 'subreddit_type': 'public', 'locked': False, 'report_reasons': None, 'created': 1714181890.0, 'author_flair_text': 'Computer science', 'treatment_tags': [], 'created_utc': 1714181890.0, 'subreddit_name_prefixed': 'r/AskPhysics', 'controversiality': 0, 'depth': 6, 'author_flair_background_color': None, 'collapsed_because_crowd_control': None, 'mod_reports': [], 'num_reports': None, 'ups': 1}}], 'before': None}}, 'user_reports': [], 'saved': False, 'id': 'l1fkxfi', 'banned_at_utc': None, 'mod_reason_title': None, 'gilded': 0, 'archived': False, 'collapsed_reason_code': None, 'no_follow': True, 'author': 'zkim_milk', 'can_mod_post': False, 'send_replies': True, 'parent_id': 't1_l10qxew', 'score': 1, 'author_fullname': 't2_ug8gmxoq', 'approved_by': None, 'mod_note': None, 'all_awardings': [], 'body': 'Thanks, that answers my question. If you have time to answer, what kind of detectors and calculations are necessary to determine the exact number of particles present in a given area?', 'edited': False, 'gildings': {}, 'downs': 0, 'author_flair_css_class': None, 'name': 't1_l1fkxfi', 'is_submitter': False, 'collapsed': False, 'author_flair_richtext': [], 'author_patreon_flair': False, 'body_html': '&lt;div class=""md""&gt;&lt;p&gt;Thanks, that answers my question. If you have time to answer, what kind of detectors and calculations are necessary to determine the exact number of particles present in a given area?&lt;/p&gt;\n&lt;/div&gt;', 'removal_reason': None, 'collapsed_reason': None, 'link_id': 't3_1cb7suz', 'associated_award': None, 'stickied': False, 'author_premium': False, 'can_gild': False, 'top_awarded_type': None, 'unrepliable_reason': None, 'author_flair_text_color': None, 'score_hidden': False, 'permalink': '/r/AskPhysics/comments/1cb7suz/what_actually_exists_between_particles/l1fkxfi/', 'subreddit_type': 'public', 'locked': False, 'report_reasons': None, 'created': 1714176922.0, 'author_flair_text': None, 'treatment_tags': [], 'created_utc': 1714176922.0, 'subreddit_name_prefixed': 'r/AskPhysics', 'controversiality': 0, 'depth': 5, 'author_flair_background_color': None, 'collapsed_because_crowd_control': None, 'mod_reports': [], 'num_reports': None, 'ups': 1}}], 'before': None}}, 'user_reports': [], 'saved': False, 'id': 'l10qxew', 'banned_at_utc': None, 'mod_reason_title': None, 'gilded': 0, 'archived': False, 'collapsed_reason_code': None, 'no_follow': False, 'author': 'NNOTM', 'can_mod_post': False, 'send_replies': True, 'parent_id': 't1_l10bq8m', 'score': 5, 'author_fullname': 't2_6ztbu', 'removal_reason': None, 'approved_by': None, 'mod_note': None, 'all_awardings': [], 'body': ""If I'm understanding your question correctly, no, different observers looking at the same field configuration will count the same number of particles. Although a field can be (and realistically always is) in a superposition of many configurations."", 'edited': False, 'author_flair_css_class': 'other', 'name': 't1_l10qxew', 'is_submitter': False, 'downs': 0, 'author_flair_richtext': [], 'author_patreon_flair': False, 'body_html': '&lt;div class=""md""&gt;&lt;p&gt;If I&amp;#39;m understanding your question correctly, no, different observers looking at the same field configuration will count the same number of particles. Although a field can be (and realistically always is) in a superposition of many configurations.&lt;/p&gt;\n&lt;/div&gt;', 'gildings': {}, 'collapsed_reason': None, 'link_id': 't3_1cb7suz', 'associated_award': None, 'stickied': False, 'author_premium': False, 'can_gild': False, 'top_awarded_type': None, 'unrepliable_reason': None, 'author_flair_text_color': 'dark', 'treatment_tags': [], 'score_hidden': False, 'permalink': '/r/AskPhysics/comments/1cb7suz/what_actually_exists_between_particles/l10qxew/', 'subreddit_type': 'public', 'locked': False, 'report_reasons': None, 'created': 1713951017.0, 'author_flair_text': 'Computer science', 'collapsed': False, 'created_utc': 1713951017.0, 'subreddit_name_prefixed': 'r/AskPhysics', 'controversiality': 0, 'depth': 4, 'author_flair_background_color': None, 'collapsed_because_crowd_control': None, 'mod_reports': [], 'num_reports': None, 'ups': 5}}], 'before': None}}, 'user_reports': [], 'saved': False, 'id': 'l10bq8m', 'banned_at_utc': None, 'mod_reason_title': None, 'gilded': 0, 'archived': False, 'collapsed_reason_code': None, 'no_follow': True, 'author': 'zkim_milk', 'can_mod_post': False, 'send_replies': True, 'parent_id': 't1_l0xva7i', 'score': 1, 'author_fullname': 't2_ug8gmxoq', 'removal_reason': None, 'approved_by': None, 'mod_note': None, 'all_awardings': [], 'collapsed': False, 'body': ""Wait...  if a particle can be spread out across a larger area, does that mean that two observers looking at the same field can deduce there to be a different number of particles based on how they break up the field's current state into particles? (Similarly to how a Fourier transform gives you multiple possible frequencies that combine into one signal)"", 'edited': False, 'top_awarded_type': None, 'author_flair_css_class': None, 'name': 't1_l10bq8m', 'is_submitter': False, 'downs': 0, 'author_flair_richtext': [], 'author_patreon_flair': False, 'body_html': '&lt;div class=""md""&gt;&lt;p&gt;Wait...  if a particle can be spread out across a larger area, does that mean that two observers looking at the same field can deduce there to be a different number of particles based on how they break up the field&amp;#39;s current state into particles? (Similarly to how a Fourier transform gives you multiple possible frequencies that combine into one signal)&lt;/p&gt;\n&lt;/div&gt;', 'gildings': {}, 'collapsed_reason': None, 'distinguished': None, 'associated_award': None, 'stickied': False, 'author_premium': False, 'can_gild': False, 'link_id': 't3_1cb7suz', 'unrepliable_reason': None, 'author_flair_text_color': None, 'score_hidden': False, 'permalink': '/r/AskPhysics/comments/1cb7suz/what_actually_exists_between_particles/l10bq8m/', 'subreddit_type': 'public', 'locked': False, 'report_reasons': None, 'created': 1713939749.0, 'author_flair_text': None, 'treatment_tags': [], 'created_utc': 1713939749.0, 'subreddit_name_prefixed': 'r/AskPhysics', 'controversiality': 0, 'depth': 3, 'author_flair_background_color': None, 'collapsed_because_crowd_control': None, 'mod_reports': [], 'num_reports': None, 'ups': 1}}], 'before': None}}, 'user_reports': [], 'saved': False, 'id': 'l0xva7i', 'banned_at_utc': None, 'mod_reason_title': None, 'gilded': 0, 'archived': False, 'collapsed_reason_code': None, 'no_follow': False, 'author': 'NNOTM', 'can_mod_post': False, 'send_replies': True, 'parent_id': 't1_l0xb9zq', 'score': 4, 'author_fullname': 't2_6ztbu', 'removal_reason': None, 'approved_by': None, 'mod_note': None, 'all_awardings': [], 'body': 'Not quite; excitations of the field come in discrete integer quantities, and each such excitation represents a particle (ignoring virtual particles, which only arise from interactions with other fields AFAIU). So for example for the electron field, each excitation would be one electron. So you cannot have two small sub-particle excitations come together to form one big excitation that becomes one electron, because there are no excitations not ""dense"" enough to be an electron already. In fact, it doesn\'t have to be dense at all, because the excitation can essentially be spread out over an arbitrarily large volume (which, when you measure the location of the particle, will look like it having a certain probability to be anywhere within that volume).\n\nHowever the oscillations in the field can have any frequency. The frequency is proportional to the momentum of the particle.', 'edited': False, 'top_awarded_type': None, 'downs': 0, 'author_flair_css_class': 'other', 'name': 't1_l0xva7i', 'is_submitter': False, 'collapsed': False, 'author_flair_richtext': [], 'author_patreon_flair': False, 'body_html': '&lt;div class=""md""&gt;&lt;p&gt;Not quite; excitations of the field come in discrete integer quantities, and each such excitation represents a particle (ignoring virtual particles, which only arise from interactions with other fields AFAIU). So for example for the electron field, each excitation would be one electron. So you cannot have two small sub-particle excitations come together to form one big excitation that becomes one electron, because there are no excitations not &amp;quot;dense&amp;quot; enough to be an electron already. In fact, it doesn&amp;#39;t have to be dense at all, because the excitation can essentially be spread out over an arbitrarily large volume (which, when you measure the location of the particle, will look like it having a certain probability to be anywhere within that volume).&lt;/p&gt;\n\n&lt;p&gt;However the oscillations in the field can have any frequency. The frequency is proportional to the momentum of the particle.&lt;/p&gt;\n&lt;/div&gt;', 'gildings': {}, 'collapsed_reason': None, 'distinguished': None, 'associated_award': None, 'stickied': False, 'author_premium': False, 'can_gild': False, 'link_id': 't3_1cb7suz', 'unrepliable_reason': None, 'author_flair_text_color': 'dark', 'score_hidden': False, 'permalink': '/r/AskPhysics/comments/1cb7suz/what_actually_exists_between_particles/l0xva7i/', 'subreddit_type': 'public', 'locked': False, 'report_reasons': None, 'created': 1713902857.0, 'author_flair_text': 'Computer science', 'treatment_tags': [], 'created_utc': 1713902857.0, 'subreddit_name_prefixed': 'r/AskPhysics', 'controversiality': 0, 'depth': 2, 'author_flair_background_color': None, 'collapsed_because_crowd_control': None, 'mod_reports': [], 'num_reports': None, 'ups': 4}}, {'kind': 't1', 'data': {'subreddit_id': 't5_2sumo', 'approved_at_utc': None, 'author_is_blocked': False, 'comment_type': None, 'awarders': [], 'mod_reason_by': None, 'banned_by': None, 'author_flair_type': 'text', 'total_awards_received': 0, 'subreddit': 'AskPhysics', 'author_flair_template_id': None, 'likes': None, 'replies': '', 'user_reports': [], 'saved': False, 'id': 'l0xf440', 'banned_at_utc': None, 'mod_reason_title': None, 'gilded': 0, 'archived': False, 'collapsed_reason_code': None, 'no_follow': True, 'author': 'TerraNeko_', 'can_mod_post': False, 'send_replies': True, 'parent_id': 't1_l0xb9zq', 'score': 1, 'author_fullname': 't2_2pr8eff3', 'removal_reason': None, 'approved_by': None, 'mod_note': None, 'all_awardings': [], 'body': 'imma be honest i dont know enough to give a proper easy to understand answer, but its somewhat close to that ig yea, just that it doesnt collect into particles, its a bit more like a wave on the ocean', 'edited': False, 'top_awarded_type': None, 'downs': 0, 'author_flair_css_class': None, 'name': 't1_l0xf440', 'is_submitter': False, 'collapsed': False, 'author_flair_richtext': [], 'author_patreon_flair': False, 'body_html': '&lt;div class=""md""&gt;&lt;p&gt;imma be honest i dont know enough to give a proper easy to understand answer, but its somewhat close to that ig yea, just that it doesnt collect into particles, its a bit more like a wave on the ocean&lt;/p&gt;\n&lt;/div&gt;', 'gildings': {}, 'collapsed_reason': None, 'distinguished': None, 'associated_award': None, 'stickied': False, 'author_premium': False, 'can_gild': False, 'link_id': 't3_1cb7suz', 'unrepliable_reason': None, 'author_flair_text_color': None, 'score_hidden': False, 'permalink': '/r/AskPhysics/comments/1cb7suz/what_actually_exists_between_particles/l0xf440/', 'subreddit_type': 'public', 'locked': False, 'report_reasons': None, 'created': 1713897490.0, 'author_flair_text': None, 'treatment_tags': [], 'created_utc': 1713897490.0, 'subreddit_name_prefixed': 'r/AskPhysics', 'controversiality': 0, 'depth': 2, 'author_flair_background_color': None, 'collapsed_because_crowd_control': None, 'mod_reports': [], 'num_reports': None, 'ups': 1}}], 'before': None}}, 'user_reports': [], 'saved': False, 'id': 'l0xb9zq', 'banned_at_utc': None, 'mod_reason_title': None, 'gilded': 0, 'archived': False, 'collapsed_reason_code': None, 'no_follow': True, 'author': 'YourMomAnyPercent', 'can_mod_post': False, 'created_utc': 1713896200.0, 'send_replies': True, 'parent_id': 't1_l0x09wq', 'score': 1, 'author_fullname': 't2_rw3rkf232', 'removal_reason': None, 'approved_by': None, 'mod_note': None, 'all_awardings': [], 'body': 'So essentially as the frequency increases, the ""fields"" grow more dense and collect into particles?', 'edited': False, 'top_awarded_type': None, 'author_flair_css_class': None, 'name': 't1_l0xb9zq', 'is_submitter': False, 'downs': 0, 'author_flair_richtext': [], 'author_patreon_flair': False, 'body_html': '&lt;div class=""md""&gt;&lt;p&gt;So essentially as the frequency increases, the &amp;quot;fields&amp;quot; grow more dense and collect into particles?&lt;/p&gt;\n&lt;/div&gt;', 'gildings': {}, 'collapsed_reason': None, 'distinguished': None, 'associated_award': None, 'stickied': False, 'author_premium': False, 'can_gild': False, 'link_id': 't3_1cb7suz', 'unrepliable_reason': None, 'author_flair_text_color': None, 'score_hidden': False, 'permalink': '/r/AskPhysics/comments/1cb7suz/what_actually_exists_between_particles/l0xb9zq/', 'subreddit_type': 'public', 'locked': False, 'report_reasons': None, 'created': 1713896200.0, 'author_flair_text': None, 'treatment_tags': [], 'collapsed': False, 'subreddit_name_prefixed': 'r/AskPhysics', 'controversiality': 0, 'depth': 1, 'author_flair_background_color': None, 'collapsed_because_crowd_control': None, 'mod_reports': [], 'num_reports': None, 'ups': 1}}], 'before': None}}",,False,73,False,True,False,AskPhysics,t5_2sumo,r/AskPhysics,public,,0,[],,73,[],t1
data_3,[],,,False,,HouseHippoBeliever,,,[],,,,text,t2_4hhgjpg0,False,False,False,[],,,"Why does empty space sound like nothing to you? To me, the meaning of empty space is pretty clear, just space without anything in it. On the otherhand, ""nothing"" is a really vague and nebulous term that can kind of mean whatever you want it to mean.","&lt;div class=""md""&gt;&lt;p&gt;Why does empty space sound like nothing to you? To me, the meaning of empty space is pretty clear, just space without anything in it. On the otherhand, &amp;quot;nothing&amp;quot; is a really vague and nebulous term that can kind of mean whatever you want it to mean.&lt;/p&gt;
&lt;/div&gt;",False,False,False,,,,,0,1713887375.0,1713887375.0,0,,0,False,0,{},l0wkud4,False,,t3_1cb7suz,False,,,,[],t1_l0wkud4,False,,t3_1cb7suz,/r/AskPhysics/comments/1cb7suz/what_actually_exists_between_particles/l0wkud4/,,"{'kind': 'Listing', 'data': {'after': None, 'dist': None, 'modhash': None, 'geo_filter': '', 'children': [{'kind': 't1', 'data': {'subreddit_id': 't5_2sumo', 'approved_at_utc': None, 'author_is_blocked': False, 'comment_type': None, 'awarders': [], 'mod_reason_by': None, 'banned_by': None, 'author_flair_type': 'text', 'total_awards_received': 0, 'subreddit': 'AskPhysics', 'author_flair_template_id': '9245fcd0-c6b2-11e4-9133-22000b6e00bb', 'likes': None, 'replies': '', 'user_reports': [], 'saved': False, 'id': 'l0wllzh', 'banned_at_utc': None, 'mod_reason_title': None, 'gilded': 0, 'archived': False, 'collapsed_reason_code': None, 'no_follow': False, 'author': 'GammaCatastrophe', 'can_mod_post': False, 'created_utc': 1713887626.0, 'send_replies': True, 'parent_id': 't1_l0wkud4', 'score': 5, 'author_fullname': 't2_ym9ipy97y', 'removal_reason': None, 'approved_by': None, 'mod_note': None, 'all_awardings': [], 'body': ""The idea I got from the last sentences in the paragraph in particular is that I think the dude is latching on to something that's vaguely ~ Leibniz's idea of relational space. Where space is sort of emergent from the existence of particles. Leibniz's idea is sort of right in relativity (philosophically speaking)."", 'edited': False, 'top_awarded_type': None, 'author_flair_css_class': 'inter', 'name': 't1_l0wllzh', 'is_submitter': False, 'downs': 0, 'author_flair_richtext': [], 'author_patreon_flair': False, 'body_html': '&lt;div class=""md""&gt;&lt;p&gt;The idea I got from the last sentences in the paragraph in particular is that I think the dude is latching on to something that&amp;#39;s vaguely ~ Leibniz&amp;#39;s idea of relational space. Where space is sort of emergent from the existence of particles. Leibniz&amp;#39;s idea is sort of right in relativity (philosophically speaking).&lt;/p&gt;\n&lt;/div&gt;', 'gildings': {}, 'collapsed_reason': None, 'distinguished': None, 'associated_award': None, 'stickied': False, 'author_premium': False, 'can_gild': False, 'link_id': 't3_1cb7suz', 'unrepliable_reason': None, 'author_flair_text_color': 'dark', 'score_hidden': False, 'permalink': '/r/AskPhysics/comments/1cb7suz/what_actually_exists_between_particles/l0wllzh/', 'subreddit_type': 'public', 'locked': False, 'report_reasons': None, 'created': 1713887626.0, 'author_flair_text': 'Statistical and nonlinear physics', 'treatment_tags': [], 'collapsed': False, 'subreddit_name_prefixed': 'r/AskPhysics', 'controversiality': 0, 'depth': 1, 'author_flair_background_color': None, 'collapsed_because_crowd_control': None, 'mod_reports': [], 'num_reports': None, 'ups': 5}}], 'before': None}}",,False,22,False,True,False,AskPhysics,t5_2sumo,r/AskPhysics,public,,0,[],,22,[],t1
data_4,[],,,False,,gautampk,,atom,[],7812a6ec-c6b2-11e4-a485-22000b6e00bb,"Atomic, Molecular, and Optical Physics",dark,text,t2_8os15,False,False,False,[],,,"In most modern physics spacetime is instantiated *a priori* as an actual object — it is a four dimension Lorentzian manifold. Space is a 3D sub-manifold of spacetime. It is not merely relational and so empty space does make sense as a concept.

There are theories in which spacetime is emergent but they're in their infancy.","&lt;div class=""md""&gt;&lt;p&gt;In most modern physics spacetime is instantiated &lt;em&gt;a priori&lt;/em&gt; as an actual object — it is a four dimension Lorentzian manifold. Space is a 3D sub-manifold of spacetime. It is not merely relational and so empty space does make sense as a concept.&lt;/p&gt;

&lt;p&gt;There are theories in which spacetime is emergent but they&amp;#39;re in their infancy.&lt;/p&gt;
&lt;/div&gt;",False,False,False,,,,,0,1713892375.0,1713892375.0,0,,0,False,0,{},l0wztx9,False,,t3_1cb7suz,False,,,,[],t1_l0wztx9,False,,t3_1cb7suz,/r/AskPhysics/comments/1cb7suz/what_actually_exists_between_particles/l0wztx9/,,,,False,9,False,True,False,AskPhysics,t5_2sumo,r/AskPhysics,public,,0,[],,9,[],t1
data_5,[],,,False,,Beersink,,,[],,,,text,t2_7r9robwa,False,False,False,[],,,"If the sun and a gold atom nucleus were both scaled to one foot across, then Pluto would be 1.8 miles from the sun and the outermost electron shell would be 3 miles from the gold atom.  Most of space (at all scales) is empty.","&lt;div class=""md""&gt;&lt;p&gt;If the sun and a gold atom nucleus were both scaled to one foot across, then Pluto would be 1.8 miles from the sun and the outermost electron shell would be 3 miles from the gold atom.  Most of space (at all scales) is empty.&lt;/p&gt;
&lt;/div&gt;",False,False,False,,,,,0,1713893167.0,1713893167.0,0,,0,False,0,{},l0x270z,False,,t3_1cb7suz,False,,,,[],t1_l0x270z,False,,t3_1cb7suz,/r/AskPhysics/comments/1cb7suz/what_actually_exists_between_particles/l0x270z/,,"{'kind': 'Listing', 'data': {'after': None, 'dist': None, 'modhash': None, 'geo_filter': '', 'children': [{'kind': 't1', 'data': {'subreddit_id': 't5_2sumo', 'approved_at_utc': None, 'author_is_blocked': False, 'comment_type': None, 'awarders': [], 'mod_reason_by': None, 'banned_by': None, 'author_flair_type': 'text', 'total_awards_received': 0, 'subreddit': 'AskPhysics', 'author_flair_template_id': None, 'likes': None, 'replies': '', 'user_reports': [], 'saved': False, 'id': 'l0xfdpj', 'banned_at_utc': None, 'mod_reason_title': None, 'gilded': 0, 'archived': False, 'collapsed_reason_code': None, 'no_follow': True, 'author': 'invertedpurple', 'can_mod_post': False, 'created_utc': 1713897578.0, 'send_replies': True, 'parent_id': 't1_l0x270z', 'score': 3, 'author_fullname': 't2_6d5jgrrr', 'removal_reason': None, 'approved_by': None, 'mod_note': None, 'all_awardings': [], 'body': 'Not in quantum field theory', 'edited': False, 'top_awarded_type': None, 'author_flair_css_class': None, 'name': 't1_l0xfdpj', 'is_submitter': False, 'downs': 0, 'author_flair_richtext': [], 'author_patreon_flair': False, 'body_html': '&lt;div class=""md""&gt;&lt;p&gt;Not in quantum field theory&lt;/p&gt;\n&lt;/div&gt;', 'gildings': {}, 'collapsed_reason': None, 'distinguished': None, 'associated_award': None, 'stickied': False, 'author_premium': False, 'can_gild': False, 'link_id': 't3_1cb7suz', 'unrepliable_reason': None, 'author_flair_text_color': None, 'score_hidden': False, 'permalink': '/r/AskPhysics/comments/1cb7suz/what_actually_exists_between_particles/l0xfdpj/', 'subreddit_type': 'public', 'locked': False, 'report_reasons': None, 'created': 1713897578.0, 'author_flair_text': None, 'treatment_tags': [], 'collapsed': False, 'subreddit_name_prefixed': 'r/AskPhysics', 'controversiality': 0, 'depth': 1, 'author_flair_background_color': None, 'collapsed_because_crowd_control': None, 'mod_reports': [], 'num_reports': None, 'ups': 3}}], 'before': None}}",,False,5,False,True,False,AskPhysics,t5_2sumo,r/AskPhysics,public,,0,[],,5,[],t1
data_6,[],,,False,,Cerulean_IsFancyBlue,,,[],,,,text,t2_vx0ogrgh,False,False,False,[],,,"In our everyday normal life, there’s really not much space “between” particles.   Gravity wants to pull all of this stuff pretty close together   If you consider that the particle includes not just the nucleus, but also the electron cloud, then in solids and liquids, there’s not too much space in between particles.  Under gravity, gases also tend to compress down to the point where they are taking up kind of a minimum volume for their temperature. They’re just particles with a little bit more wiggle room and energy, bouncing off each other vigorously.  

So our default experience is that our world is made up of molecules and the occasional naked element, all in as close a proximity as their electromagnetic forces allow them to be.","&lt;div class=""md""&gt;&lt;p&gt;In our everyday normal life, there’s really not much space “between” particles.   Gravity wants to pull all of this stuff pretty close together   If you consider that the particle includes not just the nucleus, but also the electron cloud, then in solids and liquids, there’s not too much space in between particles.  Under gravity, gases also tend to compress down to the point where they are taking up kind of a minimum volume for their temperature. They’re just particles with a little bit more wiggle room and energy, bouncing off each other vigorously.  &lt;/p&gt;

&lt;p&gt;So our default experience is that our world is made up of molecules and the occasional naked element, all in as close a proximity as their electromagnetic forces allow them to be.&lt;/p&gt;
&lt;/div&gt;",False,False,False,,,,,0,1713893263.0,1713893263.0,0,,0,False,0,{},l0x2he8,False,,t3_1cb7suz,False,,,,[],t1_l0x2he8,False,,t3_1cb7suz,/r/AskPhysics/comments/1cb7suz/what_actually_exists_between_particles/l0x2he8/,,,,False,3,False,True,False,AskPhysics,t5_2sumo,r/AskPhysics,public,,0,[],,3,[],t1
data_7,[],,,False,,DaimonVI,,,[],,,,text,t2_t1c7npkq2,False,False,False,[],,,"I think about it this way and I'm not a physicist so take it with a grain of salt but it's actually the particles that don't 'actually' exist. The field is the thing that exists and is pervasive everywhere in our 4d spacetime and probably higher dimensions as well if they exist.

What particles are, are disturbances (or waves) in this field/s and can also manifest as a standing wave so the more stable the wave is the longer the particles exists before decaying. Please correct me if I'm wrong.","&lt;div class=""md""&gt;&lt;p&gt;I think about it this way and I&amp;#39;m not a physicist so take it with a grain of salt but it&amp;#39;s actually the particles that don&amp;#39;t &amp;#39;actually&amp;#39; exist. The field is the thing that exists and is pervasive everywhere in our 4d spacetime and probably higher dimensions as well if they exist.&lt;/p&gt;

&lt;p&gt;What particles are, are disturbances (or waves) in this field/s and can also manifest as a standing wave so the more stable the wave is the longer the particles exists before decaying. Please correct me if I&amp;#39;m wrong.&lt;/p&gt;
&lt;/div&gt;",False,False,False,,,,,0,1713897404.0,1713897404.0,0,,0,False,0,{},l0xeuzn,False,,t3_1cb7suz,False,,,,[],t1_l0xeuzn,False,,t3_1cb7suz,/r/AskPhysics/comments/1cb7suz/what_actually_exists_between_particles/l0xeuzn/,,,,False,4,False,True,False,AskPhysics,t5_2sumo,r/AskPhysics,public,,0,[],,4,[],t1
data_8,[],,,False,,paraffin,,,[],,,,text,t2_3k2g3,False,False,False,[],,,"Particles are not points. Whatever a particle “is”, it appears to be distributed over a volume. That is, there is a nonzero chance of detecting it at an apparently continuous distribution of locations. 

The field and the particle are not different from each other - the ocean and the wave are not different from each other. 

But there is no universal agreement on what a field or a particle “is”, or even space itself. For now, that’s closer to metaphysics than physics.","&lt;div class=""md""&gt;&lt;p&gt;Particles are not points. Whatever a particle “is”, it appears to be distributed over a volume. That is, there is a nonzero chance of detecting it at an apparently continuous distribution of locations. &lt;/p&gt;

&lt;p&gt;The field and the particle are not different from each other - the ocean and the wave are not different from each other. &lt;/p&gt;

&lt;p&gt;But there is no universal agreement on what a field or a particle “is”, or even space itself. For now, that’s closer to metaphysics than physics.&lt;/p&gt;
&lt;/div&gt;",False,False,False,,,,,0,1713889395.0,1713889395.0,0,,0,1713900061.0,0,{},l0wquwd,False,,t3_1cb7suz,False,,,,[],t1_l0wquwd,False,,t3_1cb7suz,/r/AskPhysics/comments/1cb7suz/what_actually_exists_between_particles/l0wquwd/,,"{'kind': 'Listing', 'data': {'after': None, 'dist': None, 'modhash': None, 'geo_filter': '', 'children': [{'kind': 't1', 'data': {'subreddit_id': 't5_2sumo', 'approved_at_utc': None, 'author_is_blocked': False, 'comment_type': None, 'awarders': [], 'mod_reason_by': None, 'banned_by': None, 'author_flair_type': 'text', 'total_awards_received': 0, 'subreddit': 'AskPhysics', 'author_flair_template_id': None, 'likes': None, 'replies': '', 'user_reports': [], 'saved': False, 'id': 'l10fr3r', 'banned_at_utc': None, 'mod_reason_title': None, 'gilded': 0, 'archived': False, 'collapsed_reason_code': None, 'no_follow': True, 'author': 'techadoodle', 'can_mod_post': False, 'created_utc': 1713942549.0, 'send_replies': True, 'parent_id': 't1_l0wquwd', 'score': 1, 'author_fullname': 't2_miew9vwz', 'removal_reason': None, 'approved_by': None, 'mod_note': None, 'all_awardings': [], 'body': 'I was wondering as much that if light is a stream of discrete particles there would be gaps between them of no light that should be measurable? What still confounds me is how they can pass through a single point in space from an infinite number of angles without any interference whatsoever and every point in space has the exact same busyness without congestion', 'edited': False, 'top_awarded_type': None, 'author_flair_css_class': None, 'name': 't1_l10fr3r', 'is_submitter': False, 'downs': 0, 'author_flair_richtext': [], 'author_patreon_flair': False, 'body_html': '&lt;div class=""md""&gt;&lt;p&gt;I was wondering as much that if light is a stream of discrete particles there would be gaps between them of no light that should be measurable? What still confounds me is how they can pass through a single point in space from an infinite number of angles without any interference whatsoever and every point in space has the exact same busyness without congestion&lt;/p&gt;\n&lt;/div&gt;', 'gildings': {}, 'collapsed_reason': None, 'distinguished': None, 'associated_award': None, 'stickied': False, 'author_premium': False, 'can_gild': False, 'link_id': 't3_1cb7suz', 'unrepliable_reason': None, 'author_flair_text_color': None, 'score_hidden': False, 'permalink': '/r/AskPhysics/comments/1cb7suz/what_actually_exists_between_particles/l10fr3r/', 'subreddit_type': 'public', 'locked': False, 'report_reasons': None, 'created': 1713942549.0, 'author_flair_text': None, 'treatment_tags': [], 'collapsed': False, 'subreddit_name_prefixed': 'r/AskPhysics', 'controversiality': 0, 'depth': 1, 'author_flair_background_color': None, 'collapsed_because_crowd_control': None, 'mod_reports': [], 'num_reports': None, 'ups': 1}}], 'before': None}}",,False,9,False,True,False,AskPhysics,t5_2sumo,r/AskPhysics,public,,0,[],,9,[],t1
data_9,[],,,False,,RicciBoson,,,[],,,,text,t2_21qhiznm,False,False,False,[],,,https://plato.stanford.edu/entries/spacetime-theories/,"&lt;div class=""md""&gt;&lt;p&gt;&lt;a href=""https://plato.stanford.edu/entries/spacetime-theories/""&gt;https://plato.stanford.edu/entries/spacetime-theories/&lt;/a&gt;&lt;/p&gt;
&lt;/div&gt;",False,False,False,,,,,0,1713925486.0,1713925486.0,0,,0,False,0,{},l0zk3iz,False,,t3_1cb7suz,False,,,,[],t1_l0zk3iz,True,,t3_1cb7suz,/r/AskPhysics/comments/1cb7suz/what_actually_exists_between_particles/l0zk3iz/,,,,False,2,False,True,False,AskPhysics,t5_2sumo,r/AskPhysics,public,,0,[],,2,[],t1
data_10,[],,,False,,Waferssi,,,[],,,,text,t2_5w4a43j8,False,False,False,[],,,"Do you know how a vacuum works? (I don't mean the appliance). You take a sturdy metal box full of molecules, usually air, and somehow pump more and more and more of those molecules out. Until there's (next to) nothing. The box has to be sturdy enough to not collapse under the pressure difference, which is a very sturdy box but doable. Now tell me: what's in the box? Or take another vacuum: we call it 'the emptiness of outer space', what's in there? (the answer is in the name)


""Space"" is in itself a viable answer. Not everything needs to be filled with particles, with *matter*. In fact, interacting particles have an 'equilibrium distance': an amount of empty space that they 'like' to have between them. 


Now about fields, you're partly correct: they're just mathematical models of physical phenomena. However these fields, or the phenomena they represent, affect that ""equilibrium distance"". A simple one is the electrostatic field: two particles of similar charge repel each other, causing their 'equilibrium distance' to be further apart.","&lt;div class=""md""&gt;&lt;p&gt;Do you know how a vacuum works? (I don&amp;#39;t mean the appliance). You take a sturdy metal box full of molecules, usually air, and somehow pump more and more and more of those molecules out. Until there&amp;#39;s (next to) nothing. The box has to be sturdy enough to not collapse under the pressure difference, which is a very sturdy box but doable. Now tell me: what&amp;#39;s in the box? Or take another vacuum: we call it &amp;#39;the emptiness of outer space&amp;#39;, what&amp;#39;s in there? (the answer is in the name)&lt;/p&gt;

&lt;p&gt;&amp;quot;Space&amp;quot; is in itself a viable answer. Not everything needs to be filled with particles, with &lt;em&gt;matter&lt;/em&gt;. In fact, interacting particles have an &amp;#39;equilibrium distance&amp;#39;: an amount of empty space that they &amp;#39;like&amp;#39; to have between them. &lt;/p&gt;

&lt;p&gt;Now about fields, you&amp;#39;re partly correct: they&amp;#39;re just mathematical models of physical phenomena. However these fields, or the phenomena they represent, affect that &amp;quot;equilibrium distance&amp;quot;. A simple one is the electrostatic field: two particles of similar charge repel each other, causing their &amp;#39;equilibrium distance&amp;#39; to be further apart.&lt;/p&gt;
&lt;/div&gt;",False,False,False,,,,,0,1713887819.0,1713887819.0,0,,0,False,0,{},l0wm6p3,False,,t3_1cb7suz,False,,,,[],t1_l0wm6p3,True,,t3_1cb7suz,/r/AskPhysics/comments/1cb7suz/what_actually_exists_between_particles/l0wm6p3/,,,,False,4,False,True,False,AskPhysics,t5_2sumo,r/AskPhysics,public,,0,[],,4,[],t1
data_11,[],,,False,,MoosifurTheCat,,,[],,,,text,t2_jnbb6aclm,False,False,False,[],,,"Particles don't exist at one spot. The probability of finding a particle is nonzero everywhere, just a lot higher in one spot than others. There isn't any empty space.","&lt;div class=""md""&gt;&lt;p&gt;Particles don&amp;#39;t exist at one spot. The probability of finding a particle is nonzero everywhere, just a lot higher in one spot than others. There isn&amp;#39;t any empty space.&lt;/p&gt;
&lt;/div&gt;",False,False,False,,,,,0,1713908428.0,1713908428.0,0,,0,False,0,{},l0ybtsi,False,,t3_1cb7suz,False,,,,[],t1_l0ybtsi,True,,t3_1cb7suz,/r/AskPhysics/comments/1cb7suz/what_actually_exists_between_particles/l0ybtsi/,,,,False,1,False,True,False,AskPhysics,t5_2sumo,r/AskPhysics,public,,0,[],,1,[],t1
data_12,[],,,False,,princepii,,,[],,,,text,t2_egcoucxt8,False,False,False,[],,,"is it right to say there never will be so called ""emptyness"" in or around atoms?

movement without movement is impossible. even if it seems like something is not moving. it is moving! maybe not noticable for human eye but there is energy in or around it.

humans always try to add time as important parameter. in quantum, time means nothing.","&lt;div class=""md""&gt;&lt;p&gt;is it right to say there never will be so called &amp;quot;emptyness&amp;quot; in or around atoms?&lt;/p&gt;

&lt;p&gt;movement without movement is impossible. even if it seems like something is not moving. it is moving! maybe not noticable for human eye but there is energy in or around it.&lt;/p&gt;

&lt;p&gt;humans always try to add time as important parameter. in quantum, time means nothing.&lt;/p&gt;
&lt;/div&gt;",False,False,False,,,,,0,1713915121.0,1713915121.0,0,,0,False,0,{},l0ytluu,False,,t3_1cb7suz,False,,,,[],t1_l0ytluu,True,,t3_1cb7suz,/r/AskPhysics/comments/1cb7suz/what_actually_exists_between_particles/l0ytluu/,,,,False,1,False,True,False,AskPhysics,t5_2sumo,r/AskPhysics,public,,0,[],,1,[],t1
data_13,[],,,False,,jerbthehumanist,,,[],,,,text,t2_1oqqs4s1,False,False,False,[],,,Fields,"&lt;div class=""md""&gt;&lt;p&gt;Fields&lt;/p&gt;
&lt;/div&gt;",False,False,False,,,,,0,1713936638.0,1713936638.0,0,,0,False,0,{},l106wg9,False,,t3_1cb7suz,False,,,,[],t1_l106wg9,True,,t3_1cb7suz,/r/AskPhysics/comments/1cb7suz/what_actually_exists_between_particles/l106wg9/,,,,False,1,False,True,False,AskPhysics,t5_2sumo,r/AskPhysics,public,,0,[],,1,[],t1
data_14,[],,,False,,ImpressiveNinja6309,,pf,[],7cd30a3c-c6b2-11e4-a5e0-22000b698517,Quantum field theory,dark,text,t2_cmuzeysst,False,False,False,[],,,"""Empty spaces ! What are we living for?""","&lt;div class=""md""&gt;&lt;p&gt;&amp;quot;Empty spaces ! What are we living for?&amp;quot;&lt;/p&gt;
&lt;/div&gt;",False,False,False,,,,,0,1713940129.0,1713940129.0,0,,0,False,0,{},l10cawu,False,,t3_1cb7suz,False,,,,[],t1_l10cawu,True,,t3_1cb7suz,/r/AskPhysics/comments/1cb7suz/what_actually_exists_between_particles/l10cawu/,,,,False,1,False,False,False,AskPhysics,t5_2sumo,r/AskPhysics,public,,0,[],,1,[],t1
data_15,[],,,False,,tmacknife,,,[],,,,text,t2_9798j96,False,False,False,[],,,"The space between fundamental particles is literally empty space. But it's not the same as nothing. It's a vacuum that has energy in it but this type of energy doesn't have mass or momentum like particles do. It's just a field of energy with functionally infinite reserves. If you try to split a quark from a proton or neutron it (the vacuum) creates a new quark from its own energy reserves, which are ""infinite"" for the purpose of being able to give energy to particles.","&lt;div class=""md""&gt;&lt;p&gt;The space between fundamental particles is literally empty space. But it&amp;#39;s not the same as nothing. It&amp;#39;s a vacuum that has energy in it but this type of energy doesn&amp;#39;t have mass or momentum like particles do. It&amp;#39;s just a field of energy with functionally infinite reserves. If you try to split a quark from a proton or neutron it (the vacuum) creates a new quark from its own energy reserves, which are &amp;quot;infinite&amp;quot; for the purpose of being able to give energy to particles.&lt;/p&gt;
&lt;/div&gt;",False,False,False,,,,,0,1713942704.0,1713942704.0,0,,0,False,0,{},l10fyqe,False,,t3_1cb7suz,False,,,,[],t1_l10fyqe,True,,t3_1cb7suz,/r/AskPhysics/comments/1cb7suz/what_actually_exists_between_particles/l10fyqe/,,,,False,1,False,True,False,AskPhysics,t5_2sumo,r/AskPhysics,public,,0,[],,1,[],t1
data_16,[],,,False,,Deyvicous,,misc,[],9a9f6614-c6b2-11e4-986d-22000bc08516,Graduate,dark,text,t2_edp8l,False,False,False,[],,,"We don’t know what exists between particles, but fields perfectly describe the results we get experimentally… so maybe it’s a mathematical tool, but do you have a better explanation then?

Once someone comes up with one, it will replace the notion of a field with a better mathematical tool.  When does it stop being a tool and start to physically describe reality?  Is there really a meaningful distinction between what is physical and our explanation of it?","&lt;div class=""md""&gt;&lt;p&gt;We don’t know what exists between particles, but fields perfectly describe the results we get experimentally… so maybe it’s a mathematical tool, but do you have a better explanation then?&lt;/p&gt;

&lt;p&gt;Once someone comes up with one, it will replace the notion of a field with a better mathematical tool.  When does it stop being a tool and start to physically describe reality?  Is there really a meaningful distinction between what is physical and our explanation of it?&lt;/p&gt;
&lt;/div&gt;",False,False,False,,,,,0,1713891052.0,1713891052.0,0,,0,False,0,{},l0wvu4k,False,,t3_1cb7suz,False,,,,[],t1_l0wvu4k,True,,t3_1cb7suz,/r/AskPhysics/comments/1cb7suz/what_actually_exists_between_particles/l0wvu4k/,,,,False,1,False,True,False,AskPhysics,t5_2sumo,r/AskPhysics,public,,0,[],,1,[],t1
data_17,[],,,False,,Odd-Storm4893,,,[],,,,text,t2_a0j6u8qw,False,False,False,[],,,The fundamental forces.,"&lt;div class=""md""&gt;&lt;p&gt;The fundamental forces.&lt;/p&gt;
&lt;/div&gt;",False,False,False,,,,,0,1713887385.0,1713887385.0,0,,0,False,0,{},l0wkvik,False,,t3_1cb7suz,False,,,,[],t1_l0wkvik,True,,t3_1cb7suz,/r/AskPhysics/comments/1cb7suz/what_actually_exists_between_particles/l0wkvik/,,,,False,-3,False,True,False,AskPhysics,t5_2sumo,r/AskPhysics,public,,0,[],,-3,[],t1
data_18,[],,,False,,GammaCatastrophe,,inter,[],9245fcd0-c6b2-11e4-9133-22000b6e00bb,Statistical and nonlinear physics,dark,text,t2_ym9ipy97y,False,False,False,[],,,You should really read up on Leibniz's contrary-to-Newton's view of spacetime and see what Einstein thought of it.,"&lt;div class=""md""&gt;&lt;p&gt;You should really read up on Leibniz&amp;#39;s contrary-to-Newton&amp;#39;s view of spacetime and see what Einstein thought of it.&lt;/p&gt;
&lt;/div&gt;",False,False,False,,,,,0,1713887454.0,1713887454.0,0,,0,1713887689.0,0,{},l0wl327,False,,t3_1cb7suz,False,,,,[],t1_l0wl327,True,,t3_1cb7suz,/r/AskPhysics/comments/1cb7suz/what_actually_exists_between_particles/l0wl327/,,,,False,-1,False,True,False,AskPhysics,t5_2sumo,r/AskPhysics,public,,0,[],,-1,[],t1
data_19,[],,,False,,joepierson123,,,[],,,,text,t2_ufpq2kad,False,False,False,[],,,"&gt; I am interested in what actually physically exists between particles. 


That's not the realm of physics. Physics is about models not what actually exists. How does one prove what actually exist? What's the criteria? It's not provable even in principal.","&lt;div class=""md""&gt;&lt;blockquote&gt;
&lt;p&gt;I am interested in what actually physically exists between particles. &lt;/p&gt;
&lt;/blockquote&gt;

&lt;p&gt;That&amp;#39;s not the realm of physics. Physics is about models not what actually exists. How does one prove what actually exist? What&amp;#39;s the criteria? It&amp;#39;s not provable even in principal.&lt;/p&gt;
&lt;/div&gt;",False,False,False,,,,,0,1713890757.0,1713890757.0,0,,0,False,0,{},l0wuy49,False,,t3_1cb7suz,False,,,,[],t1_l0wuy49,True,,t3_1cb7suz,/r/AskPhysics/comments/1cb7suz/what_actually_exists_between_particles/l0wuy49/,,,,False,-3,False,True,False,AskPhysics,t5_2sumo,r/AskPhysics,public,,0,[],,-3,[],t1
