,all_awardings,approved_at_utc,approved_by,archived,associated_award,author,author_flair_background_color,author_flair_css_class,author_flair_richtext,author_flair_template_id,author_flair_text,author_flair_text_color,author_flair_type,author_fullname,author_is_blocked,author_patreon_flair,author_premium,awarders,banned_at_utc,banned_by,body,body_html,can_gild,can_mod_post,collapsed,collapsed_because_crowd_control,collapsed_reason,collapsed_reason_code,comment_type,controversiality,created,created_utc,depth,distinguished,downs,edited,gilded,gildings,id,is_submitter,likes,link_id,locked,mod_note,mod_reason_by,mod_reason_title,mod_reports,name,no_follow,num_reports,parent_id,permalink,removal_reason,replies,report_reasons,saved,score,score_hidden,send_replies,stickied,subreddit,subreddit_id,subreddit_name_prefixed,subreddit_type,top_awarded_type,total_awards_received,treatment_tags,unrepliable_reason,ups,user_reports,kind
data,[],,,False,,Content_One5405,,,[],,,,text,t2_eyq5p2xqj,False,False,False,[],,,"Who is counting? That is critical.  Black hole does not allow to use the universal time meaningfuly.


The clock is located far away from the black hole, and the telescop is there too: It will report that the fall has stopped at the horizon. The answer is infinite. Black hole evaporation changes this in a complex way.


The clock is located with the falling matter: It will show that the space is warped a lot, but the speed is not too far from the speed of light. The answer is near one year. I cant calculate this exactly, it could differ significantly. But the general idea is that from this point of view there is a finite, but non zero time to go from a horizon to the center. Center is likely not predicted correctly by our models. Also interesting point here is that time and space are connected more than usual - you cant escape this fall. Within a year you will be near the center, regardless how you move, you can only speed up the fall somewhat.


Confidence is low, you may want to wait for a better answer.","&lt;div class=""md""&gt;&lt;p&gt;Who is counting? That is critical.  Black hole does not allow to use the universal time meaningfuly.&lt;/p&gt;

&lt;p&gt;The clock is located far away from the black hole, and the telescop is there too: It will report that the fall has stopped at the horizon. The answer is infinite. Black hole evaporation changes this in a complex way.&lt;/p&gt;

&lt;p&gt;The clock is located with the falling matter: It will show that the space is warped a lot, but the speed is not too far from the speed of light. The answer is near one year. I cant calculate this exactly, it could differ significantly. But the general idea is that from this point of view there is a finite, but non zero time to go from a horizon to the center. Center is likely not predicted correctly by our models. Also interesting point here is that time and space are connected more than usual - you cant escape this fall. Within a year you will be near the center, regardless how you move, you can only speed up the fall somewhat.&lt;/p&gt;

&lt;p&gt;Confidence is low, you may want to wait for a better answer.&lt;/p&gt;
&lt;/div&gt;",False,False,False,,,,,0,1713904142.0,1713904142.0,0,,0,False,0,{},l0xz8ua,False,,t3_1cbe1co,False,,,,[],t1_l0xz8ua,False,,t3_1cbe1co,/r/AskPhysics/comments/1cbe1co/how_fast_does_matter_fall_towards_the_center_of_a/l0xz8ua/,,"{'kind': 'Listing', 'data': {'after': None, 'dist': None, 'modhash': None, 'geo_filter': '', 'children': [{'kind': 't1', 'data': {'subreddit_id': 't5_2sumo', 'approved_at_utc': None, 'author_is_blocked': False, 'comment_type': None, 'awarders': [], 'mod_reason_by': None, 'banned_by': None, 'author_flair_type': 'text', 'total_awards_received': 0, 'subreddit': 'AskPhysics', 'author_flair_template_id': None, 'likes': None, 'replies': '', 'user_reports': [], 'saved': False, 'id': 'l0yz9p8', 'banned_at_utc': None, 'mod_reason_title': None, 'gilded': 0, 'archived': False, 'collapsed_reason_code': None, 'no_follow': True, 'author': 'wonkey_monkey', 'can_mod_post': False, 'created_utc': 1713917342.0, 'send_replies': True, 'parent_id': 't1_l0xz8ua', 'score': 2, 'author_fullname': 't2_whgrg', 'removal_reason': None, 'approved_by': None, 'mod_note': None, 'all_awardings': [], 'body': ""&gt; The clock is located with the falling matter: It will show that the space is warped a lot, but the speed is not too far from the speed of light.\n\nDoesn't an object always consider its own speed to be exactly the speed of light away from the speed of light?\n\nInside the event horizon, the singularity becomes a moment in time rather than a point of space, so it may not be meaningful to talk about it in terms of distance at all, only time."", 'edited': False, 'top_awarded_type': None, 'author_flair_css_class': None, 'name': 't1_l0yz9p8', 'is_submitter': False, 'downs': 0, 'author_flair_richtext': [], 'author_patreon_flair': False, 'body_html': '&lt;div class=""md""&gt;&lt;blockquote&gt;\n&lt;p&gt;The clock is located with the falling matter: It will show that the space is warped a lot, but the speed is not too far from the speed of light.&lt;/p&gt;\n&lt;/blockquote&gt;\n\n&lt;p&gt;Doesn&amp;#39;t an object always consider its own speed to be exactly the speed of light away from the speed of light?&lt;/p&gt;\n\n&lt;p&gt;Inside the event horizon, the singularity becomes a moment in time rather than a point of space, so it may not be meaningful to talk about it in terms of distance at all, only time.&lt;/p&gt;\n&lt;/div&gt;', 'gildings': {}, 'collapsed_reason': None, 'distinguished': None, 'associated_award': None, 'stickied': False, 'author_premium': False, 'can_gild': False, 'link_id': 't3_1cbe1co', 'unrepliable_reason': None, 'author_flair_text_color': None, 'score_hidden': False, 'permalink': '/r/AskPhysics/comments/1cbe1co/how_fast_does_matter_fall_towards_the_center_of_a/l0yz9p8/', 'subreddit_type': 'public', 'locked': False, 'report_reasons': None, 'created': 1713917342.0, 'author_flair_text': None, 'treatment_tags': [], 'collapsed': False, 'subreddit_name_prefixed': 'r/AskPhysics', 'controversiality': 0, 'depth': 1, 'author_flair_background_color': None, 'collapsed_because_crowd_control': None, 'mod_reports': [], 'num_reports': None, 'ups': 2}}, {'kind': 't1', 'data': {'subreddit_id': 't5_2sumo', 'approved_at_utc': None, 'author_is_blocked': False, 'comment_type': None, 'awarders': [], 'mod_reason_by': None, 'banned_by': None, 'author_flair_type': 'text', 'total_awards_received': 0, 'subreddit': 'AskPhysics', 'author_flair_template_id': None, 'likes': None, 'replies': {'kind': 'Listing', 'data': {'after': None, 'dist': None, 'modhash': None, 'geo_filter': '', 'children': [{'kind': 't1', 'data': {'subreddit_id': 't5_2sumo', 'approved_at_utc': None, 'author_is_blocked': False, 'comment_type': None, 'awarders': [], 'mod_reason_by': None, 'banned_by': None, 'author_flair_type': 'text', 'total_awards_received': 0, 'subreddit': 'AskPhysics', 'author_flair_template_id': None, 'likes': None, 'replies': {'kind': 'Listing', 'data': {'after': None, 'dist': None, 'modhash': None, 'geo_filter': '', 'children': [{'kind': 't1', 'data': {'subreddit_id': 't5_2sumo', 'approved_at_utc': None, 'author_is_blocked': False, 'comment_type': None, 'awarders': [], 'mod_reason_by': None, 'banned_by': None, 'author_flair_type': 'text', 'total_awards_received': 0, 'subreddit': 'AskPhysics', 'author_flair_template_id': None, 'likes': None, 'replies': '', 'user_reports': [], 'saved': False, 'id': 'l10lguz', 'banned_at_utc': None, 'mod_reason_title': None, 'gilded': 0, 'archived': False, 'collapsed_reason_code': None, 'no_follow': True, 'author': 'Naive_Carpenter7321', 'can_mod_post': False, 'send_replies': True, 'parent_id': 't1_l0yaicz', 'score': 0, 'author_fullname': 't2_tiuc9513', 'removal_reason': None, 'approved_by': None, 'mod_note': None, 'all_awardings': [], 'collapsed': False, 'body': ""Are you saying that we (scientists) have complete, total and empirical understanding of time and causality? As in there's no room or need for further investigation because we know that we understand it 100%?"", 'edited': False, 'top_awarded_type': None, 'author_flair_css_class': None, 'name': 't1_l10lguz', 'is_submitter': False, 'downs': 0, 'author_flair_richtext': [], 'author_patreon_flair': False, 'body_html': '&lt;div class=""md""&gt;&lt;p&gt;Are you saying that we (scientists) have complete, total and empirical understanding of time and causality? As in there&amp;#39;s no room or need for further investigation because we know that we understand it 100%?&lt;/p&gt;\n&lt;/div&gt;', 'gildings': {}, 'collapsed_reason': None, 'distinguished': None, 'associated_award': None, 'stickied': False, 'author_premium': False, 'can_gild': False, 'link_id': 't3_1cbe1co', 'unrepliable_reason': None, 'author_flair_text_color': None, 'score_hidden': False, 'permalink': '/r/AskPhysics/comments/1cbe1co/how_fast_does_matter_fall_towards_the_center_of_a/l10lguz/', 'subreddit_type': 'public', 'locked': False, 'report_reasons': None, 'created': 1713946857.0, 'author_flair_text': None, 'treatment_tags': [], 'created_utc': 1713946857.0, 'subreddit_name_prefixed': 'r/AskPhysics', 'controversiality': 0, 'depth': 3, 'author_flair_background_color': None, 'collapsed_because_crowd_control': None, 'mod_reports': [], 'num_reports': None, 'ups': 0}}], 'before': None}}, 'user_reports': [], 'saved': False, 'id': 'l0yaicz', 'banned_at_utc': None, 'mod_reason_title': None, 'gilded': 0, 'archived': False, 'collapsed_reason_code': None, 'no_follow': False, 'author': 'nicuramar', 'can_mod_post': False, 'send_replies': True, 'parent_id': 't1_l0y46to', 'score': 6, 'author_fullname': 't2_kjv52vr8', 'removal_reason': None, 'approved_by': None, 'mod_note': None, 'all_awardings': [], 'body': 'Our understanding is fine, it’s just that time, and especially simultaneity, is relative to your frame of reference.\xa0', 'edited': False, 'top_awarded_type': None, 'downs': 0, 'author_flair_css_class': None, 'name': 't1_l0yaicz', 'is_submitter': False, 'collapsed': False, 'author_flair_richtext': [], 'author_patreon_flair': False, 'body_html': '&lt;div class=""md""&gt;&lt;p&gt;Our understanding is fine, it’s just that time, and especially simultaneity, is relative to your frame of reference.\xa0&lt;/p&gt;\n&lt;/div&gt;', 'gildings': {}, 'collapsed_reason': None, 'distinguished': None, 'associated_award': None, 'stickied': False, 'author_premium': False, 'can_gild': False, 'link_id': 't3_1cbe1co', 'unrepliable_reason': None, 'author_flair_text_color': None, 'score_hidden': False, 'permalink': '/r/AskPhysics/comments/1cbe1co/how_fast_does_matter_fall_towards_the_center_of_a/l0yaicz/', 'subreddit_type': 'public', 'locked': False, 'report_reasons': None, 'created': 1713907957.0, 'author_flair_text': None, 'treatment_tags': [], 'created_utc': 1713907957.0, 'subreddit_name_prefixed': 'r/AskPhysics', 'controversiality': 0, 'depth': 2, 'author_flair_background_color': None, 'collapsed_because_crowd_control': None, 'mod_reports': [], 'num_reports': None, 'ups': 6}}], 'before': None}}, 'user_reports': [], 'saved': False, 'id': 'l0y46to', 'banned_at_utc': None, 'mod_reason_title': None, 'gilded': 0, 'archived': False, 'collapsed_reason_code': 'LOW_SCORE', 'no_follow': True, 'author': 'Naive_Carpenter7321', 'can_mod_post': False, 'created_utc': 1713905787.0, 'send_replies': True, 'parent_id': 't1_l0xz8ua', 'score': -8, 'author_fullname': 't2_tiuc9513', 'removal_reason': None, 'approved_by': None, 'mod_note': None, 'all_awardings': [], 'body': '""Black hole does not allow us to use the universal time meaningfully""\n\nAre you victim-blaming black holes? This surely demonstrates an incompleteness of our understanding of time.', 'edited': False, 'top_awarded_type': None, 'author_flair_css_class': None, 'name': 't1_l0y46to', 'is_submitter': False, 'downs': 0, 'author_flair_richtext': [], 'author_patreon_flair': False, 'body_html': '&lt;div class=""md""&gt;&lt;p&gt;&amp;quot;Black hole does not allow us to use the universal time meaningfully&amp;quot;&lt;/p&gt;\n\n&lt;p&gt;Are you victim-blaming black holes? This surely demonstrates an incompleteness of our understanding of time.&lt;/p&gt;\n&lt;/div&gt;', 'gildings': {}, 'collapsed_reason': 'comment score below threshold', 'distinguished': None, 'associated_award': None, 'stickied': False, 'author_premium': False, 'can_gild': False, 'link_id': 't3_1cbe1co', 'unrepliable_reason': None, 'author_flair_text_color': None, 'score_hidden': False, 'permalink': '/r/AskPhysics/comments/1cbe1co/how_fast_does_matter_fall_towards_the_center_of_a/l0y46to/', 'subreddit_type': 'public', 'locked': False, 'report_reasons': None, 'created': 1713905787.0, 'author_flair_text': None, 'treatment_tags': [], 'collapsed': True, 'subreddit_name_prefixed': 'r/AskPhysics', 'controversiality': 0, 'depth': 1, 'author_flair_background_color': None, 'collapsed_because_crowd_control': None, 'mod_reports': [], 'num_reports': None, 'ups': -8}}], 'before': None}}",,False,10,False,True,False,AskPhysics,t5_2sumo,r/AskPhysics,public,,0,[],,10,[],t1
data_1,[],,,False,,hvgotcodes,,,[],,,,text,t2_15myan,False,False,False,[],,,"According to this calculator, a black hole with a Schwarzschild radius of .5ly will have a time to singularity interval of 2.48 x 10^7 seconds.  That’s about 287 days.  If you wanted the radius to be one light year, it’s 573 days.

https://www.vttoth.com/CMS/physics-notes/311-hawking-radiation-calculator","&lt;div class=""md""&gt;&lt;p&gt;According to this calculator, a black hole with a Schwarzschild radius of .5ly will have a time to singularity interval of 2.48 x 10&lt;sup&gt;7&lt;/sup&gt; seconds.  That’s about 287 days.  If you wanted the radius to be one light year, it’s 573 days.&lt;/p&gt;

&lt;p&gt;&lt;a href=""https://www.vttoth.com/CMS/physics-notes/311-hawking-radiation-calculator""&gt;https://www.vttoth.com/CMS/physics-notes/311-hawking-radiation-calculator&lt;/a&gt;&lt;/p&gt;
&lt;/div&gt;",False,False,False,,,,,0,1713903827.0,1713903827.0,0,,0,1713904151.0,0,{},l0xy9je,False,,t3_1cbe1co,False,,,,[],t1_l0xy9je,False,,t3_1cbe1co,/r/AskPhysics/comments/1cbe1co/how_fast_does_matter_fall_towards_the_center_of_a/l0xy9je/,,"{'kind': 'Listing', 'data': {'after': None, 'dist': None, 'modhash': None, 'geo_filter': '', 'children': [{'kind': 't1', 'data': {'subreddit_id': 't5_2sumo', 'approved_at_utc': None, 'author_is_blocked': False, 'comment_type': None, 'awarders': [], 'mod_reason_by': None, 'banned_by': None, 'author_flair_type': 'text', 'total_awards_received': 0, 'subreddit': 'AskPhysics', 'author_flair_template_id': None, 'likes': None, 'replies': '', 'user_reports': [], 'saved': False, 'id': 'l0yaa9c', 'banned_at_utc': None, 'mod_reason_title': None, 'gilded': 0, 'archived': False, 'collapsed_reason_code': None, 'no_follow': True, 'author': 'Anonymous-USA', 'can_mod_post': False, 'created_utc': 1713907877.0, 'send_replies': True, 'parent_id': 't1_l0xy9je', 'score': 3, 'author_fullname': 't2_7h3ccwl3', 'removal_reason': None, 'approved_by': None, 'mod_note': None, 'all_awardings': [], 'body': 'Exactly.  A stationary particle at the edge of the event horizon of a non-rotating black hole with a 1 ly SC radius would take 1.57 yrs to reach the singularity.  The mass of such a black hole would be 3.2 *trillion* solar masses.  A good estimate is just 1.5x the radius in lightyears.  Specifically it’s Pi/2 times.\n\nIf it’s a Kerr black hole, the radius begins at the ring singularity (R=0).  So M87* for example the singularity begins around 118AU and the event horizon around 140AU.  So light has only ~22AU to traverse (about 4.8 hrs).  Kerr black holes are far more common.', 'edited': 1713909639.0, 'top_awarded_type': None, 'author_flair_css_class': None, 'name': 't1_l0yaa9c', 'is_submitter': False, 'downs': 0, 'author_flair_richtext': [], 'author_patreon_flair': False, 'body_html': '&lt;div class=""md""&gt;&lt;p&gt;Exactly.  A stationary particle at the edge of the event horizon of a non-rotating black hole with a 1 ly SC radius would take 1.57 yrs to reach the singularity.  The mass of such a black hole would be 3.2 &lt;em&gt;trillion&lt;/em&gt; solar masses.  A good estimate is just 1.5x the radius in lightyears.  Specifically it’s Pi/2 times.&lt;/p&gt;\n\n&lt;p&gt;If it’s a Kerr black hole, the radius begins at the ring singularity (R=0).  So M87* for example the singularity begins around 118AU and the event horizon around 140AU.  So light has only ~22AU to traverse (about 4.8 hrs).  Kerr black holes are far more common.&lt;/p&gt;\n&lt;/div&gt;', 'gildings': {}, 'collapsed_reason': None, 'distinguished': None, 'associated_award': None, 'stickied': False, 'author_premium': False, 'can_gild': False, 'link_id': 't3_1cbe1co', 'unrepliable_reason': None, 'author_flair_text_color': None, 'score_hidden': False, 'permalink': '/r/AskPhysics/comments/1cbe1co/how_fast_does_matter_fall_towards_the_center_of_a/l0yaa9c/', 'subreddit_type': 'public', 'locked': False, 'report_reasons': None, 'created': 1713907877.0, 'author_flair_text': None, 'treatment_tags': [], 'collapsed': False, 'subreddit_name_prefixed': 'r/AskPhysics', 'controversiality': 0, 'depth': 1, 'author_flair_background_color': None, 'collapsed_because_crowd_control': None, 'mod_reports': [], 'num_reports': None, 'ups': 3}}, {'kind': 't1', 'data': {'subreddit_id': 't5_2sumo', 'approved_at_utc': None, 'author_is_blocked': False, 'comment_type': None, 'awarders': [], 'mod_reason_by': None, 'banned_by': None, 'author_flair_type': 'text', 'total_awards_received': 0, 'subreddit': 'AskPhysics', 'author_flair_template_id': None, 'likes': None, 'replies': {'kind': 'Listing', 'data': {'after': None, 'dist': None, 'modhash': None, 'geo_filter': '', 'children': [{'kind': 't1', 'data': {'subreddit_id': 't5_2sumo', 'approved_at_utc': None, 'author_is_blocked': False, 'comment_type': None, 'awarders': [], 'mod_reason_by': None, 'banned_by': None, 'author_flair_type': 'text', 'total_awards_received': 0, 'subreddit': 'AskPhysics', 'author_flair_template_id': None, 'likes': None, 'replies': '', 'user_reports': [], 'saved': False, 'id': 'l0xzum7', 'banned_at_utc': None, 'mod_reason_title': None, 'gilded': 0, 'archived': False, 'collapsed_reason_code': None, 'no_follow': True, 'author': 'hvgotcodes', 'can_mod_post': False, 'send_replies': True, 'parent_id': 't1_l0xzmoh', 'score': 1, 'author_fullname': 't2_15myan', 'removal_reason': None, 'approved_by': None, 'mod_note': None, 'all_awardings': [], 'body': 'Maybe one of us put something in wrong; you need to focus a different element for the form to update.  You can also change the unit of the fields.', 'edited': False, 'top_awarded_type': None, 'downs': 0, 'author_flair_css_class': None, 'name': 't1_l0xzum7', 'is_submitter': False, 'collapsed': False, 'author_flair_richtext': [], 'author_patreon_flair': False, 'body_html': '&lt;div class=""md""&gt;&lt;p&gt;Maybe one of us put something in wrong; you need to focus a different element for the form to update.  You can also change the unit of the fields.&lt;/p&gt;\n&lt;/div&gt;', 'gildings': {}, 'collapsed_reason': None, 'distinguished': None, 'associated_award': None, 'stickied': False, 'author_premium': False, 'can_gild': False, 'link_id': 't3_1cbe1co', 'unrepliable_reason': None, 'author_flair_text_color': None, 'score_hidden': False, 'permalink': '/r/AskPhysics/comments/1cbe1co/how_fast_does_matter_fall_towards_the_center_of_a/l0xzum7/', 'subreddit_type': 'public', 'locked': False, 'report_reasons': None, 'created': 1713904337.0, 'author_flair_text': None, 'treatment_tags': [], 'created_utc': 1713904337.0, 'subreddit_name_prefixed': 'r/AskPhysics', 'controversiality': 0, 'depth': 2, 'author_flair_background_color': None, 'collapsed_because_crowd_control': None, 'mod_reports': [], 'num_reports': None, 'ups': 1}}, {'kind': 't1', 'data': {'subreddit_id': 't5_2sumo', 'approved_at_utc': None, 'author_is_blocked': False, 'comment_type': None, 'awarders': [], 'mod_reason_by': None, 'banned_by': None, 'author_flair_type': 'text', 'total_awards_received': 0, 'subreddit': 'AskPhysics', 'author_flair_template_id': None, 'likes': None, 'replies': {'kind': 'Listing', 'data': {'after': None, 'dist': None, 'modhash': None, 'geo_filter': '', 'children': [{'kind': 't1', 'data': {'subreddit_id': 't5_2sumo', 'approved_at_utc': None, 'author_is_blocked': False, 'comment_type': None, 'awarders': [], 'mod_reason_by': None, 'banned_by': None, 'author_flair_type': 'text', 'total_awards_received': 0, 'subreddit': 'AskPhysics', 'author_flair_template_id': None, 'likes': None, 'replies': '', 'user_reports': [], 'saved': False, 'id': 'l10s9lf', 'banned_at_utc': None, 'mod_reason_title': None, 'gilded': 0, 'archived': False, 'collapsed_reason_code': None, 'no_follow': True, 'author': 'Content_One5405', 'can_mod_post': False, 'send_replies': True, 'parent_id': 't1_l0zv66x', 'score': 1, 'author_fullname': 't2_eyq5p2xqj', 'removal_reason': None, 'approved_by': None, 'mod_note': None, 'all_awardings': [], 'collapsed': False, 'body': ""You may help me with this, in my thought experiment near the black hole. Where black hole's lifetime is important as we try to reach it while keeping the communication channel open\n\nhttps://www.reddit.com/r/AskPhysics/comments/1cbirkg/a_thought_experiment_about_being_near_the_black/"", 'edited': False, 'top_awarded_type': None, 'author_flair_css_class': None, 'name': 't1_l10s9lf', 'is_submitter': False, 'downs': 0, 'author_flair_richtext': [], 'author_patreon_flair': False, 'body_html': '&lt;div class=""md""&gt;&lt;p&gt;You may help me with this, in my thought experiment near the black hole. Where black hole&amp;#39;s lifetime is important as we try to reach it while keeping the communication channel open&lt;/p&gt;\n\n&lt;p&gt;&lt;a href=""https://www.reddit.com/r/AskPhysics/comments/1cbirkg/a_thought_experiment_about_being_near_the_black/""&gt;https://www.reddit.com/r/AskPhysics/comments/1cbirkg/a_thought_experiment_about_being_near_the_black/&lt;/a&gt;&lt;/p&gt;\n&lt;/div&gt;', 'gildings': {}, 'collapsed_reason': None, 'distinguished': None, 'associated_award': None, 'stickied': False, 'author_premium': False, 'can_gild': False, 'link_id': 't3_1cbe1co', 'unrepliable_reason': None, 'author_flair_text_color': None, 'score_hidden': False, 'permalink': '/r/AskPhysics/comments/1cbe1co/how_fast_does_matter_fall_towards_the_center_of_a/l10s9lf/', 'subreddit_type': 'public', 'locked': False, 'report_reasons': None, 'created': 1713952002.0, 'author_flair_text': None, 'treatment_tags': [], 'created_utc': 1713952002.0, 'subreddit_name_prefixed': 'r/AskPhysics', 'controversiality': 0, 'depth': 3, 'author_flair_background_color': None, 'collapsed_because_crowd_control': None, 'mod_reports': [], 'num_reports': None, 'ups': 1}}], 'before': None}}, 'user_reports': [], 'saved': False, 'id': 'l0zv66x', 'banned_at_utc': None, 'mod_reason_title': None, 'gilded': 0, 'archived': False, 'collapsed_reason_code': None, 'no_follow': True, 'author': 'mfb-', 'can_mod_post': False, 'send_replies': True, 'parent_id': 't1_l0xzmoh', 'score': 1, 'author_fullname': 't2_q81tq', 'removal_reason': None, 'approved_by': None, 'mod_note': None, 'all_awardings': [], 'body': ""Wrong field. That's the time until it evaporates."", 'edited': False, 'top_awarded_type': None, 'downs': 0, 'author_flair_css_class': 'pf', 'name': 't1_l0zv66x', 'is_submitter': False, 'collapsed': False, 'author_flair_richtext': [], 'author_patreon_flair': False, 'body_html': '&lt;div class=""md""&gt;&lt;p&gt;Wrong field. That&amp;#39;s the time until it evaporates.&lt;/p&gt;\n&lt;/div&gt;', 'gildings': {}, 'collapsed_reason': None, 'distinguished': None, 'associated_award': None, 'stickied': False, 'author_premium': False, 'can_gild': False, 'link_id': 't3_1cbe1co', 'unrepliable_reason': None, 'author_flair_text_color': 'dark', 'score_hidden': False, 'permalink': '/r/AskPhysics/comments/1cbe1co/how_fast_does_matter_fall_towards_the_center_of_a/l0zv66x/', 'subreddit_type': 'public', 'locked': False, 'report_reasons': None, 'created': 1713930338.0, 'author_flair_text': 'Particle physics', 'treatment_tags': [], 'created_utc': 1713930338.0, 'subreddit_name_prefixed': 'r/AskPhysics', 'controversiality': 0, 'depth': 2, 'author_flair_background_color': '', 'collapsed_because_crowd_control': None, 'mod_reports': [], 'num_reports': None, 'ups': 1}}], 'before': None}}, 'user_reports': [], 'saved': False, 'id': 'l0xzmoh', 'banned_at_utc': None, 'mod_reason_title': None, 'gilded': 0, 'archived': False, 'collapsed_reason_code': None, 'no_follow': True, 'author': 'Content_One5405', 'can_mod_post': False, 'created_utc': 1713904265.0, 'send_replies': True, 'parent_id': 't1_l0xy9je', 'score': 1, 'author_fullname': 't2_eyq5p2xqj', 'removal_reason': None, 'approved_by': None, 'mod_note': None, 'all_awardings': [], 'body': 'It shows me 1.5e111 seconds lifetime for 0.5 ly radius input.', 'edited': False, 'top_awarded_type': None, 'author_flair_css_class': None, 'name': 't1_l0xzmoh', 'is_submitter': False, 'downs': 0, 'author_flair_richtext': [], 'author_patreon_flair': False, 'body_html': '&lt;div class=""md""&gt;&lt;p&gt;It shows me 1.5e111 seconds lifetime for 0.5 ly radius input.&lt;/p&gt;\n&lt;/div&gt;', 'gildings': {}, 'collapsed_reason': None, 'distinguished': None, 'associated_award': None, 'stickied': False, 'author_premium': False, 'can_gild': False, 'link_id': 't3_1cbe1co', 'unrepliable_reason': None, 'author_flair_text_color': None, 'score_hidden': False, 'permalink': '/r/AskPhysics/comments/1cbe1co/how_fast_does_matter_fall_towards_the_center_of_a/l0xzmoh/', 'subreddit_type': 'public', 'locked': False, 'report_reasons': None, 'created': 1713904265.0, 'author_flair_text': None, 'treatment_tags': [], 'collapsed': False, 'subreddit_name_prefixed': 'r/AskPhysics', 'controversiality': 0, 'depth': 1, 'author_flair_background_color': None, 'collapsed_because_crowd_control': None, 'mod_reports': [], 'num_reports': None, 'ups': 1}}, {'kind': 't1', 'data': {'subreddit_id': 't5_2sumo', 'approved_at_utc': None, 'author_is_blocked': False, 'comment_type': None, 'awarders': [], 'mod_reason_by': None, 'banned_by': None, 'author_flair_type': 'text', 'total_awards_received': 0, 'subreddit': 'AskPhysics', 'author_flair_template_id': None, 'likes': None, 'replies': '', 'user_reports': [], 'saved': False, 'id': 'l0zedqr', 'banned_at_utc': None, 'mod_reason_title': None, 'gilded': 0, 'archived': False, 'collapsed_reason_code': None, 'no_follow': True, 'author': 'LiquidCoal', 'can_mod_post': False, 'created_utc': 1713923236.0, 'send_replies': True, 'parent_id': 't1_l0xy9je', 'score': 1, 'author_fullname': 't2_12kths3r', 'removal_reason': None, 'approved_by': None, 'mod_note': None, 'all_awardings': [], 'body': 'With correct rounding to the nearest day, it would be 574 days, not 573 days. This is only if you fall in from rest arbitrarily close to the event horizon. Falling from rest asymptotically from infinity gives about 2/3 Julian years (or about 243.5 days) for a 1 ly radius Schwarzschild black hole as the proper time from reaching the event horizon to hitting the central Schwarzschild singularity.', 'edited': 1713923808.0, 'top_awarded_type': None, 'author_flair_css_class': None, 'name': 't1_l0zedqr', 'is_submitter': False, 'downs': 0, 'author_flair_richtext': [], 'author_patreon_flair': False, 'body_html': '&lt;div class=""md""&gt;&lt;p&gt;With correct rounding to the nearest day, it would be 574 days, not 573 days. This is only if you fall in from rest arbitrarily close to the event horizon. Falling from rest asymptotically from infinity gives about 2/3 Julian years (or about 243.5 days) for a 1 ly radius Schwarzschild black hole as the proper time from reaching the event horizon to hitting the central Schwarzschild singularity.&lt;/p&gt;\n&lt;/div&gt;', 'gildings': {}, 'collapsed_reason': None, 'distinguished': None, 'associated_award': None, 'stickied': False, 'author_premium': False, 'can_gild': False, 'link_id': 't3_1cbe1co', 'unrepliable_reason': None, 'author_flair_text_color': None, 'score_hidden': False, 'permalink': '/r/AskPhysics/comments/1cbe1co/how_fast_does_matter_fall_towards_the_center_of_a/l0zedqr/', 'subreddit_type': 'public', 'locked': False, 'report_reasons': None, 'created': 1713923236.0, 'author_flair_text': None, 'treatment_tags': [], 'collapsed': False, 'subreddit_name_prefixed': 'r/AskPhysics', 'controversiality': 0, 'depth': 1, 'author_flair_background_color': None, 'collapsed_because_crowd_control': None, 'mod_reports': [], 'num_reports': None, 'ups': 1}}], 'before': None}}",,False,7,False,True,False,AskPhysics,t5_2sumo,r/AskPhysics,public,,0,[],,7,[],t1
data_2,[],,,False,,lairdresearch,,,[],,,,text,t2_j6ijs,False,False,False,[],,,"Does the singularity have to be in the center of the event horizon sphere? I’m guessing we couldn’t tell from the outside but what if the Center of mass of the black hole is moving relative to the outside distant observer the instant it forms (at t=0 say from observers clock).  Now the event horizon at t&gt;0 cannot allow information inside the boundary to pass to the outside, including information on the location of the singularity. This isn’t a problem if the singularity is moving with constant relative velocity as the event horizon would also be going at the same velocity, but what if the Center of mass was accelerating while it collapsed (ie maybe the pre black hole mass was asymmetric so the Center of mass was orbiting a point at that moment of formation) - now the singularity would either continue orbiting (but this acceleration couldn’t be observed from outside the horizon) or the acceleration of the center of mass would have to immediately stop - which probably breaks some expectation of conservation of momentum (which may not be valid inside a BH)","&lt;div class=""md""&gt;&lt;p&gt;Does the singularity have to be in the center of the event horizon sphere? I’m guessing we couldn’t tell from the outside but what if the Center of mass of the black hole is moving relative to the outside distant observer the instant it forms (at t=0 say from observers clock).  Now the event horizon at t&amp;gt;0 cannot allow information inside the boundary to pass to the outside, including information on the location of the singularity. This isn’t a problem if the singularity is moving with constant relative velocity as the event horizon would also be going at the same velocity, but what if the Center of mass was accelerating while it collapsed (ie maybe the pre black hole mass was asymmetric so the Center of mass was orbiting a point at that moment of formation) - now the singularity would either continue orbiting (but this acceleration couldn’t be observed from outside the horizon) or the acceleration of the center of mass would have to immediately stop - which probably breaks some expectation of conservation of momentum (which may not be valid inside a BH)&lt;/p&gt;
&lt;/div&gt;",False,False,False,,,,,0,1713910896.0,1713910896.0,0,,0,False,0,{},l0yin4f,False,,t3_1cbe1co,False,,,,[],t1_l0yin4f,True,,t3_1cbe1co,/r/AskPhysics/comments/1cbe1co/how_fast_does_matter_fall_towards_the_center_of_a/l0yin4f/,,,,False,1,False,True,False,AskPhysics,t5_2sumo,r/AskPhysics,public,,0,[],,1,[],t1
data_3,[],,,False,,LiquidCoal,,,[],,,,text,t2_12kths3r,False,False,False,[],,,"For the very special case of directly inward (zero angular momentum) motion into a static, irrotational black hole (Schwarzschild metric), by solving the geodesic equation we get the second derivative of the Schwarzschild radial coordinate *r* with respect to proper time *&amp;tau;* (the time experienced in the frame of the falling object) as *d*^(2)*r*/*d&amp;tau;* = -*GM*/*r*^(2), which just happens to be *exactly* what it would be in the Newtonian case (except in terms of proper time, not absolute Newtonian time, which does not exist). In terms of the Schwarzschild radius *R* = 2*GM*/*c*^(2), this is *d*^(2)*r*/*d&amp;tau;* = -*R*/(2*c*^(2)*r*^(2)). Suppose we started falling from rest in the Schwarzschild frame at *r* = *h*. Solving the differential equation, we get that the proper time at *r* (setting the proper time of hitting the singularity at *&amp;tau;* = 0) as -*h*/*c* &amp;radic;[*h*/*R*] (arcsin&amp;radic;[*r*/*h*] - &amp;radic;[*r*/*h*-(*r*/*h*)^(2)]).

Thus the amount of time that it takes to hit the singularity from the event horizon is ***h/c* &amp;radic;[*h*/*R*] (arcsin&amp;radic;[*R*/*h*] - &amp;radic;[*R*/*h*-(*R*/*h*)^(2)])**.

If we started from rest at *h* = 2*R*, where *R* = 1 ly (as you said), we would experience about 341.2 days from the event horizon to the singularity. If we started from rest asympotically at infinity, we would experience 2/3 *R*/*c* = 2/3 Julian years from the event horizon to the singularity, or exactly 243.5 days. If we started from rest arbitrarily close to the singularity, then we would experience &amp;pi;/2 *R*/*c* = &amp;pi;/2 Julian years from the event horizon to the singularity, or about 573.7 days.

[Note the brackets used for the square roots, as it is not possible to do an overline in Reddit markdown. 
Please let me know if I made any mistakes.]

[Edited for formatting]","&lt;div class=""md""&gt;&lt;p&gt;For the very special case of directly inward (zero angular momentum) motion into a static, irrotational black hole (Schwarzschild metric), by solving the geodesic equation we get the second derivative of the Schwarzschild radial coordinate &lt;em&gt;r&lt;/em&gt; with respect to proper time &lt;em&gt;&amp;tau;&lt;/em&gt; (the time experienced in the frame of the falling object) as &lt;em&gt;d&lt;/em&gt;&lt;sup&gt;2&lt;/sup&gt;&lt;em&gt;r&lt;/em&gt;/&lt;em&gt;d&amp;tau;&lt;/em&gt; = -&lt;em&gt;GM&lt;/em&gt;/&lt;em&gt;r&lt;/em&gt;&lt;sup&gt;2&lt;/sup&gt;, which just happens to be &lt;em&gt;exactly&lt;/em&gt; what it would be in the Newtonian case (except in terms of proper time, not absolute Newtonian time, which does not exist). In terms of the Schwarzschild radius &lt;em&gt;R&lt;/em&gt; = 2&lt;em&gt;GM&lt;/em&gt;/&lt;em&gt;c&lt;/em&gt;&lt;sup&gt;2&lt;/sup&gt;, this is &lt;em&gt;d&lt;/em&gt;&lt;sup&gt;2&lt;/sup&gt;&lt;em&gt;r&lt;/em&gt;/&lt;em&gt;d&amp;tau;&lt;/em&gt; = -&lt;em&gt;R&lt;/em&gt;/(2&lt;em&gt;c&lt;/em&gt;&lt;sup&gt;2&lt;/sup&gt;&lt;em&gt;r&lt;/em&gt;&lt;sup&gt;2&lt;/sup&gt;). Suppose we started falling from rest in the Schwarzschild frame at &lt;em&gt;r&lt;/em&gt; = &lt;em&gt;h&lt;/em&gt;. Solving the differential equation, we get that the proper time at &lt;em&gt;r&lt;/em&gt; (setting the proper time of hitting the singularity at &lt;em&gt;&amp;tau;&lt;/em&gt; = 0) as -&lt;em&gt;h&lt;/em&gt;/&lt;em&gt;c&lt;/em&gt; &amp;radic;[&lt;em&gt;h&lt;/em&gt;/&lt;em&gt;R&lt;/em&gt;] (arcsin&amp;radic;[&lt;em&gt;r&lt;/em&gt;/&lt;em&gt;h&lt;/em&gt;] - &amp;radic;[&lt;em&gt;r&lt;/em&gt;/&lt;em&gt;h&lt;/em&gt;-(&lt;em&gt;r&lt;/em&gt;/&lt;em&gt;h&lt;/em&gt;)&lt;sup&gt;2&lt;/sup&gt;]).&lt;/p&gt;

&lt;p&gt;Thus the amount of time that it takes to hit the singularity from the event horizon is &lt;strong&gt;&lt;em&gt;h/c&lt;/em&gt; &amp;radic;[&lt;em&gt;h&lt;/em&gt;/&lt;em&gt;R&lt;/em&gt;] (arcsin&amp;radic;[&lt;em&gt;R&lt;/em&gt;/&lt;em&gt;h&lt;/em&gt;] - &amp;radic;[&lt;em&gt;R&lt;/em&gt;/&lt;em&gt;h&lt;/em&gt;-(&lt;em&gt;R&lt;/em&gt;/&lt;em&gt;h&lt;/em&gt;)&lt;sup&gt;2&lt;/sup&gt;])&lt;/strong&gt;.&lt;/p&gt;

&lt;p&gt;If we started from rest at &lt;em&gt;h&lt;/em&gt; = 2&lt;em&gt;R&lt;/em&gt;, where &lt;em&gt;R&lt;/em&gt; = 1 ly (as you said), we would experience about 341.2 days from the event horizon to the singularity. If we started from rest asympotically at infinity, we would experience 2/3 &lt;em&gt;R&lt;/em&gt;/&lt;em&gt;c&lt;/em&gt; = 2/3 Julian years from the event horizon to the singularity, or exactly 243.5 days. If we started from rest arbitrarily close to the singularity, then we would experience &amp;pi;/2 &lt;em&gt;R&lt;/em&gt;/&lt;em&gt;c&lt;/em&gt; = &amp;pi;/2 Julian years from the event horizon to the singularity, or about 573.7 days.&lt;/p&gt;

&lt;p&gt;[Note the brackets used for the square roots, as it is not possible to do an overline in Reddit markdown. 
Please let me know if I made any mistakes.]&lt;/p&gt;

&lt;p&gt;[Edited for formatting]&lt;/p&gt;
&lt;/div&gt;",False,False,False,,,,,0,1713922748.0,1713922748.0,0,,0,1713926845.0,0,{},l0zd5ls,False,,t3_1cbe1co,False,,,,[],t1_l0zd5ls,True,,t3_1cbe1co,/r/AskPhysics/comments/1cbe1co/how_fast_does_matter_fall_towards_the_center_of_a/l0zd5ls/,,,,False,1,False,True,False,AskPhysics,t5_2sumo,r/AskPhysics,public,,0,[],,1,[],t1
data_4,[],,,False,,crolin,,,[],,,,text,t2_4hd7p,False,False,False,[],,,"The weird thing is if all geodesic point toward the subgularity time becomes confusing as a concept. In a sense it's the same as your spatial dimension from the hole. Even if the hole is ""rotating"" no particle would experience space significantly different than a straight line which kinda changes what time is? I feel like I am just missing something fundamental to the concept. You could describe all other particles in the hole as a point of entry and a time of entry along with charges? It even seems possible to me photons couldn't express in one dimension fewer. Like gluons can't in our region of the universe over distance, which could explain the ""darkness"" in a sense.","&lt;div class=""md""&gt;&lt;p&gt;The weird thing is if all geodesic point toward the subgularity time becomes confusing as a concept. In a sense it&amp;#39;s the same as your spatial dimension from the hole. Even if the hole is &amp;quot;rotating&amp;quot; no particle would experience space significantly different than a straight line which kinda changes what time is? I feel like I am just missing something fundamental to the concept. You could describe all other particles in the hole as a point of entry and a time of entry along with charges? It even seems possible to me photons couldn&amp;#39;t express in one dimension fewer. Like gluons can&amp;#39;t in our region of the universe over distance, which could explain the &amp;quot;darkness&amp;quot; in a sense.&lt;/p&gt;
&lt;/div&gt;",False,False,False,,,,,0,1713934445.0,1713934445.0,0,,0,False,0,{},l10356x,False,,t3_1cbe1co,False,,,,[],t1_l10356x,True,,t3_1cbe1co,/r/AskPhysics/comments/1cbe1co/how_fast_does_matter_fall_towards_the_center_of_a/l10356x/,,,,False,1,False,True,False,AskPhysics,t5_2sumo,r/AskPhysics,public,,0,[],,1,[],t1
