,all_awardings,approved_at_utc,approved_by,archived,associated_award,author,author_flair_background_color,author_flair_css_class,author_flair_richtext,author_flair_template_id,author_flair_text,author_flair_text_color,author_flair_type,author_fullname,author_is_blocked,author_patreon_flair,author_premium,awarders,banned_at_utc,banned_by,body,body_html,can_gild,can_mod_post,collapsed,collapsed_because_crowd_control,collapsed_reason,collapsed_reason_code,comment_type,controversiality,created,created_utc,depth,distinguished,downs,edited,gilded,gildings,id,is_submitter,likes,link_id,locked,mod_note,mod_reason_by,mod_reason_title,mod_reports,name,no_follow,num_reports,parent_id,permalink,removal_reason,replies,report_reasons,saved,score,score_hidden,send_replies,stickied,subreddit,subreddit_id,subreddit_name_prefixed,subreddit_type,top_awarded_type,total_awards_received,treatment_tags,unrepliable_reason,ups,user_reports,kind
data,[],,,False,,GammaCatastrophe,,inter,[],9245fcd0-c6b2-11e4-9133-22000b6e00bb,Statistical and nonlinear physics,dark,text,t2_ym9ipy97y,False,False,False,[],,,Monopoles are quite literally unavoidable in all GUTs (so theories that merge the strong and electroweak interactions). That's why we place the GUT epoch just b4 inflation — so they can be drained out. They aren't a simple artifact of inflation.,"&lt;div class=""md""&gt;&lt;p&gt;Monopoles are quite literally unavoidable in all GUTs (so theories that merge the strong and electroweak interactions). That&amp;#39;s why we place the GUT epoch just b4 inflation — so they can be drained out. They aren&amp;#39;t a simple artifact of inflation.&lt;/p&gt;
&lt;/div&gt;",False,False,False,,,,,0,1714022482.0,1714022482.0,0,,0,False,0,{},l15rodp,False,,t3_1ccf18i,False,,,,[],t1_l15rodp,True,,t3_1ccf18i,/r/AskPhysics/comments/1ccf18i/cosmic_inflation/l15rodp/,,"{'kind': 'Listing', 'data': {'after': None, 'dist': None, 'modhash': None, 'geo_filter': '', 'children': [{'kind': 't1', 'data': {'subreddit_id': 't5_2sumo', 'approved_at_utc': None, 'author_is_blocked': False, 'comment_type': None, 'awarders': [], 'mod_reason_by': None, 'banned_by': None, 'author_flair_type': 'text', 'total_awards_received': 0, 'subreddit': 'AskPhysics', 'author_flair_template_id': None, 'likes': None, 'replies': '', 'user_reports': [], 'saved': False, 'id': 'l18456z', 'banned_at_utc': None, 'mod_reason_title': None, 'gilded': 0, 'archived': False, 'collapsed_reason_code': None, 'no_follow': True, 'author': 'nicuramar', 'can_mod_post': False, 'created_utc': 1714066271.0, 'send_replies': True, 'parent_id': 't1_l15rodp', 'score': 1, 'author_fullname': 't2_kjv52vr8', 'removal_reason': None, 'approved_by': None, 'mod_note': None, 'all_awardings': [], 'body': 'But we don’t have any GUT theory. Just hypotheses at this point.\n\nOP is saying inflation helps explain why, assuming they exist, we don’t see them.\xa0', 'edited': False, 'top_awarded_type': None, 'author_flair_css_class': None, 'name': 't1_l18456z', 'is_submitter': False, 'downs': 0, 'author_flair_richtext': [], 'author_patreon_flair': False, 'body_html': '&lt;div class=""md""&gt;&lt;p&gt;But we don’t have any GUT theory. Just hypotheses at this point.&lt;/p&gt;\n\n&lt;p&gt;OP is saying inflation helps explain why, assuming they exist, we don’t see them.\xa0&lt;/p&gt;\n&lt;/div&gt;', 'gildings': {}, 'collapsed_reason': None, 'distinguished': None, 'associated_award': None, 'stickied': False, 'author_premium': False, 'can_gild': False, 'link_id': 't3_1ccf18i', 'unrepliable_reason': None, 'author_flair_text_color': None, 'score_hidden': False, 'permalink': '/r/AskPhysics/comments/1ccf18i/cosmic_inflation/l18456z/', 'subreddit_type': 'public', 'locked': False, 'report_reasons': None, 'created': 1714066271.0, 'author_flair_text': None, 'treatment_tags': [], 'collapsed': False, 'subreddit_name_prefixed': 'r/AskPhysics', 'controversiality': 0, 'depth': 1, 'author_flair_background_color': None, 'collapsed_because_crowd_control': None, 'mod_reports': [], 'num_reports': None, 'ups': 1}}], 'before': None}}",,False,1,False,True,False,AskPhysics,t5_2sumo,r/AskPhysics,public,,0,[],,1,[],t1
data_1,[],,,False,,luciana_proetti,,,[],,,,text,t2_8aisndy3,False,False,False,[],,,"I agree with your argument against the point about monopoles because GUT physics is pretty speculative at this point. But, I do think in the realm of possibilities, some defect, due to symmetry breaking, surviving and showing up in our universe somewhere would be pretty likely(if not monopoles then cosmic strings, etc), and the fact that we don't see any is probably not a concern you should throw out the window at first glance.

But your arguments against the other two points don't make much sense to me. Especially because inflation is at least in principle falsifiable and there are imprints of it on the CMB which we can use to backcalculate possible inflationary scenarios. In fact, data already helps us understand to a good degree the types of inflaton potentials that would have to be discarded completely to give the form of the CMB we have now. As we get better understanding of other cosmological probes, we might be able to do much more. 

On the other hand, your argument against fine-tuning seems to me to be ""it is so just because"". Sure, maybe it is, but maybe there's a deeper underlying reason why, both are real possibilities with the latter one being more interesting to a physicist. One needn't be dismissive of possible explanations as long as they are falsifiable. 

Also, what does zero entropy have to do with uniformity of the universe, I have no idea. Quite frankly, I don't even understand what ""entropy of the universe"" means, or how it can be defined in any sensible way that can be measured.","&lt;div class=""md""&gt;&lt;p&gt;I agree with your argument against the point about monopoles because GUT physics is pretty speculative at this point. But, I do think in the realm of possibilities, some defect, due to symmetry breaking, surviving and showing up in our universe somewhere would be pretty likely(if not monopoles then cosmic strings, etc), and the fact that we don&amp;#39;t see any is probably not a concern you should throw out the window at first glance.&lt;/p&gt;

&lt;p&gt;But your arguments against the other two points don&amp;#39;t make much sense to me. Especially because inflation is at least in principle falsifiable and there are imprints of it on the CMB which we can use to backcalculate possible inflationary scenarios. In fact, data already helps us understand to a good degree the types of inflaton potentials that would have to be discarded completely to give the form of the CMB we have now. As we get better understanding of other cosmological probes, we might be able to do much more. &lt;/p&gt;

&lt;p&gt;On the other hand, your argument against fine-tuning seems to me to be &amp;quot;it is so just because&amp;quot;. Sure, maybe it is, but maybe there&amp;#39;s a deeper underlying reason why, both are real possibilities with the latter one being more interesting to a physicist. One needn&amp;#39;t be dismissive of possible explanations as long as they are falsifiable. &lt;/p&gt;

&lt;p&gt;Also, what does zero entropy have to do with uniformity of the universe, I have no idea. Quite frankly, I don&amp;#39;t even understand what &amp;quot;entropy of the universe&amp;quot; means, or how it can be defined in any sensible way that can be measured.&lt;/p&gt;
&lt;/div&gt;",False,False,False,,,,,0,1714068862.0,1714068862.0,0,,0,False,0,{},l18bklk,False,,t3_1ccf18i,False,,,,[],t1_l18bklk,True,,t3_1ccf18i,/r/AskPhysics/comments/1ccf18i/cosmic_inflation/l18bklk/,,"{'kind': 'Listing', 'data': {'after': None, 'dist': None, 'modhash': None, 'geo_filter': '', 'children': [{'kind': 't1', 'data': {'subreddit_id': 't5_2sumo', 'approved_at_utc': None, 'author_is_blocked': False, 'comment_type': None, 'awarders': [], 'mod_reason_by': None, 'banned_by': None, 'author_flair_type': 'text', 'total_awards_received': 0, 'subreddit': 'AskPhysics', 'author_flair_template_id': None, 'likes': None, 'replies': {'kind': 'Listing', 'data': {'after': None, 'dist': None, 'modhash': None, 'geo_filter': '', 'children': [{'kind': 't1', 'data': {'subreddit_id': 't5_2sumo', 'approved_at_utc': None, 'author_is_blocked': False, 'comment_type': None, 'awarders': [], 'mod_reason_by': None, 'banned_by': None, 'author_flair_type': 'text', 'total_awards_received': 0, 'subreddit': 'AskPhysics', 'author_flair_template_id': None, 'likes': None, 'replies': '', 'user_reports': [], 'saved': False, 'id': 'l1915j1', 'banned_at_utc': None, 'mod_reason_title': None, 'gilded': 0, 'archived': False, 'collapsed_reason_code': None, 'no_follow': True, 'author': 'luciana_proetti', 'can_mod_post': False, 'send_replies': True, 'parent_id': 't1_l18rq7u', 'score': 2, 'author_fullname': 't2_8aisndy3', 'removal_reason': None, 'approved_by': None, 'mod_note': None, 'all_awardings': [], 'body': 'I think you are missing an important point: We know for a fact that without inflation the universe could not have existed long enough for it to homogenise by equilibration to the extent that it had. This comes basically from the FLRW metric giving a singularity at finite time. So either the universe began magically in a uniform state or there was a mechanism that causes it to be so in a considerably shorter period of time.\n\n&gt;if the pre-GUT field was not isotropic it would seem weird that the universe is isotropic so cosmic inflation would have to make additional assumptions over assuming the initial field in the universe was perfectly uniform\n\nThis is not correct. The whole point of inflation is to dilute away any structure that was previously present. \n\n&gt;I guess correct me if I\'m wrong but from my understanding not at all while maintaining a uniform positive field strength above the vacuum state is a problem over time because it is energetically unfavorable and decays the initial field strength is very likely to have a uniform constant value which would explain the isotropic nature of the modern universe\n\nIf this were true, our present universe wouldn\'t have any structure/galaxies/stars/planets/life/etc either. In the presence of attractive forces, stable structures are formed which can\'t even be pulled away by a large cosmological constant. This is why one of the ""anthropic"" arguments is that we exist in a pocket of the post-inflationary universe which ended up being quite empty. \n\n&gt;but im still unsure why something like inflation has to be true to solve the flatness problem?\n\nIt doesn\'t. But it is a good candidate especially because of its robustness to several initial conditions and the fact that such a scenario is agnostic towards pre-inflationary physics. At some point, if we manage to access much more information from the CMB/possible future detections of neutrino and GW background, we can settle this debate experimentally but till then one can always cook up scenarios.', 'edited': 1714078252.0, 'top_awarded_type': None, 'downs': 0, 'author_flair_css_class': None, 'name': 't1_l1915j1', 'is_submitter': False, 'collapsed': False, 'author_flair_richtext': [], 'author_patreon_flair': False, 'body_html': '&lt;div class=""md""&gt;&lt;p&gt;I think you are missing an important point: We know for a fact that without inflation the universe could not have existed long enough for it to homogenise by equilibration to the extent that it had. This comes basically from the FLRW metric giving a singularity at finite time. So either the universe began magically in a uniform state or there was a mechanism that causes it to be so in a considerably shorter period of time.&lt;/p&gt;\n\n&lt;blockquote&gt;\n&lt;p&gt;if the pre-GUT field was not isotropic it would seem weird that the universe is isotropic so cosmic inflation would have to make additional assumptions over assuming the initial field in the universe was perfectly uniform&lt;/p&gt;\n&lt;/blockquote&gt;\n\n&lt;p&gt;This is not correct. The whole point of inflation is to dilute away any structure that was previously present. &lt;/p&gt;\n\n&lt;blockquote&gt;\n&lt;p&gt;I guess correct me if I&amp;#39;m wrong but from my understanding not at all while maintaining a uniform positive field strength above the vacuum state is a problem over time because it is energetically unfavorable and decays the initial field strength is very likely to have a uniform constant value which would explain the isotropic nature of the modern universe&lt;/p&gt;\n&lt;/blockquote&gt;\n\n&lt;p&gt;If this were true, our present universe wouldn&amp;#39;t have any structure/galaxies/stars/planets/life/etc either. In the presence of attractive forces, stable structures are formed which can&amp;#39;t even be pulled away by a large cosmological constant. This is why one of the &amp;quot;anthropic&amp;quot; arguments is that we exist in a pocket of the post-inflationary universe which ended up being quite empty. &lt;/p&gt;\n\n&lt;blockquote&gt;\n&lt;p&gt;but im still unsure why something like inflation has to be true to solve the flatness problem?&lt;/p&gt;\n&lt;/blockquote&gt;\n\n&lt;p&gt;It doesn&amp;#39;t. But it is a good candidate especially because of its robustness to several initial conditions and the fact that such a scenario is agnostic towards pre-inflationary physics. At some point, if we manage to access much more information from the CMB/possible future detections of neutrino and GW background, we can settle this debate experimentally but till then one can always cook up scenarios.&lt;/p&gt;\n&lt;/div&gt;', 'gildings': {}, 'collapsed_reason': None, 'distinguished': None, 'associated_award': None, 'stickied': False, 'author_premium': False, 'can_gild': False, 'link_id': 't3_1ccf18i', 'unrepliable_reason': None, 'author_flair_text_color': None, 'score_hidden': False, 'permalink': '/r/AskPhysics/comments/1ccf18i/cosmic_inflation/l1915j1/', 'subreddit_type': 'public', 'locked': False, 'report_reasons': None, 'created': 1714077265.0, 'author_flair_text': None, 'treatment_tags': [], 'created_utc': 1714077265.0, 'subreddit_name_prefixed': 'r/AskPhysics', 'controversiality': 0, 'depth': 2, 'author_flair_background_color': None, 'collapsed_because_crowd_control': None, 'mod_reports': [], 'num_reports': None, 'ups': 2}}], 'before': None}}, 'user_reports': [], 'saved': False, 'id': 'l18rq7u', 'banned_at_utc': None, 'mod_reason_title': None, 'gilded': 0, 'archived': False, 'collapsed_reason_code': None, 'no_follow': True, 'author': 'somethingicanspell', 'can_mod_post': False, 'created_utc': 1714074167.0, 'send_replies': True, 'parent_id': 't1_l18bklk', 'score': 1, 'author_fullname': 't2_nokj8', 'removal_reason': None, 'approved_by': None, 'mod_note': None, 'all_awardings': [], 'body': ""The question I would have  is there a reason why cosmic inflation is a much better explanation based on experimental or theoretical data that we have from the CMB vs any other explanations relying on an understanding of complicated physics in the very very early universe to the extent that we should assume inflation is correct? \n\nThere is the kind of anthropic argument or the that just how the math works argument but thats not really the argument I'm making as far as the Horizon problem or flatness problem go. My argument for the horizon problem is that in order for any universe to be as isotropic as the Cosmic Microwave background show it is it would need to have to be created by something that was almost perfectly uniform or would need to have existed for a long enough time to become nearly perfectly uniform. There's really no reason purely on the basis of the horizon problem to explain the uniformity of the universe by a perfectly uniform inflation field rather than just a perfectly uniform pre-GUT (or whatever the pre-inflation universe field was. It's a valid hypothesis but from my understanding they would give you the exact same results and moreover I think if the pre-GUT field was not isotropic it would seem weird that the universe is isotropic so cosmic inflation would have to make additional assumptions over assuming the initial field in the universe was perfectly uniform. The question then becomes is it weird that the initial field in the universe was perfectly uniform would that require some miraculous coincidence? I guess correct me if I'm wrong but from my understanding not at all while maintaining a uniform positive field strength above the vacuum state is a problem over time because it is energetically unfavorable and decays the initial field strength is very likely to have a uniform constant value which would explain the isotropic nature of the modern universe.  The flatness problem looking into it seems like stronger evidence of inflation but im still unsure why something like inflation has to be true to solve the flatness problem?"", 'edited': False, 'top_awarded_type': None, 'author_flair_css_class': None, 'name': 't1_l18rq7u', 'is_submitter': True, 'downs': 0, 'author_flair_richtext': [], 'author_patreon_flair': False, 'body_html': '&lt;div class=""md""&gt;&lt;p&gt;The question I would have  is there a reason why cosmic inflation is a much better explanation based on experimental or theoretical data that we have from the CMB vs any other explanations relying on an understanding of complicated physics in the very very early universe to the extent that we should assume inflation is correct? &lt;/p&gt;\n\n&lt;p&gt;There is the kind of anthropic argument or the that just how the math works argument but thats not really the argument I&amp;#39;m making as far as the Horizon problem or flatness problem go. My argument for the horizon problem is that in order for any universe to be as isotropic as the Cosmic Microwave background show it is it would need to have to be created by something that was almost perfectly uniform or would need to have existed for a long enough time to become nearly perfectly uniform. There&amp;#39;s really no reason purely on the basis of the horizon problem to explain the uniformity of the universe by a perfectly uniform inflation field rather than just a perfectly uniform pre-GUT (or whatever the pre-inflation universe field was. It&amp;#39;s a valid hypothesis but from my understanding they would give you the exact same results and moreover I think if the pre-GUT field was not isotropic it would seem weird that the universe is isotropic so cosmic inflation would have to make additional assumptions over assuming the initial field in the universe was perfectly uniform. The question then becomes is it weird that the initial field in the universe was perfectly uniform would that require some miraculous coincidence? I guess correct me if I&amp;#39;m wrong but from my understanding not at all while maintaining a uniform positive field strength above the vacuum state is a problem over time because it is energetically unfavorable and decays the initial field strength is very likely to have a uniform constant value which would explain the isotropic nature of the modern universe.  The flatness problem looking into it seems like stronger evidence of inflation but im still unsure why something like inflation has to be true to solve the flatness problem?&lt;/p&gt;\n&lt;/div&gt;', 'gildings': {}, 'collapsed_reason': None, 'distinguished': None, 'associated_award': None, 'stickied': False, 'author_premium': False, 'can_gild': False, 'link_id': 't3_1ccf18i', 'unrepliable_reason': None, 'author_flair_text_color': None, 'score_hidden': False, 'permalink': '/r/AskPhysics/comments/1ccf18i/cosmic_inflation/l18rq7u/', 'subreddit_type': 'public', 'locked': False, 'report_reasons': None, 'created': 1714074167.0, 'author_flair_text': None, 'treatment_tags': [], 'collapsed': False, 'subreddit_name_prefixed': 'r/AskPhysics', 'controversiality': 0, 'depth': 1, 'author_flair_background_color': None, 'collapsed_because_crowd_control': None, 'mod_reports': [], 'num_reports': None, 'ups': 1}}], 'before': None}}",,False,1,False,True,False,AskPhysics,t5_2sumo,r/AskPhysics,public,,0,[],,1,[],t1
data_2,[],,,False,,lowzycat,,,[],,,,text,t2_3mse8oif,False,False,False,[],,,"I think one of the best cases of evidence for this is that general relativity doesn’t work without it. Einstein couldn’t find a way to remove it from his equation, so he labeled it as some type of force causing this expansion. The fundamental thing is, it doesn’t really matter if it’s automatic or a force or something else. The equations account for it, meaning something is happening","&lt;div class=""md""&gt;&lt;p&gt;I think one of the best cases of evidence for this is that general relativity doesn’t work without it. Einstein couldn’t find a way to remove it from his equation, so he labeled it as some type of force causing this expansion. The fundamental thing is, it doesn’t really matter if it’s automatic or a force or something else. The equations account for it, meaning something is happening&lt;/p&gt;
&lt;/div&gt;",False,False,False,,,,,0,1714014369.0,1714014369.0,0,,0,False,0,{},l15bywe,False,,t3_1ccf18i,False,,,,[],t1_l15bywe,True,,t3_1ccf18i,/r/AskPhysics/comments/1ccf18i/cosmic_inflation/l15bywe/,,"{'kind': 'Listing', 'data': {'after': None, 'dist': None, 'modhash': None, 'geo_filter': '', 'children': [{'kind': 't1', 'data': {'subreddit_id': 't5_2sumo', 'approved_at_utc': None, 'author_is_blocked': False, 'comment_type': None, 'awarders': [], 'mod_reason_by': None, 'banned_by': None, 'author_flair_type': 'text', 'total_awards_received': 0, 'subreddit': 'AskPhysics', 'author_flair_template_id': None, 'likes': None, 'replies': '', 'user_reports': [], 'saved': False, 'id': 'l1842qn', 'banned_at_utc': None, 'mod_reason_title': None, 'gilded': 0, 'archived': False, 'collapsed_reason_code': None, 'no_follow': True, 'author': 'nicuramar', 'can_mod_post': False, 'created_utc': 1714066244.0, 'send_replies': True, 'parent_id': 't1_l15bywe', 'score': 3, 'author_fullname': 't2_kjv52vr8', 'removal_reason': None, 'approved_by': None, 'mod_note': None, 'all_awardings': [], 'body': 'We’re talking about inflation, not the cosmological constant.\xa0', 'edited': False, 'top_awarded_type': None, 'author_flair_css_class': None, 'name': 't1_l1842qn', 'is_submitter': False, 'downs': 0, 'author_flair_richtext': [], 'author_patreon_flair': False, 'body_html': '&lt;div class=""md""&gt;&lt;p&gt;We’re talking about inflation, not the cosmological constant.\xa0&lt;/p&gt;\n&lt;/div&gt;', 'gildings': {}, 'collapsed_reason': None, 'distinguished': None, 'associated_award': None, 'stickied': False, 'author_premium': False, 'can_gild': False, 'link_id': 't3_1ccf18i', 'unrepliable_reason': None, 'author_flair_text_color': None, 'score_hidden': False, 'permalink': '/r/AskPhysics/comments/1ccf18i/cosmic_inflation/l1842qn/', 'subreddit_type': 'public', 'locked': False, 'report_reasons': None, 'created': 1714066244.0, 'author_flair_text': None, 'treatment_tags': [], 'collapsed': False, 'subreddit_name_prefixed': 'r/AskPhysics', 'controversiality': 0, 'depth': 1, 'author_flair_background_color': None, 'collapsed_because_crowd_control': None, 'mod_reports': [], 'num_reports': None, 'ups': 3}}, {'kind': 't1', 'data': {'subreddit_id': 't5_2sumo', 'approved_at_utc': None, 'author_is_blocked': False, 'comment_type': None, 'awarders': [], 'mod_reason_by': None, 'banned_by': None, 'author_flair_type': 'text', 'total_awards_received': 0, 'subreddit': 'AskPhysics', 'author_flair_template_id': None, 'likes': None, 'replies': '', 'user_reports': [], 'saved': False, 'id': 'l15j9ro', 'banned_at_utc': None, 'mod_reason_title': None, 'gilded': 0, 'archived': False, 'collapsed_reason_code': None, 'no_follow': True, 'author': 'somethingicanspell', 'can_mod_post': False, 'created_utc': 1714017868.0, 'send_replies': True, 'parent_id': 't1_l15bywe', 'score': 1, 'author_fullname': 't2_nokj8', 'removal_reason': None, 'approved_by': None, 'mod_note': None, 'all_awardings': [], 'body': 'Interesting why?', 'edited': False, 'top_awarded_type': None, 'author_flair_css_class': None, 'name': 't1_l15j9ro', 'is_submitter': True, 'downs': 0, 'author_flair_richtext': [], 'author_patreon_flair': False, 'body_html': '&lt;div class=""md""&gt;&lt;p&gt;Interesting why?&lt;/p&gt;\n&lt;/div&gt;', 'gildings': {}, 'collapsed_reason': None, 'distinguished': None, 'associated_award': None, 'stickied': False, 'author_premium': False, 'can_gild': False, 'link_id': 't3_1ccf18i', 'unrepliable_reason': None, 'author_flair_text_color': None, 'score_hidden': False, 'permalink': '/r/AskPhysics/comments/1ccf18i/cosmic_inflation/l15j9ro/', 'subreddit_type': 'public', 'locked': False, 'report_reasons': None, 'created': 1714017868.0, 'author_flair_text': None, 'treatment_tags': [], 'collapsed': False, 'subreddit_name_prefixed': 'r/AskPhysics', 'controversiality': 0, 'depth': 1, 'author_flair_background_color': None, 'collapsed_because_crowd_control': None, 'mod_reports': [], 'num_reports': None, 'ups': 1}}], 'before': None}}",,False,1,False,True,False,AskPhysics,t5_2sumo,r/AskPhysics,public,,0,[],,1,[],t1
