,all_awardings,approved_at_utc,approved_by,archived,associated_award,author,author_flair_background_color,author_flair_css_class,author_flair_richtext,author_flair_template_id,author_flair_text,author_flair_text_color,author_flair_type,author_fullname,author_is_blocked,author_patreon_flair,author_premium,awarders,banned_at_utc,banned_by,body,body_html,can_gild,can_mod_post,collapsed,collapsed_because_crowd_control,collapsed_reason,collapsed_reason_code,comment_type,controversiality,created,created_utc,depth,distinguished,downs,edited,gilded,gildings,id,is_submitter,likes,link_id,locked,mod_note,mod_reason_by,mod_reason_title,mod_reports,name,no_follow,num_reports,parent_id,permalink,removal_reason,replies,report_reasons,saved,score,score_hidden,send_replies,stickied,subreddit,subreddit_id,subreddit_name_prefixed,subreddit_type,top_awarded_type,total_awards_received,treatment_tags,unrepliable_reason,ups,user_reports,kind
data,[],,,False,,1strategist1,,,[],,,,text,t2_2r8ugb2,False,False,False,[],,,"Yeah pretty much. We say the butter has ""inertia"", which is a tendency to keep moving at the same velocity.","&lt;div class=""md""&gt;&lt;p&gt;Yeah pretty much. We say the butter has &amp;quot;inertia&amp;quot;, which is a tendency to keep moving at the same velocity.&lt;/p&gt;
&lt;/div&gt;",False,False,False,,,,,0,1714028441.0,1714028441.0,0,,0,False,0,{},l160x2g,False,,t3_1ccl8a8,False,,,,[],t1_l160x2g,True,,t3_1ccl8a8,/r/AskPhysics/comments/1ccl8a8/swinging_spoon_with_butter/l160x2g/,,"{'kind': 'Listing', 'data': {'after': None, 'dist': None, 'modhash': None, 'geo_filter': '', 'children': [{'kind': 't1', 'data': {'subreddit_id': 't5_2sumo', 'approved_at_utc': None, 'author_is_blocked': False, 'comment_type': None, 'awarders': [], 'mod_reason_by': None, 'banned_by': None, 'author_flair_type': 'text', 'total_awards_received': 0, 'subreddit': 'AskPhysics', 'author_flair_template_id': None, 'likes': None, 'replies': '', 'user_reports': [], 'saved': False, 'id': 'l169h5b', 'banned_at_utc': None, 'mod_reason_title': None, 'gilded': 0, 'archived': False, 'collapsed_reason_code': None, 'no_follow': True, 'author': 'ArmadilloHairy324', 'can_mod_post': False, 'created_utc': 1714034731.0, 'send_replies': True, 'parent_id': 't1_l160x2g', 'score': 2, 'author_fullname': 't2_bppuaj3m', 'removal_reason': None, 'approved_by': None, 'mod_note': None, 'all_awardings': [], 'body': 'tnx for the explanation', 'edited': False, 'top_awarded_type': None, 'author_flair_css_class': None, 'name': 't1_l169h5b', 'is_submitter': True, 'downs': 0, 'author_flair_richtext': [], 'author_patreon_flair': False, 'body_html': '&lt;div class=""md""&gt;&lt;p&gt;tnx for the explanation&lt;/p&gt;\n&lt;/div&gt;', 'gildings': {}, 'collapsed_reason': None, 'distinguished': None, 'associated_award': None, 'stickied': False, 'author_premium': False, 'can_gild': False, 'link_id': 't3_1ccl8a8', 'unrepliable_reason': None, 'author_flair_text_color': None, 'score_hidden': False, 'permalink': '/r/AskPhysics/comments/1ccl8a8/swinging_spoon_with_butter/l169h5b/', 'subreddit_type': 'public', 'locked': False, 'report_reasons': None, 'created': 1714034731.0, 'author_flair_text': None, 'treatment_tags': [], 'collapsed': False, 'subreddit_name_prefixed': 'r/AskPhysics', 'controversiality': 0, 'depth': 1, 'author_flair_background_color': None, 'collapsed_because_crowd_control': None, 'mod_reports': [], 'num_reports': None, 'ups': 2}}], 'before': None}}",,False,1,False,True,False,AskPhysics,t5_2sumo,r/AskPhysics,public,,0,[],,1,[],t1
data_1,[],,,False,,[deleted],,,,,,dark,,,False,,,[],,,[removed],"&lt;div class=""md""&gt;&lt;p&gt;[removed]&lt;/p&gt;
&lt;/div&gt;",False,False,False,,,,,0,1714033348.0,1714033348.0,0,,0,False,0,{},l167nmj,False,,t3_1ccl8a8,False,,,,[],t1_l167nmj,True,,t3_1ccl8a8,/r/AskPhysics/comments/1ccl8a8/swinging_spoon_with_butter/l167nmj/,,"{'kind': 'Listing', 'data': {'after': None, 'dist': None, 'modhash': None, 'geo_filter': '', 'children': [{'kind': 't1', 'data': {'subreddit_id': 't5_2sumo', 'approved_at_utc': None, 'author_is_blocked': False, 'comment_type': None, 'awarders': [], 'mod_reason_by': None, 'banned_by': None, 'author_flair_type': 'text', 'total_awards_received': 0, 'subreddit': 'AskPhysics', 'author_flair_template_id': None, 'likes': None, 'replies': '', 'user_reports': [], 'saved': False, 'id': 'l169gkz', 'banned_at_utc': None, 'mod_reason_title': None, 'gilded': 0, 'archived': False, 'collapsed_reason_code': None, 'no_follow': True, 'author': 'ArmadilloHairy324', 'can_mod_post': False, 'created_utc': 1714034719.0, 'send_replies': True, 'parent_id': 't1_l167nmj', 'score': 1, 'author_fullname': 't2_bppuaj3m', 'removal_reason': None, 'approved_by': None, 'mod_note': None, 'all_awardings': [], 'body': 'thank you for your explanation', 'edited': False, 'top_awarded_type': None, 'author_flair_css_class': None, 'name': 't1_l169gkz', 'is_submitter': True, 'downs': 0, 'author_flair_richtext': [], 'author_patreon_flair': False, 'body_html': '&lt;div class=""md""&gt;&lt;p&gt;thank you for your explanation&lt;/p&gt;\n&lt;/div&gt;', 'gildings': {}, 'collapsed_reason': None, 'distinguished': None, 'associated_award': None, 'stickied': False, 'author_premium': False, 'can_gild': False, 'link_id': 't3_1ccl8a8', 'unrepliable_reason': None, 'author_flair_text_color': None, 'score_hidden': False, 'permalink': '/r/AskPhysics/comments/1ccl8a8/swinging_spoon_with_butter/l169gkz/', 'subreddit_type': 'public', 'locked': False, 'report_reasons': None, 'created': 1714034719.0, 'author_flair_text': None, 'treatment_tags': [], 'collapsed': False, 'subreddit_name_prefixed': 'r/AskPhysics', 'controversiality': 0, 'depth': 1, 'author_flair_background_color': None, 'collapsed_because_crowd_control': None, 'mod_reports': [], 'num_reports': None, 'ups': 1}}], 'before': None}}",,False,1,False,True,False,AskPhysics,t5_2sumo,r/AskPhysics,public,,0,[],,1,[],t1
