,all_awardings,approved_at_utc,approved_by,archived,associated_award,author,author_flair_background_color,author_flair_css_class,author_flair_template_id,author_flair_text,author_flair_text_color,author_is_blocked,awarders,banned_at_utc,banned_by,body,body_html,can_gild,can_mod_post,collapsed,collapsed_because_crowd_control,collapsed_reason,collapsed_reason_code,comment_type,controversiality,created,created_utc,depth,distinguished,downs,edited,gilded,gildings,id,is_submitter,likes,link_id,locked,mod_note,mod_reason_by,mod_reason_title,mod_reports,name,no_follow,num_reports,parent_id,permalink,removal_reason,replies,report_reasons,saved,score,score_hidden,send_replies,stickied,subreddit,subreddit_id,subreddit_name_prefixed,subreddit_type,top_awarded_type,total_awards_received,treatment_tags,unrepliable_reason,ups,user_reports,kind,author_flair_richtext,author_flair_type,author_fullname,author_patreon_flair,author_premium
data,[],,,False,,[deleted],,,,,dark,False,[],,,"There's a [TED Talk](https://www.youtube.com/watch?v=s_L-fp8gDzY) by Grant Sanderson of 3Blue1Brown about how to make people engage in maths. One of his ideas is that, rather than trying to show something as ""useful"", you should present an intriguing puzzle. Show something strange happening and ask why that happens.

Physics can maybe do this better than maths can, because maths often relies on abstract ideas whereas physics can actually show you something. So you show something weird happening and let people wonder why it happens.

And it's important to present the question before the answer. This is where a lot of more boring physics lessons fail. They go through all the details and only afterwards show the interesting implications of it. Once you've shown something intriguing you've earned the opportunity to go through the boring details a little. 

Youtube videos can work well for this: you can show the simplified version for people who are only a little interested, and then a more detailed breakdown afterwards or in a separate video for people who want to know more. 

But I do also feel that some physics educators can be a little bit fussy with their need to make everything as flashy and exciting as possible.

Some topics in physics just are a bit boring. I remember someone on reddit arguing with me because they claimed that real physicists find every topic fascinating. I suppose this is a split between [physics nerds and actual physicists](https://www.smbc-comics.com/?id=1777). Every physicist I've met has some topics they think are boring but they had to do at some point anyway. Sometimes you do just have to work through a dull topic because it's important to know to get to more exciting stuff later. It happens. Exactly which topic this is will vary depending on the individual. 

Of course this is why most educational youtubers don't try to present a complete course, they pick and choose the most exciting topics.","&lt;div class=""md""&gt;&lt;p&gt;There&amp;#39;s a &lt;a href=""https://www.youtube.com/watch?v=s_L-fp8gDzY""&gt;TED Talk&lt;/a&gt; by Grant Sanderson of 3Blue1Brown about how to make people engage in maths. One of his ideas is that, rather than trying to show something as &amp;quot;useful&amp;quot;, you should present an intriguing puzzle. Show something strange happening and ask why that happens.&lt;/p&gt;

&lt;p&gt;Physics can maybe do this better than maths can, because maths often relies on abstract ideas whereas physics can actually show you something. So you show something weird happening and let people wonder why it happens.&lt;/p&gt;

&lt;p&gt;And it&amp;#39;s important to present the question before the answer. This is where a lot of more boring physics lessons fail. They go through all the details and only afterwards show the interesting implications of it. Once you&amp;#39;ve shown something intriguing you&amp;#39;ve earned the opportunity to go through the boring details a little. &lt;/p&gt;

&lt;p&gt;Youtube videos can work well for this: you can show the simplified version for people who are only a little interested, and then a more detailed breakdown afterwards or in a separate video for people who want to know more. &lt;/p&gt;

&lt;p&gt;But I do also feel that some physics educators can be a little bit fussy with their need to make everything as flashy and exciting as possible.&lt;/p&gt;

&lt;p&gt;Some topics in physics just are a bit boring. I remember someone on reddit arguing with me because they claimed that real physicists find every topic fascinating. I suppose this is a split between &lt;a href=""https://www.smbc-comics.com/?id=1777""&gt;physics nerds and actual physicists&lt;/a&gt;. Every physicist I&amp;#39;ve met has some topics they think are boring but they had to do at some point anyway. Sometimes you do just have to work through a dull topic because it&amp;#39;s important to know to get to more exciting stuff later. It happens. Exactly which topic this is will vary depending on the individual. &lt;/p&gt;

&lt;p&gt;Of course this is why most educational youtubers don&amp;#39;t try to present a complete course, they pick and choose the most exciting topics.&lt;/p&gt;
&lt;/div&gt;",False,False,False,,,,,0,1713901983.0,1713901983.0,0,,0,False,0,{},l0xsnwv,False,,t3_1cbchwf,False,,,,[],t1_l0xsnwv,True,,t3_1cbchwf,/r/AskPhysics/comments/1cbchwf/how_to_make_physics_interesting/l0xsnwv/,,,,False,1,False,True,False,AskPhysics,t5_2sumo,r/AskPhysics,public,,0,[],,1,[],t1,,,,,
data_1,[],,,False,,Odd_Bodkin,,,,,,False,[],,,"A lot of careful editing. There's a set of [math videos](https://www.youtube.com/@Vihart) by Vi Hart that are a model of good teaching on YouTube. The medium almost demands speeding up of the presentation so that the density of information is high, she's entertaining, and highly visual in an accessible way. But she works very hard to do all that.","&lt;div class=""md""&gt;&lt;p&gt;A lot of careful editing. There&amp;#39;s a set of &lt;a href=""https://www.youtube.com/@Vihart""&gt;math videos&lt;/a&gt; by Vi Hart that are a model of good teaching on YouTube. The medium almost demands speeding up of the presentation so that the density of information is high, she&amp;#39;s entertaining, and highly visual in an accessible way. But she works very hard to do all that.&lt;/p&gt;
&lt;/div&gt;",False,False,False,,,,,0,1713904822.0,1713904822.0,0,,0,False,0,{},l0y1axz,False,,t3_1cbchwf,False,,,,[],t1_l0y1axz,True,,t3_1cbchwf,/r/AskPhysics/comments/1cbchwf/how_to_make_physics_interesting/l0y1axz/,,,,False,2,False,True,False,AskPhysics,t5_2sumo,r/AskPhysics,public,,0,[],,2,[],t1,[],text,t2_ic8an,False,False
data_2,[],,,False,,lmj-06,,misc,997e5baa-c6b2-11e4-8b92-22000b2a8bad,Undergraduate,dark,False,[],,,"My first year thermal physics and waves lecturer is the epitome of a lecturer that can make a relatively boring area of physics into something really interesting.

Now he is an experimental physicist working in quantum computers, every time he taught something, he would try and relate it somehow to part of his research. This kept us eager first year physics students really intrigued, as we may want to do research similar to him one day, so we better know what he’s teaching. Sometimes it wouldn’t even be about his research, I remember he spoke to us about the detection of gravitational waves when we first started learning about waves. He would not only go over what they were, but also how incredible it was that we detected them, and the technology used as well (the lectures also contained some engineers, so I think he just tried to appeal to as many students as possible).

So, if you can, find an active area of research that people will find interesting that somehow relates to the topic. I mean at the end of the day it does depend on the audience, but if that audience is filled with wannabe physicists, then it works a treat.","&lt;div class=""md""&gt;&lt;p&gt;My first year thermal physics and waves lecturer is the epitome of a lecturer that can make a relatively boring area of physics into something really interesting.&lt;/p&gt;

&lt;p&gt;Now he is an experimental physicist working in quantum computers, every time he taught something, he would try and relate it somehow to part of his research. This kept us eager first year physics students really intrigued, as we may want to do research similar to him one day, so we better know what he’s teaching. Sometimes it wouldn’t even be about his research, I remember he spoke to us about the detection of gravitational waves when we first started learning about waves. He would not only go over what they were, but also how incredible it was that we detected them, and the technology used as well (the lectures also contained some engineers, so I think he just tried to appeal to as many students as possible).&lt;/p&gt;

&lt;p&gt;So, if you can, find an active area of research that people will find interesting that somehow relates to the topic. I mean at the end of the day it does depend on the audience, but if that audience is filled with wannabe physicists, then it works a treat.&lt;/p&gt;
&lt;/div&gt;",False,False,False,,,,,0,1713949006.0,1713949006.0,0,,0,False,0,{},l10o9pv,False,,t3_1cbchwf,False,,,,[],t1_l10o9pv,True,,t3_1cbchwf,/r/AskPhysics/comments/1cbchwf/how_to_make_physics_interesting/l10o9pv/,,,,False,2,False,True,False,AskPhysics,t5_2sumo,r/AskPhysics,public,,0,[],,2,[],t1,[],text,t2_xsnk2lesg,False,False
