,all_awardings,approved_at_utc,approved_by,archived,associated_award,author,author_flair_background_color,author_flair_css_class,author_flair_richtext,author_flair_template_id,author_flair_text,author_flair_text_color,author_flair_type,author_fullname,author_is_blocked,author_patreon_flair,author_premium,awarders,banned_at_utc,banned_by,body,body_html,can_gild,can_mod_post,collapsed,collapsed_because_crowd_control,collapsed_reason,collapsed_reason_code,comment_type,controversiality,created,created_utc,depth,distinguished,downs,edited,gilded,gildings,id,is_submitter,likes,link_id,locked,mod_note,mod_reason_by,mod_reason_title,mod_reports,name,no_follow,num_reports,parent_id,permalink,removal_reason,replies,report_reasons,saved,score,score_hidden,send_replies,stickied,subreddit,subreddit_id,subreddit_name_prefixed,subreddit_type,top_awarded_type,total_awards_received,treatment_tags,unrepliable_reason,ups,user_reports,kind
data,[],,,False,,AstroPatty,,astro,[],748d0d1e-c6b2-11e4-a035-22000b6d820d,Cosmology,dark,text,t2_4ain2s1o,False,False,False,[],,,"&gt;Then somebody proposed that time is a dimension and everybody laughed at him at first. Then somebody proposed something called a Higgs Field and Higgs Particle and nobody believed him.

We spent tens of billions of dollars on particle accelerators to try to confirm the Higgs mechanism, because people believed him. And I really don't know where you're getting the idea that ""everyone laughed"" at special relativity.

Both these examples are theoretical leaps. There was healthy skepticism, but then we did the work to test them and found out they were true. That's how science is supposed to work. The heliocentric model is a bit more subtle, but even then a huge amount of the push back was coming from *outside* science, most notably the church.

It's true that scientists do sometimes initially dismiss ideas that turn out to be important. It is true that scientists are prone to groupthink and ego trips, just like everyone else. But you're way *way* overstating these examples.","&lt;div class=""md""&gt;&lt;blockquote&gt;
&lt;p&gt;Then somebody proposed that time is a dimension and everybody laughed at him at first. Then somebody proposed something called a Higgs Field and Higgs Particle and nobody believed him.&lt;/p&gt;
&lt;/blockquote&gt;

&lt;p&gt;We spent tens of billions of dollars on particle accelerators to try to confirm the Higgs mechanism, because people believed him. And I really don&amp;#39;t know where you&amp;#39;re getting the idea that &amp;quot;everyone laughed&amp;quot; at special relativity.&lt;/p&gt;

&lt;p&gt;Both these examples are theoretical leaps. There was healthy skepticism, but then we did the work to test them and found out they were true. That&amp;#39;s how science is supposed to work. The heliocentric model is a bit more subtle, but even then a huge amount of the push back was coming from &lt;em&gt;outside&lt;/em&gt; science, most notably the church.&lt;/p&gt;

&lt;p&gt;It&amp;#39;s true that scientists do sometimes initially dismiss ideas that turn out to be important. It is true that scientists are prone to groupthink and ego trips, just like everyone else. But you&amp;#39;re way &lt;em&gt;way&lt;/em&gt; overstating these examples.&lt;/p&gt;
&lt;/div&gt;",False,False,False,,,,,0,1714061697.0,1714061697.0,0,,0,False,0,{},l17xswj,False,,t3_1ccvfyn,False,,,,[],t1_l17xswj,True,,t3_1ccvfyn,/r/AskPhysics/comments/1ccvfyn/what_is_a_theory_that_might_turn_out_to_be_true/l17xswj/,,,,False,28,False,False,False,AskPhysics,t5_2sumo,r/AskPhysics,public,,0,[],,28,[],t1
data_1,[],,,False,,Heretic112,,inter,[],9245fcd0-c6b2-11e4-9133-22000b6e00bb,Statistical and nonlinear physics,dark,text,t2_ahmq4,False,False,False,[],,,I mock MOND constantly and there is a chance it’s real.,"&lt;div class=""md""&gt;&lt;p&gt;I mock MOND constantly and there is a chance it’s real.&lt;/p&gt;
&lt;/div&gt;",False,False,False,,,,,0,1714060935.0,1714060935.0,0,,0,False,0,{},l17vhc6,False,,t3_1ccvfyn,False,,,,[],t1_l17vhc6,True,,t3_1ccvfyn,/r/AskPhysics/comments/1ccvfyn/what_is_a_theory_that_might_turn_out_to_be_true/l17vhc6/,,"{'kind': 'Listing', 'data': {'after': None, 'dist': None, 'modhash': None, 'geo_filter': '', 'children': [{'kind': 't1', 'data': {'subreddit_id': 't5_2sumo', 'approved_at_utc': None, 'author_is_blocked': False, 'comment_type': None, 'awarders': [], 'mod_reason_by': None, 'banned_by': None, 'author_flair_type': 'text', 'total_awards_received': 0, 'subreddit': 'AskPhysics', 'author_flair_template_id': None, 'likes': None, 'replies': {'kind': 'Listing', 'data': {'after': None, 'dist': None, 'modhash': None, 'geo_filter': '', 'children': [{'kind': 't1', 'data': {'subreddit_id': 't5_2sumo', 'approved_at_utc': None, 'author_is_blocked': False, 'comment_type': None, 'awarders': [], 'mod_reason_by': None, 'banned_by': None, 'author_flair_type': 'text', 'total_awards_received': 0, 'subreddit': 'AskPhysics', 'author_flair_template_id': None, 'likes': None, 'replies': '', 'user_reports': [], 'saved': False, 'id': 'l184itc', 'banned_at_utc': None, 'mod_reason_title': None, 'gilded': 0, 'archived': False, 'collapsed_reason_code': None, 'no_follow': True, 'author': 'PhdPhysics1', 'can_mod_post': False, 'send_replies': True, 'parent_id': 't1_l180jh1', 'score': 0, 'author_fullname': 't2_k0rdr', 'removal_reason': None, 'approved_by': None, 'mod_note': None, 'all_awardings': [], 'body': ""I can't see how quantized inertia isn't correct in some form or another. It's a pretty straight forward conclusion you reach just by combining various theories we know to be true (Unruh not withstanding). I don't think it can explain mass or anything like that, but it should be a measurable effect... especially at galactic (mond) length scales."", 'edited': False, 'top_awarded_type': None, 'downs': 0, 'author_flair_css_class': None, 'name': 't1_l184itc', 'is_submitter': False, 'collapsed': False, 'author_flair_richtext': [], 'author_patreon_flair': False, 'body_html': '&lt;div class=""md""&gt;&lt;p&gt;I can&amp;#39;t see how quantized inertia isn&amp;#39;t correct in some form or another. It&amp;#39;s a pretty straight forward conclusion you reach just by combining various theories we know to be true (Unruh not withstanding). I don&amp;#39;t think it can explain mass or anything like that, but it should be a measurable effect... especially at galactic (mond) length scales.&lt;/p&gt;\n&lt;/div&gt;', 'gildings': {}, 'collapsed_reason': None, 'distinguished': None, 'associated_award': None, 'stickied': False, 'author_premium': False, 'can_gild': False, 'link_id': 't3_1ccvfyn', 'unrepliable_reason': None, 'author_flair_text_color': None, 'score_hidden': False, 'permalink': '/r/AskPhysics/comments/1ccvfyn/what_is_a_theory_that_might_turn_out_to_be_true/l184itc/', 'subreddit_type': 'public', 'locked': False, 'report_reasons': None, 'created': 1714066421.0, 'author_flair_text': None, 'treatment_tags': [], 'created_utc': 1714066421.0, 'subreddit_name_prefixed': 'r/AskPhysics', 'controversiality': 0, 'depth': 2, 'author_flair_background_color': None, 'collapsed_because_crowd_control': None, 'mod_reports': [], 'num_reports': None, 'ups': 0}}], 'before': None}}, 'user_reports': [], 'saved': False, 'id': 'l180jh1', 'banned_at_utc': None, 'mod_reason_title': None, 'gilded': 0, 'archived': False, 'collapsed_reason_code': None, 'no_follow': True, 'author': 'TruthOrFacts', 'can_mod_post': False, 'created_utc': 1714062581.0, 'send_replies': True, 'parent_id': 't1_l17vhc6', 'score': 1, 'author_fullname': 't2_461ky2w', 'removal_reason': None, 'approved_by': None, 'mod_note': None, 'all_awardings': [], 'body': ""I don't think MOND is right / complete in any of the versions of it (that I'm aware of) but I think modifying gravity is far more likely to be the solution then discovering dark matter and planet nine will be."", 'edited': False, 'top_awarded_type': None, 'author_flair_css_class': None, 'name': 't1_l180jh1', 'is_submitter': False, 'downs': 0, 'author_flair_richtext': [], 'author_patreon_flair': False, 'body_html': '&lt;div class=""md""&gt;&lt;p&gt;I don&amp;#39;t think MOND is right / complete in any of the versions of it (that I&amp;#39;m aware of) but I think modifying gravity is far more likely to be the solution then discovering dark matter and planet nine will be.&lt;/p&gt;\n&lt;/div&gt;', 'gildings': {}, 'collapsed_reason': None, 'distinguished': None, 'associated_award': None, 'stickied': False, 'author_premium': False, 'can_gild': False, 'link_id': 't3_1ccvfyn', 'unrepliable_reason': None, 'author_flair_text_color': None, 'score_hidden': False, 'permalink': '/r/AskPhysics/comments/1ccvfyn/what_is_a_theory_that_might_turn_out_to_be_true/l180jh1/', 'subreddit_type': 'public', 'locked': False, 'report_reasons': None, 'created': 1714062581.0, 'author_flair_text': None, 'treatment_tags': [], 'collapsed': False, 'subreddit_name_prefixed': 'r/AskPhysics', 'controversiality': 0, 'depth': 1, 'author_flair_background_color': None, 'collapsed_because_crowd_control': None, 'mod_reports': [], 'num_reports': None, 'ups': 1}}], 'before': None}}",,False,8,False,True,False,AskPhysics,t5_2sumo,r/AskPhysics,public,,0,[],,8,[],t1
data_2,[],,,False,,Almighty_Emperor,,mat,[],7f4501c6-c6b2-11e4-bd93-22000b6d02ed,Condensed matter physics,dark,text,t2_acb7l,False,False,False,[],,,"&gt; There was a time when a guy proposed that the Sun was at the center and everybody laughed at him.

That's true, and fair enough. (Though I will point out ""everybody"" was really just all the non-scientists.) However...

&gt; Then somebody proposed that time is a dimension and everybody laughed at him at first.

Not true at all. Newton had already understood time to be a one-dimensional variable, and if you're referring to Einstein his theory of special relativity had been quite *un*controversial and was very quickly accepted by many physicists.

&gt; Then somebody proposed something called a Higgs Field and Higgs Particle and nobody believed him.

Also not true at all. We built massive particle accelerators precisely *because* we believed him.

Of course, in both cases, a small amount of healthy skepticism did occur -- science is not, and should not be, based on blind faith. But all objections vanished quickly in the face of experimental evidence. I'm not sure where you got the idea that anyone ever ""laughed"" at them.","&lt;div class=""md""&gt;&lt;blockquote&gt;
&lt;p&gt;There was a time when a guy proposed that the Sun was at the center and everybody laughed at him.&lt;/p&gt;
&lt;/blockquote&gt;

&lt;p&gt;That&amp;#39;s true, and fair enough. (Though I will point out &amp;quot;everybody&amp;quot; was really just all the non-scientists.) However...&lt;/p&gt;

&lt;blockquote&gt;
&lt;p&gt;Then somebody proposed that time is a dimension and everybody laughed at him at first.&lt;/p&gt;
&lt;/blockquote&gt;

&lt;p&gt;Not true at all. Newton had already understood time to be a one-dimensional variable, and if you&amp;#39;re referring to Einstein his theory of special relativity had been quite &lt;em&gt;un&lt;/em&gt;controversial and was very quickly accepted by many physicists.&lt;/p&gt;

&lt;blockquote&gt;
&lt;p&gt;Then somebody proposed something called a Higgs Field and Higgs Particle and nobody believed him.&lt;/p&gt;
&lt;/blockquote&gt;

&lt;p&gt;Also not true at all. We built massive particle accelerators precisely &lt;em&gt;because&lt;/em&gt; we believed him.&lt;/p&gt;

&lt;p&gt;Of course, in both cases, a small amount of healthy skepticism did occur -- science is not, and should not be, based on blind faith. But all objections vanished quickly in the face of experimental evidence. I&amp;#39;m not sure where you got the idea that anyone ever &amp;quot;laughed&amp;quot; at them.&lt;/p&gt;
&lt;/div&gt;",False,False,False,,,,,0,1714062433.0,1714062433.0,0,,0,False,0,{},l18031h,False,,t3_1ccvfyn,False,,,,[],t1_l18031h,True,,t3_1ccvfyn,/r/AskPhysics/comments/1ccvfyn/what_is_a_theory_that_might_turn_out_to_be_true/l18031h/,,,,False,5,False,True,False,AskPhysics,t5_2sumo,r/AskPhysics,public,,0,[],,5,[],t1
data_3,[],,,False,,RichardMHP,,,[],,,,text,t2_9hbgz,False,False,False,[],,,"Someday, in the far future, the theory that much of science history is built around the idea that ""somebody proposed an idea and everybody laughed at him"" is a true statement **might** wind up being confirmed, but I seriously doubt it.","&lt;div class=""md""&gt;&lt;p&gt;Someday, in the far future, the theory that much of science history is built around the idea that &amp;quot;somebody proposed an idea and everybody laughed at him&amp;quot; is a true statement &lt;strong&gt;might&lt;/strong&gt; wind up being confirmed, but I seriously doubt it.&lt;/p&gt;
&lt;/div&gt;",False,False,False,,,,,0,1714062531.0,1714062531.0,0,,0,False,0,{},l180e2d,False,,t3_1ccvfyn,False,,,,[],t1_l180e2d,True,,t3_1ccvfyn,/r/AskPhysics/comments/1ccvfyn/what_is_a_theory_that_might_turn_out_to_be_true/l180e2d/,,,,False,3,False,True,False,AskPhysics,t5_2sumo,r/AskPhysics,public,,0,[],,3,[],t1
data_4,[],,,False,,GreatHeavySoulArrow,,misc,[],997e5baa-c6b2-11e4-8b92-22000b2a8bad,Undergraduate,dark,text,t2_ion76zl7u,False,False,False,[],,,"You basically just made up those ""nobody believed him"" stories

Also the phrase ""somebody proposed something called a Higgs field"" made me laugh","&lt;div class=""md""&gt;&lt;p&gt;You basically just made up those &amp;quot;nobody believed him&amp;quot; stories&lt;/p&gt;

&lt;p&gt;Also the phrase &amp;quot;somebody proposed something called a Higgs field&amp;quot; made me laugh&lt;/p&gt;
&lt;/div&gt;",False,False,False,,,,,0,1714067209.0,1714067209.0,0,,0,False,0,{},l186p91,False,,t3_1ccvfyn,False,,,,[],t1_l186p91,True,,t3_1ccvfyn,/r/AskPhysics/comments/1ccvfyn/what_is_a_theory_that_might_turn_out_to_be_true/l186p91/,,"{'kind': 'Listing', 'data': {'after': None, 'dist': None, 'modhash': None, 'geo_filter': '', 'children': [{'kind': 't1', 'data': {'subreddit_id': 't5_2sumo', 'approved_at_utc': None, 'author_is_blocked': False, 'comment_type': None, 'awarders': [], 'mod_reason_by': None, 'banned_by': None, 'author_flair_type': 'text', 'total_awards_received': 0, 'subreddit': 'AskPhysics', 'author_flair_template_id': None, 'likes': None, 'replies': '', 'user_reports': [], 'saved': False, 'id': 'l18kidr', 'banned_at_utc': None, 'mod_reason_title': None, 'gilded': 0, 'archived': False, 'collapsed_reason_code': None, 'no_follow': True, 'author': 'wonkey_monkey', 'can_mod_post': False, 'created_utc': 1714071813.0, 'send_replies': True, 'parent_id': 't1_l186p91', 'score': 2, 'author_fullname': 't2_whgrg', 'removal_reason': None, 'approved_by': None, 'mod_note': None, 'all_awardings': [], 'body': '&gt; Also the phrase ""somebody proposed something called a Higgs field"" made me laugh\n\nThe guy was so sure he was right he even changed his last name to Higgs.', 'edited': False, 'top_awarded_type': None, 'author_flair_css_class': None, 'name': 't1_l18kidr', 'is_submitter': False, 'downs': 0, 'author_flair_richtext': [], 'author_patreon_flair': False, 'body_html': '&lt;div class=""md""&gt;&lt;blockquote&gt;\n&lt;p&gt;Also the phrase &amp;quot;somebody proposed something called a Higgs field&amp;quot; made me laugh&lt;/p&gt;\n&lt;/blockquote&gt;\n\n&lt;p&gt;The guy was so sure he was right he even changed his last name to Higgs.&lt;/p&gt;\n&lt;/div&gt;', 'gildings': {}, 'collapsed_reason': None, 'distinguished': None, 'associated_award': None, 'stickied': False, 'author_premium': False, 'can_gild': False, 'link_id': 't3_1ccvfyn', 'unrepliable_reason': None, 'author_flair_text_color': None, 'score_hidden': False, 'permalink': '/r/AskPhysics/comments/1ccvfyn/what_is_a_theory_that_might_turn_out_to_be_true/l18kidr/', 'subreddit_type': 'public', 'locked': False, 'report_reasons': None, 'created': 1714071813.0, 'author_flair_text': None, 'treatment_tags': [], 'collapsed': False, 'subreddit_name_prefixed': 'r/AskPhysics', 'controversiality': 0, 'depth': 1, 'author_flair_background_color': None, 'collapsed_because_crowd_control': None, 'mod_reports': [], 'num_reports': None, 'ups': 2}}], 'before': None}}",,False,4,False,True,False,AskPhysics,t5_2sumo,r/AskPhysics,public,,0,[],,4,[],t1
data_5,[],,,False,,[deleted],,,,,,dark,,,False,,,[],,,[deleted],"&lt;div class=""md""&gt;&lt;p&gt;[deleted]&lt;/p&gt;
&lt;/div&gt;",False,False,False,,,,,0,1714061919.0,1714061919.0,0,,0,False,0,{},l17yhke,False,,t3_1ccvfyn,False,,,,[],t1_l17yhke,True,,t3_1ccvfyn,/r/AskPhysics/comments/1ccvfyn/what_is_a_theory_that_might_turn_out_to_be_true/l17yhke/,,"{'kind': 'Listing', 'data': {'after': None, 'dist': None, 'modhash': None, 'geo_filter': '', 'children': [{'kind': 't1', 'data': {'subreddit_id': 't5_2sumo', 'approved_at_utc': None, 'author_is_blocked': False, 'comment_type': None, 'awarders': [], 'mod_reason_by': None, 'banned_by': None, 'author_flair_type': 'text', 'total_awards_received': 0, 'subreddit': 'AskPhysics', 'author_flair_template_id': None, 'likes': None, 'replies': '', 'user_reports': [], 'saved': False, 'id': 'l182hzh', 'banned_at_utc': None, 'mod_reason_title': None, 'gilded': 0, 'archived': False, 'collapsed_reason_code': None, 'no_follow': True, 'author': 'kevosauce1', 'can_mod_post': False, 'created_utc': 1714063218.0, 'send_replies': True, 'parent_id': 't1_l17yhke', 'score': 2, 'author_fullname': 't2_8y101vys', 'removal_reason': None, 'approved_by': None, 'mod_note': None, 'all_awardings': [], 'body': 'Is that even falsifiable?', 'edited': False, 'top_awarded_type': None, 'author_flair_css_class': None, 'name': 't1_l182hzh', 'is_submitter': False, 'downs': 0, 'author_flair_richtext': [], 'author_patreon_flair': False, 'body_html': '&lt;div class=""md""&gt;&lt;p&gt;Is that even falsifiable?&lt;/p&gt;\n&lt;/div&gt;', 'gildings': {}, 'collapsed_reason': None, 'distinguished': None, 'associated_award': None, 'stickied': False, 'author_premium': False, 'can_gild': False, 'link_id': 't3_1ccvfyn', 'unrepliable_reason': None, 'author_flair_text_color': None, 'score_hidden': False, 'permalink': '/r/AskPhysics/comments/1ccvfyn/what_is_a_theory_that_might_turn_out_to_be_true/l182hzh/', 'subreddit_type': 'public', 'locked': False, 'report_reasons': None, 'created': 1714063218.0, 'author_flair_text': None, 'treatment_tags': [], 'collapsed': False, 'subreddit_name_prefixed': 'r/AskPhysics', 'controversiality': 0, 'depth': 1, 'author_flair_background_color': None, 'collapsed_because_crowd_control': None, 'mod_reports': [], 'num_reports': None, 'ups': 2}}, {'kind': 't1', 'data': {'subreddit_id': 't5_2sumo', 'approved_at_utc': None, 'author_is_blocked': False, 'comment_type': None, 'awarders': [], 'mod_reason_by': None, 'banned_by': None, 'author_flair_type': 'text', 'total_awards_received': 0, 'subreddit': 'AskPhysics', 'author_flair_template_id': None, 'likes': None, 'replies': {'kind': 'Listing', 'data': {'after': None, 'dist': None, 'modhash': None, 'geo_filter': '', 'children': [{'kind': 't1', 'data': {'subreddit_id': 't5_2sumo', 'approved_at_utc': None, 'author_is_blocked': False, 'comment_type': None, 'awarders': [], 'mod_reason_by': None, 'banned_by': None, 'author_flair_type': 'text', 'total_awards_received': 0, 'subreddit': 'AskPhysics', 'author_flair_template_id': None, 'likes': None, 'replies': {'kind': 'Listing', 'data': {'after': None, 'dist': None, 'modhash': None, 'geo_filter': '', 'children': [{'kind': 't1', 'data': {'total_awards_received': 0, 'approved_at_utc': None, 'author_is_blocked': False, 'comment_type': None, 'awarders': [], 'mod_reason_by': None, 'banned_by': None, 'ups': 1, 'removal_reason': None, 'link_id': 't3_1ccvfyn', 'author_flair_template_id': None, 'likes': None, 'replies': {'kind': 'Listing', 'data': {'after': None, 'dist': None, 'modhash': None, 'geo_filter': '', 'children': [{'kind': 't1', 'data': {'subreddit_id': 't5_2sumo', 'approved_at_utc': None, 'author_is_blocked': False, 'comment_type': None, 'awarders': [], 'mod_reason_by': None, 'banned_by': None, 'author_flair_type': 'text', 'total_awards_received': 0, 'subreddit': 'AskPhysics', 'author_flair_template_id': None, 'distinguished': None, 'likes': None, 'replies': {'kind': 'Listing', 'data': {'after': None, 'dist': None, 'modhash': None, 'geo_filter': '', 'children': [{'kind': 't1', 'data': {'total_awards_received': 0, 'approved_at_utc': None, 'author_is_blocked': False, 'comment_type': None, 'awarders': [], 'mod_reason_by': None, 'banned_by': None, 'ups': 1, 'removal_reason': None, 'link_id': 't3_1ccvfyn', 'author_flair_template_id': None, 'likes': None, 'replies': {'kind': 'Listing', 'data': {'after': None, 'dist': None, 'modhash': None, 'geo_filter': '', 'children': [{'kind': 't1', 'data': {'subreddit_id': 't5_2sumo', 'approved_at_utc': None, 'author_is_blocked': False, 'comment_type': None, 'awarders': [], 'mod_reason_by': None, 'banned_by': None, 'author_flair_type': 'text', 'total_awards_received': 0, 'subreddit': 'AskPhysics', 'author_flair_template_id': None, 'distinguished': None, 'likes': None, 'replies': '', 'user_reports': [], 'saved': False, 'id': 'l18vhro', 'banned_at_utc': None, 'mod_reason_title': None, 'gilded': 0, 'archived': False, 'collapsed_reason_code': None, 'no_follow': True, 'author': 'PhdPhysics1', 'can_mod_post': False, 'send_replies': True, 'parent_id': 't1_l18sqym', 'score': 1, 'author_fullname': 't2_k0rdr', 'approved_by': None, 'mod_note': None, 'all_awardings': [], 'collapsed': False, 'body': 'Of course we can\'t say it for sure. This entire thread is an exercise in opinion.\n\n... and my opinion is that infinity is unphysical and any theory that starts with ""we posit the existence of an n-dimensional manifold"" (which is all of them) is basically saying that theory is capable of infinite precision.\n\nFrom an experimental perspective, in this universe, there is no such thing as infinity or infinite precision, and any measure that becomes too large or too small eventually spawns a black hole, which is the universe\'s way of telling us it doesn\'t support that feature.', 'edited': False, 'gildings': {}, 'author_flair_css_class': None, 'name': 't1_l18vhro', 'is_submitter': False, 'downs': 0, 'author_flair_richtext': [], 'author_patreon_flair': False, 'body_html': '&lt;div class=""md""&gt;&lt;p&gt;Of course we can&amp;#39;t say it for sure. This entire thread is an exercise in opinion.&lt;/p&gt;\n\n&lt;p&gt;... and my opinion is that infinity is unphysical and any theory that starts with &amp;quot;we posit the existence of an n-dimensional manifold&amp;quot; (which is all of them) is basically saying that theory is capable of infinite precision.&lt;/p&gt;\n\n&lt;p&gt;From an experimental perspective, in this universe, there is no such thing as infinity or infinite precision, and any measure that becomes too large or too small eventually spawns a black hole, which is the universe&amp;#39;s way of telling us it doesn&amp;#39;t support that feature.&lt;/p&gt;\n&lt;/div&gt;', 'removal_reason': None, 'collapsed_reason': None, 'link_id': 't3_1ccvfyn', 'associated_award': None, 'stickied': False, 'author_premium': False, 'can_gild': False, 'top_awarded_type': None, 'unrepliable_reason': None, 'author_flair_text_color': None, 'score_hidden': False, 'permalink': '/r/AskPhysics/comments/1ccvfyn/what_is_a_theory_that_might_turn_out_to_be_true/l18vhro/', 'subreddit_type': 'public', 'locked': False, 'report_reasons': None, 'created': 1714075401.0, 'author_flair_text': None, 'treatment_tags': [], 'created_utc': 1714075401.0, 'subreddit_name_prefixed': 'r/AskPhysics', 'controversiality': 0, 'depth': 6, 'author_flair_background_color': None, 'collapsed_because_crowd_control': None, 'mod_reports': [], 'num_reports': None, 'ups': 1}}], 'before': None}}, 'user_reports': [], 'saved': False, 'id': 'l18sqym', 'banned_at_utc': None, 'mod_reason_title': None, 'gilded': 0, 'archived': False, 'collapsed_reason_code': None, 'no_follow': True, 'author': '[deleted]', 'can_mod_post': False, 'created_utc': 1714074502.0, 'send_replies': True, 'parent_id': 't1_l18r2m7', 'score': 1, 'approved_by': None, 'report_reasons': None, 'all_awardings': [], 'subreddit_id': 't5_2sumo', 'body': '[deleted]', 'edited': False, 'author_flair_css_class': None, 'downs': 0, 'is_submitter': False, 'body_html': '&lt;div class=""md""&gt;&lt;p&gt;[deleted]&lt;/p&gt;\n&lt;/div&gt;', 'gildings': {}, 'collapsed_reason': None, 'associated_award': None, 'stickied': False, 'subreddit_type': 'public', 'can_gild': False, 'top_awarded_type': None, 'unrepliable_reason': None, 'author_flair_text_color': 'dark', 'score_hidden': False, 'permalink': '/r/AskPhysics/comments/1ccvfyn/what_is_a_theory_that_might_turn_out_to_be_true/l18sqym/', 'num_reports': None, 'locked': False, 'name': 't1_l18sqym', 'created': 1714074502.0, 'subreddit': 'AskPhysics', 'author_flair_text': None, 'treatment_tags': [], 'collapsed': False, 'subreddit_name_prefixed': 'r/AskPhysics', 'controversiality': 0, 'depth': 5, 'author_flair_background_color': '', 'collapsed_because_crowd_control': None, 'mod_reports': [], 'mod_note': None, 'distinguished': None}}], 'before': None}}, 'user_reports': [], 'saved': False, 'id': 'l18r2m7', 'banned_at_utc': None, 'mod_reason_title': None, 'gilded': 0, 'archived': False, 'collapsed_reason_code': None, 'no_follow': True, 'author': 'PhdPhysics1', 'can_mod_post': False, 'send_replies': True, 'parent_id': 't1_l18eq4d', 'score': 1, 'author_fullname': 't2_k0rdr', 'removal_reason': None, 'approved_by': None, 'mod_note': None, 'all_awardings': [], 'body': 'If everything is fields then spacetime is somehow emergent from fields instead of being a background manifold capable of infinite precision.', 'edited': False, 'author_flair_css_class': None, 'name': 't1_l18r2m7', 'is_submitter': False, 'downs': 0, 'author_flair_richtext': [], 'author_patreon_flair': False, 'body_html': '&lt;div class=""md""&gt;&lt;p&gt;If everything is fields then spacetime is somehow emergent from fields instead of being a background manifold capable of infinite precision.&lt;/p&gt;\n&lt;/div&gt;', 'gildings': {}, 'collapsed_reason': None, 'link_id': 't3_1ccvfyn', 'associated_award': None, 'stickied': False, 'author_premium': False, 'can_gild': False, 'top_awarded_type': None, 'unrepliable_reason': None, 'author_flair_text_color': None, 'treatment_tags': [], 'score_hidden': False, 'permalink': '/r/AskPhysics/comments/1ccvfyn/what_is_a_theory_that_might_turn_out_to_be_true/l18r2m7/', 'subreddit_type': 'public', 'locked': False, 'report_reasons': None, 'created': 1714073956.0, 'author_flair_text': None, 'collapsed': False, 'created_utc': 1714073956.0, 'subreddit_name_prefixed': 'r/AskPhysics', 'controversiality': 0, 'depth': 4, 'author_flair_background_color': None, 'collapsed_because_crowd_control': None, 'mod_reports': [], 'num_reports': None, 'ups': 1}}], 'before': None}}, 'user_reports': [], 'saved': False, 'id': 'l18eq4d', 'banned_at_utc': None, 'mod_reason_title': None, 'gilded': 0, 'archived': False, 'collapsed_reason_code': None, 'no_follow': True, 'author': '[deleted]', 'can_mod_post': False, 'send_replies': True, 'parent_id': 't1_l183uh5', 'score': 1, 'approved_by': None, 'report_reasons': None, 'all_awardings': [], 'subreddit_id': 't5_2sumo', 'body': '[deleted]', 'edited': False, 'downs': 0, 'author_flair_css_class': None, 'collapsed': False, 'is_submitter': False, 'body_html': '&lt;div class=""md""&gt;&lt;p&gt;[deleted]&lt;/p&gt;\n&lt;/div&gt;', 'gildings': {}, 'collapsed_reason': None, 'associated_award': None, 'stickied': False, 'subreddit_type': 'public', 'can_gild': False, 'top_awarded_type': None, 'unrepliable_reason': None, 'author_flair_text_color': 'dark', 'score_hidden': False, 'permalink': '/r/AskPhysics/comments/1ccvfyn/what_is_a_theory_that_might_turn_out_to_be_true/l18eq4d/', 'num_reports': None, 'locked': False, 'name': 't1_l18eq4d', 'created': 1714069908.0, 'subreddit': 'AskPhysics', 'author_flair_text': None, 'treatment_tags': [], 'created_utc': 1714069908.0, 'subreddit_name_prefixed': 'r/AskPhysics', 'controversiality': 0, 'depth': 3, 'author_flair_background_color': '', 'collapsed_because_crowd_control': None, 'mod_reports': [], 'mod_note': None, 'distinguished': None}}], 'before': None}}, 'user_reports': [], 'saved': False, 'id': 'l183uh5', 'banned_at_utc': None, 'mod_reason_title': None, 'gilded': 0, 'archived': False, 'collapsed_reason_code': None, 'no_follow': True, 'author': 'PhdPhysics1', 'can_mod_post': False, 'send_replies': True, 'parent_id': 't1_l181wir', 'score': 1, 'author_fullname': 't2_k0rdr', 'removal_reason': None, 'approved_by': None, 'mod_note': None, 'all_awardings': [], 'body': ""I can't see how it could be any other way... unless you believe the universe can store the infinite amount of information needed to support the precision of arbitrarily small distances."", 'edited': False, 'top_awarded_type': None, 'downs': 0, 'author_flair_css_class': None, 'name': 't1_l183uh5', 'is_submitter': False, 'collapsed': False, 'author_flair_richtext': [], 'author_patreon_flair': False, 'body_html': '&lt;div class=""md""&gt;&lt;p&gt;I can&amp;#39;t see how it could be any other way... unless you believe the universe can store the infinite amount of information needed to support the precision of arbitrarily small distances.&lt;/p&gt;\n&lt;/div&gt;', 'gildings': {}, 'collapsed_reason': None, 'distinguished': None, 'associated_award': None, 'stickied': False, 'author_premium': False, 'can_gild': False, 'link_id': 't3_1ccvfyn', 'unrepliable_reason': None, 'author_flair_text_color': None, 'score_hidden': False, 'permalink': '/r/AskPhysics/comments/1ccvfyn/what_is_a_theory_that_might_turn_out_to_be_true/l183uh5/', 'subreddit_type': 'public', 'locked': False, 'report_reasons': None, 'created': 1714066146.0, 'author_flair_text': None, 'treatment_tags': [], 'created_utc': 1714066146.0, 'subreddit_name_prefixed': 'r/AskPhysics', 'controversiality': 0, 'depth': 2, 'author_flair_background_color': None, 'collapsed_because_crowd_control': None, 'mod_reports': [], 'num_reports': None, 'ups': 1}}], 'before': None}}, 'user_reports': [], 'saved': False, 'id': 'l181wir', 'banned_at_utc': None, 'mod_reason_title': None, 'gilded': 0, 'archived': False, 'collapsed_reason_code': None, 'no_follow': True, 'author': 'Itchy_Fudge_2134', 'can_mod_post': False, 'created_utc': 1714063025.0, 'send_replies': True, 'parent_id': 't1_l17yhke', 'score': 1, 'author_fullname': 't2_8pt0bfd8', 'removal_reason': None, 'approved_by': None, 'mod_note': None, 'all_awardings': [], 'body': 'people aren’t laughing at this. this is a very popular idea', 'edited': False, 'top_awarded_type': None, 'author_flair_css_class': None, 'name': 't1_l181wir', 'is_submitter': False, 'downs': 0, 'author_flair_richtext': [], 'author_patreon_flair': False, 'body_html': '&lt;div class=""md""&gt;&lt;p&gt;people aren’t laughing at this. this is a very popular idea&lt;/p&gt;\n&lt;/div&gt;', 'gildings': {}, 'collapsed_reason': None, 'distinguished': None, 'associated_award': None, 'stickied': False, 'author_premium': False, 'can_gild': False, 'link_id': 't3_1ccvfyn', 'unrepliable_reason': None, 'author_flair_text_color': None, 'score_hidden': False, 'permalink': '/r/AskPhysics/comments/1ccvfyn/what_is_a_theory_that_might_turn_out_to_be_true/l181wir/', 'subreddit_type': 'public', 'locked': False, 'report_reasons': None, 'created': 1714063025.0, 'author_flair_text': None, 'treatment_tags': [], 'collapsed': False, 'subreddit_name_prefixed': 'r/AskPhysics', 'controversiality': 0, 'depth': 1, 'author_flair_background_color': None, 'collapsed_because_crowd_control': None, 'mod_reports': [], 'num_reports': None, 'ups': 1}}], 'before': None}}",,False,2,False,True,False,AskPhysics,t5_2sumo,r/AskPhysics,public,,0,[],,2,[],t1
data_6,[],,,False,,Anonymous-USA,,,[],,,,text,t2_7h3ccwl3,False,False,False,[],,,"Holography principle or string theory.  Though I dont think those are “laughed” at, but they are “fringe” in the sense that they’re not widely accepted.  It’s wise to be skeptical until *enough* evidence supports a new theory.","&lt;div class=""md""&gt;&lt;p&gt;Holography principle or string theory.  Though I dont think those are “laughed” at, but they are “fringe” in the sense that they’re not widely accepted.  It’s wise to be skeptical until &lt;em&gt;enough&lt;/em&gt; evidence supports a new theory.&lt;/p&gt;
&lt;/div&gt;",False,False,False,,,,,0,1714062461.0,1714062461.0,0,,0,False,0,{},l18064y,False,,t3_1ccvfyn,False,,,,[],t1_l18064y,True,,t3_1ccvfyn,/r/AskPhysics/comments/1ccvfyn/what_is_a_theory_that_might_turn_out_to_be_true/l18064y/,,,,False,2,False,True,False,AskPhysics,t5_2sumo,r/AskPhysics,public,,0,[],,2,[],t1
data_7,[],,,False,,ketarax,,,[],,,,text,t2_aemo5,False,False,False,[],,,"&gt;There was a time when a guy proposed that the Sun was at the center and everybody laughed at him. Then somebody proposed that time is a dimension and everybody laughed at him at first. Then somebody proposed something called a Higgs Field and Higgs Particle and nobody believed him.

Those are bedtime stories, not an actual history of our dabblings in physics.   It's wrong enough to be intellectually dishonest.","&lt;div class=""md""&gt;&lt;blockquote&gt;
&lt;p&gt;There was a time when a guy proposed that the Sun was at the center and everybody laughed at him. Then somebody proposed that time is a dimension and everybody laughed at him at first. Then somebody proposed something called a Higgs Field and Higgs Particle and nobody believed him.&lt;/p&gt;
&lt;/blockquote&gt;

&lt;p&gt;Those are bedtime stories, not an actual history of our dabblings in physics.   It&amp;#39;s wrong enough to be intellectually dishonest.&lt;/p&gt;
&lt;/div&gt;",False,False,False,,,,,0,1714066797.0,1714066797.0,0,,0,False,0,{},l185j4e,False,,t3_1ccvfyn,False,,,,[],t1_l185j4e,True,,t3_1ccvfyn,/r/AskPhysics/comments/1ccvfyn/what_is_a_theory_that_might_turn_out_to_be_true/l185j4e/,,,,False,2,False,True,False,AskPhysics,t5_2sumo,r/AskPhysics,public,,0,[],,2,[],t1
data_8,[],,,False,,groundhogcow,,,[],,,,text,t2_wbtw5,False,False,False,[],,,Just read this subreddit.  20 of them will jump out.,"&lt;div class=""md""&gt;&lt;p&gt;Just read this subreddit.  20 of them will jump out.&lt;/p&gt;
&lt;/div&gt;",False,False,False,,,,,0,1714067387.0,1714067387.0,0,,0,False,0,{},l1877x2,False,,t3_1ccvfyn,False,,,,[],t1_l1877x2,True,,t3_1ccvfyn,/r/AskPhysics/comments/1ccvfyn/what_is_a_theory_that_might_turn_out_to_be_true/l1877x2/,,,,False,1,False,True,False,AskPhysics,t5_2sumo,r/AskPhysics,public,,0,[],,1,[],t1
data_9,[],,,False,,ctesibius,,,[],,,,text,t2_3yspy,False,False,True,[],,,"There is very little that is being laughed at which shows any chance of being true, and as other have mentioned, your examples are wrong. Sometimes things do go the other way: string theory has lost a lot of credibility from when it was dominant, and some people do make jokes about it now. 

The only example I can think of that fits with your criteria is the Alcubierre  Drive, in the sense that Alcubierre proposed it to show how physically ridiculous the requirements for an FTL drive would be, and since then other theoreticians have been whittling away at it until it is just wildly implausible. I think that everyone working on it seems it as a bit of a joke, but they still keep making progress even so.","&lt;div class=""md""&gt;&lt;p&gt;There is very little that is being laughed at which shows any chance of being true, and as other have mentioned, your examples are wrong. Sometimes things do go the other way: string theory has lost a lot of credibility from when it was dominant, and some people do make jokes about it now. &lt;/p&gt;

&lt;p&gt;The only example I can think of that fits with your criteria is the Alcubierre  Drive, in the sense that Alcubierre proposed it to show how physically ridiculous the requirements for an FTL drive would be, and since then other theoreticians have been whittling away at it until it is just wildly implausible. I think that everyone working on it seems it as a bit of a joke, but they still keep making progress even so.&lt;/p&gt;
&lt;/div&gt;",False,False,False,,,,,0,1714067461.0,1714067461.0,0,,0,False,0,{},l187fo0,False,,t3_1ccvfyn,False,,,,[],t1_l187fo0,True,,t3_1ccvfyn,/r/AskPhysics/comments/1ccvfyn/what_is_a_theory_that_might_turn_out_to_be_true/l187fo0/,,,,False,1,False,True,False,AskPhysics,t5_2sumo,r/AskPhysics,public,,0,[],,1,[],t1
data_10,[],,,False,,Doodiecup,,,[],,,,text,t2_qkkqtlxo,False,False,False,[],,,"I continue to hear seemingly well informed people say that it’s impossible or even just statistically improbable for us to be alone.  Maybe the are referring to microbes or believe the universe to be infinite IDK, but the trend of scientific discovery has been to add to the chain of necessary coincidences for us to exist.  I’m not calling Sagan an apostate but I do ponder about what he knew during his era and rationale.   Rare earth at least with the true believers at SETI.","&lt;div class=""md""&gt;&lt;p&gt;I continue to hear seemingly well informed people say that it’s impossible or even just statistically improbable for us to be alone.  Maybe the are referring to microbes or believe the universe to be infinite IDK, but the trend of scientific discovery has been to add to the chain of necessary coincidences for us to exist.  I’m not calling Sagan an apostate but I do ponder about what he knew during his era and rationale.   Rare earth at least with the true believers at SETI.&lt;/p&gt;
&lt;/div&gt;",False,False,False,,,,,0,1714068516.0,1714068516.0,0,,0,False,0,{},l18ajml,False,,t3_1ccvfyn,False,,,,[],t1_l18ajml,True,,t3_1ccvfyn,/r/AskPhysics/comments/1ccvfyn/what_is_a_theory_that_might_turn_out_to_be_true/l18ajml/,,,,False,1,False,True,False,AskPhysics,t5_2sumo,r/AskPhysics,public,,0,[],,1,[],t1
data_11,[],,,False,,BoredBarbaracle,,,[],,,,text,t2_jolf1qn1c,False,False,False,[],,,Many-worlds interpretation of quantum mechanics. Black hole cosmology. Simulation hypothesis.,"&lt;div class=""md""&gt;&lt;p&gt;Many-worlds interpretation of quantum mechanics. Black hole cosmology. Simulation hypothesis.&lt;/p&gt;
&lt;/div&gt;",False,False,False,,,,,0,1714069905.0,1714069905.0,0,,0,False,0,{},l18ept9,False,,t3_1ccvfyn,False,,,,[],t1_l18ept9,True,,t3_1ccvfyn,/r/AskPhysics/comments/1ccvfyn/what_is_a_theory_that_might_turn_out_to_be_true/l18ept9/,,"{'kind': 'Listing', 'data': {'after': None, 'dist': None, 'modhash': None, 'geo_filter': '', 'children': [{'kind': 't1', 'data': {'subreddit_id': 't5_2sumo', 'approved_at_utc': None, 'author_is_blocked': False, 'comment_type': None, 'awarders': [], 'mod_reason_by': None, 'banned_by': None, 'author_flair_type': 'text', 'total_awards_received': 0, 'subreddit': 'AskPhysics', 'author_flair_template_id': None, 'likes': None, 'replies': {'kind': 'Listing', 'data': {'after': None, 'dist': None, 'modhash': None, 'geo_filter': '', 'children': [{'kind': 't1', 'data': {'subreddit_id': 't5_2sumo', 'approved_at_utc': None, 'author_is_blocked': False, 'comment_type': None, 'awarders': [], 'mod_reason_by': None, 'banned_by': None, 'author_flair_type': 'text', 'total_awards_received': 0, 'subreddit': 'AskPhysics', 'author_flair_template_id': None, 'likes': None, 'replies': {'kind': 'Listing', 'data': {'after': None, 'dist': None, 'modhash': None, 'geo_filter': '', 'children': [{'kind': 't1', 'data': {'subreddit_id': 't5_2sumo', 'approved_at_utc': None, 'author_is_blocked': False, 'comment_type': None, 'awarders': [], 'mod_reason_by': None, 'banned_by': None, 'author_flair_type': 'text', 'total_awards_received': 0, 'subreddit': 'AskPhysics', 'author_flair_template_id': None, 'likes': None, 'replies': {'kind': 'Listing', 'data': {'after': None, 'dist': None, 'modhash': None, 'geo_filter': '', 'children': [{'kind': 't1', 'data': {'subreddit_id': 't5_2sumo', 'approved_at_utc': None, 'author_is_blocked': False, 'comment_type': None, 'awarders': [], 'mod_reason_by': None, 'banned_by': None, 'author_flair_type': 'text', 'total_awards_received': 0, 'subreddit': 'AskPhysics', 'author_flair_template_id': None, 'distinguished': None, 'likes': None, 'replies': '', 'user_reports': [], 'saved': False, 'id': 'l18llmg', 'banned_at_utc': None, 'mod_reason_title': None, 'gilded': 0, 'archived': False, 'collapsed_reason_code': None, 'no_follow': True, 'author': 'BoredBarbaracle', 'can_mod_post': False, 'send_replies': True, 'parent_id': 't1_l18k1a9', 'score': 1, 'author_fullname': 't2_jolf1qn1c', 'removal_reason': None, 'approved_by': None, 'mod_note': None, 'all_awardings': [], 'body': ""We can't design a test to falsify the general hypothesis. There could be tests to falsify or confirm specific versions of a simulation though. I agree the idea will never die though unless one of those tests should actually confirm a specific version of a simulation (and even then we couldn't rule out whether the parent universe was wrapped in some other kind of simulation)"", 'edited': False, 'author_flair_css_class': None, 'name': 't1_l18llmg', 'is_submitter': False, 'downs': 0, 'author_flair_richtext': [], 'author_patreon_flair': False, 'body_html': '&lt;div class=""md""&gt;&lt;p&gt;We can&amp;#39;t design a test to falsify the general hypothesis. There could be tests to falsify or confirm specific versions of a simulation though. I agree the idea will never die though unless one of those tests should actually confirm a specific version of a simulation (and even then we couldn&amp;#39;t rule out whether the parent universe was wrapped in some other kind of simulation)&lt;/p&gt;\n&lt;/div&gt;', 'gildings': {}, 'collapsed_reason': None, 'link_id': 't3_1ccvfyn', 'associated_award': None, 'stickied': False, 'author_premium': False, 'can_gild': False, 'top_awarded_type': None, 'unrepliable_reason': None, 'author_flair_text_color': None, 'treatment_tags': [], 'score_hidden': False, 'permalink': '/r/AskPhysics/comments/1ccvfyn/what_is_a_theory_that_might_turn_out_to_be_true/l18llmg/', 'subreddit_type': 'public', 'locked': False, 'report_reasons': None, 'created': 1714072173.0, 'author_flair_text': None, 'collapsed': False, 'created_utc': 1714072173.0, 'subreddit_name_prefixed': 'r/AskPhysics', 'controversiality': 0, 'depth': 4, 'author_flair_background_color': None, 'collapsed_because_crowd_control': None, 'mod_reports': [], 'num_reports': None, 'ups': 1}}], 'before': None}}, 'user_reports': [], 'saved': False, 'id': 'l18k1a9', 'banned_at_utc': None, 'mod_reason_title': None, 'gilded': 0, 'archived': False, 'collapsed_reason_code': None, 'no_follow': True, 'author': 'TerraNeko_', 'can_mod_post': False, 'send_replies': True, 'parent_id': 't1_l18j452', 'score': 1, 'author_fullname': 't2_2pr8eff3', 'removal_reason': None, 'approved_by': None, 'mod_note': None, 'all_awardings': [], 'collapsed': False, 'body': 'also a fair point, i just dont see something like simulation hypothesis ever being testable cause you can always just say ""but what if you only notice it on smaller scales/what if the simulation is just even better""  \nblack hole cosmology maybe with a finished theory of quantum gravity', 'edited': False, 'top_awarded_type': None, 'author_flair_css_class': None, 'name': 't1_l18k1a9', 'is_submitter': False, 'downs': 0, 'author_flair_richtext': [], 'author_patreon_flair': False, 'body_html': '&lt;div class=""md""&gt;&lt;p&gt;also a fair point, i just dont see something like simulation hypothesis ever being testable cause you can always just say &amp;quot;but what if you only notice it on smaller scales/what if the simulation is just even better&amp;quot;&lt;br/&gt;\nblack hole cosmology maybe with a finished theory of quantum gravity&lt;/p&gt;\n&lt;/div&gt;', 'gildings': {}, 'collapsed_reason': None, 'distinguished': None, 'associated_award': None, 'stickied': False, 'author_premium': False, 'can_gild': False, 'link_id': 't3_1ccvfyn', 'unrepliable_reason': None, 'author_flair_text_color': None, 'score_hidden': False, 'permalink': '/r/AskPhysics/comments/1ccvfyn/what_is_a_theory_that_might_turn_out_to_be_true/l18k1a9/', 'subreddit_type': 'public', 'locked': False, 'report_reasons': None, 'created': 1714071654.0, 'author_flair_text': None, 'treatment_tags': [], 'created_utc': 1714071654.0, 'subreddit_name_prefixed': 'r/AskPhysics', 'controversiality': 0, 'depth': 3, 'author_flair_background_color': None, 'collapsed_because_crowd_control': None, 'mod_reports': [], 'num_reports': None, 'ups': 1}}], 'before': None}}, 'user_reports': [], 'saved': False, 'id': 'l18j452', 'banned_at_utc': None, 'mod_reason_title': None, 'gilded': 0, 'archived': False, 'collapsed_reason_code': None, 'no_follow': True, 'author': 'BoredBarbaracle', 'can_mod_post': False, 'send_replies': True, 'parent_id': 't1_l18hi9i', 'score': 1, 'author_fullname': 't2_jolf1qn1c', 'removal_reason': None, 'approved_by': None, 'mod_note': None, 'all_awardings': [], 'body': 'Not sure that\'s true. I mean, bell tests got us closer to rule out certain alternatives. I\'m sure there can be more experiments we can\'t think of yet to further narrow down the possibilities. Maybe once we manage to design experiments involving macroscopic objects in superposition that can get us closer too. But yeah, it\'s also possible that it will always remain only a ""could be"".\n\nFor simulation hypothesis there certainly *could* be proofs if it was true depending on the nature of the simulation - but we won\'t ever be able to rule it out if it is false.', 'edited': 1714071865.0, 'top_awarded_type': None, 'downs': 0, 'author_flair_css_class': None, 'name': 't1_l18j452', 'is_submitter': False, 'collapsed': False, 'author_flair_richtext': [], 'author_patreon_flair': False, 'body_html': '&lt;div class=""md""&gt;&lt;p&gt;Not sure that&amp;#39;s true. I mean, bell tests got us closer to rule out certain alternatives. I&amp;#39;m sure there can be more experiments we can&amp;#39;t think of yet to further narrow down the possibilities. Maybe once we manage to design experiments involving macroscopic objects in superposition that can get us closer too. But yeah, it&amp;#39;s also possible that it will always remain only a &amp;quot;could be&amp;quot;.&lt;/p&gt;\n\n&lt;p&gt;For simulation hypothesis there certainly &lt;em&gt;could&lt;/em&gt; be proofs if it was true depending on the nature of the simulation - but we won&amp;#39;t ever be able to rule it out if it is false.&lt;/p&gt;\n&lt;/div&gt;', 'gildings': {}, 'collapsed_reason': None, 'distinguished': None, 'associated_award': None, 'stickied': False, 'author_premium': False, 'can_gild': False, 'link_id': 't3_1ccvfyn', 'unrepliable_reason': None, 'author_flair_text_color': None, 'score_hidden': False, 'permalink': '/r/AskPhysics/comments/1ccvfyn/what_is_a_theory_that_might_turn_out_to_be_true/l18j452/', 'subreddit_type': 'public', 'locked': False, 'report_reasons': None, 'created': 1714071352.0, 'author_flair_text': None, 'treatment_tags': [], 'created_utc': 1714071352.0, 'subreddit_name_prefixed': 'r/AskPhysics', 'controversiality': 0, 'depth': 2, 'author_flair_background_color': None, 'collapsed_because_crowd_control': None, 'mod_reports': [], 'num_reports': None, 'ups': 1}}], 'before': None}}, 'user_reports': [], 'saved': False, 'id': 'l18hi9i', 'banned_at_utc': None, 'mod_reason_title': None, 'gilded': 0, 'archived': False, 'collapsed_reason_code': None, 'no_follow': True, 'author': 'TerraNeko_', 'can_mod_post': False, 'created_utc': 1714070825.0, 'send_replies': True, 'parent_id': 't1_l18ept9', 'score': 1, 'author_fullname': 't2_2pr8eff3', 'removal_reason': None, 'approved_by': None, 'mod_note': None, 'all_awardings': [], 'body': 'i mean pretty much of all those, besides maybe black hole cosmology, can never be proven, so idk if ya could really call them theories', 'edited': False, 'top_awarded_type': None, 'author_flair_css_class': None, 'name': 't1_l18hi9i', 'is_submitter': False, 'downs': 0, 'author_flair_richtext': [], 'author_patreon_flair': False, 'body_html': '&lt;div class=""md""&gt;&lt;p&gt;i mean pretty much of all those, besides maybe black hole cosmology, can never be proven, so idk if ya could really call them theories&lt;/p&gt;\n&lt;/div&gt;', 'gildings': {}, 'collapsed_reason': None, 'distinguished': None, 'associated_award': None, 'stickied': False, 'author_premium': False, 'can_gild': False, 'link_id': 't3_1ccvfyn', 'unrepliable_reason': None, 'author_flair_text_color': None, 'score_hidden': False, 'permalink': '/r/AskPhysics/comments/1ccvfyn/what_is_a_theory_that_might_turn_out_to_be_true/l18hi9i/', 'subreddit_type': 'public', 'locked': False, 'report_reasons': None, 'created': 1714070825.0, 'author_flair_text': None, 'treatment_tags': [], 'collapsed': False, 'subreddit_name_prefixed': 'r/AskPhysics', 'controversiality': 0, 'depth': 1, 'author_flair_background_color': None, 'collapsed_because_crowd_control': None, 'mod_reports': [], 'num_reports': None, 'ups': 1}}], 'before': None}}",,False,1,False,True,False,AskPhysics,t5_2sumo,r/AskPhysics,public,,0,[],,1,[],t1
data_12,[],,,False,,MoonUnit002,,,[],,,,text,t2_4yc1b7gf,False,False,False,[],,,"The Stephen Wolfram physics project; its explanation of much of the physics we know as emerging out of simple rules iterated trillions of times; and the project’s notion that these methods will produce a unifying fundamental theory of physics. Since Wolfram doesn’t participate much in the standard physics discourse of conferences and peer reviewed papers (rather he directly publishes large/dense tombs every few years), it seems like many physicist find it hard to know what to to think about it. Many seem annoyed that Wolfram tends to work that way—which essentially resembles working in isolation. 

Note that I’m a non-physicist and just reporting what I observe. Feel free to correct me.","&lt;div class=""md""&gt;&lt;p&gt;The Stephen Wolfram physics project; its explanation of much of the physics we know as emerging out of simple rules iterated trillions of times; and the project’s notion that these methods will produce a unifying fundamental theory of physics. Since Wolfram doesn’t participate much in the standard physics discourse of conferences and peer reviewed papers (rather he directly publishes large/dense tombs every few years), it seems like many physicist find it hard to know what to to think about it. Many seem annoyed that Wolfram tends to work that way—which essentially resembles working in isolation. &lt;/p&gt;

&lt;p&gt;Note that I’m a non-physicist and just reporting what I observe. Feel free to correct me.&lt;/p&gt;
&lt;/div&gt;",False,False,False,,,,,0,1714078685.0,1714078685.0,0,,0,False,0,{},l195dd2,False,,t3_1ccvfyn,False,,,,[],t1_l195dd2,True,,t3_1ccvfyn,/r/AskPhysics/comments/1ccvfyn/what_is_a_theory_that_might_turn_out_to_be_true/l195dd2/,,,,False,1,False,True,False,AskPhysics,t5_2sumo,r/AskPhysics,public,,0,[],,1,[],t1
data_13,[],,,False,,joepierson123,,,[],,,,text,t2_ufpq2kad,False,False,False,[],,,Simulation Theory,"&lt;div class=""md""&gt;&lt;p&gt;Simulation Theory&lt;/p&gt;
&lt;/div&gt;",False,False,False,,,,,0,1714071362.0,1714071362.0,0,,0,False,0,{},l18j57n,False,,t3_1ccvfyn,False,,,,[],t1_l18j57n,True,,t3_1ccvfyn,/r/AskPhysics/comments/1ccvfyn/what_is_a_theory_that_might_turn_out_to_be_true/l18j57n/,,,,False,0,False,True,False,AskPhysics,t5_2sumo,r/AskPhysics,public,,0,[],,0,[],t1
