,all_awardings,approved_at_utc,approved_by,archived,associated_award,author,author_flair_background_color,author_flair_css_class,author_flair_richtext,author_flair_template_id,author_flair_text,author_flair_text_color,author_flair_type,author_fullname,author_is_blocked,author_patreon_flair,author_premium,awarders,banned_at_utc,banned_by,body,body_html,can_gild,can_mod_post,collapsed,collapsed_because_crowd_control,collapsed_reason,collapsed_reason_code,comment_type,controversiality,created,created_utc,depth,distinguished,downs,edited,gilded,gildings,id,is_submitter,likes,link_id,locked,mod_note,mod_reason_by,mod_reason_title,mod_reports,name,no_follow,num_reports,parent_id,permalink,removal_reason,replies,report_reasons,saved,score,score_hidden,send_replies,stickied,subreddit,subreddit_id,subreddit_name_prefixed,subreddit_type,top_awarded_type,total_awards_received,treatment_tags,unrepliable_reason,ups,user_reports,kind
data,[],,,False,,OldChairmanMiao,,misc,[],9bcf4428-c6b2-11e4-b2ab-22000b2b8b92,Physics enthusiast,dark,text,t2_1uawybz0,False,False,False,[],,,"It's possible, but you'll need more specific details on the material's reflectivity and curvature to actually calculate it.

The UK made [this mistake before.](https://www.bbc.com/news/uk-england-london-23930675)","&lt;div class=""md""&gt;&lt;p&gt;It&amp;#39;s possible, but you&amp;#39;ll need more specific details on the material&amp;#39;s reflectivity and curvature to actually calculate it.&lt;/p&gt;

&lt;p&gt;The UK made &lt;a href=""https://www.bbc.com/news/uk-england-london-23930675""&gt;this mistake before.&lt;/a&gt;&lt;/p&gt;
&lt;/div&gt;",False,False,False,,,,,0,1714070225.0,1714070225.0,0,,0,False,0,{},l18fodv,False,,t3_1ccy0he,False,,,,[],t1_l18fodv,True,,t3_1ccy0he,/r/AskPhysics/comments/1ccy0he/would_putting_a_convex_mirror_in_start_a_fire/l18fodv/,,,,False,3,False,True,False,AskPhysics,t5_2sumo,r/AskPhysics,public,,0,[],,3,[],t1
data_1,[],,,False,,starkeffect,,inter,[],8c5fb068-c6b2-11e4-b8be-22000bb30918,Education and outreach,dark,text,t2_3z9vh,False,False,False,[],,,Did you mean con*cave*?,"&lt;div class=""md""&gt;&lt;p&gt;Did you mean con&lt;em&gt;cave&lt;/em&gt;?&lt;/p&gt;
&lt;/div&gt;",False,False,False,,,,,0,1714072513.0,1714072513.0,0,,0,False,0,{},l18mmzt,False,,t3_1ccy0he,False,,,,[],t1_l18mmzt,True,,t3_1ccy0he,/r/AskPhysics/comments/1ccy0he/would_putting_a_convex_mirror_in_start_a_fire/l18mmzt/,,"{'kind': 'Listing', 'data': {'after': None, 'dist': None, 'modhash': None, 'geo_filter': '', 'children': [{'kind': 't1', 'data': {'subreddit_id': 't5_2sumo', 'approved_at_utc': None, 'author_is_blocked': False, 'comment_type': None, 'awarders': [], 'mod_reason_by': None, 'banned_by': None, 'author_flair_type': 'text', 'total_awards_received': 0, 'subreddit': 'AskPhysics', 'author_flair_template_id': None, 'likes': None, 'replies': '', 'user_reports': [], 'saved': False, 'id': 'l18niqw', 'banned_at_utc': None, 'mod_reason_title': None, 'gilded': 0, 'archived': False, 'collapsed_reason_code': None, 'no_follow': True, 'author': 'MountainAsh2493', 'can_mod_post': False, 'created_utc': 1714072804.0, 'send_replies': True, 'parent_id': 't1_l18mmzt', 'score': 1, 'author_fullname': 't2_dwc71lqi', 'removal_reason': None, 'approved_by': None, 'mod_note': None, 'all_awardings': [], 'body': ""Sorry. It's been about 10-15 years since I took geometry, and until now, I haven't needed it."", 'edited': False, 'top_awarded_type': None, 'author_flair_css_class': None, 'name': 't1_l18niqw', 'is_submitter': True, 'downs': 0, 'author_flair_richtext': [], 'author_patreon_flair': False, 'body_html': '&lt;div class=""md""&gt;&lt;p&gt;Sorry. It&amp;#39;s been about 10-15 years since I took geometry, and until now, I haven&amp;#39;t needed it.&lt;/p&gt;\n&lt;/div&gt;', 'gildings': {}, 'collapsed_reason': None, 'distinguished': None, 'associated_award': None, 'stickied': False, 'author_premium': False, 'can_gild': False, 'link_id': 't3_1ccy0he', 'unrepliable_reason': None, 'author_flair_text_color': None, 'score_hidden': False, 'permalink': '/r/AskPhysics/comments/1ccy0he/would_putting_a_convex_mirror_in_start_a_fire/l18niqw/', 'subreddit_type': 'public', 'locked': False, 'report_reasons': None, 'created': 1714072804.0, 'author_flair_text': None, 'treatment_tags': [], 'collapsed': False, 'subreddit_name_prefixed': 'r/AskPhysics', 'controversiality': 0, 'depth': 1, 'author_flair_background_color': None, 'collapsed_because_crowd_control': None, 'mod_reports': [], 'num_reports': None, 'ups': 1}}], 'before': None}}",,False,3,False,True,False,AskPhysics,t5_2sumo,r/AskPhysics,public,,0,[],,3,[],t1
data_2,[],,,False,,MalignantIndignent,,,[],,,,text,t2_xrq9ftb1t,False,False,False,[],,,"A convex mirror will definitely not start a fire, since that spreads light out. 

They call it ""cave"" for a reason.","&lt;div class=""md""&gt;&lt;p&gt;A convex mirror will definitely not start a fire, since that spreads light out. &lt;/p&gt;

&lt;p&gt;They call it &amp;quot;cave&amp;quot; for a reason.&lt;/p&gt;
&lt;/div&gt;",False,False,False,,,,,0,1714091809.0,1714091809.0,0,,0,False,0,{},l1a38nx,False,,t3_1ccy0he,False,,,,[],t1_l1a38nx,True,,t3_1ccy0he,/r/AskPhysics/comments/1ccy0he/would_putting_a_convex_mirror_in_start_a_fire/l1a38nx/,,,,False,3,False,True,False,AskPhysics,t5_2sumo,r/AskPhysics,public,,0,[],,3,[],t1
