,all_awardings,approved_at_utc,approved_by,archived,associated_award,author,author_flair_background_color,author_flair_css_class,author_flair_richtext,author_flair_template_id,author_flair_text,author_flair_text_color,author_flair_type,author_fullname,author_is_blocked,author_patreon_flair,author_premium,awarders,banned_at_utc,banned_by,body,body_html,can_gild,can_mod_post,collapsed,collapsed_because_crowd_control,collapsed_reason,collapsed_reason_code,comment_type,controversiality,created,created_utc,depth,distinguished,downs,edited,gilded,gildings,id,is_submitter,likes,link_id,locked,mod_note,mod_reason_by,mod_reason_title,mod_reports,name,no_follow,num_reports,parent_id,permalink,removal_reason,replies,report_reasons,saved,score,score_hidden,send_replies,stickied,subreddit,subreddit_id,subreddit_name_prefixed,subreddit_type,top_awarded_type,total_awards_received,treatment_tags,unrepliable_reason,ups,user_reports,kind
data,[],,,False,,the_poope,,mat,[],7f4501c6-c6b2-11e4-bd93-22000b6d02ed,Condensed matter physics,dark,text,t2_5vyjfd,False,False,False,[],,,"Light has effective mass in ALL mediums.

Pure photons only exist in an empty Universe. In all other situations what we perceive as light are actually waves in fields that include both the EM field as well as the electron field, and really all other fields (to a lesser degree). This multi-field wave will also have particle like-excitations - many-body quasiparticles, called [polariton](https://en.wikipedia.org/wiki/Polariton)","&lt;div class=""md""&gt;&lt;p&gt;Light has effective mass in ALL mediums.&lt;/p&gt;

&lt;p&gt;Pure photons only exist in an empty Universe. In all other situations what we perceive as light are actually waves in fields that include both the EM field as well as the electron field, and really all other fields (to a lesser degree). This multi-field wave will also have particle like-excitations - many-body quasiparticles, called &lt;a href=""https://en.wikipedia.org/wiki/Polariton""&gt;polariton&lt;/a&gt;&lt;/p&gt;
&lt;/div&gt;",False,False,False,,,,,0,1713961707.0,1713961707.0,0,,0,False,0,{},l119qpk,False,,t3_1cbttbd,False,,,,[],t1_l119qpk,False,,t3_1cbttbd,/r/AskPhysics/comments/1cbttbd/are_their_mediums_that_would_make_light_appear_to/l119qpk/,,"{'kind': 'Listing', 'data': {'after': None, 'dist': None, 'modhash': None, 'geo_filter': '', 'children': [{'kind': 't1', 'data': {'subreddit_id': 't5_2sumo', 'approved_at_utc': None, 'author_is_blocked': False, 'comment_type': None, 'awarders': [], 'mod_reason_by': None, 'banned_by': None, 'author_flair_type': 'text', 'total_awards_received': 0, 'subreddit': 'AskPhysics', 'author_flair_template_id': '7812a6ec-c6b2-11e4-a485-22000b6e00bb', 'likes': None, 'replies': {'kind': 'Listing', 'data': {'after': None, 'dist': None, 'modhash': None, 'geo_filter': '', 'children': [{'kind': 't1', 'data': {'subreddit_id': 't5_2sumo', 'approved_at_utc': None, 'author_is_blocked': False, 'comment_type': None, 'awarders': [], 'mod_reason_by': None, 'banned_by': None, 'author_flair_type': 'text', 'total_awards_received': 0, 'subreddit': 'AskPhysics', 'author_flair_template_id': '7f4501c6-c6b2-11e4-bd93-22000b6d02ed', 'likes': None, 'replies': {'kind': 'Listing', 'data': {'after': None, 'dist': None, 'modhash': None, 'geo_filter': '', 'children': [{'kind': 't1', 'data': {'subreddit_id': 't5_2sumo', 'approved_at_utc': None, 'author_is_blocked': False, 'comment_type': None, 'awarders': [], 'mod_reason_by': None, 'banned_by': None, 'author_flair_type': 'text', 'total_awards_received': 0, 'subreddit': 'AskPhysics', 'author_flair_template_id': '7812a6ec-c6b2-11e4-a485-22000b6e00bb', 'likes': None, 'replies': '', 'user_reports': [], 'saved': False, 'id': 'l120dus', 'banned_at_utc': None, 'mod_reason_title': None, 'gilded': 0, 'archived': False, 'collapsed_reason_code': None, 'no_follow': False, 'author': 'SlackOne', 'can_mod_post': False, 'send_replies': True, 'parent_id': 't1_l11t3sq', 'score': 5, 'author_fullname': 't2_hw7vm', 'removal_reason': None, 'approved_by': None, 'mod_note': None, 'all_awardings': [], 'collapsed': False, 'body': ""Photons with energy are non-static, so I'm just talking about the limit of small, non-zero k, think radiowave in glass. But there is no limit to how low-k photons (or polaritons) that can exist in, for example, glass, meaning no matter how little energy we have, we can excite *some* photon in the medium."", 'edited': False, 'top_awarded_type': None, 'author_flair_css_class': 'atom', 'name': 't1_l120dus', 'is_submitter': False, 'downs': 0, 'author_flair_richtext': [], 'author_patreon_flair': False, 'body_html': '&lt;div class=""md""&gt;&lt;p&gt;Photons with energy are non-static, so I&amp;#39;m just talking about the limit of small, non-zero k, think radiowave in glass. But there is no limit to how low-k photons (or polaritons) that can exist in, for example, glass, meaning no matter how little energy we have, we can excite &lt;em&gt;some&lt;/em&gt; photon in the medium.&lt;/p&gt;\n&lt;/div&gt;', 'gildings': {}, 'collapsed_reason': None, 'distinguished': None, 'associated_award': None, 'stickied': False, 'author_premium': False, 'can_gild': False, 'link_id': 't3_1cbttbd', 'unrepliable_reason': None, 'author_flair_text_color': 'dark', 'score_hidden': False, 'permalink': '/r/AskPhysics/comments/1cbttbd/are_their_mediums_that_would_make_light_appear_to/l120dus/', 'subreddit_type': 'public', 'locked': False, 'report_reasons': None, 'created': 1713971744.0, 'author_flair_text': 'Optics and photonics', 'treatment_tags': [], 'created_utc': 1713971744.0, 'subreddit_name_prefixed': 'r/AskPhysics', 'controversiality': 0, 'depth': 3, 'author_flair_background_color': None, 'collapsed_because_crowd_control': None, 'mod_reports': [], 'num_reports': None, 'ups': 5}}], 'before': None}}, 'user_reports': [], 'saved': False, 'id': 'l11t3sq', 'banned_at_utc': None, 'mod_reason_title': None, 'gilded': 0, 'archived': False, 'collapsed_reason_code': None, 'no_follow': False, 'author': 'the_poope', 'can_mod_post': False, 'send_replies': True, 'parent_id': 't1_l11ks2j', 'score': 6, 'author_fullname': 't2_5vyjfd', 'removal_reason': None, 'approved_by': None, 'mod_note': None, 'all_awardings': [], 'body': ""Hmm my knowledge is a bit rusty so I trust your flair. But wouldn't a wave with k=0 correspond to a static electric field, which means that the medium will be everywhere polarized. Wouldn't such a polarization state have a non-zero energy?"", 'edited': False, 'top_awarded_type': None, 'downs': 0, 'author_flair_css_class': 'mat', 'name': 't1_l11t3sq', 'is_submitter': False, 'collapsed': False, 'author_flair_richtext': [], 'author_patreon_flair': False, 'body_html': '&lt;div class=""md""&gt;&lt;p&gt;Hmm my knowledge is a bit rusty so I trust your flair. But wouldn&amp;#39;t a wave with k=0 correspond to a static electric field, which means that the medium will be everywhere polarized. Wouldn&amp;#39;t such a polarization state have a non-zero energy?&lt;/p&gt;\n&lt;/div&gt;', 'gildings': {}, 'collapsed_reason': None, 'distinguished': None, 'associated_award': None, 'stickied': False, 'author_premium': False, 'can_gild': False, 'link_id': 't3_1cbttbd', 'unrepliable_reason': None, 'author_flair_text_color': 'dark', 'score_hidden': False, 'permalink': '/r/AskPhysics/comments/1cbttbd/are_their_mediums_that_would_make_light_appear_to/l11t3sq/', 'subreddit_type': 'public', 'locked': False, 'report_reasons': None, 'created': 1713969226.0, 'author_flair_text': 'Condensed matter physics', 'treatment_tags': [], 'created_utc': 1713969226.0, 'subreddit_name_prefixed': 'r/AskPhysics', 'controversiality': 0, 'depth': 2, 'author_flair_background_color': None, 'collapsed_because_crowd_control': None, 'mod_reports': [], 'num_reports': None, 'ups': 6}}], 'before': None}}, 'user_reports': [], 'saved': False, 'id': 'l11ks2j', 'banned_at_utc': None, 'mod_reason_title': None, 'gilded': 0, 'archived': False, 'collapsed_reason_code': None, 'no_follow': False, 'author': 'SlackOne', 'can_mod_post': False, 'created_utc': 1713966208.0, 'send_replies': True, 'parent_id': 't1_l119qpk', 'score': 8, 'author_fullname': 't2_hw7vm', 'removal_reason': None, 'approved_by': None, 'mod_note': None, 'all_awardings': [], 'body': 'Not necessarily. For example, in most dielectrics photons experience linear dispersion and have zero effective mass. This is evidenced by the fact that we can create them with arbitrarily small energies.', 'edited': False, 'top_awarded_type': None, 'author_flair_css_class': 'atom', 'name': 't1_l11ks2j', 'is_submitter': False, 'downs': 0, 'author_flair_richtext': [], 'author_patreon_flair': False, 'body_html': '&lt;div class=""md""&gt;&lt;p&gt;Not necessarily. For example, in most dielectrics photons experience linear dispersion and have zero effective mass. This is evidenced by the fact that we can create them with arbitrarily small energies.&lt;/p&gt;\n&lt;/div&gt;', 'gildings': {}, 'collapsed_reason': None, 'distinguished': None, 'associated_award': None, 'stickied': False, 'author_premium': False, 'can_gild': False, 'link_id': 't3_1cbttbd', 'unrepliable_reason': None, 'author_flair_text_color': 'dark', 'score_hidden': False, 'permalink': '/r/AskPhysics/comments/1cbttbd/are_their_mediums_that_would_make_light_appear_to/l11ks2j/', 'subreddit_type': 'public', 'locked': False, 'report_reasons': None, 'created': 1713966208.0, 'author_flair_text': 'Optics and photonics', 'treatment_tags': [], 'collapsed': False, 'subreddit_name_prefixed': 'r/AskPhysics', 'controversiality': 0, 'depth': 1, 'author_flair_background_color': None, 'collapsed_because_crowd_control': None, 'mod_reports': [], 'num_reports': None, 'ups': 8}}], 'before': None}}",,False,11,False,True,False,AskPhysics,t5_2sumo,r/AskPhysics,public,,0,[],,11,[],t1
data_1,[],,,False,,victorolosaurus,,,[],,,,text,t2_8c978,False,False,False,[],,,superconduction,"&lt;div class=""md""&gt;&lt;p&gt;superconduction&lt;/p&gt;
&lt;/div&gt;",False,False,False,,,,,0,1713951855.0,1713951855.0,0,,0,False,0,{},l10s2a2,False,,t3_1cbttbd,False,,,,[],t1_l10s2a2,False,,t3_1cbttbd,/r/AskPhysics/comments/1cbttbd/are_their_mediums_that_would_make_light_appear_to/l10s2a2/,,,,False,4,False,True,False,AskPhysics,t5_2sumo,r/AskPhysics,public,,0,[],,4,[],t1
