,all_awardings,approved_at_utc,approved_by,archived,associated_award,author,author_flair_background_color,author_flair_css_class,author_flair_richtext,author_flair_template_id,author_flair_text,author_flair_text_color,author_flair_type,author_fullname,author_is_blocked,author_patreon_flair,author_premium,awarders,banned_at_utc,banned_by,body,body_html,can_gild,can_mod_post,collapsed,collapsed_because_crowd_control,collapsed_reason,collapsed_reason_code,comment_type,controversiality,created,created_utc,depth,distinguished,downs,edited,gilded,gildings,id,is_submitter,likes,link_id,locked,mod_note,mod_reason_by,mod_reason_title,mod_reports,name,no_follow,num_reports,parent_id,permalink,removal_reason,replies,report_reasons,saved,score,score_hidden,send_replies,stickied,subreddit,subreddit_id,subreddit_name_prefixed,subreddit_type,top_awarded_type,total_awards_received,treatment_tags,unrepliable_reason,ups,user_reports,kind
data,[],,,False,,wonkey_monkey,,,[],,,,text,t2_whgrg,False,False,False,[],,,"By pinching the straw shut and pulling it up they reduce the pressure inside the bottle. The water line inside the red straw will go up.

When they let go, the water level in the red straw will fall as the low air pressure in the top of the bottle pulls it in, and it falls to the bottom of the red straw so some air is also able to get in and bubble to the top of the bottle.

I'm not sure of the exact mechanism but there is obviously enough of a disturbance (perhaps enough to induce a momentary increase in pressure in the bottle, compared to the outside?) that water can start flowing out of the blue tube, and once *that* happens the cycle continues, a bit like a siphon.

(I'm really just writing this because no-one else has answered yet, hopefully someone will give you a more precise answer)","&lt;div class=""md""&gt;&lt;p&gt;By pinching the straw shut and pulling it up they reduce the pressure inside the bottle. The water line inside the red straw will go up.&lt;/p&gt;

&lt;p&gt;When they let go, the water level in the red straw will fall as the low air pressure in the top of the bottle pulls it in, and it falls to the bottom of the red straw so some air is also able to get in and bubble to the top of the bottle.&lt;/p&gt;

&lt;p&gt;I&amp;#39;m not sure of the exact mechanism but there is obviously enough of a disturbance (perhaps enough to induce a momentary increase in pressure in the bottle, compared to the outside?) that water can start flowing out of the blue tube, and once &lt;em&gt;that&lt;/em&gt; happens the cycle continues, a bit like a siphon.&lt;/p&gt;

&lt;p&gt;(I&amp;#39;m really just writing this because no-one else has answered yet, hopefully someone will give you a more precise answer)&lt;/p&gt;
&lt;/div&gt;",False,False,False,,,,,0,1714071451.0,1714071451.0,0,,0,False,0,{},l18jewl,False,,t3_1ccyh2o,False,,,,[],t1_l18jewl,True,,t3_1ccyh2o,/r/AskPhysics/comments/1ccyh2o/pressure_experiment/l18jewl/,,,,False,1,False,True,False,AskPhysics,t5_2sumo,r/AskPhysics,public,,0,[],,1,[],t1
data_1,[],,,False,,petripooper,,,[],,,,text,t2_m5zhsxtd,False,False,False,[],,,"I think this is what's going on:  
  
Initially:   
There are two straws providing access to atmospheric pressure. There is an important (but could be overlooked) volume of trapped air above the water surface. This trapped air places an extra pressure (aside from hydrostatic pressure) but because its trapped it resists change in volume (if water level is dropped the trapped air's pressure would lower, pulling the water back up).   
The horizontal straw is high enough from the base so atmospheric pressure balances hydrostatic pressure + pressure from trapped air. In the vertical straw, hydrostatic pressure is also balanced with atmospheric pressure and the water doesn't just rush up the straw due to the ""pull"" from the trapped air I mentioned.

After the vertical straw is raised:  
Now because the tip of the vertical straw is higher, atmospheric pressure overcomes hydrostatic pressure and air rushes in (as bubbles). This air now adds to the volume and pressure of the previously mentioned trapped air pocket. Because the pressure of the air pocket is higher, It (+ hydrostatic pressure on the horizontal straw) is able to overcome atmospheric pressure on the horizontal straw, and water flows out.  
  
Its a delicate balance, and I imagine the ""draining"" would go faster as the thing runs because water is being siphoned out (thus continuous reduction of total hydrostatic pressure)","&lt;div class=""md""&gt;&lt;p&gt;I think this is what&amp;#39;s going on:  &lt;/p&gt;

&lt;p&gt;Initially:&lt;br/&gt;
There are two straws providing access to atmospheric pressure. There is an important (but could be overlooked) volume of trapped air above the water surface. This trapped air places an extra pressure (aside from hydrostatic pressure) but because its trapped it resists change in volume (if water level is dropped the trapped air&amp;#39;s pressure would lower, pulling the water back up).&lt;br/&gt;
The horizontal straw is high enough from the base so atmospheric pressure balances hydrostatic pressure + pressure from trapped air. In the vertical straw, hydrostatic pressure is also balanced with atmospheric pressure and the water doesn&amp;#39;t just rush up the straw due to the &amp;quot;pull&amp;quot; from the trapped air I mentioned.&lt;/p&gt;

&lt;p&gt;After the vertical straw is raised:&lt;br/&gt;
Now because the tip of the vertical straw is higher, atmospheric pressure overcomes hydrostatic pressure and air rushes in (as bubbles). This air now adds to the volume and pressure of the previously mentioned trapped air pocket. Because the pressure of the air pocket is higher, It (+ hydrostatic pressure on the horizontal straw) is able to overcome atmospheric pressure on the horizontal straw, and water flows out.  &lt;/p&gt;

&lt;p&gt;Its a delicate balance, and I imagine the &amp;quot;draining&amp;quot; would go faster as the thing runs because water is being siphoned out (thus continuous reduction of total hydrostatic pressure)&lt;/p&gt;
&lt;/div&gt;",False,False,False,,,,,0,1714071858.0,1714071858.0,0,,0,False,0,{},l18knbv,False,,t3_1ccyh2o,False,,,,[],t1_l18knbv,True,,t3_1ccyh2o,/r/AskPhysics/comments/1ccyh2o/pressure_experiment/l18knbv/,,,,False,1,False,True,False,AskPhysics,t5_2sumo,r/AskPhysics,public,,0,[],,1,[],t1
