,all_awardings,approved_at_utc,approved_by,archived,associated_award,author,author_flair_background_color,author_flair_css_class,author_flair_richtext,author_flair_template_id,author_flair_text,author_flair_text_color,author_flair_type,author_fullname,author_is_blocked,author_patreon_flair,author_premium,awarders,banned_at_utc,banned_by,body,body_html,can_gild,can_mod_post,collapsed,collapsed_because_crowd_control,collapsed_reason,collapsed_reason_code,comment_type,controversiality,created,created_utc,depth,distinguished,downs,edited,gilded,gildings,id,is_submitter,likes,link_id,locked,mod_note,mod_reason_by,mod_reason_title,mod_reports,name,no_follow,num_reports,parent_id,permalink,removal_reason,replies,report_reasons,saved,score,score_hidden,send_replies,stickied,subreddit,subreddit_id,subreddit_name_prefixed,subreddit_type,top_awarded_type,total_awards_received,treatment_tags,unrepliable_reason,ups,user_reports,kind
data,[],,,False,,the_poope,,mat,[],7f4501c6-c6b2-11e4-bd93-22000b6d02ed,Condensed matter physics,dark,text,t2_5vyjfd,False,False,False,[],,,"The thing is: in quantum mechanics which governs the smallest particles, size isn't really a well-defined quantity.

However, the ""information about the system"" is more well-defined. In fact for an isolated, bound system, the system can only be in any of a number of discrete states/configuration. We can in principle label each of these with a number, say of increasing energy, with 0 being equal to the ground state, i.e. the state with the lowest possible energy, 1 the state with the next lowest energy, etc. Storing the information is then equal to storing the number label in some way.

Now, can you store this number in a system smaller than the ""size"" of the system? Well depends, but maybe to some extend. Consider for instance two atoms: a heavy and large Uranium atom, and a smaller Helium atom. Both can be in any of their respective possible states. Now we can use the smaller Helium atom to encode the state of the Uranium atom: if the Uranium atom is in state 18, then we can also somehow prepare the Helium atom in it's own corresponding state #18. The problem is that it's pretty damn hard to control which state an atom is in unless it is perfectly isolated, and we can't isolate it if the need to interact with it in order to change its state.","&lt;div class=""md""&gt;&lt;p&gt;The thing is: in quantum mechanics which governs the smallest particles, size isn&amp;#39;t really a well-defined quantity.&lt;/p&gt;

&lt;p&gt;However, the &amp;quot;information about the system&amp;quot; is more well-defined. In fact for an isolated, bound system, the system can only be in any of a number of discrete states/configuration. We can in principle label each of these with a number, say of increasing energy, with 0 being equal to the ground state, i.e. the state with the lowest possible energy, 1 the state with the next lowest energy, etc. Storing the information is then equal to storing the number label in some way.&lt;/p&gt;

&lt;p&gt;Now, can you store this number in a system smaller than the &amp;quot;size&amp;quot; of the system? Well depends, but maybe to some extend. Consider for instance two atoms: a heavy and large Uranium atom, and a smaller Helium atom. Both can be in any of their respective possible states. Now we can use the smaller Helium atom to encode the state of the Uranium atom: if the Uranium atom is in state 18, then we can also somehow prepare the Helium atom in it&amp;#39;s own corresponding state #18. The problem is that it&amp;#39;s pretty damn hard to control which state an atom is in unless it is perfectly isolated, and we can&amp;#39;t isolate it if the need to interact with it in order to change its state.&lt;/p&gt;
&lt;/div&gt;",False,False,False,,,,,0,1713982320.0,1713982320.0,0,,0,False,0,{},l12w85r,False,,t3_1cc4v7j,False,,,,[],t1_l12w85r,True,,t3_1cc4v7j,/r/AskPhysics/comments/1cc4v7j/can_you_store_information_about_a_system_within_a/l12w85r/,,"{'kind': 'Listing', 'data': {'after': None, 'dist': None, 'modhash': None, 'geo_filter': '', 'children': [{'kind': 't1', 'data': {'subreddit_id': 't5_2sumo', 'approved_at_utc': None, 'author_is_blocked': False, 'comment_type': None, 'awarders': [], 'mod_reason_by': None, 'banned_by': None, 'author_flair_type': 'text', 'total_awards_received': 0, 'subreddit': 'AskPhysics', 'author_flair_template_id': None, 'likes': None, 'replies': '', 'user_reports': [], 'saved': False, 'id': 'l12xd7m', 'banned_at_utc': None, 'mod_reason_title': None, 'gilded': 0, 'archived': False, 'collapsed_reason_code': None, 'no_follow': True, 'author': 'JustaskingyouguysP', 'can_mod_post': False, 'created_utc': 1713982699.0, 'send_replies': True, 'parent_id': 't1_l12w85r', 'score': 1, 'author_fullname': 't2_3amsissk', 'removal_reason': None, 'approved_by': None, 'mod_note': None, 'all_awardings': [], 'body': 'But \'labels\' would require some sort of external encoding and decoding system that would also require a form of \'space\'. I mean, the system isn\'t ""really"" that label, you can\'t run a simulation of a uranium atom, with just the helium atom.', 'edited': False, 'top_awarded_type': None, 'author_flair_css_class': None, 'name': 't1_l12xd7m', 'is_submitter': True, 'downs': 0, 'author_flair_richtext': [], 'author_patreon_flair': False, 'body_html': '&lt;div class=""md""&gt;&lt;p&gt;But &amp;#39;labels&amp;#39; would require some sort of external encoding and decoding system that would also require a form of &amp;#39;space&amp;#39;. I mean, the system isn&amp;#39;t &amp;quot;really&amp;quot; that label, you can&amp;#39;t run a simulation of a uranium atom, with just the helium atom.&lt;/p&gt;\n&lt;/div&gt;', 'gildings': {}, 'collapsed_reason': None, 'distinguished': None, 'associated_award': None, 'stickied': False, 'author_premium': False, 'can_gild': False, 'link_id': 't3_1cc4v7j', 'unrepliable_reason': None, 'author_flair_text_color': None, 'score_hidden': False, 'permalink': '/r/AskPhysics/comments/1cc4v7j/can_you_store_information_about_a_system_within_a/l12xd7m/', 'subreddit_type': 'public', 'locked': False, 'report_reasons': None, 'created': 1713982699.0, 'author_flair_text': None, 'treatment_tags': [], 'collapsed': False, 'subreddit_name_prefixed': 'r/AskPhysics', 'controversiality': 0, 'depth': 1, 'author_flair_background_color': None, 'collapsed_because_crowd_control': None, 'mod_reports': [], 'num_reports': None, 'ups': 1}}], 'before': None}}",,False,1,False,True,False,AskPhysics,t5_2sumo,r/AskPhysics,public,,0,[],,1,[],t1
data_1,[],,,False,,Heretic112,,inter,[],9245fcd0-c6b2-11e4-9133-22000b6e00bb,Statistical and nonlinear physics,dark,text,t2_ahmq4,False,False,False,[],,,There is no perfect simulation so the question is meaningless. Physics is descriptive not prescriptive.,"&lt;div class=""md""&gt;&lt;p&gt;There is no perfect simulation so the question is meaningless. Physics is descriptive not prescriptive.&lt;/p&gt;
&lt;/div&gt;",False,False,False,,,,,0,1714004988.0,1714004988.0,0,,0,1714019890.0,0,{},l14ode2,False,,t3_1cc4v7j,False,,,,[],t1_l14ode2,True,,t3_1cc4v7j,/r/AskPhysics/comments/1cc4v7j/can_you_store_information_about_a_system_within_a/l14ode2/,,,,False,0,False,True,False,AskPhysics,t5_2sumo,r/AskPhysics,public,,0,[],,0,[],t1
data_2,[],,,False,,Mortal4789,,,[],,,,text,t2_5z0xsd55,False,False,False,[],,,"im going to go with amost certainly yes. no numbers to back it up, all iv got is the stupidly well optimised little chunks of code people sometimes make.","&lt;div class=""md""&gt;&lt;p&gt;im going to go with amost certainly yes. no numbers to back it up, all iv got is the stupidly well optimised little chunks of code people sometimes make.&lt;/p&gt;
&lt;/div&gt;",False,False,False,,,,,0,1714015178.0,1714015178.0,0,,0,False,0,{},l15dqd5,False,,t3_1cc4v7j,False,,,,[],t1_l15dqd5,True,,t3_1cc4v7j,/r/AskPhysics/comments/1cc4v7j/can_you_store_information_about_a_system_within_a/l15dqd5/,,,,False,0,False,True,False,AskPhysics,t5_2sumo,r/AskPhysics,public,,0,[],,0,[],t1
data_3,[],,,False,,That4AMBlues,,,[],,,,text,t2_4x72qp3l,False,False,False,[],,,"I think you might be interested in the concept of computational irreducibility. It's been proposed by Stephen Wolfram, who occupies a weird place in between respected scientist and crackpot, depending on whom you ask, so take it with a grain of salt.

Anyway, his answer would be an unequivocal ""no, you need at least one atom to simulate an atom"" And I think I agree with him (in this case).","&lt;div class=""md""&gt;&lt;p&gt;I think you might be interested in the concept of computational irreducibility. It&amp;#39;s been proposed by Stephen Wolfram, who occupies a weird place in between respected scientist and crackpot, depending on whom you ask, so take it with a grain of salt.&lt;/p&gt;

&lt;p&gt;Anyway, his answer would be an unequivocal &amp;quot;no, you need at least one atom to simulate an atom&amp;quot; And I think I agree with him (in this case).&lt;/p&gt;
&lt;/div&gt;",False,False,False,,,,,0,1714040605.0,1714040605.0,0,,0,1714054840.0,0,{},l16hlks,False,,t3_1cc4v7j,False,,,,[],t1_l16hlks,True,,t3_1cc4v7j,/r/AskPhysics/comments/1cc4v7j/can_you_store_information_about_a_system_within_a/l16hlks/,,,,False,1,False,True,False,AskPhysics,t5_2sumo,r/AskPhysics,public,,0,[],,1,[],t1
