,all_awardings,approved_at_utc,approved_by,archived,associated_award,author,author_flair_background_color,author_flair_css_class,author_flair_richtext,author_flair_template_id,author_flair_text,author_flair_text_color,author_flair_type,author_fullname,author_is_blocked,author_patreon_flair,author_premium,awarders,banned_at_utc,banned_by,body,body_html,can_gild,can_mod_post,collapsed,collapsed_because_crowd_control,collapsed_reason,collapsed_reason_code,comment_type,controversiality,created,created_utc,depth,distinguished,downs,edited,gilded,gildings,id,is_submitter,likes,link_id,locked,mod_note,mod_reason_by,mod_reason_title,mod_reports,name,no_follow,num_reports,parent_id,permalink,removal_reason,replies,report_reasons,saved,score,score_hidden,send_replies,stickied,subreddit,subreddit_id,subreddit_name_prefixed,subreddit_type,top_awarded_type,total_awards_received,treatment_tags,unrepliable_reason,ups,user_reports,kind
data,[],,,False,,gerglo,,pf,[],7e019446-c6b2-11e4-a9a9-22000b6d02ed,String theory,dark,text,t2_rjek6,False,False,False,[],,,"&gt;are these interpretations equivalent?

No, but they are often conflated. The first is the [observer effect](https://www.wikiwand.com/en/Observer_effect_(physics)). The uncertainty principle in not special to QM as it applies to *all* wave phenomena, including classical waves.","&lt;div class=""md""&gt;&lt;blockquote&gt;
&lt;p&gt;are these interpretations equivalent?&lt;/p&gt;
&lt;/blockquote&gt;

&lt;p&gt;No, but they are often conflated. The first is the &lt;a href=""https://www.wikiwand.com/en/Observer_effect_(physics""&gt;observer effect&lt;/a&gt;). The uncertainty principle in not special to QM as it applies to &lt;em&gt;all&lt;/em&gt; wave phenomena, including classical waves.&lt;/p&gt;
&lt;/div&gt;",False,False,False,,,,,0,1714028884.0,1714028884.0,0,,0,False,0,{},l161ki6,False,,t3_1cclimk,False,,,,[],t1_l161ki6,True,,t3_1cclimk,/r/AskPhysics/comments/1cclimk/understanding_the_uncetain_principle/l161ki6/,,,,False,6,False,True,False,AskPhysics,t5_2sumo,r/AskPhysics,public,,0,[],,6,[],t1
data_1,[],,,False,,VFiddly,,,[],,,,text,t2_v53v17a68,False,False,False,[],,,"&gt;To get an idea of what Heisenberg's uncertainty principle means, we are told in books that when observing, for example, an electron, you have to hit it with photons that affect its speed.

This part is often stated in explanations, but it is just wrong.

Not wrong in the sense that that doesn't happen. It does, but that's not what Heisenberg's Uncertainty Principle is.

The Uncertainty Principle is something that is true of all waves. It's equally true in a different form of a wave on a guitar string. A wave that's a pure note would look like a perfect sine wave, and thus it wouldn't have a well defined location. It's not that you can't measure the location, it's that ""Where is this wave located"" doesn't have a well defined answer when the wave goes across the whole string.

A wave that does have a well defined position would be one that's comprised of many sine waves, and therefore does not have a well defined frequency. 

Heisenberg's Uncertainty Principle is applying the same thing to matter, following De Broglie's discovery that all matter can be described as matter waves. Since photons and electrons and so on are wavelike, they also follow an uncertainty principle. 

Again, it's not about measurement or knowledge at all. The full derivation of Heisenberg's uncertainty principle makes no mention of any measurement process or level of knowledge at all. It's saying that particles don't have a precise position and momentum, not that there's a secret position and momentum that we can't know.","&lt;div class=""md""&gt;&lt;blockquote&gt;
&lt;p&gt;To get an idea of what Heisenberg&amp;#39;s uncertainty principle means, we are told in books that when observing, for example, an electron, you have to hit it with photons that affect its speed.&lt;/p&gt;
&lt;/blockquote&gt;

&lt;p&gt;This part is often stated in explanations, but it is just wrong.&lt;/p&gt;

&lt;p&gt;Not wrong in the sense that that doesn&amp;#39;t happen. It does, but that&amp;#39;s not what Heisenberg&amp;#39;s Uncertainty Principle is.&lt;/p&gt;

&lt;p&gt;The Uncertainty Principle is something that is true of all waves. It&amp;#39;s equally true in a different form of a wave on a guitar string. A wave that&amp;#39;s a pure note would look like a perfect sine wave, and thus it wouldn&amp;#39;t have a well defined location. It&amp;#39;s not that you can&amp;#39;t measure the location, it&amp;#39;s that &amp;quot;Where is this wave located&amp;quot; doesn&amp;#39;t have a well defined answer when the wave goes across the whole string.&lt;/p&gt;

&lt;p&gt;A wave that does have a well defined position would be one that&amp;#39;s comprised of many sine waves, and therefore does not have a well defined frequency. &lt;/p&gt;

&lt;p&gt;Heisenberg&amp;#39;s Uncertainty Principle is applying the same thing to matter, following De Broglie&amp;#39;s discovery that all matter can be described as matter waves. Since photons and electrons and so on are wavelike, they also follow an uncertainty principle. &lt;/p&gt;

&lt;p&gt;Again, it&amp;#39;s not about measurement or knowledge at all. The full derivation of Heisenberg&amp;#39;s uncertainty principle makes no mention of any measurement process or level of knowledge at all. It&amp;#39;s saying that particles don&amp;#39;t have a precise position and momentum, not that there&amp;#39;s a secret position and momentum that we can&amp;#39;t know.&lt;/p&gt;
&lt;/div&gt;",False,False,False,,,,,0,1714042616.0,1714042616.0,0,,0,False,0,{},l16kw15,False,,t3_1cclimk,False,,,,[],t1_l16kw15,False,,t3_1cclimk,/r/AskPhysics/comments/1cclimk/understanding_the_uncetain_principle/l16kw15/,,"{'kind': 'Listing', 'data': {'after': None, 'dist': None, 'modhash': None, 'geo_filter': '', 'children': [{'kind': 't1', 'data': {'subreddit_id': 't5_2sumo', 'approved_at_utc': None, 'author_is_blocked': False, 'comment_type': None, 'awarders': [], 'mod_reason_by': None, 'banned_by': None, 'author_flair_type': 'text', 'total_awards_received': 0, 'subreddit': 'AskPhysics', 'author_flair_template_id': None, 'likes': None, 'replies': '', 'user_reports': [], 'saved': False, 'id': 'l1hfj54', 'banned_at_utc': None, 'mod_reason_title': None, 'gilded': 0, 'archived': False, 'collapsed_reason_code': None, 'no_follow': True, 'author': 'villa-66', 'can_mod_post': False, 'created_utc': 1714214719.0, 'send_replies': True, 'parent_id': 't1_l16kw15', 'score': 1, 'author_fullname': 't2_hhv35uix6', 'removal_reason': None, 'approved_by': None, 'mod_note': None, 'all_awardings': [], 'body': 'So, why the explanation of disturb the system when you measure is the one we hear most often?', 'edited': False, 'top_awarded_type': None, 'author_flair_css_class': None, 'name': 't1_l1hfj54', 'is_submitter': True, 'downs': 0, 'author_flair_richtext': [], 'author_patreon_flair': False, 'body_html': '&lt;div class=""md""&gt;&lt;p&gt;So, why the explanation of disturb the system when you measure is the one we hear most often?&lt;/p&gt;\n&lt;/div&gt;', 'gildings': {}, 'collapsed_reason': None, 'distinguished': None, 'associated_award': None, 'stickied': False, 'author_premium': False, 'can_gild': False, 'link_id': 't3_1cclimk', 'unrepliable_reason': None, 'author_flair_text_color': None, 'score_hidden': False, 'permalink': '/r/AskPhysics/comments/1cclimk/understanding_the_uncetain_principle/l1hfj54/', 'subreddit_type': 'public', 'locked': False, 'report_reasons': None, 'created': 1714214719.0, 'author_flair_text': None, 'treatment_tags': [], 'collapsed': False, 'subreddit_name_prefixed': 'r/AskPhysics', 'controversiality': 0, 'depth': 1, 'author_flair_background_color': None, 'collapsed_because_crowd_control': None, 'mod_reports': [], 'num_reports': None, 'ups': 1}}], 'before': None}}",,False,6,False,True,False,AskPhysics,t5_2sumo,r/AskPhysics,public,,0,[],,6,[],t1
