,all_awardings,approved_at_utc,approved_by,archived,associated_award,author,author_flair_background_color,author_flair_css_class,author_flair_richtext,author_flair_template_id,author_flair_text,author_flair_text_color,author_flair_type,author_fullname,author_is_blocked,author_patreon_flair,author_premium,awarders,banned_at_utc,banned_by,body,body_html,can_gild,can_mod_post,collapsed,collapsed_because_crowd_control,collapsed_reason,collapsed_reason_code,comment_type,controversiality,created,created_utc,depth,distinguished,downs,edited,gilded,gildings,id,is_submitter,likes,link_id,locked,mod_note,mod_reason_by,mod_reason_title,mod_reports,name,no_follow,num_reports,parent_id,permalink,removal_reason,replies,report_reasons,saved,score,score_hidden,send_replies,stickied,subreddit,subreddit_id,subreddit_name_prefixed,subreddit_type,top_awarded_type,total_awards_received,treatment_tags,unrepliable_reason,ups,user_reports,kind
data,[],,,False,,gerglo,,pf,[],7e019446-c6b2-11e4-a9a9-22000b6d02ed,String theory,dark,text,t2_rjek6,False,False,False,[],,,"I would say ""represent"" or ""depict"" rather than ""simulate"", but yes. There are various projections that can be used for 4d shapes, such as those pictured [HERE](https://www.wikiwand.com/en/Regular_4-polytope#Visualization) for regular 4-polytopes (the analogues of tetrahedra, cubes, icosahedra, etc). They all have to make compromises.  


p.s. BTW, this isn't really a physics question.","&lt;div class=""md""&gt;&lt;p&gt;I would say &amp;quot;represent&amp;quot; or &amp;quot;depict&amp;quot; rather than &amp;quot;simulate&amp;quot;, but yes. There are various projections that can be used for 4d shapes, such as those pictured &lt;a href=""https://www.wikiwand.com/en/Regular_4-polytope#Visualization""&gt;HERE&lt;/a&gt; for regular 4-polytopes (the analogues of tetrahedra, cubes, icosahedra, etc). They all have to make compromises.  &lt;/p&gt;

&lt;p&gt;p.s. BTW, this isn&amp;#39;t really a physics question.&lt;/p&gt;
&lt;/div&gt;",False,False,False,,,,,0,1713911654.0,1713911654.0,0,,0,False,0,{},l0yko9w,False,,t3_1cbhf5y,False,,,,[],t1_l0yko9w,True,,t3_1cbhf5y,/r/AskPhysics/comments/1cbhf5y/can_we_simulate_a_4_dimensional_space_on_a_3/l0yko9w/,,,,False,4,False,True,False,AskPhysics,t5_2sumo,r/AskPhysics,public,,0,[],,4,[],t1
data_1,[],,,False,,MaxThrustage,,atom,[],794e2252-c6b2-11e4-88e3-22000b2a8bad,Quantum information,dark,text,t2_bl85j,False,False,False,[],,,"If you only care about simulation (rather than intuitively meaningful visualisation) you should note that your computer (and, indeed, every computer we've ever built) is a 3-dimensional object, but we can routinely compute with *very* high dimensional abstract spaces. For example, when we optimise a machine learning model we are typically exploring a space of millions of dimensions. Likewise, when we simulate quantum systems we are typically working with a very high dimensional state space. Of course, these are not spatial dimensions anyone could walk around in, but mathematically they behave the same way.

But getting these super high dimensional spaces to look meaningful to a human being is another matter...","&lt;div class=""md""&gt;&lt;p&gt;If you only care about simulation (rather than intuitively meaningful visualisation) you should note that your computer (and, indeed, every computer we&amp;#39;ve ever built) is a 3-dimensional object, but we can routinely compute with &lt;em&gt;very&lt;/em&gt; high dimensional abstract spaces. For example, when we optimise a machine learning model we are typically exploring a space of millions of dimensions. Likewise, when we simulate quantum systems we are typically working with a very high dimensional state space. Of course, these are not spatial dimensions anyone could walk around in, but mathematically they behave the same way.&lt;/p&gt;

&lt;p&gt;But getting these super high dimensional spaces to look meaningful to a human being is another matter...&lt;/p&gt;
&lt;/div&gt;",False,False,False,,,,,0,1713918882.0,1713918882.0,0,,0,False,0,{},l0z37fx,False,,t3_1cbhf5y,False,,,,[],t1_l0z37fx,True,,t3_1cbhf5y,/r/AskPhysics/comments/1cbhf5y/can_we_simulate_a_4_dimensional_space_on_a_3/l0z37fx/,,,,False,2,False,True,False,AskPhysics,t5_2sumo,r/AskPhysics,public,,0,[],,2,[],t1
data_2,[],,,False,,possibleinnuendo,,,[],,,,text,t2_amzbcltb,False,False,False,[],,,I’ve been on this question for a while.  I think you could create the illusion of a 4 dimensional object in 3 dimensional space.  But it would only really make sense to a 4 dimensional observer.,"&lt;div class=""md""&gt;&lt;p&gt;I’ve been on this question for a while.  I think you could create the illusion of a 4 dimensional object in 3 dimensional space.  But it would only really make sense to a 4 dimensional observer.&lt;/p&gt;
&lt;/div&gt;",False,False,False,,,,,0,1713966762.0,1713966762.0,0,,0,False,0,{},l11m9ia,False,,t3_1cbhf5y,False,,,,[],t1_l11m9ia,True,,t3_1cbhf5y,/r/AskPhysics/comments/1cbhf5y/can_we_simulate_a_4_dimensional_space_on_a_3/l11m9ia/,,,,False,1,False,True,False,AskPhysics,t5_2sumo,r/AskPhysics,public,,0,[],,1,[],t1
