,[],,,False,,HD60532,,,[],,,,text,t2_3rlkkck2,False,False,False,[],,,"-17.8 °C is indeed less cold than -57 °C. The freezer is better.  
However if the freezer is in Antarctica where average temperature is -57 °C, the contents of the freezer will be even colder than -57 °C. The -17.8 °C value is presumably for a freezer surrounded by a room temperature environment.

Say you had to choose between cold windy Antarctica, or a slightly colder but sheltered area. The winds will bring your body temperature down to the average much faster than in the shelter, even though the shelter is slightly colder. So you would live for a little longer in the shelter.","&lt;div class=""md""&gt;&lt;p&gt;-17.8 °C is indeed less cold than -57 °C. The freezer is better.&lt;br/&gt;
However if the freezer is in Antarctica where average temperature is -57 °C, the contents of the freezer will be even colder than -57 °C. The -17.8 °C value is presumably for a freezer surrounded by a room temperature environment.&lt;/p&gt;

&lt;p&gt;Say you had to choose between cold windy Antarctica, or a slightly colder but sheltered area. The winds will bring your body temperature down to the average much faster than in the shelter, even though the shelter is slightly colder. So you would live for a little longer in the shelter.&lt;/p&gt;
&lt;/div&gt;",False,False,False,,,,,0,1714077306.0,1714077306.0,0,,0,False,0,{},l1919w8,False,,t3_1ccsdhm,False,,,,[],t1_l1919w8,True,,t3_1ccsdhm,/r/AskPhysics/comments/1ccsdhm/cold_room_experiment/l1919w8/,,,,False,2,False,True,False,AskPhysics,t5_2sumo,r/AskPhysics,public,,0,[],,2,[],t1
data,[],,,False,,HD60532,,,[],,,,text,t2_3rlkkck2,False,False,False,[],,,"-17.8 °C is indeed less cold than -57 °C. The freezer is better.  
However if the freezer is in Antarctica where average temperature is -57 °C, the contents of the freezer will be even colder than -57 °C. The -17.8 °C value is presumably for a freezer surrounded by a room temperature environment.

Say you had to choose between cold windy Antarctica, or a slightly colder but sheltered area. The winds will bring your body temperature down to the average much faster than in the shelter, even though the shelter is slightly colder. So you would live for a little longer in the shelter.","&lt;div class=""md""&gt;&lt;p&gt;-17.8 °C is indeed less cold than -57 °C. The freezer is better.&lt;br/&gt;
However if the freezer is in Antarctica where average temperature is -57 °C, the contents of the freezer will be even colder than -57 °C. The -17.8 °C value is presumably for a freezer surrounded by a room temperature environment.&lt;/p&gt;

&lt;p&gt;Say you had to choose between cold windy Antarctica, or a slightly colder but sheltered area. The winds will bring your body temperature down to the average much faster than in the shelter, even though the shelter is slightly colder. So you would live for a little longer in the shelter.&lt;/p&gt;
&lt;/div&gt;",False,False,False,,,,,0,1714077306.0,1714077306.0,0,,0,False,0,{},l1919w8,False,,t3_1ccsdhm,False,,,,[],t1_l1919w8,True,,t3_1ccsdhm,/r/AskPhysics/comments/1ccsdhm/cold_room_experiment/l1919w8/,,,,False,2,False,True,False,AskPhysics,t5_2sumo,r/AskPhysics,public,,0,[],,2,[],t1
