,all_awardings,approved_at_utc,approved_by,archived,associated_award,author,author_flair_background_color,author_flair_css_class,author_flair_richtext,author_flair_template_id,author_flair_text,author_flair_text_color,author_flair_type,author_fullname,author_is_blocked,author_patreon_flair,author_premium,awarders,banned_at_utc,banned_by,body,body_html,can_gild,can_mod_post,collapsed,collapsed_because_crowd_control,collapsed_reason,collapsed_reason_code,comment_type,controversiality,created,created_utc,depth,distinguished,downs,edited,gilded,gildings,id,is_submitter,likes,link_id,locked,mod_note,mod_reason_by,mod_reason_title,mod_reports,name,no_follow,num_reports,parent_id,permalink,removal_reason,replies,report_reasons,saved,score,score_hidden,send_replies,stickied,subreddit,subreddit_id,subreddit_name_prefixed,subreddit_type,top_awarded_type,total_awards_received,treatment_tags,unrepliable_reason,ups,user_reports,kind
data,[],,,False,,jbtronics,,mat,[],7f4501c6-c6b2-11e4-bd93-22000b6d02ed,Condensed matter physics,dark,text,t2_11twzg,False,False,False,[],,,"He probably would not understand the questions, as the whole formulation of Maxwell equations with vector fields, and stuff like rotation and divergence, was done after Maxwells death. Maxwell himself had written down 20 equations with a lot of individual components, Oliver heaviside reduced that to the 4 equations we know today.

Therefore everything would look totally different to him, like he would expect.","&lt;div class=""md""&gt;&lt;p&gt;He probably would not understand the questions, as the whole formulation of Maxwell equations with vector fields, and stuff like rotation and divergence, was done after Maxwells death. Maxwell himself had written down 20 equations with a lot of individual components, Oliver heaviside reduced that to the 4 equations we know today.&lt;/p&gt;

&lt;p&gt;Therefore everything would look totally different to him, like he would expect.&lt;/p&gt;
&lt;/div&gt;",False,False,False,,,,,0,1714073266.0,1714073266.0,0,,0,1714080300.0,0,{},l18oxuw,False,,t3_1ccz9uj,False,,,,[],t1_l18oxuw,True,,t3_1ccz9uj,/r/AskPhysics/comments/1ccz9uj/if_maxwell_pulled_up_to_a_2024_electricity_and/l18oxuw/,,,,False,5,False,True,False,AskPhysics,t5_2sumo,r/AskPhysics,public,,0,[],,5,[],t1
data_1,[],,,False,,left_lane_camper,,atom,[],7812a6ec-c6b2-11e4-a485-22000b6e00bb,Optics and photonics,dark,text,t2_1m1e1z,False,False,False,[],,,"He might have some trouble with it, at least at first.

A lot of the stuff taught in a modern E&amp;M class are going to be results that were derived and/or experimentally confirmed after Maxwell's time and potentially using tools that did not exist in his time. So if the class presumes some level of familiarity with these sorts of things (modern devices, more modern mathematics, etc.), he might have some catching up to do.

On the topic of mathematical tools: the math we use to write and work with Maxwell's equations has come a *long* way since his time. Modern vector notation and an assumption of familiarity with vector algebra/identities/etc. wasn't really developed until the 20th century. While Maxwell was certainly capable of doing all the relevant math, he would first have to learn how we write it and what all our notation means and so on. Where we might write something like:

∇ x ( ∇ x **A**)

for taking the curl of the curl of the vector **A** and assume that the reader is familiar with this being equal to

∇ ( ∇ · **A** ) - ∇^2 **A**

which is very useful in showing how Maxwell's equations naturally lead to wave solutions, Maxwell would not have been familiar with the word ""curl"" nor the notation describing it. Instead, he would have written all of this out component by component and explicitly shown the underlying component algebra that would lead to the solution. I read [Drude's Theory of Optics](https://www.amazon.com/Theory-Optics-Dover-Books-Physics/dp/0486441652) (written at the very end of the 19th century, published in English at the start of the 20th) and all the vector stuff is written out component-wise and things we might write with just a couple symbols and easily read would take up an entire line and require a very careful reading of each component to understand what was going on. It gave me a real appreciation for how readable and compact our modern notation is. Maxwell likely would have found the modern notation very useful as well, though he would first have to learn it. We usually write his equations as being four or fewer in number, but with this original component-wise notation [he wrote them as *twenty* differential equations](https://www.researchgate.net/publication/302966559_Maxwell's_Original_Equations) (which we would have written as eight thanks to our more compact notation, and later combined into four or fewer).

Lastly, I expect there would be a bit of culture shock. The class and how people interact with each other (and technology) would likely seem fairly alien to him, which could make learning more difficult in it. [The past is a foreign country, they do things differently there.](https://www.goodreads.com/quotes/66426-the-past-is-a-foreign-country-they-do-things-differently)","&lt;div class=""md""&gt;&lt;p&gt;He might have some trouble with it, at least at first.&lt;/p&gt;

&lt;p&gt;A lot of the stuff taught in a modern E&amp;amp;M class are going to be results that were derived and/or experimentally confirmed after Maxwell&amp;#39;s time and potentially using tools that did not exist in his time. So if the class presumes some level of familiarity with these sorts of things (modern devices, more modern mathematics, etc.), he might have some catching up to do.&lt;/p&gt;

&lt;p&gt;On the topic of mathematical tools: the math we use to write and work with Maxwell&amp;#39;s equations has come a &lt;em&gt;long&lt;/em&gt; way since his time. Modern vector notation and an assumption of familiarity with vector algebra/identities/etc. wasn&amp;#39;t really developed until the 20th century. While Maxwell was certainly capable of doing all the relevant math, he would first have to learn how we write it and what all our notation means and so on. Where we might write something like:&lt;/p&gt;

&lt;p&gt;∇ x ( ∇ x &lt;strong&gt;A&lt;/strong&gt;)&lt;/p&gt;

&lt;p&gt;for taking the curl of the curl of the vector &lt;strong&gt;A&lt;/strong&gt; and assume that the reader is familiar with this being equal to&lt;/p&gt;

&lt;p&gt;∇ ( ∇ · &lt;strong&gt;A&lt;/strong&gt; ) - ∇&lt;sup&gt;2&lt;/sup&gt; &lt;strong&gt;A&lt;/strong&gt;&lt;/p&gt;

&lt;p&gt;which is very useful in showing how Maxwell&amp;#39;s equations naturally lead to wave solutions, Maxwell would not have been familiar with the word &amp;quot;curl&amp;quot; nor the notation describing it. Instead, he would have written all of this out component by component and explicitly shown the underlying component algebra that would lead to the solution. I read &lt;a href=""https://www.amazon.com/Theory-Optics-Dover-Books-Physics/dp/0486441652""&gt;Drude&amp;#39;s Theory of Optics&lt;/a&gt; (written at the very end of the 19th century, published in English at the start of the 20th) and all the vector stuff is written out component-wise and things we might write with just a couple symbols and easily read would take up an entire line and require a very careful reading of each component to understand what was going on. It gave me a real appreciation for how readable and compact our modern notation is. Maxwell likely would have found the modern notation very useful as well, though he would first have to learn it. We usually write his equations as being four or fewer in number, but with this original component-wise notation &lt;a href=""https://www.researchgate.net/publication/302966559_Maxwell&amp;#x27;s_Original_Equations""&gt;he wrote them as &lt;em&gt;twenty&lt;/em&gt; differential equations&lt;/a&gt; (which we would have written as eight thanks to our more compact notation, and later combined into four or fewer).&lt;/p&gt;

&lt;p&gt;Lastly, I expect there would be a bit of culture shock. The class and how people interact with each other (and technology) would likely seem fairly alien to him, which could make learning more difficult in it. &lt;a href=""https://www.goodreads.com/quotes/66426-the-past-is-a-foreign-country-they-do-things-differently""&gt;The past is a foreign country, they do things differently there.&lt;/a&gt;&lt;/p&gt;
&lt;/div&gt;",False,False,False,,,,,0,1714073787.0,1714073787.0,0,,0,1714074069.0,0,{},l18qjrn,False,,t3_1ccz9uj,False,,,,[],t1_l18qjrn,True,,t3_1ccz9uj,/r/AskPhysics/comments/1ccz9uj/if_maxwell_pulled_up_to_a_2024_electricity_and/l18qjrn/,,,,False,5,False,True,False,AskPhysics,t5_2sumo,r/AskPhysics,public,,0,[],,5,[],t1
