,all_awardings,approved_at_utc,approved_by,archived,associated_award,author,author_flair_background_color,author_flair_css_class,author_flair_richtext,author_flair_template_id,author_flair_text,author_flair_text_color,author_flair_type,author_fullname,author_is_blocked,author_patreon_flair,author_premium,awarders,banned_at_utc,banned_by,body,body_html,can_gild,can_mod_post,collapsed,collapsed_because_crowd_control,collapsed_reason,collapsed_reason_code,comment_type,controversiality,created,created_utc,depth,distinguished,downs,edited,gilded,gildings,id,is_submitter,likes,link_id,locked,mod_note,mod_reason_by,mod_reason_title,mod_reports,name,no_follow,num_reports,parent_id,permalink,removal_reason,replies,report_reasons,saved,score,score_hidden,send_replies,stickied,subreddit,subreddit_id,subreddit_name_prefixed,subreddit_type,top_awarded_type,total_awards_received,treatment_tags,unrepliable_reason,ups,user_reports,kind
data,[],,,False,,1strategist1,,,[],,,,text,t2_2r8ugb2,False,False,False,[],,,"I assume this is in response to this?

https://www.reddit.com/r/AskPhysics/comments/1ccs16p/if_vibration_is_known_to_be_everywhere_are_we/

Admittedly, there are a lot of people here who get snarky very quickly, but at least for that post and a lot of similar ones, there’s a reason. 

A lot of people here will ask nonsense questions based on false premises on the verge of “not even wrong”. People will see this, get exasperated, and leave a snarky comment letting you know the question makes no sense so can’t be answered. 

Then the poster often doubles down on the question, which is where downvoted comments come in. 

___

Your question was “If vibration is known to be everywhere, are we…”

That question just starts off with a false premise that really needs further explanation. Which you don’t give in the post. 

Then someone tells you that the question is nonsense in admittedly a snarky way. 

You didn’t provide clarification or ask how to make it not nonsense. Instead you doubled down in a *very* common way for crackpots on this sub, just saying that it’s anti-scientific to not think about and answer your question. 

___

Now I agree, people could be nicer in comments, even to crackpots, but you should understand that people on this sub are spending their free time answering people’s questions, and then a good portion of the time, the original poster doesn’t listen to what you say, and instead doubles down, calling you anti-science for not agreeing with their new, amazing theory. That can wear on you after a time, leading you to just downvote things that look like crackpottery instead of wasting time engaging. 

My advice to avoid getting downvotes is mainly to avoid looking like a crackpot. How to do that is:

- Don’t put false premises or assumptions in your post. Explain why you believe something, or if you’ve heard something, then ask the question. 

- If someone comments something you don’t agree with, respond with curiosity rather than implying that they’re against science. Maybe ask *why* your question doesn’t make sense. 

So for example “I’ve heard that everything is made of vibrations. Does that mean physics is just the search for how to describe vibrations?”

Even just that should minimize snarky comments like the “everything is nonsense” one, but if you do get something like that, you could ask “why is my question nonsense”?

___

Also, it’s just downvotes. Like, sure it’s annoying to not get validation, but if your question is being answered, who cares?","&lt;div class=""md""&gt;&lt;p&gt;I assume this is in response to this?&lt;/p&gt;

&lt;p&gt;&lt;a href=""https://www.reddit.com/r/AskPhysics/comments/1ccs16p/if_vibration_is_known_to_be_everywhere_are_we/""&gt;https://www.reddit.com/r/AskPhysics/comments/1ccs16p/if_vibration_is_known_to_be_everywhere_are_we/&lt;/a&gt;&lt;/p&gt;

&lt;p&gt;Admittedly, there are a lot of people here who get snarky very quickly, but at least for that post and a lot of similar ones, there’s a reason. &lt;/p&gt;

&lt;p&gt;A lot of people here will ask nonsense questions based on false premises on the verge of “not even wrong”. People will see this, get exasperated, and leave a snarky comment letting you know the question makes no sense so can’t be answered. &lt;/p&gt;

&lt;p&gt;Then the poster often doubles down on the question, which is where downvoted comments come in. &lt;/p&gt;

&lt;hr/&gt;

&lt;p&gt;Your question was “If vibration is known to be everywhere, are we…”&lt;/p&gt;

&lt;p&gt;That question just starts off with a false premise that really needs further explanation. Which you don’t give in the post. &lt;/p&gt;

&lt;p&gt;Then someone tells you that the question is nonsense in admittedly a snarky way. &lt;/p&gt;

&lt;p&gt;You didn’t provide clarification or ask how to make it not nonsense. Instead you doubled down in a &lt;em&gt;very&lt;/em&gt; common way for crackpots on this sub, just saying that it’s anti-scientific to not think about and answer your question. &lt;/p&gt;

&lt;hr/&gt;

&lt;p&gt;Now I agree, people could be nicer in comments, even to crackpots, but you should understand that people on this sub are spending their free time answering people’s questions, and then a good portion of the time, the original poster doesn’t listen to what you say, and instead doubles down, calling you anti-science for not agreeing with their new, amazing theory. That can wear on you after a time, leading you to just downvote things that look like crackpottery instead of wasting time engaging. &lt;/p&gt;

&lt;p&gt;My advice to avoid getting downvotes is mainly to avoid looking like a crackpot. How to do that is:&lt;/p&gt;

&lt;ul&gt;
&lt;li&gt;&lt;p&gt;Don’t put false premises or assumptions in your post. Explain why you believe something, or if you’ve heard something, then ask the question. &lt;/p&gt;&lt;/li&gt;
&lt;li&gt;&lt;p&gt;If someone comments something you don’t agree with, respond with curiosity rather than implying that they’re against science. Maybe ask &lt;em&gt;why&lt;/em&gt; your question doesn’t make sense. &lt;/p&gt;&lt;/li&gt;
&lt;/ul&gt;

&lt;p&gt;So for example “I’ve heard that everything is made of vibrations. Does that mean physics is just the search for how to describe vibrations?”&lt;/p&gt;

&lt;p&gt;Even just that should minimize snarky comments like the “everything is nonsense” one, but if you do get something like that, you could ask “why is my question nonsense”?&lt;/p&gt;

&lt;hr/&gt;

&lt;p&gt;Also, it’s just downvotes. Like, sure it’s annoying to not get validation, but if your question is being answered, who cares?&lt;/p&gt;
&lt;/div&gt;",False,False,False,,,,,0,1714074919.0,1714074919.0,0,,0,False,0,{},l18u137,False,,t3_1cd06nf,False,,,,[],t1_l18u137,True,,t3_1cd06nf,/r/AskPhysics/comments/1cd06nf/why_are_asking_questions_here_treated_so/l18u137/,,"{'kind': 'Listing', 'data': {'after': None, 'dist': None, 'modhash': None, 'geo_filter': '', 'children': [{'kind': 't1', 'data': {'subreddit_id': 't5_2sumo', 'approved_at_utc': None, 'author_is_blocked': False, 'comment_type': None, 'awarders': [], 'mod_reason_by': None, 'banned_by': None, 'author_flair_type': 'text', 'total_awards_received': 0, 'subreddit': 'AskPhysics', 'author_flair_template_id': None, 'likes': None, 'replies': '', 'user_reports': [], 'saved': False, 'id': 'l18vc1i', 'banned_at_utc': None, 'mod_reason_title': None, 'gilded': 0, 'archived': False, 'collapsed_reason_code': None, 'no_follow': True, 'author': 'Anonymous-USA', 'can_mod_post': False, 'created_utc': 1714075348.0, 'send_replies': True, 'parent_id': 't1_l18u137', 'score': 0, 'author_fullname': 't2_7h3ccwl3', 'removal_reason': None, 'approved_by': None, 'mod_note': None, 'all_awardings': [], 'body': 'My mama taught me if I have nothing kind to say, don’t say anything.  I remember that post and didn’t comment.\n\nI think most of those answers were correct: OP began with a false premise and then made a nonsensical conclusion even if the premise were true. \n\nThat said, OP shouldn’t take downvoting as being “treated negatively”.  I upvote good questions and correct answers, and downvote nonsensical posts and incorrect answers.  Nothing personal.  Upvoting will elevate the good questions and correct answers to the top of the Reddit sub.', 'edited': 1714075602.0, 'top_awarded_type': None, 'author_flair_css_class': None, 'name': 't1_l18vc1i', 'is_submitter': False, 'downs': 0, 'author_flair_richtext': [], 'author_patreon_flair': False, 'body_html': '&lt;div class=""md""&gt;&lt;p&gt;My mama taught me if I have nothing kind to say, don’t say anything.  I remember that post and didn’t comment.&lt;/p&gt;\n\n&lt;p&gt;I think most of those answers were correct: OP began with a false premise and then made a nonsensical conclusion even if the premise were true. &lt;/p&gt;\n\n&lt;p&gt;That said, OP shouldn’t take downvoting as being “treated negatively”.  I upvote good questions and correct answers, and downvote nonsensical posts and incorrect answers.  Nothing personal.  Upvoting will elevate the good questions and correct answers to the top of the Reddit sub.&lt;/p&gt;\n&lt;/div&gt;', 'gildings': {}, 'collapsed_reason': None, 'distinguished': None, 'associated_award': None, 'stickied': False, 'author_premium': False, 'can_gild': False, 'link_id': 't3_1cd06nf', 'unrepliable_reason': None, 'author_flair_text_color': None, 'score_hidden': False, 'permalink': '/r/AskPhysics/comments/1cd06nf/why_are_asking_questions_here_treated_so/l18vc1i/', 'subreddit_type': 'public', 'locked': False, 'report_reasons': None, 'created': 1714075348.0, 'author_flair_text': None, 'treatment_tags': [], 'collapsed': False, 'subreddit_name_prefixed': 'r/AskPhysics', 'controversiality': 1, 'depth': 1, 'author_flair_background_color': None, 'collapsed_because_crowd_control': None, 'mod_reports': [], 'num_reports': None, 'ups': 0}}, {'kind': 't1', 'data': {'subreddit_id': 't5_2sumo', 'approved_at_utc': None, 'author_is_blocked': False, 'comment_type': None, 'awarders': [], 'mod_reason_by': None, 'banned_by': None, 'author_flair_type': 'text', 'total_awards_received': 0, 'subreddit': 'AskPhysics', 'author_flair_template_id': None, 'likes': None, 'replies': {'kind': 'Listing', 'data': {'after': None, 'dist': None, 'modhash': None, 'geo_filter': '', 'children': [{'kind': 't1', 'data': {'subreddit_id': 't5_2sumo', 'approved_at_utc': None, 'author_is_blocked': False, 'comment_type': None, 'awarders': [], 'mod_reason_by': None, 'banned_by': None, 'author_flair_type': 'text', 'total_awards_received': 0, 'subreddit': 'AskPhysics', 'author_flair_template_id': None, 'likes': None, 'replies': {'kind': 'Listing', 'data': {'after': None, 'dist': None, 'modhash': None, 'geo_filter': '', 'children': [{'kind': 't1', 'data': {'subreddit_id': 't5_2sumo', 'approved_at_utc': None, 'author_is_blocked': False, 'comment_type': None, 'awarders': [], 'mod_reason_by': None, 'banned_by': None, 'author_flair_type': 'text', 'total_awards_received': 0, 'subreddit': 'AskPhysics', 'author_flair_template_id': None, 'likes': None, 'replies': {'kind': 'Listing', 'data': {'after': None, 'dist': None, 'modhash': None, 'geo_filter': '', 'children': [{'kind': 't1', 'data': {'subreddit_id': 't5_2sumo', 'approved_at_utc': None, 'author_is_blocked': False, 'comment_type': None, 'awarders': [], 'mod_reason_by': None, 'banned_by': None, 'author_flair_type': 'text', 'total_awards_received': 0, 'subreddit': 'AskPhysics', 'author_flair_template_id': None, 'distinguished': None, 'likes': None, 'replies': '', 'user_reports': [], 'saved': False, 'id': 'l192vag', 'banned_at_utc': None, 'mod_reason_title': None, 'gilded': 0, 'archived': False, 'collapsed_reason_code': None, 'no_follow': False, 'author': 'RichardMHP', 'can_mod_post': False, 'send_replies': True, 'parent_id': 't1_l191svl', 'score': 5, 'author_fullname': 't2_9hbgz', 'removal_reason': None, 'approved_by': None, 'mod_note': None, 'all_awardings': [], 'body': 'It isn\'t because you\'re ""asking questions""\n\nIt is because you\'re being unclear, argumentative, and engaging first and foremost with the answers you like the least.', 'edited': False, 'author_flair_css_class': None, 'name': 't1_l192vag', 'is_submitter': False, 'downs': 0, 'author_flair_richtext': [], 'author_patreon_flair': False, 'body_html': '&lt;div class=""md""&gt;&lt;p&gt;It isn&amp;#39;t because you&amp;#39;re &amp;quot;asking questions&amp;quot;&lt;/p&gt;\n\n&lt;p&gt;It is because you&amp;#39;re being unclear, argumentative, and engaging first and foremost with the answers you like the least.&lt;/p&gt;\n&lt;/div&gt;', 'gildings': {}, 'collapsed_reason': None, 'link_id': 't3_1cd06nf', 'associated_award': None, 'stickied': False, 'author_premium': False, 'can_gild': False, 'top_awarded_type': None, 'unrepliable_reason': None, 'author_flair_text_color': None, 'treatment_tags': [], 'score_hidden': False, 'permalink': '/r/AskPhysics/comments/1cd06nf/why_are_asking_questions_here_treated_so/l192vag/', 'subreddit_type': 'public', 'locked': False, 'report_reasons': None, 'created': 1714077844.0, 'author_flair_text': None, 'collapsed': False, 'created_utc': 1714077844.0, 'subreddit_name_prefixed': 'r/AskPhysics', 'controversiality': 0, 'depth': 4, 'author_flair_background_color': None, 'collapsed_because_crowd_control': None, 'mod_reports': [], 'num_reports': None, 'ups': 5}}, {'kind': 't1', 'data': {'subreddit_id': 't5_2sumo', 'approved_at_utc': None, 'author_is_blocked': False, 'comment_type': None, 'awarders': [], 'mod_reason_by': None, 'banned_by': None, 'author_flair_type': 'text', 'total_awards_received': 0, 'subreddit': 'AskPhysics', 'author_flair_template_id': None, 'distinguished': None, 'likes': None, 'replies': '', 'user_reports': [], 'saved': False, 'id': 'l1976e4', 'banned_at_utc': None, 'mod_reason_title': None, 'gilded': 0, 'archived': False, 'collapsed_reason_code': None, 'no_follow': True, 'author': '1strategist1', 'can_mod_post': False, 'send_replies': True, 'parent_id': 't1_l191svl', 'score': 2, 'author_fullname': 't2_2r8ugb2', 'removal_reason': None, 'approved_by': None, 'mod_note': None, 'all_awardings': [], 'body': ""Right, so you sent a link, which is what I meant by giving examples. That's great and allows people to actually engage with what you're saying, rather than just thinking you're making stuff up."", 'edited': False, 'author_flair_css_class': None, 'name': 't1_l1976e4', 'is_submitter': False, 'downs': 0, 'author_flair_richtext': [], 'author_patreon_flair': False, 'body_html': '&lt;div class=""md""&gt;&lt;p&gt;Right, so you sent a link, which is what I meant by giving examples. That&amp;#39;s great and allows people to actually engage with what you&amp;#39;re saying, rather than just thinking you&amp;#39;re making stuff up.&lt;/p&gt;\n&lt;/div&gt;', 'gildings': {}, 'collapsed_reason': None, 'link_id': 't3_1cd06nf', 'associated_award': None, 'stickied': False, 'author_premium': False, 'can_gild': False, 'top_awarded_type': None, 'unrepliable_reason': None, 'author_flair_text_color': None, 'treatment_tags': [], 'score_hidden': False, 'permalink': '/r/AskPhysics/comments/1cd06nf/why_are_asking_questions_here_treated_so/l1976e4/', 'subreddit_type': 'public', 'locked': False, 'report_reasons': None, 'created': 1714079305.0, 'author_flair_text': None, 'collapsed': False, 'created_utc': 1714079305.0, 'subreddit_name_prefixed': 'r/AskPhysics', 'controversiality': 0, 'depth': 4, 'author_flair_background_color': None, 'collapsed_because_crowd_control': None, 'mod_reports': [], 'num_reports': None, 'ups': 2}}], 'before': None}}, 'user_reports': [], 'saved': False, 'id': 'l191svl', 'banned_at_utc': None, 'mod_reason_title': None, 'gilded': 0, 'archived': False, 'collapsed_reason_code': None, 'no_follow': True, 'author': 'TheDudeIsStrange', 'can_mod_post': False, 'send_replies': True, 'parent_id': 't1_l1914cl', 'score': -1, 'author_fullname': 't2_u1soqdeeo', 'removal_reason': None, 'approved_by': None, 'mod_note': None, 'all_awardings': [], 'collapsed': False, 'body': ""Crackpottery? \n\nhttps://cymaticslab.com/blogs/news/the-fascinating-world-of-cymatics#:~:text=Many%20natural%20phenomena%2C%20such%20as,structures%20of%20these%20natural%20objects.\n\nIf you cut into an apple you can see a cymatic pattern. These patterns are everywhere.\n\n&gt;If your post was about cymatic patterns, it would have been a good idea to put that into the post so people would know that.\xa0\n\nI've tried, and the same things are said to me and constant bashing(name calling) for asking questions."", 'edited': False, 'top_awarded_type': None, 'author_flair_css_class': None, 'name': 't1_l191svl', 'is_submitter': False, 'downs': 0, 'author_flair_richtext': [], 'author_patreon_flair': False, 'body_html': '&lt;div class=""md""&gt;&lt;p&gt;Crackpottery? &lt;/p&gt;\n\n&lt;p&gt;&lt;a href=""https://cymaticslab.com/blogs/news/the-fascinating-world-of-cymatics#:%7E:text=Many%20natural%20phenomena%2C%20such%20as,structures%20of%20these%20natural%20objects""&gt;https://cymaticslab.com/blogs/news/the-fascinating-world-of-cymatics#:~:text=Many%20natural%20phenomena%2C%20such%20as,structures%20of%20these%20natural%20objects&lt;/a&gt;.&lt;/p&gt;\n\n&lt;p&gt;If you cut into an apple you can see a cymatic pattern. These patterns are everywhere.&lt;/p&gt;\n\n&lt;blockquote&gt;\n&lt;p&gt;If your post was about cymatic patterns, it would have been a good idea to put that into the post so people would know that.\xa0&lt;/p&gt;\n&lt;/blockquote&gt;\n\n&lt;p&gt;I&amp;#39;ve tried, and the same things are said to me and constant bashing(name calling) for asking questions.&lt;/p&gt;\n&lt;/div&gt;', 'gildings': {}, 'collapsed_reason': None, 'distinguished': None, 'associated_award': None, 'stickied': False, 'author_premium': False, 'can_gild': False, 'link_id': 't3_1cd06nf', 'unrepliable_reason': None, 'author_flair_text_color': None, 'score_hidden': False, 'permalink': '/r/AskPhysics/comments/1cd06nf/why_are_asking_questions_here_treated_so/l191svl/', 'subreddit_type': 'public', 'locked': False, 'report_reasons': None, 'created': 1714077483.0, 'author_flair_text': None, 'treatment_tags': [], 'created_utc': 1714077483.0, 'subreddit_name_prefixed': 'r/AskPhysics', 'controversiality': 0, 'depth': 3, 'author_flair_background_color': None, 'collapsed_because_crowd_control': None, 'mod_reports': [], 'num_reports': None, 'ups': -1}}], 'before': None}}, 'user_reports': [], 'saved': False, 'id': 'l1914cl', 'banned_at_utc': None, 'mod_reason_title': None, 'gilded': 0, 'archived': False, 'collapsed_reason_code': None, 'no_follow': True, 'author': '1strategist1', 'can_mod_post': False, 'send_replies': True, 'parent_id': 't1_l18vp8i', 'score': 2, 'author_fullname': 't2_2r8ugb2', 'removal_reason': None, 'approved_by': None, 'mod_note': None, 'all_awardings': [], 'body': ""&gt;\xa0I see these complex patterns throughout reality, not just on the external aspects, but when you cut into reality as well.\n\nSee, this is sort of what I’m talking about. Talking about seeing patterns “in external aspects and also cutting into reality” sounds like crackpottery. It’s almost always a good idea to give examples of what you’re talking about.\xa0\n\n&gt;\xa0It appears, and I'm not saying I'm correct, just appears as if cymatic patterns are only the 2D version of what reality is in\xa0\n\nIf your post was about cymatic patterns, it would have been a good idea to put that into the post so people would know that.\xa0"", 'edited': False, 'top_awarded_type': None, 'downs': 0, 'author_flair_css_class': None, 'name': 't1_l1914cl', 'is_submitter': False, 'collapsed': False, 'author_flair_richtext': [], 'author_patreon_flair': False, 'body_html': '&lt;div class=""md""&gt;&lt;blockquote&gt;\n&lt;p&gt;\xa0I see these complex patterns throughout reality, not just on the external aspects, but when you cut into reality as well.&lt;/p&gt;\n&lt;/blockquote&gt;\n\n&lt;p&gt;See, this is sort of what I’m talking about. Talking about seeing patterns “in external aspects and also cutting into reality” sounds like crackpottery. It’s almost always a good idea to give examples of what you’re talking about.\xa0&lt;/p&gt;\n\n&lt;blockquote&gt;\n&lt;p&gt;\xa0It appears, and I&amp;#39;m not saying I&amp;#39;m correct, just appears as if cymatic patterns are only the 2D version of what reality is in\xa0&lt;/p&gt;\n&lt;/blockquote&gt;\n\n&lt;p&gt;If your post was about cymatic patterns, it would have been a good idea to put that into the post so people would know that.\xa0&lt;/p&gt;\n&lt;/div&gt;', 'gildings': {}, 'collapsed_reason': None, 'distinguished': None, 'associated_award': None, 'stickied': False, 'author_premium': False, 'can_gild': False, 'link_id': 't3_1cd06nf', 'unrepliable_reason': None, 'author_flair_text_color': None, 'score_hidden': False, 'permalink': '/r/AskPhysics/comments/1cd06nf/why_are_asking_questions_here_treated_so/l1914cl/', 'subreddit_type': 'public', 'locked': False, 'report_reasons': None, 'created': 1714077254.0, 'author_flair_text': None, 'treatment_tags': [], 'created_utc': 1714077254.0, 'subreddit_name_prefixed': 'r/AskPhysics', 'controversiality': 0, 'depth': 2, 'author_flair_background_color': None, 'collapsed_because_crowd_control': None, 'mod_reports': [], 'num_reports': None, 'ups': 2}}, {'kind': 't1', 'data': {'subreddit_id': 't5_2sumo', 'approved_at_utc': None, 'author_is_blocked': False, 'comment_type': None, 'awarders': [], 'mod_reason_by': None, 'banned_by': None, 'author_flair_type': 'text', 'total_awards_received': 0, 'subreddit': 'AskPhysics', 'author_flair_template_id': None, 'likes': None, 'replies': '', 'user_reports': [], 'saved': False, 'id': 'l195lzt', 'banned_at_utc': None, 'mod_reason_title': None, 'gilded': 0, 'archived': False, 'collapsed_reason_code': None, 'no_follow': True, 'author': 'Dramatic-Pie-481', 'can_mod_post': False, 'send_replies': True, 'parent_id': 't1_l18vp8i', 'score': 1, 'author_fullname': 't2_ixbrzxr3', 'removal_reason': None, 'approved_by': None, 'mod_note': None, 'all_awardings': [], 'body': 'In general, questions come in different forms and have different purposes. Learning what kinds of questions can be asked is not easy. I feel you on this. I do not really know how one could learn how to ask *good* questions without getting into the weeds of the subject and asking questions that may or may not be good. However, there is a caveat. Trying to learn from asking questions on the Internet is like stumbling in the dark when compared to reading good books or attending lectures. If you’re serious about your last sentence, then you might want to learn some physics. Ask people on the Internet for advice on where to go from your current understanding. You have to be willing to ditch your bad intuition. Also, try using respectful language when speaking with others. It goes a long way.', 'edited': False, 'top_awarded_type': None, 'downs': 0, 'author_flair_css_class': None, 'name': 't1_l195lzt', 'is_submitter': False, 'collapsed': False, 'author_flair_richtext': [], 'author_patreon_flair': False, 'body_html': '&lt;div class=""md""&gt;&lt;p&gt;In general, questions come in different forms and have different purposes. Learning what kinds of questions can be asked is not easy. I feel you on this. I do not really know how one could learn how to ask &lt;em&gt;good&lt;/em&gt; questions without getting into the weeds of the subject and asking questions that may or may not be good. However, there is a caveat. Trying to learn from asking questions on the Internet is like stumbling in the dark when compared to reading good books or attending lectures. If you’re serious about your last sentence, then you might want to learn some physics. Ask people on the Internet for advice on where to go from your current understanding. You have to be willing to ditch your bad intuition. Also, try using respectful language when speaking with others. It goes a long way.&lt;/p&gt;\n&lt;/div&gt;', 'gildings': {}, 'collapsed_reason': None, 'distinguished': None, 'associated_award': None, 'stickied': False, 'author_premium': False, 'can_gild': False, 'link_id': 't3_1cd06nf', 'unrepliable_reason': None, 'author_flair_text_color': None, 'score_hidden': False, 'permalink': '/r/AskPhysics/comments/1cd06nf/why_are_asking_questions_here_treated_so/l195lzt/', 'subreddit_type': 'public', 'locked': False, 'report_reasons': None, 'created': 1714078767.0, 'author_flair_text': None, 'treatment_tags': [], 'created_utc': 1714078767.0, 'subreddit_name_prefixed': 'r/AskPhysics', 'controversiality': 0, 'depth': 2, 'author_flair_background_color': None, 'collapsed_because_crowd_control': None, 'mod_reports': [], 'num_reports': None, 'ups': 1}}], 'before': None}}, 'user_reports': [], 'saved': False, 'id': 'l18vp8i', 'banned_at_utc': None, 'mod_reason_title': None, 'gilded': 0, 'archived': False, 'collapsed_reason_code': None, 'no_follow': True, 'author': 'TheDudeIsStrange', 'can_mod_post': False, 'created_utc': 1714075470.0, 'send_replies': True, 'parent_id': 't1_l18u137', 'score': -4, 'author_fullname': 't2_u1soqdeeo', 'removal_reason': None, 'approved_by': None, 'mod_note': None, 'all_awardings': [], 'body': 'Thank you for a respectful response.\n\n&gt;assume this is in response to this?\n\n&gt;https://www.reddit.com/r/AskPhysics/comments/1ccs16p/if_vibration_is_known_to_be_everywhere_are_we\n\nOne of the examples, yes. Simply engaging in the comments lost 25+ points.  This isn\'t the only post it has occurred with. \n\nAdmittedly I don\'t comprehend all of the things physicists do. Which is why I\'m attempting to ask questions. I\'m also not a retard though, I\'ve tested high in many subjects of life. I enjoy knowledge and sometimes I notice some knowledge contradicts other knowledge and absolute truth become quite difficult to pin down.\n\nI watch ""sound waves"" produce complex shapes. I see these complex patterns throughout reality, not just on the external aspects, but when you cut into reality as well. \n\nIt appears, and I\'m not saying I\'m correct, just appears as if cymatic patterns are only the 2D version of what reality is in 3D. \n\nMaybe I do want to simplify things to much, but I\'m trying to figure out what is responsible for those complex formations of being...\n\nI don\'t care so much about being down voted, I\'m a grown ass man with a large family, I\'m not looking for validation, I\'m searching for understanding. I\'m searching for truths and how to best communicate the truths I find.', 'edited': False, 'top_awarded_type': None, 'author_flair_css_class': None, 'name': 't1_l18vp8i', 'is_submitter': False, 'downs': 0, 'author_flair_richtext': [], 'author_patreon_flair': False, 'body_html': '&lt;div class=""md""&gt;&lt;p&gt;Thank you for a respectful response.&lt;/p&gt;\n\n&lt;blockquote&gt;\n&lt;p&gt;assume this is in response to this?&lt;/p&gt;\n\n&lt;p&gt;&lt;a href=""https://www.reddit.com/r/AskPhysics/comments/1ccs16p/if_vibration_is_known_to_be_everywhere_are_we""&gt;https://www.reddit.com/r/AskPhysics/comments/1ccs16p/if_vibration_is_known_to_be_everywhere_are_we&lt;/a&gt;&lt;/p&gt;\n&lt;/blockquote&gt;\n\n&lt;p&gt;One of the examples, yes. Simply engaging in the comments lost 25+ points.  This isn&amp;#39;t the only post it has occurred with. &lt;/p&gt;\n\n&lt;p&gt;Admittedly I don&amp;#39;t comprehend all of the things physicists do. Which is why I&amp;#39;m attempting to ask questions. I&amp;#39;m also not a retard though, I&amp;#39;ve tested high in many subjects of life. I enjoy knowledge and sometimes I notice some knowledge contradicts other knowledge and absolute truth become quite difficult to pin down.&lt;/p&gt;\n\n&lt;p&gt;I watch &amp;quot;sound waves&amp;quot; produce complex shapes. I see these complex patterns throughout reality, not just on the external aspects, but when you cut into reality as well. &lt;/p&gt;\n\n&lt;p&gt;It appears, and I&amp;#39;m not saying I&amp;#39;m correct, just appears as if cymatic patterns are only the 2D version of what reality is in 3D. &lt;/p&gt;\n\n&lt;p&gt;Maybe I do want to simplify things to much, but I&amp;#39;m trying to figure out what is responsible for those complex formations of being...&lt;/p&gt;\n\n&lt;p&gt;I don&amp;#39;t care so much about being down voted, I&amp;#39;m a grown ass man with a large family, I&amp;#39;m not looking for validation, I&amp;#39;m searching for understanding. I&amp;#39;m searching for truths and how to best communicate the truths I find.&lt;/p&gt;\n&lt;/div&gt;', 'gildings': {}, 'collapsed_reason': None, 'distinguished': None, 'associated_award': None, 'stickied': False, 'author_premium': False, 'can_gild': False, 'link_id': 't3_1cd06nf', 'unrepliable_reason': None, 'author_flair_text_color': None, 'score_hidden': False, 'permalink': '/r/AskPhysics/comments/1cd06nf/why_are_asking_questions_here_treated_so/l18vp8i/', 'subreddit_type': 'public', 'locked': False, 'report_reasons': None, 'created': 1714075470.0, 'author_flair_text': None, 'treatment_tags': [], 'collapsed': False, 'subreddit_name_prefixed': 'r/AskPhysics', 'controversiality': 0, 'depth': 1, 'author_flair_background_color': None, 'collapsed_because_crowd_control': None, 'mod_reports': [], 'num_reports': None, 'ups': -4}}], 'before': None}}",,False,15,False,True,False,AskPhysics,t5_2sumo,r/AskPhysics,public,,0,[],,15,[],t1
data_1,[],,,False,,HD60532,,,[],,,,text,t2_3rlkkck2,False,False,False,[],,,"Physics is a very rigorous field, so for people who aren't trained in Physics it can be very hard to pose a question that even makes physical sense. There is a famous example where the very successful Physicist [Wolfgang Pauli](https://en.wikipedia.org/wiki/Wolfgang_Pauli) was shown a paper, and he remarked: ""That is not only not right; it is not even wrong"". If a question doesn't make physical sense and is 'not even wrong', it cannot be debated.","&lt;div class=""md""&gt;&lt;p&gt;Physics is a very rigorous field, so for people who aren&amp;#39;t trained in Physics it can be very hard to pose a question that even makes physical sense. There is a famous example where the very successful Physicist &lt;a href=""https://en.wikipedia.org/wiki/Wolfgang_Pauli""&gt;Wolfgang Pauli&lt;/a&gt; was shown a paper, and he remarked: &amp;quot;That is not only not right; it is not even wrong&amp;quot;. If a question doesn&amp;#39;t make physical sense and is &amp;#39;not even wrong&amp;#39;, it cannot be debated.&lt;/p&gt;
&lt;/div&gt;",False,False,False,,,,,0,1714074707.0,1714074707.0,0,,0,False,0,{},l18tdke,False,,t3_1cd06nf,False,,,,[],t1_l18tdke,True,,t3_1cd06nf,/r/AskPhysics/comments/1cd06nf/why_are_asking_questions_here_treated_so/l18tdke/,,,,False,10,False,True,False,AskPhysics,t5_2sumo,r/AskPhysics,public,,0,[],,10,[],t1
data_2,[],,,False,,Cryptizard,,,[],,,,text,t2_n0aht,False,False,False,[],,,I have only seen people get downvoted that get beligerent and argue that actually they somehow know the answer is wrong even though they are the ones that came here to ask the question in the first place.  I make a point of upvoting any good faith comments even if they are confused.,"&lt;div class=""md""&gt;&lt;p&gt;I have only seen people get downvoted that get beligerent and argue that actually they somehow know the answer is wrong even though they are the ones that came here to ask the question in the first place.  I make a point of upvoting any good faith comments even if they are confused.&lt;/p&gt;
&lt;/div&gt;",False,False,False,,,,,0,1714074331.0,1714074331.0,0,,0,False,0,{},l18s8cw,False,,t3_1cd06nf,False,,,,[],t1_l18s8cw,False,,t3_1cd06nf,/r/AskPhysics/comments/1cd06nf/why_are_asking_questions_here_treated_so/l18s8cw/,,"{'kind': 'Listing', 'data': {'after': None, 'dist': None, 'modhash': None, 'geo_filter': '', 'children': [{'kind': 't1', 'data': {'subreddit_id': 't5_2sumo', 'approved_at_utc': None, 'author_is_blocked': False, 'comment_type': None, 'awarders': [], 'mod_reason_by': None, 'banned_by': None, 'author_flair_type': 'text', 'total_awards_received': 0, 'subreddit': 'AskPhysics', 'author_flair_template_id': None, 'likes': None, 'replies': {'kind': 'Listing', 'data': {'after': None, 'dist': None, 'modhash': None, 'geo_filter': '', 'children': [{'kind': 't1', 'data': {'subreddit_id': 't5_2sumo', 'approved_at_utc': None, 'author_is_blocked': False, 'comment_type': None, 'awarders': [], 'mod_reason_by': None, 'banned_by': None, 'author_flair_type': 'text', 'total_awards_received': 0, 'subreddit': 'AskPhysics', 'author_flair_template_id': None, 'likes': None, 'replies': {'kind': 'Listing', 'data': {'after': None, 'dist': None, 'modhash': None, 'geo_filter': '', 'children': [{'kind': 't1', 'data': {'subreddit_id': 't5_2sumo', 'approved_at_utc': None, 'author_is_blocked': False, 'comment_type': None, 'awarders': [], 'mod_reason_by': None, 'banned_by': None, 'author_flair_type': 'text', 'total_awards_received': 0, 'subreddit': 'AskPhysics', 'author_flair_template_id': None, 'likes': None, 'replies': {'kind': 'Listing', 'data': {'after': None, 'dist': None, 'modhash': None, 'geo_filter': '', 'children': [{'kind': 't1', 'data': {'subreddit_id': 't5_2sumo', 'approved_at_utc': None, 'author_is_blocked': False, 'comment_type': None, 'awarders': [], 'mod_reason_by': None, 'banned_by': None, 'author_flair_type': 'text', 'total_awards_received': 0, 'subreddit': 'AskPhysics', 'author_flair_template_id': None, 'distinguished': None, 'likes': None, 'replies': {'kind': 'Listing', 'data': {'after': None, 'dist': None, 'modhash': None, 'geo_filter': '', 'children': [{'kind': 't1', 'data': {'subreddit_id': 't5_2sumo', 'approved_at_utc': None, 'author_is_blocked': False, 'comment_type': None, 'awarders': [], 'mod_reason_by': None, 'banned_by': None, 'author_flair_type': 'text', 'total_awards_received': 0, 'subreddit': 'AskPhysics', 'author_flair_template_id': None, 'distinguished': None, 'likes': None, 'replies': {'kind': 'Listing', 'data': {'after': None, 'dist': None, 'modhash': None, 'geo_filter': '', 'children': [{'kind': 't1', 'data': {'subreddit_id': 't5_2sumo', 'approved_at_utc': None, 'author_is_blocked': False, 'comment_type': None, 'awarders': [], 'mod_reason_by': None, 'banned_by': None, 'author_flair_type': 'text', 'total_awards_received': 0, 'subreddit': 'AskPhysics', 'author_flair_template_id': None, 'distinguished': None, 'likes': None, 'replies': '', 'user_reports': [], 'saved': False, 'id': 'l19061t', 'banned_at_utc': None, 'mod_reason_title': None, 'gilded': 0, 'archived': False, 'collapsed_reason_code': None, 'no_follow': False, 'author': 'RichardMHP', 'can_mod_post': False, 'send_replies': True, 'parent_id': 't1_l18zy5l', 'score': 3, 'author_fullname': 't2_9hbgz', 'approved_by': None, 'mod_note': None, 'all_awardings': [], 'collapsed': False, 'body': ""That's not really necessary."", 'edited': False, 'gildings': {}, 'author_flair_css_class': None, 'name': 't1_l19061t', 'is_submitter': False, 'downs': 0, 'author_flair_richtext': [], 'author_patreon_flair': False, 'body_html': '&lt;div class=""md""&gt;&lt;p&gt;That&amp;#39;s not really necessary.&lt;/p&gt;\n&lt;/div&gt;', 'removal_reason': None, 'collapsed_reason': None, 'link_id': 't3_1cd06nf', 'associated_award': None, 'stickied': False, 'author_premium': False, 'can_gild': False, 'top_awarded_type': None, 'unrepliable_reason': None, 'author_flair_text_color': None, 'score_hidden': False, 'permalink': '/r/AskPhysics/comments/1cd06nf/why_are_asking_questions_here_treated_so/l19061t/', 'subreddit_type': 'public', 'locked': False, 'report_reasons': None, 'created': 1714076940.0, 'author_flair_text': None, 'treatment_tags': [], 'created_utc': 1714076940.0, 'subreddit_name_prefixed': 'r/AskPhysics', 'controversiality': 0, 'depth': 6, 'author_flair_background_color': None, 'collapsed_because_crowd_control': None, 'mod_reports': [], 'num_reports': None, 'ups': 3}}], 'before': None}}, 'user_reports': [], 'saved': False, 'id': 'l18zy5l', 'banned_at_utc': None, 'mod_reason_title': None, 'gilded': 0, 'archived': False, 'collapsed_reason_code': None, 'no_follow': True, 'author': 'CowsCatsCannabis', 'can_mod_post': False, 'send_replies': True, 'parent_id': 't1_l18z6e2', 'score': -2, 'author_fullname': 't2_p78b0p000', 'approved_by': None, 'mod_note': None, 'all_awardings': [], 'body': 'You’re an intellectual giant compared to OP. They won’t reply coherently.', 'edited': False, 'gildings': {}, 'downs': 0, 'author_flair_css_class': None, 'name': 't1_l18zy5l', 'is_submitter': False, 'collapsed': False, 'author_flair_richtext': [], 'author_patreon_flair': False, 'body_html': '&lt;div class=""md""&gt;&lt;p&gt;You’re an intellectual giant compared to OP. They won’t reply coherently.&lt;/p&gt;\n&lt;/div&gt;', 'removal_reason': None, 'collapsed_reason': None, 'link_id': 't3_1cd06nf', 'associated_award': None, 'stickied': False, 'author_premium': False, 'can_gild': False, 'top_awarded_type': None, 'unrepliable_reason': None, 'author_flair_text_color': None, 'score_hidden': False, 'permalink': '/r/AskPhysics/comments/1cd06nf/why_are_asking_questions_here_treated_so/l18zy5l/', 'subreddit_type': 'public', 'locked': False, 'report_reasons': None, 'created': 1714076867.0, 'author_flair_text': None, 'treatment_tags': [], 'created_utc': 1714076867.0, 'subreddit_name_prefixed': 'r/AskPhysics', 'controversiality': 0, 'depth': 5, 'author_flair_background_color': None, 'collapsed_because_crowd_control': None, 'mod_reports': [], 'num_reports': None, 'ups': -2}}], 'before': None}}, 'user_reports': [], 'saved': False, 'id': 'l18z6e2', 'banned_at_utc': None, 'mod_reason_title': None, 'gilded': 0, 'archived': False, 'collapsed_reason_code': None, 'no_follow': False, 'author': 'RichardMHP', 'can_mod_post': False, 'send_replies': True, 'parent_id': 't1_l18x9cm', 'score': 5, 'author_fullname': 't2_9hbgz', 'removal_reason': None, 'approved_by': None, 'mod_note': None, 'all_awardings': [], 'body': '&gt;\n\n&gt;I\'ve had to delete comments and posts from this sub. I lost 25+ points on the one you are referring to. I ask questions that come to mind when someone responds. If they are an ass, I\'m aware of psychological mirrors that can be utilized.\n\nYou\'ve *chosen* to delete comments, and your current one is in the positive (well, it was when I looked, anyway). A whole hell of a lot of people get upvoted, and have good discussions here. Do you understand why putting **your personal experience** as if it\'s a universal experience of the entire sub might not read as the most good-faith question?\n\nIf you\'re more interested in ""utilizing psychological mirrors"" than in your question, then again, why are you surprised about getting downvotes? You know you can just block people and move on, right? You can leave up your questions and engage with the good-faith ones, you know that too, right?\n\nYou don\'t have to try to fight against someone who doesn\'t like your question, especially if you\'re going to wonder why you keep getting downvotes.\n\n&gt;Just because I understand people will behave piss poorly, I should avoid trying to understand reality better?\n\n...what? Bud, this is exactly the sort of thing that suggests you don\'t give a shit about getting answers, you want to piss people off, and seem to go for the ones that do.\n\nIf you\'ve got ""Life Experience"" and ""know how experienced people treat inexperienced people"", then what\'s the entire point of this whole post? You say you already know, so why are you asking?\n\nI don\'t know how to explain that people respond better to more open, less annoying approaches, but that\'s really the end of it. Not being annoying is, kinda-sorta, the best way to not be seen as... annoying.', 'edited': False, 'author_flair_css_class': None, 'name': 't1_l18z6e2', 'is_submitter': False, 'downs': 0, 'author_flair_richtext': [], 'author_patreon_flair': False, 'body_html': '&lt;div class=""md""&gt;&lt;blockquote&gt;\n&lt;p&gt;I&amp;#39;ve had to delete comments and posts from this sub. I lost 25+ points on the one you are referring to. I ask questions that come to mind when someone responds. If they are an ass, I&amp;#39;m aware of psychological mirrors that can be utilized.&lt;/p&gt;\n&lt;/blockquote&gt;\n\n&lt;p&gt;You&amp;#39;ve &lt;em&gt;chosen&lt;/em&gt; to delete comments, and your current one is in the positive (well, it was when I looked, anyway). A whole hell of a lot of people get upvoted, and have good discussions here. Do you understand why putting &lt;strong&gt;your personal experience&lt;/strong&gt; as if it&amp;#39;s a universal experience of the entire sub might not read as the most good-faith question?&lt;/p&gt;\n\n&lt;p&gt;If you&amp;#39;re more interested in &amp;quot;utilizing psychological mirrors&amp;quot; than in your question, then again, why are you surprised about getting downvotes? You know you can just block people and move on, right? You can leave up your questions and engage with the good-faith ones, you know that too, right?&lt;/p&gt;\n\n&lt;p&gt;You don&amp;#39;t have to try to fight against someone who doesn&amp;#39;t like your question, especially if you&amp;#39;re going to wonder why you keep getting downvotes.&lt;/p&gt;\n\n&lt;blockquote&gt;\n&lt;p&gt;Just because I understand people will behave piss poorly, I should avoid trying to understand reality better?&lt;/p&gt;\n&lt;/blockquote&gt;\n\n&lt;p&gt;...what? Bud, this is exactly the sort of thing that suggests you don&amp;#39;t give a shit about getting answers, you want to piss people off, and seem to go for the ones that do.&lt;/p&gt;\n\n&lt;p&gt;If you&amp;#39;ve got &amp;quot;Life Experience&amp;quot; and &amp;quot;know how experienced people treat inexperienced people&amp;quot;, then what&amp;#39;s the entire point of this whole post? You say you already know, so why are you asking?&lt;/p&gt;\n\n&lt;p&gt;I don&amp;#39;t know how to explain that people respond better to more open, less annoying approaches, but that&amp;#39;s really the end of it. Not being annoying is, kinda-sorta, the best way to not be seen as... annoying.&lt;/p&gt;\n&lt;/div&gt;', 'gildings': {}, 'collapsed_reason': None, 'link_id': 't3_1cd06nf', 'associated_award': None, 'stickied': False, 'author_premium': False, 'can_gild': False, 'top_awarded_type': None, 'unrepliable_reason': None, 'author_flair_text_color': None, 'treatment_tags': [], 'score_hidden': False, 'permalink': '/r/AskPhysics/comments/1cd06nf/why_are_asking_questions_here_treated_so/l18z6e2/', 'subreddit_type': 'public', 'locked': False, 'report_reasons': None, 'created': 1714076616.0, 'author_flair_text': None, 'collapsed': False, 'created_utc': 1714076616.0, 'subreddit_name_prefixed': 'r/AskPhysics', 'controversiality': 0, 'depth': 4, 'author_flair_background_color': None, 'collapsed_because_crowd_control': None, 'mod_reports': [], 'num_reports': None, 'ups': 5}}], 'before': None}}, 'user_reports': [], 'saved': False, 'id': 'l18x9cm', 'banned_at_utc': None, 'mod_reason_title': None, 'gilded': 0, 'archived': False, 'collapsed_reason_code': 'LOW_SCORE', 'no_follow': True, 'author': 'TheDudeIsStrange', 'can_mod_post': False, 'send_replies': True, 'parent_id': 't1_l18v41w', 'score': -5, 'author_fullname': 't2_u1soqdeeo', 'removal_reason': None, 'approved_by': None, 'mod_note': None, 'all_awardings': [], 'collapsed': True, 'body': 'I\'ve had to delete comments and posts from this sub. I lost 25+ points on the one you are referring to. I ask questions that come to mind when someone responds. If they are an ass, I\'m aware of psychological mirrors that can be utilized.\n\n&gt;On a similar note, if you ""suspect"" that your questions are going to be annoying, why in newton\'s entire name are you surprised that some people react with annoyance? Is it really that much of a incredible burden for people to ask you to find a way to pose your questions that isn\'t going to be inherently annoying?\n\nI have life experience I know how experienced people treat inexperienced people, no matter the field in question. Just because I understand people will behave piss poorly, I should avoid trying to understand reality better? How am I supposed to know how to approach a topic before I have the understanding of those I pose a question to?', 'edited': False, 'top_awarded_type': None, 'author_flair_css_class': None, 'name': 't1_l18x9cm', 'is_submitter': False, 'downs': 0, 'author_flair_richtext': [], 'author_patreon_flair': False, 'body_html': '&lt;div class=""md""&gt;&lt;p&gt;I&amp;#39;ve had to delete comments and posts from this sub. I lost 25+ points on the one you are referring to. I ask questions that come to mind when someone responds. If they are an ass, I&amp;#39;m aware of psychological mirrors that can be utilized.&lt;/p&gt;\n\n&lt;blockquote&gt;\n&lt;p&gt;On a similar note, if you &amp;quot;suspect&amp;quot; that your questions are going to be annoying, why in newton&amp;#39;s entire name are you surprised that some people react with annoyance? Is it really that much of a incredible burden for people to ask you to find a way to pose your questions that isn&amp;#39;t going to be inherently annoying?&lt;/p&gt;\n&lt;/blockquote&gt;\n\n&lt;p&gt;I have life experience I know how experienced people treat inexperienced people, no matter the field in question. Just because I understand people will behave piss poorly, I should avoid trying to understand reality better? How am I supposed to know how to approach a topic before I have the understanding of those I pose a question to?&lt;/p&gt;\n&lt;/div&gt;', 'gildings': {}, 'collapsed_reason': 'comment score below threshold', 'distinguished': None, 'associated_award': None, 'stickied': False, 'author_premium': False, 'can_gild': False, 'link_id': 't3_1cd06nf', 'unrepliable_reason': None, 'author_flair_text_color': None, 'score_hidden': False, 'permalink': '/r/AskPhysics/comments/1cd06nf/why_are_asking_questions_here_treated_so/l18x9cm/', 'subreddit_type': 'public', 'locked': False, 'report_reasons': None, 'created': 1714075987.0, 'author_flair_text': None, 'treatment_tags': [], 'created_utc': 1714075987.0, 'subreddit_name_prefixed': 'r/AskPhysics', 'controversiality': 0, 'depth': 3, 'author_flair_background_color': None, 'collapsed_because_crowd_control': None, 'mod_reports': [], 'num_reports': None, 'ups': -5}}], 'before': None}}, 'user_reports': [], 'saved': False, 'id': 'l18v41w', 'banned_at_utc': None, 'mod_reason_title': None, 'gilded': 0, 'archived': False, 'collapsed_reason_code': None, 'no_follow': False, 'author': 'RichardMHP', 'can_mod_post': False, 'send_replies': True, 'parent_id': 't1_l18stph', 'score': 8, 'author_fullname': 't2_9hbgz', 'removal_reason': None, 'approved_by': None, 'mod_note': None, 'all_awardings': [], 'body': 'You have a single post in this sub(at least lately, I didn\'t go back that far), and it has positive votes, and the single comment thread you have in that post that has downvotes is you engaging with someone who didn\'t find your question to be sensible, and you arguing with them.\n\nThe front page of this sub is filled with a large number of questions that have both positive karma *and* long and engaged response threads. \n\nThe idea that ""Asking questions"" generally is treated poorly here is not supported by the evidence available to even a casual investigation. \n\nThe reason most people who get downvoted here get downvoted is because many of the people who have done a lot of work to understand physics get very tired of being asked the same question over and over again by people who not only can\'t be bothered to investigate physics at even a basic level before launching into complicated subjects, but who can\'t be bothered to even check the older posts *in the sub itself*. \n\nFor instance, ""why are asking questions here treated so negatively"" is a subject that has been posted here many, many, many times before, and most of the discussion going on here has been covered in those threads as well. \n\nYou are not coming in with ill-intent, but that is unfortunately not the case for a **lot** of bad-faith questioners and argumentative jerks. Since it is functionally impossible for anyone to discern your intent before reading your posts, I might suggest that a great way to avoid having a few imaginary, unimportant internet popularity points removed from your score would be to look into doing one\'s best to **avoid** structuring questions in such a way as to be functionally identical to the bad-faith, ""I thought science was about asking questions"" dudes who regularly make enjoyment of talking about physics into such an utter fucking chore. \n\nOn a similar note, if you ""suspect"" that your questions are going to be annoying, why in newton\'s entire name are you surprised that some people react with annoyance? Is it really that much of a incredible burden for people to ask you to find a way to pose your questions that isn\'t going to be inherently annoying?', 'edited': False, 'top_awarded_type': None, 'downs': 0, 'author_flair_css_class': None, 'name': 't1_l18v41w', 'is_submitter': False, 'collapsed': False, 'author_flair_richtext': [], 'author_patreon_flair': False, 'body_html': '&lt;div class=""md""&gt;&lt;p&gt;You have a single post in this sub(at least lately, I didn&amp;#39;t go back that far), and it has positive votes, and the single comment thread you have in that post that has downvotes is you engaging with someone who didn&amp;#39;t find your question to be sensible, and you arguing with them.&lt;/p&gt;\n\n&lt;p&gt;The front page of this sub is filled with a large number of questions that have both positive karma &lt;em&gt;and&lt;/em&gt; long and engaged response threads. &lt;/p&gt;\n\n&lt;p&gt;The idea that &amp;quot;Asking questions&amp;quot; generally is treated poorly here is not supported by the evidence available to even a casual investigation. &lt;/p&gt;\n\n&lt;p&gt;The reason most people who get downvoted here get downvoted is because many of the people who have done a lot of work to understand physics get very tired of being asked the same question over and over again by people who not only can&amp;#39;t be bothered to investigate physics at even a basic level before launching into complicated subjects, but who can&amp;#39;t be bothered to even check the older posts &lt;em&gt;in the sub itself&lt;/em&gt;. &lt;/p&gt;\n\n&lt;p&gt;For instance, &amp;quot;why are asking questions here treated so negatively&amp;quot; is a subject that has been posted here many, many, many times before, and most of the discussion going on here has been covered in those threads as well. &lt;/p&gt;\n\n&lt;p&gt;You are not coming in with ill-intent, but that is unfortunately not the case for a &lt;strong&gt;lot&lt;/strong&gt; of bad-faith questioners and argumentative jerks. Since it is functionally impossible for anyone to discern your intent before reading your posts, I might suggest that a great way to avoid having a few imaginary, unimportant internet popularity points removed from your score would be to look into doing one&amp;#39;s best to &lt;strong&gt;avoid&lt;/strong&gt; structuring questions in such a way as to be functionally identical to the bad-faith, &amp;quot;I thought science was about asking questions&amp;quot; dudes who regularly make enjoyment of talking about physics into such an utter fucking chore. &lt;/p&gt;\n\n&lt;p&gt;On a similar note, if you &amp;quot;suspect&amp;quot; that your questions are going to be annoying, why in newton&amp;#39;s entire name are you surprised that some people react with annoyance? Is it really that much of a incredible burden for people to ask you to find a way to pose your questions that isn&amp;#39;t going to be inherently annoying?&lt;/p&gt;\n&lt;/div&gt;', 'gildings': {}, 'collapsed_reason': None, 'distinguished': None, 'associated_award': None, 'stickied': False, 'author_premium': False, 'can_gild': False, 'link_id': 't3_1cd06nf', 'unrepliable_reason': None, 'author_flair_text_color': None, 'score_hidden': False, 'permalink': '/r/AskPhysics/comments/1cd06nf/why_are_asking_questions_here_treated_so/l18v41w/', 'subreddit_type': 'public', 'locked': False, 'report_reasons': None, 'created': 1714075275.0, 'author_flair_text': None, 'treatment_tags': [], 'created_utc': 1714075275.0, 'subreddit_name_prefixed': 'r/AskPhysics', 'controversiality': 0, 'depth': 2, 'author_flair_background_color': None, 'collapsed_because_crowd_control': None, 'mod_reports': [], 'num_reports': None, 'ups': 8}}], 'before': None}}, 'user_reports': [], 'saved': False, 'id': 'l18stph', 'banned_at_utc': None, 'mod_reason_title': None, 'gilded': 0, 'archived': False, 'collapsed_reason_code': None, 'no_follow': True, 'author': 'TheDudeIsStrange', 'can_mod_post': False, 'created_utc': 1714074527.0, 'send_replies': True, 'parent_id': 't1_l18s8cw', 'score': -3, 'author_fullname': 't2_u1soqdeeo', 'removal_reason': None, 'approved_by': None, 'mod_note': None, 'all_awardings': [], 'body': ""Thanks for being pleasant. That has not been my experience. I'm neither belligerent nor argue to be an ass. I ask questions that I suspect annoy others, but it isn't my intent."", 'edited': False, 'top_awarded_type': None, 'author_flair_css_class': None, 'name': 't1_l18stph', 'is_submitter': False, 'downs': 0, 'author_flair_richtext': [], 'author_patreon_flair': False, 'body_html': '&lt;div class=""md""&gt;&lt;p&gt;Thanks for being pleasant. That has not been my experience. I&amp;#39;m neither belligerent nor argue to be an ass. I ask questions that I suspect annoy others, but it isn&amp;#39;t my intent.&lt;/p&gt;\n&lt;/div&gt;', 'gildings': {}, 'collapsed_reason': None, 'distinguished': None, 'associated_award': None, 'stickied': False, 'author_premium': False, 'can_gild': False, 'link_id': 't3_1cd06nf', 'unrepliable_reason': None, 'author_flair_text_color': None, 'score_hidden': False, 'permalink': '/r/AskPhysics/comments/1cd06nf/why_are_asking_questions_here_treated_so/l18stph/', 'subreddit_type': 'public', 'locked': False, 'report_reasons': None, 'created': 1714074527.0, 'author_flair_text': None, 'treatment_tags': [], 'collapsed': False, 'subreddit_name_prefixed': 'r/AskPhysics', 'controversiality': 1, 'depth': 1, 'author_flair_background_color': None, 'collapsed_because_crowd_control': None, 'mod_reports': [], 'num_reports': None, 'ups': -3}}], 'before': None}}",,False,11,False,True,False,AskPhysics,t5_2sumo,r/AskPhysics,public,,0,[],,11,[],t1
data_3,[],,,False,,Odd_Bodkin,,,[],,,,text,t2_ic8an,False,False,False,[],,,"Advice to newcomers. If you have a grand-scale idea and want to float it to see if it has any legs, then you are likely going to get a quick reply that deflates the idea with an obvious objection -- take that. It doesn't matter whether you are still enamored of the idea. If someone knowledgeable in the subject tells you it has no legs, then it doesn't. So ball up that piece of paper and throw it in the trash.

If you get a recommendation that the best place to start with learning the basics of physics is to go to a used bookstore and get an introductory textbook -- do that. You will get a better feel for what physics is about and how physicists think about things. 

Feynman gave a TV interviewer the comment that he didn't know how to explain something to the interviewer because he had no idea what basic understandings the interviewer already had. Unless there is an agreed-upon common base ground on a few things, then there is no point where you can say, no, here is where your thinking went wrong, or, here is where known facts just don't support what you are supposing. 

It's pretty easy to tell, by someone who knows a little physics, when someone else knows a little physics, just by how they ask the question. When it's clear that there's no common base ground, Feynman's shrug comes into play.","&lt;div class=""md""&gt;&lt;p&gt;Advice to newcomers. If you have a grand-scale idea and want to float it to see if it has any legs, then you are likely going to get a quick reply that deflates the idea with an obvious objection -- take that. It doesn&amp;#39;t matter whether you are still enamored of the idea. If someone knowledgeable in the subject tells you it has no legs, then it doesn&amp;#39;t. So ball up that piece of paper and throw it in the trash.&lt;/p&gt;

&lt;p&gt;If you get a recommendation that the best place to start with learning the basics of physics is to go to a used bookstore and get an introductory textbook -- do that. You will get a better feel for what physics is about and how physicists think about things. &lt;/p&gt;

&lt;p&gt;Feynman gave a TV interviewer the comment that he didn&amp;#39;t know how to explain something to the interviewer because he had no idea what basic understandings the interviewer already had. Unless there is an agreed-upon common base ground on a few things, then there is no point where you can say, no, here is where your thinking went wrong, or, here is where known facts just don&amp;#39;t support what you are supposing. &lt;/p&gt;

&lt;p&gt;It&amp;#39;s pretty easy to tell, by someone who knows a little physics, when someone else knows a little physics, just by how they ask the question. When it&amp;#39;s clear that there&amp;#39;s no common base ground, Feynman&amp;#39;s shrug comes into play.&lt;/p&gt;
&lt;/div&gt;",False,False,False,,,,,0,1714074968.0,1714074968.0,0,,0,False,0,{},l18u6h1,False,,t3_1cd06nf,False,,,,[],t1_l18u6h1,False,,t3_1cd06nf,/r/AskPhysics/comments/1cd06nf/why_are_asking_questions_here_treated_so/l18u6h1/,,"{'kind': 'Listing', 'data': {'after': None, 'dist': None, 'modhash': None, 'geo_filter': '', 'children': [{'kind': 't1', 'data': {'subreddit_id': 't5_2sumo', 'approved_at_utc': None, 'author_is_blocked': False, 'comment_type': None, 'awarders': [], 'mod_reason_by': None, 'banned_by': None, 'author_flair_type': 'text', 'total_awards_received': 0, 'subreddit': 'AskPhysics', 'author_flair_template_id': None, 'likes': None, 'replies': {'kind': 'Listing', 'data': {'after': None, 'dist': None, 'modhash': None, 'geo_filter': '', 'children': [{'kind': 't1', 'data': {'subreddit_id': 't5_2sumo', 'approved_at_utc': None, 'author_is_blocked': False, 'comment_type': None, 'awarders': [], 'mod_reason_by': None, 'banned_by': None, 'author_flair_type': 'text', 'total_awards_received': 0, 'subreddit': 'AskPhysics', 'author_flair_template_id': None, 'likes': None, 'replies': {'kind': 'Listing', 'data': {'after': None, 'dist': None, 'modhash': None, 'geo_filter': '', 'children': [{'kind': 't1', 'data': {'subreddit_id': 't5_2sumo', 'approved_at_utc': None, 'author_is_blocked': False, 'comment_type': None, 'awarders': [], 'mod_reason_by': None, 'banned_by': None, 'author_flair_type': 'text', 'total_awards_received': 0, 'subreddit': 'AskPhysics', 'author_flair_template_id': None, 'likes': None, 'replies': {'kind': 'Listing', 'data': {'after': None, 'dist': None, 'modhash': None, 'geo_filter': '', 'children': [{'kind': 't1', 'data': {'subreddit_id': 't5_2sumo', 'approved_at_utc': None, 'author_is_blocked': False, 'comment_type': None, 'awarders': [], 'mod_reason_by': None, 'banned_by': None, 'author_flair_type': 'text', 'total_awards_received': 0, 'subreddit': 'AskPhysics', 'author_flair_template_id': None, 'distinguished': None, 'likes': None, 'replies': '', 'user_reports': [], 'saved': False, 'id': 'l19e16t', 'banned_at_utc': None, 'mod_reason_title': None, 'gilded': 0, 'archived': False, 'collapsed_reason_code': None, 'no_follow': True, 'author': 'Odd_Bodkin', 'can_mod_post': False, 'send_replies': True, 'parent_id': 't1_l190jg5', 'score': 2, 'author_fullname': 't2_ic8an', 'removal_reason': None, 'approved_by': None, 'mod_note': None, 'all_awardings': [], 'body': ""Perfect example of a base ground that is not commonly understood between the two of us. I have no idea what you're talking about. \n\nWhere's the COMMONLY UNDERSTOOD base ground?"", 'edited': False, 'author_flair_css_class': None, 'name': 't1_l19e16t', 'is_submitter': False, 'downs': 0, 'author_flair_richtext': [], 'author_patreon_flair': False, 'body_html': '&lt;div class=""md""&gt;&lt;p&gt;Perfect example of a base ground that is not commonly understood between the two of us. I have no idea what you&amp;#39;re talking about. &lt;/p&gt;\n\n&lt;p&gt;Where&amp;#39;s the COMMONLY UNDERSTOOD base ground?&lt;/p&gt;\n&lt;/div&gt;', 'gildings': {}, 'collapsed_reason': None, 'link_id': 't3_1cd06nf', 'associated_award': None, 'stickied': False, 'author_premium': False, 'can_gild': False, 'top_awarded_type': None, 'unrepliable_reason': None, 'author_flair_text_color': None, 'treatment_tags': [], 'score_hidden': False, 'permalink': '/r/AskPhysics/comments/1cd06nf/why_are_asking_questions_here_treated_so/l19e16t/', 'subreddit_type': 'public', 'locked': False, 'report_reasons': None, 'created': 1714081736.0, 'author_flair_text': None, 'collapsed': False, 'created_utc': 1714081736.0, 'subreddit_name_prefixed': 'r/AskPhysics', 'controversiality': 0, 'depth': 4, 'author_flair_background_color': None, 'collapsed_because_crowd_control': None, 'mod_reports': [], 'num_reports': None, 'ups': 2}}], 'before': None}}, 'user_reports': [], 'saved': False, 'id': 'l190jg5', 'banned_at_utc': None, 'mod_reason_title': None, 'gilded': 0, 'archived': False, 'collapsed_reason_code': None, 'no_follow': True, 'author': 'TheDudeIsStrange', 'can_mod_post': False, 'send_replies': True, 'parent_id': 't1_l18yyty', 'score': -2, 'author_fullname': 't2_u1soqdeeo', 'removal_reason': None, 'approved_by': None, 'mod_note': None, 'all_awardings': [], 'collapsed': False, 'body': 'Nature offers the original Symbolism and we use a crude form of symbols in an attempt to explain nature.', 'edited': False, 'top_awarded_type': None, 'author_flair_css_class': None, 'name': 't1_l190jg5', 'is_submitter': False, 'downs': 0, 'author_flair_richtext': [], 'author_patreon_flair': False, 'body_html': '&lt;div class=""md""&gt;&lt;p&gt;Nature offers the original Symbolism and we use a crude form of symbols in an attempt to explain nature.&lt;/p&gt;\n&lt;/div&gt;', 'gildings': {}, 'collapsed_reason': None, 'distinguished': None, 'associated_award': None, 'stickied': False, 'author_premium': False, 'can_gild': False, 'link_id': 't3_1cd06nf', 'unrepliable_reason': None, 'author_flair_text_color': None, 'score_hidden': False, 'permalink': '/r/AskPhysics/comments/1cd06nf/why_are_asking_questions_here_treated_so/l190jg5/', 'subreddit_type': 'public', 'locked': False, 'report_reasons': None, 'created': 1714077063.0, 'author_flair_text': None, 'treatment_tags': [], 'created_utc': 1714077063.0, 'subreddit_name_prefixed': 'r/AskPhysics', 'controversiality': 0, 'depth': 3, 'author_flair_background_color': None, 'collapsed_because_crowd_control': None, 'mod_reports': [], 'num_reports': None, 'ups': -2}}], 'before': None}}, 'user_reports': [], 'saved': False, 'id': 'l18yyty', 'banned_at_utc': None, 'mod_reason_title': None, 'gilded': 0, 'archived': False, 'collapsed_reason_code': None, 'no_follow': False, 'author': 'Odd_Bodkin', 'can_mod_post': False, 'send_replies': True, 'parent_id': 't1_l18xjh1', 'score': 4, 'author_fullname': 't2_ic8an', 'removal_reason': None, 'approved_by': None, 'mod_note': None, 'all_awardings': [], 'body': ""Well, since you offered no symbols or questions about those symbols, it's a little hard to judge. Where's the understood common base ground about what you know?"", 'edited': False, 'top_awarded_type': None, 'downs': 0, 'author_flair_css_class': None, 'name': 't1_l18yyty', 'is_submitter': False, 'collapsed': False, 'author_flair_richtext': [], 'author_patreon_flair': False, 'body_html': '&lt;div class=""md""&gt;&lt;p&gt;Well, since you offered no symbols or questions about those symbols, it&amp;#39;s a little hard to judge. Where&amp;#39;s the understood common base ground about what you know?&lt;/p&gt;\n&lt;/div&gt;', 'gildings': {}, 'collapsed_reason': None, 'distinguished': None, 'associated_award': None, 'stickied': False, 'author_premium': False, 'can_gild': False, 'link_id': 't3_1cd06nf', 'unrepliable_reason': None, 'author_flair_text_color': None, 'score_hidden': False, 'permalink': '/r/AskPhysics/comments/1cd06nf/why_are_asking_questions_here_treated_so/l18yyty/', 'subreddit_type': 'public', 'locked': False, 'report_reasons': None, 'created': 1714076548.0, 'author_flair_text': None, 'treatment_tags': [], 'created_utc': 1714076548.0, 'subreddit_name_prefixed': 'r/AskPhysics', 'controversiality': 0, 'depth': 2, 'author_flair_background_color': None, 'collapsed_because_crowd_control': None, 'mod_reports': [], 'num_reports': None, 'ups': 4}}], 'before': None}}, 'user_reports': [], 'saved': False, 'id': 'l18xjh1', 'banned_at_utc': None, 'mod_reason_title': None, 'gilded': 0, 'archived': False, 'collapsed_reason_code': None, 'no_follow': True, 'author': 'TheDudeIsStrange', 'can_mod_post': False, 'created_utc': 1714076079.0, 'send_replies': True, 'parent_id': 't1_l18u6h1', 'score': 1, 'author_fullname': 't2_u1soqdeeo', 'removal_reason': None, 'approved_by': None, 'mod_note': None, 'all_awardings': [], 'body': 'Is it possible that there is a misunderstanding of the symbols being utilized to question or explain the knowledge sought after?', 'edited': False, 'top_awarded_type': None, 'author_flair_css_class': None, 'name': 't1_l18xjh1', 'is_submitter': False, 'downs': 0, 'author_flair_richtext': [], 'author_patreon_flair': False, 'body_html': '&lt;div class=""md""&gt;&lt;p&gt;Is it possible that there is a misunderstanding of the symbols being utilized to question or explain the knowledge sought after?&lt;/p&gt;\n&lt;/div&gt;', 'gildings': {}, 'collapsed_reason': None, 'distinguished': None, 'associated_award': None, 'stickied': False, 'author_premium': False, 'can_gild': False, 'link_id': 't3_1cd06nf', 'unrepliable_reason': None, 'author_flair_text_color': None, 'score_hidden': False, 'permalink': '/r/AskPhysics/comments/1cd06nf/why_are_asking_questions_here_treated_so/l18xjh1/', 'subreddit_type': 'public', 'locked': False, 'report_reasons': None, 'created': 1714076079.0, 'author_flair_text': None, 'treatment_tags': [], 'collapsed': False, 'subreddit_name_prefixed': 'r/AskPhysics', 'controversiality': 0, 'depth': 1, 'author_flair_background_color': None, 'collapsed_because_crowd_control': None, 'mod_reports': [], 'num_reports': None, 'ups': 1}}], 'before': None}}",,False,6,False,True,False,AskPhysics,t5_2sumo,r/AskPhysics,public,,0,[],,6,[],t1
data_4,[],,,False,,dvali,,,[],,,,text,t2_urft1,False,False,False,[],,,"You aren't treated like scum, people are just tired of answering all the same completely absurd questions that could have easily been asked with 15 seconds on Google. There is hardly any actual physics discussion here because half the questions are correctly answered with ""that's nothing to do with physics"" and the other half are pure crank. Legitimate and interesting questions are the exception, not the rule.","&lt;div class=""md""&gt;&lt;p&gt;You aren&amp;#39;t treated like scum, people are just tired of answering all the same completely absurd questions that could have easily been asked with 15 seconds on Google. There is hardly any actual physics discussion here because half the questions are correctly answered with &amp;quot;that&amp;#39;s nothing to do with physics&amp;quot; and the other half are pure crank. Legitimate and interesting questions are the exception, not the rule.&lt;/p&gt;
&lt;/div&gt;",False,False,False,,,,,0,1714076642.0,1714076642.0,0,,0,False,0,{},l18z98j,False,,t3_1cd06nf,False,,,,[],t1_l18z98j,True,,t3_1cd06nf,/r/AskPhysics/comments/1cd06nf/why_are_asking_questions_here_treated_so/l18z98j/,,,,False,2,False,True,False,AskPhysics,t5_2sumo,r/AskPhysics,public,,0,[],,2,[],t1
data_5,[],,,False,,The_Nerdy_Ninja,,,[],,,,text,t2_5hh2f2hw,False,False,False,[],,,"Most of your post history is posting questions that you seem to think are ""deep"" somehow, but physics is science, just because you think something sounds deep or significant doesn't mean it makes sense scientifically. Asking sincere questions isn't generally going to get downvoted, but asking questions and then showing an unwillingness to actually try to understand the real science and the real logic that answers your question definitely will.","&lt;div class=""md""&gt;&lt;p&gt;Most of your post history is posting questions that you seem to think are &amp;quot;deep&amp;quot; somehow, but physics is science, just because you think something sounds deep or significant doesn&amp;#39;t mean it makes sense scientifically. Asking sincere questions isn&amp;#39;t generally going to get downvoted, but asking questions and then showing an unwillingness to actually try to understand the real science and the real logic that answers your question definitely will.&lt;/p&gt;
&lt;/div&gt;",False,False,False,,,,,0,1714077059.0,1714077059.0,0,,0,False,0,{},l190j14,False,,t3_1cd06nf,False,,,,[],t1_l190j14,True,,t3_1cd06nf,/r/AskPhysics/comments/1cd06nf/why_are_asking_questions_here_treated_so/l190j14/,,,,False,2,False,True,False,AskPhysics,t5_2sumo,r/AskPhysics,public,,0,[],,2,[],t1
data_6,[],,,False,,Kraz_I,,other,[],95dad5a0-c6b2-11e4-b741-22000b6e00bb,Engineering,dark,text,t2_d9g6t,False,False,False,[],,,"Because this is Reddit, not a university or even a curated forum. Anybody can come here and downvote, and most of them don’t even comment. Most of the people here aren’t physicists or teachers. Maybe they’re science enthusiasts. But they’re just here for another dopamine hit like every other subreddit, and when you’re repeating the same question that’s been asked 5 times today, you’re not giving them new content.","&lt;div class=""md""&gt;&lt;p&gt;Because this is Reddit, not a university or even a curated forum. Anybody can come here and downvote, and most of them don’t even comment. Most of the people here aren’t physicists or teachers. Maybe they’re science enthusiasts. But they’re just here for another dopamine hit like every other subreddit, and when you’re repeating the same question that’s been asked 5 times today, you’re not giving them new content.&lt;/p&gt;
&lt;/div&gt;",False,False,False,,,,,0,1714074346.0,1714074346.0,0,,0,False,0,{},l18s9vy,False,,t3_1cd06nf,False,,,,[],t1_l18s9vy,True,,t3_1cd06nf,/r/AskPhysics/comments/1cd06nf/why_are_asking_questions_here_treated_so/l18s9vy/,,"{'kind': 'Listing', 'data': {'after': None, 'dist': None, 'modhash': None, 'geo_filter': '', 'children': [{'kind': 't1', 'data': {'subreddit_id': 't5_2sumo', 'approved_at_utc': None, 'author_is_blocked': False, 'comment_type': None, 'awarders': [], 'mod_reason_by': None, 'banned_by': None, 'author_flair_type': 'text', 'total_awards_received': 0, 'subreddit': 'AskPhysics', 'author_flair_template_id': None, 'likes': None, 'replies': {'kind': 'Listing', 'data': {'after': None, 'dist': None, 'modhash': None, 'geo_filter': '', 'children': [{'kind': 't1', 'data': {'subreddit_id': 't5_2sumo', 'approved_at_utc': None, 'author_is_blocked': False, 'comment_type': None, 'awarders': [], 'mod_reason_by': None, 'banned_by': None, 'author_flair_type': 'text', 'total_awards_received': 0, 'subreddit': 'AskPhysics', 'author_flair_template_id': None, 'likes': None, 'replies': {'kind': 'Listing', 'data': {'after': None, 'dist': None, 'modhash': None, 'geo_filter': '', 'children': [{'kind': 't1', 'data': {'subreddit_id': 't5_2sumo', 'approved_at_utc': None, 'author_is_blocked': False, 'comment_type': None, 'awarders': [], 'mod_reason_by': None, 'banned_by': None, 'author_flair_type': 'text', 'total_awards_received': 0, 'subreddit': 'AskPhysics', 'author_flair_template_id': None, 'likes': None, 'replies': '', 'user_reports': [], 'saved': False, 'id': 'l18zxpk', 'banned_at_utc': None, 'mod_reason_title': None, 'gilded': 0, 'archived': False, 'collapsed_reason_code': None, 'no_follow': True, 'author': 'TheDudeIsStrange', 'can_mod_post': False, 'send_replies': True, 'parent_id': 't1_l18yg3q', 'score': 0, 'author_fullname': 't2_u1soqdeeo', 'removal_reason': None, 'approved_by': None, 'mod_note': None, 'all_awardings': [], 'collapsed': False, 'body': 'Those are the same approaches by the ""masters"" of every subject. I can discuss things about mythology, metaphysics, philosophy, magic(Aristotle wrote a book on magic that almost didn\'t survive), or a number of other subjects that I am quite adept at and still the same responses are given to me. \n\nI\'m not a crackpot. I\'ve studied thousands of great minds. \n\nI am not comparing myself to the greats of history, but I noticed that many of the greats in history were also treated as crackpots, some even killed for their views.\n\nReality keeps trying to be explained with symbology and there is a huge disconnect at attempting to explain experience with symbols. All of our languages are just that, symbols that we build a mental model with.', 'edited': False, 'top_awarded_type': None, 'author_flair_css_class': None, 'name': 't1_l18zxpk', 'is_submitter': False, 'downs': 0, 'author_flair_richtext': [], 'author_patreon_flair': False, 'body_html': '&lt;div class=""md""&gt;&lt;p&gt;Those are the same approaches by the &amp;quot;masters&amp;quot; of every subject. I can discuss things about mythology, metaphysics, philosophy, magic(Aristotle wrote a book on magic that almost didn&amp;#39;t survive), or a number of other subjects that I am quite adept at and still the same responses are given to me. &lt;/p&gt;\n\n&lt;p&gt;I&amp;#39;m not a crackpot. I&amp;#39;ve studied thousands of great minds. &lt;/p&gt;\n\n&lt;p&gt;I am not comparing myself to the greats of history, but I noticed that many of the greats in history were also treated as crackpots, some even killed for their views.&lt;/p&gt;\n\n&lt;p&gt;Reality keeps trying to be explained with symbology and there is a huge disconnect at attempting to explain experience with symbols. All of our languages are just that, symbols that we build a mental model with.&lt;/p&gt;\n&lt;/div&gt;', 'gildings': {}, 'collapsed_reason': None, 'distinguished': None, 'associated_award': None, 'stickied': False, 'author_premium': False, 'can_gild': False, 'link_id': 't3_1cd06nf', 'unrepliable_reason': None, 'author_flair_text_color': None, 'score_hidden': False, 'permalink': '/r/AskPhysics/comments/1cd06nf/why_are_asking_questions_here_treated_so/l18zxpk/', 'subreddit_type': 'public', 'locked': False, 'report_reasons': None, 'created': 1714076863.0, 'author_flair_text': None, 'treatment_tags': [], 'created_utc': 1714076863.0, 'subreddit_name_prefixed': 'r/AskPhysics', 'controversiality': 0, 'depth': 3, 'author_flair_background_color': None, 'collapsed_because_crowd_control': None, 'mod_reports': [], 'num_reports': None, 'ups': 0}}], 'before': None}}, 'user_reports': [], 'saved': False, 'id': 'l18yg3q', 'banned_at_utc': None, 'mod_reason_title': None, 'gilded': 0, 'archived': False, 'collapsed_reason_code': None, 'no_follow': False, 'author': 'Odd_Bodkin', 'can_mod_post': False, 'send_replies': True, 'parent_id': 't1_l18tx2b', 'score': 7, 'author_fullname': 't2_ic8an', 'removal_reason': None, 'approved_by': None, 'mod_note': None, 'all_awardings': [], 'body': ""Be careful. Every reddit forum is a discussion forum, not an education forum. There is no structure whereby there's an implicit contract that more knowledgeable people are here to teach physics to those who have no background in the physics -- if that were true, there would be a way to tell who was whom, and there'd likely be a fee. The only way a forum like this works in the manner you are expecting is if people who know very little physics are asking about simple or basic things (in this case a lift is usually offered) or if people who know more physics are asking about something more advanced (in this case a lift is also usually offered). When people with no background in physics ask big questions that sound advanced, that is usually the hallmark of a crackpot (and in this case, a quick firm set-down will usually happen)."", 'edited': False, 'top_awarded_type': None, 'downs': 0, 'author_flair_css_class': None, 'name': 't1_l18yg3q', 'is_submitter': False, 'collapsed': False, 'author_flair_richtext': [], 'author_patreon_flair': False, 'body_html': '&lt;div class=""md""&gt;&lt;p&gt;Be careful. Every reddit forum is a discussion forum, not an education forum. There is no structure whereby there&amp;#39;s an implicit contract that more knowledgeable people are here to teach physics to those who have no background in the physics -- if that were true, there would be a way to tell who was whom, and there&amp;#39;d likely be a fee. The only way a forum like this works in the manner you are expecting is if people who know very little physics are asking about simple or basic things (in this case a lift is usually offered) or if people who know more physics are asking about something more advanced (in this case a lift is also usually offered). When people with no background in physics ask big questions that sound advanced, that is usually the hallmark of a crackpot (and in this case, a quick firm set-down will usually happen).&lt;/p&gt;\n&lt;/div&gt;', 'gildings': {}, 'collapsed_reason': None, 'distinguished': None, 'associated_award': None, 'stickied': False, 'author_premium': False, 'can_gild': False, 'link_id': 't3_1cd06nf', 'unrepliable_reason': None, 'author_flair_text_color': None, 'score_hidden': False, 'permalink': '/r/AskPhysics/comments/1cd06nf/why_are_asking_questions_here_treated_so/l18yg3q/', 'subreddit_type': 'public', 'locked': False, 'report_reasons': None, 'created': 1714076376.0, 'author_flair_text': None, 'treatment_tags': [], 'created_utc': 1714076376.0, 'subreddit_name_prefixed': 'r/AskPhysics', 'controversiality': 0, 'depth': 2, 'author_flair_background_color': None, 'collapsed_because_crowd_control': None, 'mod_reports': [], 'num_reports': None, 'ups': 7}}, {'kind': 't1', 'data': {'subreddit_id': 't5_2sumo', 'approved_at_utc': None, 'author_is_blocked': False, 'comment_type': None, 'awarders': [], 'mod_reason_by': None, 'banned_by': None, 'author_flair_type': 'text', 'total_awards_received': 0, 'subreddit': 'AskPhysics', 'author_flair_template_id': None, 'likes': None, 'replies': '', 'user_reports': [], 'saved': False, 'id': 'l195kzc', 'banned_at_utc': None, 'mod_reason_title': None, 'gilded': 0, 'archived': False, 'collapsed_reason_code': None, 'no_follow': True, 'author': 'mem2100', 'can_mod_post': False, 'send_replies': True, 'parent_id': 't1_l18tx2b', 'score': 1, 'author_fullname': 't2_3u0fa1i8', 'removal_reason': None, 'approved_by': None, 'mod_note': None, 'all_awardings': [], 'body': 'I am fairly new here and have found this crew to generally be helpful and polite.  SOme of them are very smart.  Usually you get a better response from people if your first step is to use a search engine or two to read more about the topic of your question.  Especially if it is a fundamental question that likely has been addressed in depth with text and diagrams and videos and animations.    \n\nOccasionally people here say things that are simply and glaringly wrong.  When I have done that, and it gets pointed out, I usually edit my post/comment accordingly so as not to spread disinformation.  I also - thank the person for letting me know.  \n\nIf I think someone else is doing that, sometimes I say so.  Usually they thank me.  \n\nThere are a LOT of free and good intro materials to physics both in wiki/written form and on youtube.  Some things will instantly make sense to you.  A very good feeling for sure.  Other things will seem counter-intuitive to you and often you will discover that is a common reaction to that ""concept"".  IF you think you can design an experiment that might shed more light on a subject, that might make for an interesting post.  But simply stating that you don\'t believe this or that because of some - seemingly logical - but really not - reason - will likely provoke the crackpot hammers to come out.   \n\nIf you skip Algebra 1, 2, Geometry, Trig, Pre calc, and then show up in Calculus 1 and start making statements, it probably won\'t go well.  This feels a little bit like that.', 'edited': False, 'top_awarded_type': None, 'downs': 0, 'author_flair_css_class': None, 'name': 't1_l195kzc', 'is_submitter': False, 'collapsed': False, 'author_flair_richtext': [], 'author_patreon_flair': False, 'body_html': '&lt;div class=""md""&gt;&lt;p&gt;I am fairly new here and have found this crew to generally be helpful and polite.  SOme of them are very smart.  Usually you get a better response from people if your first step is to use a search engine or two to read more about the topic of your question.  Especially if it is a fundamental question that likely has been addressed in depth with text and diagrams and videos and animations.    &lt;/p&gt;\n\n&lt;p&gt;Occasionally people here say things that are simply and glaringly wrong.  When I have done that, and it gets pointed out, I usually edit my post/comment accordingly so as not to spread disinformation.  I also - thank the person for letting me know.  &lt;/p&gt;\n\n&lt;p&gt;If I think someone else is doing that, sometimes I say so.  Usually they thank me.  &lt;/p&gt;\n\n&lt;p&gt;There are a LOT of free and good intro materials to physics both in wiki/written form and on youtube.  Some things will instantly make sense to you.  A very good feeling for sure.  Other things will seem counter-intuitive to you and often you will discover that is a common reaction to that &amp;quot;concept&amp;quot;.  IF you think you can design an experiment that might shed more light on a subject, that might make for an interesting post.  But simply stating that you don&amp;#39;t believe this or that because of some - seemingly logical - but really not - reason - will likely provoke the crackpot hammers to come out.   &lt;/p&gt;\n\n&lt;p&gt;If you skip Algebra 1, 2, Geometry, Trig, Pre calc, and then show up in Calculus 1 and start making statements, it probably won&amp;#39;t go well.  This feels a little bit like that.&lt;/p&gt;\n&lt;/div&gt;', 'gildings': {}, 'collapsed_reason': None, 'distinguished': None, 'associated_award': None, 'stickied': False, 'author_premium': False, 'can_gild': False, 'link_id': 't3_1cd06nf', 'unrepliable_reason': None, 'author_flair_text_color': None, 'score_hidden': False, 'permalink': '/r/AskPhysics/comments/1cd06nf/why_are_asking_questions_here_treated_so/l195kzc/', 'subreddit_type': 'public', 'locked': False, 'report_reasons': None, 'created': 1714078758.0, 'author_flair_text': None, 'treatment_tags': [], 'created_utc': 1714078758.0, 'subreddit_name_prefixed': 'r/AskPhysics', 'controversiality': 0, 'depth': 2, 'author_flair_background_color': None, 'collapsed_because_crowd_control': None, 'mod_reports': [], 'num_reports': None, 'ups': 1}}, {'kind': 't1', 'data': {'subreddit_id': 't5_2sumo', 'approved_at_utc': None, 'author_is_blocked': False, 'comment_type': None, 'awarders': [], 'mod_reason_by': None, 'banned_by': None, 'author_flair_type': 'text', 'total_awards_received': 0, 'subreddit': 'AskPhysics', 'author_flair_template_id': '95dad5a0-c6b2-11e4-b741-22000b6e00bb', 'likes': None, 'replies': '', 'user_reports': [], 'saved': False, 'id': 'l18ut69', 'banned_at_utc': None, 'mod_reason_title': None, 'gilded': 0, 'archived': False, 'collapsed_reason_code': None, 'no_follow': True, 'author': 'Kraz_I', 'can_mod_post': False, 'send_replies': True, 'parent_id': 't1_l18tx2b', 'score': 1, 'author_fullname': 't2_d9g6t', 'removal_reason': None, 'approved_by': None, 'mod_note': None, 'all_awardings': [], 'body': 'Because they’re bored people online for dopamine hits and we can’t control who comes here. I’m not sure how you would be able to control this?', 'edited': False, 'top_awarded_type': None, 'downs': 0, 'author_flair_css_class': 'other', 'name': 't1_l18ut69', 'is_submitter': False, 'collapsed': False, 'author_flair_richtext': [], 'author_patreon_flair': False, 'body_html': '&lt;div class=""md""&gt;&lt;p&gt;Because they’re bored people online for dopamine hits and we can’t control who comes here. I’m not sure how you would be able to control this?&lt;/p&gt;\n&lt;/div&gt;', 'gildings': {}, 'collapsed_reason': None, 'distinguished': None, 'associated_award': None, 'stickied': False, 'author_premium': False, 'can_gild': False, 'link_id': 't3_1cd06nf', 'unrepliable_reason': None, 'author_flair_text_color': 'dark', 'score_hidden': False, 'permalink': '/r/AskPhysics/comments/1cd06nf/why_are_asking_questions_here_treated_so/l18ut69/', 'subreddit_type': 'public', 'locked': False, 'report_reasons': None, 'created': 1714075175.0, 'author_flair_text': 'Engineering', 'treatment_tags': [], 'created_utc': 1714075175.0, 'subreddit_name_prefixed': 'r/AskPhysics', 'controversiality': 0, 'depth': 2, 'author_flair_background_color': None, 'collapsed_because_crowd_control': None, 'mod_reports': [], 'num_reports': None, 'ups': 1}}], 'before': None}}, 'user_reports': [], 'saved': False, 'id': 'l18tx2b', 'banned_at_utc': None, 'mod_reason_title': None, 'gilded': 0, 'archived': False, 'collapsed_reason_code': None, 'no_follow': True, 'author': 'TheDudeIsStrange', 'can_mod_post': False, 'created_utc': 1714074883.0, 'send_replies': True, 'parent_id': 't1_l18s9vy', 'score': 1, 'author_fullname': 't2_u1soqdeeo', 'removal_reason': None, 'approved_by': None, 'mod_note': None, 'all_awardings': [], 'body': 'I would assume the point of this community would be to help educate, is that a wrong assumption? Is it a type of learning that is, beat those that are wrong until submissive and no longer ask questions?\n\n&gt;when you’re repeating the same question that’s been asked 5 times today, you’re not giving them new content.\n\nPeople downvote out of boredom? How is that helpful? How are new participants supposed to know questions that have already been asked? \n\nThe treatment here gives the appearance of, only physics graduates are welcome.', 'edited': False, 'top_awarded_type': None, 'author_flair_css_class': None, 'name': 't1_l18tx2b', 'is_submitter': False, 'downs': 0, 'author_flair_richtext': [], 'author_patreon_flair': False, 'body_html': '&lt;div class=""md""&gt;&lt;p&gt;I would assume the point of this community would be to help educate, is that a wrong assumption? Is it a type of learning that is, beat those that are wrong until submissive and no longer ask questions?&lt;/p&gt;\n\n&lt;blockquote&gt;\n&lt;p&gt;when you’re repeating the same question that’s been asked 5 times today, you’re not giving them new content.&lt;/p&gt;\n&lt;/blockquote&gt;\n\n&lt;p&gt;People downvote out of boredom? How is that helpful? How are new participants supposed to know questions that have already been asked? &lt;/p&gt;\n\n&lt;p&gt;The treatment here gives the appearance of, only physics graduates are welcome.&lt;/p&gt;\n&lt;/div&gt;', 'gildings': {}, 'collapsed_reason': None, 'distinguished': None, 'associated_award': None, 'stickied': False, 'author_premium': False, 'can_gild': False, 'link_id': 't3_1cd06nf', 'unrepliable_reason': None, 'author_flair_text_color': None, 'score_hidden': False, 'permalink': '/r/AskPhysics/comments/1cd06nf/why_are_asking_questions_here_treated_so/l18tx2b/', 'subreddit_type': 'public', 'locked': False, 'report_reasons': None, 'created': 1714074883.0, 'author_flair_text': None, 'treatment_tags': [], 'collapsed': False, 'subreddit_name_prefixed': 'r/AskPhysics', 'controversiality': 0, 'depth': 1, 'author_flair_background_color': None, 'collapsed_because_crowd_control': None, 'mod_reports': [], 'num_reports': None, 'ups': 1}}], 'before': None}}",,False,4,False,True,False,AskPhysics,t5_2sumo,r/AskPhysics,public,,0,[],,4,[],t1
data_7,[],,,False,,MarinatedPickachu,,,[],,,,text,t2_bwdb8qqfj,False,False,False,[],,,It's reddit,"&lt;div class=""md""&gt;&lt;p&gt;It&amp;#39;s reddit&lt;/p&gt;
&lt;/div&gt;",False,False,False,,,,,1,1714074930.0,1714074930.0,0,,0,False,0,{},l18u2ce,False,,t3_1cd06nf,False,,,,[],t1_l18u2ce,True,,t3_1cd06nf,/r/AskPhysics/comments/1cd06nf/why_are_asking_questions_here_treated_so/l18u2ce/,,"{'kind': 'Listing', 'data': {'after': None, 'dist': None, 'modhash': None, 'geo_filter': '', 'children': [{'kind': 't1', 'data': {'total_awards_received': 0, 'approved_at_utc': None, 'author_is_blocked': False, 'comment_type': None, 'awarders': [], 'mod_reason_by': None, 'banned_by': None, 'ups': 0, 'removal_reason': None, 'link_id': 't3_1cd06nf', 'author_flair_template_id': None, 'likes': None, 'replies': {'kind': 'Listing', 'data': {'after': None, 'dist': None, 'modhash': None, 'geo_filter': '', 'children': [{'kind': 't1', 'data': {'subreddit_id': 't5_2sumo', 'approved_at_utc': None, 'author_is_blocked': False, 'comment_type': None, 'awarders': [], 'mod_reason_by': None, 'banned_by': None, 'author_flair_type': 'text', 'total_awards_received': 0, 'subreddit': 'AskPhysics', 'author_flair_template_id': None, 'likes': None, 'replies': '', 'user_reports': [], 'saved': False, 'id': 'l18zwos', 'banned_at_utc': None, 'mod_reason_title': None, 'gilded': 0, 'archived': False, 'collapsed_reason_code': None, 'no_follow': True, 'author': 'RichardMHP', 'can_mod_post': False, 'send_replies': True, 'parent_id': 't1_l18ybwg', 'score': -1, 'author_fullname': 't2_9hbgz', 'removal_reason': None, 'approved_by': None, 'mod_note': None, 'all_awardings': [], 'body': 'This is, by far, one of the nicer subs on the whole site. Yes, snarky, and prone to getting tired of the same poorly-constructed nonsequitors, but very, very far from being particularly ""nasty""', 'edited': False, 'top_awarded_type': None, 'downs': 0, 'author_flair_css_class': None, 'name': 't1_l18zwos', 'is_submitter': False, 'collapsed': False, 'author_flair_richtext': [], 'author_patreon_flair': False, 'body_html': '&lt;div class=""md""&gt;&lt;p&gt;This is, by far, one of the nicer subs on the whole site. Yes, snarky, and prone to getting tired of the same poorly-constructed nonsequitors, but very, very far from being particularly &amp;quot;nasty&amp;quot;&lt;/p&gt;\n&lt;/div&gt;', 'gildings': {}, 'collapsed_reason': None, 'distinguished': None, 'associated_award': None, 'stickied': False, 'author_premium': False, 'can_gild': False, 'link_id': 't3_1cd06nf', 'unrepliable_reason': None, 'author_flair_text_color': None, 'score_hidden': False, 'permalink': '/r/AskPhysics/comments/1cd06nf/why_are_asking_questions_here_treated_so/l18zwos/', 'subreddit_type': 'public', 'locked': False, 'report_reasons': None, 'created': 1714076854.0, 'author_flair_text': None, 'treatment_tags': [], 'created_utc': 1714076854.0, 'subreddit_name_prefixed': 'r/AskPhysics', 'controversiality': 0, 'depth': 2, 'author_flair_background_color': None, 'collapsed_because_crowd_control': None, 'mod_reports': [], 'num_reports': None, 'ups': -1}}], 'before': None}}, 'user_reports': [], 'saved': False, 'id': 'l18ybwg', 'banned_at_utc': None, 'mod_reason_title': None, 'gilded': 0, 'archived': False, 'collapsed_reason_code': None, 'no_follow': True, 'author': '[deleted]', 'can_mod_post': False, 'send_replies': True, 'parent_id': 't1_l18u2ce', 'score': 0, 'approved_by': None, 'report_reasons': None, 'all_awardings': [], 'subreddit_id': 't5_2sumo', 'body': '[deleted]', 'edited': False, 'author_flair_css_class': None, 'collapsed': False, 'downs': 0, 'is_submitter': False, 'body_html': '&lt;div class=""md""&gt;&lt;p&gt;[deleted]&lt;/p&gt;\n&lt;/div&gt;', 'gildings': {}, 'collapsed_reason': None, 'associated_award': None, 'stickied': False, 'subreddit_type': 'public', 'can_gild': False, 'top_awarded_type': None, 'unrepliable_reason': None, 'author_flair_text_color': 'dark', 'score_hidden': False, 'permalink': '/r/AskPhysics/comments/1cd06nf/why_are_asking_questions_here_treated_so/l18ybwg/', 'num_reports': None, 'locked': False, 'name': 't1_l18ybwg', 'created': 1714076337.0, 'subreddit': 'AskPhysics', 'author_flair_text': None, 'treatment_tags': [], 'created_utc': 1714076337.0, 'subreddit_name_prefixed': 'r/AskPhysics', 'controversiality': 0, 'depth': 1, 'author_flair_background_color': '', 'collapsed_because_crowd_control': None, 'mod_reports': [], 'mod_note': None, 'distinguished': None}}], 'before': None}}",,False,1,False,True,False,AskPhysics,t5_2sumo,r/AskPhysics,public,,0,[],,1,[],t1
