,all_awardings,approved_at_utc,approved_by,archived,associated_award,author,author_flair_background_color,author_flair_css_class,author_flair_richtext,author_flair_template_id,author_flair_text,author_flair_text_color,author_flair_type,author_fullname,author_is_blocked,author_patreon_flair,author_premium,awarders,banned_at_utc,banned_by,body,body_html,can_gild,can_mod_post,collapsed,collapsed_because_crowd_control,collapsed_reason,collapsed_reason_code,comment_type,controversiality,created,created_utc,depth,distinguished,downs,edited,gilded,gildings,id,is_submitter,likes,link_id,locked,mod_note,mod_reason_by,mod_reason_title,mod_reports,name,no_follow,num_reports,parent_id,permalink,removal_reason,replies,report_reasons,saved,score,score_hidden,send_replies,stickied,subreddit,subreddit_id,subreddit_name_prefixed,subreddit_type,top_awarded_type,total_awards_received,treatment_tags,unrepliable_reason,ups,user_reports,kind
data,[],,,False,,LiquidCoal,,,[],,,,text,t2_12kths3r,False,False,False,[],,,"Your phrase&amp;mdash;&amp;ldquo;observed non-locality&amp;rdquo;&amp;mdash;has very strong interpretational assumptions attached to it. The observations are perfectly compatible with locality in the context of MWI, for instance.

&gt;when the wave function collapses or decoheres, locality is not violated

Wavefunction collapse is typically nonlocal. The &amp;ldquo;appearance&amp;rdquo; of wavefunction collapse by means of decoherence is local.","&lt;div class=""md""&gt;&lt;p&gt;Your phrase&amp;mdash;&amp;ldquo;observed non-locality&amp;rdquo;&amp;mdash;has very strong interpretational assumptions attached to it. The observations are perfectly compatible with locality in the context of MWI, for instance.&lt;/p&gt;

&lt;blockquote&gt;
&lt;p&gt;when the wave function collapses or decoheres, locality is not violated&lt;/p&gt;
&lt;/blockquote&gt;

&lt;p&gt;Wavefunction collapse is typically nonlocal. The &amp;ldquo;appearance&amp;rdquo; of wavefunction collapse by means of decoherence is local.&lt;/p&gt;
&lt;/div&gt;",False,False,False,,,,,0,1713932315.0,1713932315.0,0,,0,1713932521.0,0,{},l0zz4gx,False,,t3_1cbmw04,False,,,,[],t1_l0zz4gx,True,,t3_1cbmw04,/r/AskPhysics/comments/1cbmw04/is_it_plausible_to_interpret_the_observed/l0zz4gx/,,,,False,2,False,True,False,AskPhysics,t5_2sumo,r/AskPhysics,public,,0,[],,2,[],t1
data_1,[],,,False,,Anonymous-USA,,,[],,,,text,t2_7h3ccwl3,False,False,False,[],,,"I think you’re echoing an idea proposed by Roger Penrose.  I’m sure if you Google “Penrose” and “superposition” you’ll find some articles or interviews.  Maybe that will align with what you’re thinking.  Or not.  Either way, it’s an interpretation and speculative.","&lt;div class=""md""&gt;&lt;p&gt;I think you’re echoing an idea proposed by Roger Penrose.  I’m sure if you Google “Penrose” and “superposition” you’ll find some articles or interviews.  Maybe that will align with what you’re thinking.  Or not.  Either way, it’s an interpretation and speculative.&lt;/p&gt;
&lt;/div&gt;",False,False,False,,,,,0,1713931290.0,1713931290.0,0,,0,False,0,{},l0zx3ng,False,,t3_1cbmw04,False,,,,[],t1_l0zx3ng,True,,t3_1cbmw04,/r/AskPhysics/comments/1cbmw04/is_it_plausible_to_interpret_the_observed/l0zx3ng/,,,,False,2,False,True,False,AskPhysics,t5_2sumo,r/AskPhysics,public,,0,[],,2,[],t1
