,all_awardings,approved_at_utc,approved_by,archived,associated_award,author,author_flair_background_color,author_flair_css_class,author_flair_richtext,author_flair_template_id,author_flair_text,author_flair_text_color,author_flair_type,author_fullname,author_is_blocked,author_patreon_flair,author_premium,awarders,banned_at_utc,banned_by,body,body_html,can_gild,can_mod_post,collapsed,collapsed_because_crowd_control,collapsed_reason,collapsed_reason_code,comment_type,controversiality,created,created_utc,depth,distinguished,downs,edited,gilded,gildings,id,is_submitter,likes,link_id,locked,mod_note,mod_reason_by,mod_reason_title,mod_reports,name,no_follow,num_reports,parent_id,permalink,removal_reason,replies,report_reasons,saved,score,score_hidden,send_replies,stickied,subreddit,subreddit_id,subreddit_name_prefixed,subreddit_type,top_awarded_type,total_awards_received,treatment_tags,unrepliable_reason,ups,user_reports,kind
data,[],,,False,,LiquidCoal,,,[],,,,text,t2_12kths3r,False,False,False,[],,,"If the mathematical explanation is not satisfactory, the intuitive explanation is that overdamping retards the system more than is necessary to stop oscillation, thereby serving no purpose other than to slow down the asymptotic decay to equilibrium.","&lt;div class=""md""&gt;&lt;p&gt;If the mathematical explanation is not satisfactory, the intuitive explanation is that overdamping retards the system more than is necessary to stop oscillation, thereby serving no purpose other than to slow down the asymptotic decay to equilibrium.&lt;/p&gt;
&lt;/div&gt;",False,False,False,,,,,0,1714001694.0,1714001694.0,0,,0,False,0,{},l14fx9g,False,,t3_1ccagy4,False,,,,[],t1_l14fx9g,True,,t3_1ccagy4,/r/AskPhysics/comments/1ccagy4/overdamping_compared_to_critical_damping/l14fx9g/,,,,False,2,False,True,False,AskPhysics,t5_2sumo,r/AskPhysics,public,,0,[],,2,[],t1
data_1,[],,,False,,nick_hedp,,,[],,,,text,t2_38xvvrt,False,False,False,[],,,"I mean, what's the alternative? There has to be a level of damping that gives you the shortest time, so that means that either higher or lower levels of damping give you a longer time.

More qualitatively, you could imagine taking a pendulum and releasing it in air, in water or in treacle. If you're overdamping, as you would be in treacle, the net force and hence acceleration remains small, and so it takes a long time to reach the midpoint.","&lt;div class=""md""&gt;&lt;p&gt;I mean, what&amp;#39;s the alternative? There has to be a level of damping that gives you the shortest time, so that means that either higher or lower levels of damping give you a longer time.&lt;/p&gt;

&lt;p&gt;More qualitatively, you could imagine taking a pendulum and releasing it in air, in water or in treacle. If you&amp;#39;re overdamping, as you would be in treacle, the net force and hence acceleration remains small, and so it takes a long time to reach the midpoint.&lt;/p&gt;
&lt;/div&gt;",False,False,False,,,,,0,1713995874.0,1713995874.0,0,,0,False,0,{},l140rp8,False,,t3_1ccagy4,False,,,,[],t1_l140rp8,True,,t3_1ccagy4,/r/AskPhysics/comments/1ccagy4/overdamping_compared_to_critical_damping/l140rp8/,,"{'kind': 'Listing', 'data': {'after': None, 'dist': None, 'modhash': None, 'geo_filter': '', 'children': [{'kind': 't1', 'data': {'subreddit_id': 't5_2sumo', 'approved_at_utc': None, 'author_is_blocked': False, 'comment_type': None, 'awarders': [], 'mod_reason_by': None, 'banned_by': None, 'author_flair_type': 'text', 'total_awards_received': 0, 'subreddit': 'AskPhysics', 'author_flair_template_id': None, 'likes': None, 'replies': {'kind': 'Listing', 'data': {'after': None, 'dist': None, 'modhash': None, 'geo_filter': '', 'children': [{'kind': 't1', 'data': {'subreddit_id': 't5_2sumo', 'approved_at_utc': None, 'author_is_blocked': False, 'comment_type': None, 'awarders': [], 'mod_reason_by': None, 'banned_by': None, 'author_flair_type': 'text', 'total_awards_received': 0, 'subreddit': 'AskPhysics', 'author_flair_template_id': None, 'likes': None, 'replies': '', 'user_reports': [], 'saved': False, 'id': 'l19ar5e', 'banned_at_utc': None, 'mod_reason_title': None, 'gilded': 0, 'archived': False, 'collapsed_reason_code': None, 'no_follow': True, 'author': 'Large_lad14', 'can_mod_post': False, 'send_replies': True, 'parent_id': 't1_l14f8cj', 'score': 1, 'author_fullname': 't2_2pr9958i', 'removal_reason': None, 'approved_by': None, 'mod_note': None, 'all_awardings': [], 'body': ""Thank you for clearing that up, makes sense now that you've mentioned it but I wouldn't have put it together otherwise.\n\nAnd yes the question itself doesn't make much sense now that I actually understand it, but I had to get there somehow."", 'edited': False, 'top_awarded_type': None, 'downs': 0, 'author_flair_css_class': None, 'name': 't1_l19ar5e', 'is_submitter': True, 'collapsed': False, 'author_flair_richtext': [], 'author_patreon_flair': False, 'body_html': '&lt;div class=""md""&gt;&lt;p&gt;Thank you for clearing that up, makes sense now that you&amp;#39;ve mentioned it but I wouldn&amp;#39;t have put it together otherwise.&lt;/p&gt;\n\n&lt;p&gt;And yes the question itself doesn&amp;#39;t make much sense now that I actually understand it, but I had to get there somehow.&lt;/p&gt;\n&lt;/div&gt;', 'gildings': {}, 'collapsed_reason': None, 'distinguished': None, 'associated_award': None, 'stickied': False, 'author_premium': False, 'can_gild': False, 'link_id': 't3_1ccagy4', 'unrepliable_reason': None, 'author_flair_text_color': None, 'score_hidden': False, 'permalink': '/r/AskPhysics/comments/1ccagy4/overdamping_compared_to_critical_damping/l19ar5e/', 'subreddit_type': 'public', 'locked': False, 'report_reasons': None, 'created': 1714080561.0, 'author_flair_text': None, 'treatment_tags': [], 'created_utc': 1714080561.0, 'subreddit_name_prefixed': 'r/AskPhysics', 'controversiality': 0, 'depth': 2, 'author_flair_background_color': None, 'collapsed_because_crowd_control': None, 'mod_reports': [], 'num_reports': None, 'ups': 1}}], 'before': None}}, 'user_reports': [], 'saved': False, 'id': 'l14f8cj', 'banned_at_utc': None, 'mod_reason_title': None, 'gilded': 0, 'archived': False, 'collapsed_reason_code': None, 'no_follow': False, 'author': 'Chemomechanics', 'can_mod_post': False, 'created_utc': 1714001425.0, 'send_replies': True, 'parent_id': 't1_l140rp8', 'score': 4, 'author_fullname': 't2_61sm0', 'removal_reason': None, 'approved_by': None, 'mod_note': None, 'all_awardings': [], 'body': ""&gt;There has to be a level of damping that gives you the shortest time\n\nThe shortest time to return to the midpoint occurs with zero damping.\n\nCritical damping allows the quickest return to the midpoint **without overshooting**.\n\nI also don't understand the question. Damping resists motion, so it seems self-evident that more damping lengthens the time to first return to the midpoint."", 'edited': False, 'top_awarded_type': None, 'author_flair_css_class': 'mat', 'name': 't1_l14f8cj', 'is_submitter': False, 'downs': 0, 'author_flair_richtext': [], 'author_patreon_flair': False, 'body_html': '&lt;div class=""md""&gt;&lt;blockquote&gt;\n&lt;p&gt;There has to be a level of damping that gives you the shortest time&lt;/p&gt;\n&lt;/blockquote&gt;\n\n&lt;p&gt;The shortest time to return to the midpoint occurs with zero damping.&lt;/p&gt;\n\n&lt;p&gt;Critical damping allows the quickest return to the midpoint &lt;strong&gt;without overshooting&lt;/strong&gt;.&lt;/p&gt;\n\n&lt;p&gt;I also don&amp;#39;t understand the question. Damping resists motion, so it seems self-evident that more damping lengthens the time to first return to the midpoint.&lt;/p&gt;\n&lt;/div&gt;', 'gildings': {}, 'collapsed_reason': None, 'distinguished': None, 'associated_award': None, 'stickied': False, 'author_premium': False, 'can_gild': False, 'link_id': 't3_1ccagy4', 'unrepliable_reason': None, 'author_flair_text_color': 'dark', 'score_hidden': False, 'permalink': '/r/AskPhysics/comments/1ccagy4/overdamping_compared_to_critical_damping/l14f8cj/', 'subreddit_type': 'public', 'locked': False, 'report_reasons': None, 'created': 1714001425.0, 'author_flair_text': 'Materials science', 'treatment_tags': [], 'collapsed': False, 'subreddit_name_prefixed': 'r/AskPhysics', 'controversiality': 0, 'depth': 1, 'author_flair_background_color': '', 'collapsed_because_crowd_control': None, 'mod_reports': [], 'num_reports': None, 'ups': 4}}, {'kind': 't1', 'data': {'subreddit_id': 't5_2sumo', 'approved_at_utc': None, 'author_is_blocked': False, 'comment_type': None, 'awarders': [], 'mod_reason_by': None, 'banned_by': None, 'author_flair_type': 'text', 'total_awards_received': 0, 'subreddit': 'AskPhysics', 'author_flair_template_id': None, 'likes': None, 'replies': '', 'user_reports': [], 'saved': False, 'id': 'l19aicq', 'banned_at_utc': None, 'mod_reason_title': None, 'gilded': 0, 'archived': False, 'collapsed_reason_code': None, 'no_follow': True, 'author': 'Large_lad14', 'can_mod_post': False, 'created_utc': 1714080476.0, 'send_replies': True, 'parent_id': 't1_l140rp8', 'score': 1, 'author_fullname': 't2_2pr9958i', 'removal_reason': None, 'approved_by': None, 'mod_note': None, 'all_awardings': [], 'body': 'Very helpful answer! The example you gave worked brilliantly. Thank you', 'edited': False, 'top_awarded_type': None, 'author_flair_css_class': None, 'name': 't1_l19aicq', 'is_submitter': True, 'downs': 0, 'author_flair_richtext': [], 'author_patreon_flair': False, 'body_html': '&lt;div class=""md""&gt;&lt;p&gt;Very helpful answer! The example you gave worked brilliantly. Thank you&lt;/p&gt;\n&lt;/div&gt;', 'gildings': {}, 'collapsed_reason': None, 'distinguished': None, 'associated_award': None, 'stickied': False, 'author_premium': False, 'can_gild': False, 'link_id': 't3_1ccagy4', 'unrepliable_reason': None, 'author_flair_text_color': None, 'score_hidden': False, 'permalink': '/r/AskPhysics/comments/1ccagy4/overdamping_compared_to_critical_damping/l19aicq/', 'subreddit_type': 'public', 'locked': False, 'report_reasons': None, 'created': 1714080476.0, 'author_flair_text': None, 'treatment_tags': [], 'collapsed': False, 'subreddit_name_prefixed': 'r/AskPhysics', 'controversiality': 0, 'depth': 1, 'author_flair_background_color': None, 'collapsed_because_crowd_control': None, 'mod_reports': [], 'num_reports': None, 'ups': 1}}], 'before': None}}",,False,1,False,True,False,AskPhysics,t5_2sumo,r/AskPhysics,public,,0,[],,1,[],t1
data_2,[],,,False,,bobgom,,,[],,,,text,t2_nxe6r,False,False,False,[],,,"The damping force acts in the opposite direction to motion, so when the object is moving towards the midpoint, the damping force acts away from the midpoint, so you would expect a larger damping force to lead to taking a longer time.","&lt;div class=""md""&gt;&lt;p&gt;The damping force acts in the opposite direction to motion, so when the object is moving towards the midpoint, the damping force acts away from the midpoint, so you would expect a larger damping force to lead to taking a longer time.&lt;/p&gt;
&lt;/div&gt;",False,False,False,,,,,0,1714001223.0,1714001223.0,0,,0,False,0,{},l14epbo,False,,t3_1ccagy4,False,,,,[],t1_l14epbo,True,,t3_1ccagy4,/r/AskPhysics/comments/1ccagy4/overdamping_compared_to_critical_damping/l14epbo/,,,,False,2,False,True,False,AskPhysics,t5_2sumo,r/AskPhysics,public,,0,[],,2,[],t1
