,[],,,False,,tpolakov1,,mat,[],7f4501c6-c6b2-11e4-bd93-22000b6d02ed,Condensed matter physics,dark,text,t2_4no6lqg4,False,False,False,[],,,"From the looks of it, they're not claiming a perpetual motion machine, just a way to reclaim some of the lost work done by the engine.

But it's hard to say, because it's just 6 pages of no substance. There is no physics, just less-than-Wikipedia-level descriptions of a few random physical phenomena, and then a non-physics description of an engine that ignores conservation of angular momentum, friction or radiative losses (and possibly much more, but I can't be arsed to really read through that drivel).","&lt;div class=""md""&gt;&lt;p&gt;From the looks of it, they&amp;#39;re not claiming a perpetual motion machine, just a way to reclaim some of the lost work done by the engine.&lt;/p&gt;

&lt;p&gt;But it&amp;#39;s hard to say, because it&amp;#39;s just 6 pages of no substance. There is no physics, just less-than-Wikipedia-level descriptions of a few random physical phenomena, and then a non-physics description of an engine that ignores conservation of angular momentum, friction or radiative losses (and possibly much more, but I can&amp;#39;t be arsed to really read through that drivel).&lt;/p&gt;
&lt;/div&gt;",False,False,False,,,,,0,1714078023.0,1714078023.0,0,,0,False,0,{},l193ebp,False,,t3_1cd0d3o,False,,,,[],t1_l193ebp,True,,t3_1cd0d3o,/r/AskPhysics/comments/1cd0d3o/does_this_work/l193ebp/,,,,False,3,False,True,False,AskPhysics,t5_2sumo,r/AskPhysics,public,,0,[],,3,[],t1
data,[],,,False,,tpolakov1,,mat,[],7f4501c6-c6b2-11e4-bd93-22000b6d02ed,Condensed matter physics,dark,text,t2_4no6lqg4,False,False,False,[],,,"From the looks of it, they're not claiming a perpetual motion machine, just a way to reclaim some of the lost work done by the engine.

But it's hard to say, because it's just 6 pages of no substance. There is no physics, just less-than-Wikipedia-level descriptions of a few random physical phenomena, and then a non-physics description of an engine that ignores conservation of angular momentum, friction or radiative losses (and possibly much more, but I can't be arsed to really read through that drivel).","&lt;div class=""md""&gt;&lt;p&gt;From the looks of it, they&amp;#39;re not claiming a perpetual motion machine, just a way to reclaim some of the lost work done by the engine.&lt;/p&gt;

&lt;p&gt;But it&amp;#39;s hard to say, because it&amp;#39;s just 6 pages of no substance. There is no physics, just less-than-Wikipedia-level descriptions of a few random physical phenomena, and then a non-physics description of an engine that ignores conservation of angular momentum, friction or radiative losses (and possibly much more, but I can&amp;#39;t be arsed to really read through that drivel).&lt;/p&gt;
&lt;/div&gt;",False,False,False,,,,,0,1714078023.0,1714078023.0,0,,0,False,0,{},l193ebp,False,,t3_1cd0d3o,False,,,,[],t1_l193ebp,True,,t3_1cd0d3o,/r/AskPhysics/comments/1cd0d3o/does_this_work/l193ebp/,,,,False,3,False,True,False,AskPhysics,t5_2sumo,r/AskPhysics,public,,0,[],,3,[],t1
