,[],,,False,,Si_shadeofblue,,,[],,,,text,t2_58vv1yhxu,False,False,False,[],,,"They won't be exactly the same but I think they will probably be similar.


Using a torque wrench to get a desired clamping force is only an approximation and requires empirical values such as the coefficient of friction.


As you say in your post, what you really care about is the clamping force. But what you are measuring is the torqe require to turn the bolt. This torque depends on the friction between the bolt and the part (Imagine trying to screw in a bolt with a very rough surface vs. a bolt with a very slippery surface .The rough one would be much harder to screw in).  So the torque needed for a specific clamping force depends on the coefficient of friction between the part and the bolt.","&lt;div class=""md""&gt;&lt;p&gt;They won&amp;#39;t be exactly the same but I think they will probably be similar.&lt;/p&gt;

&lt;p&gt;Using a torque wrench to get a desired clamping force is only an approximation and requires empirical values such as the coefficient of friction.&lt;/p&gt;

&lt;p&gt;As you say in your post, what you really care about is the clamping force. But what you are measuring is the torqe require to turn the bolt. This torque depends on the friction between the bolt and the part (Imagine trying to screw in a bolt with a very rough surface vs. a bolt with a very slippery surface .The rough one would be much harder to screw in).  So the torque needed for a specific clamping force depends on the coefficient of friction between the part and the bolt.&lt;/p&gt;
&lt;/div&gt;",False,False,False,,,,,0,1713960734.0,1713960734.0,0,,0,False,0,{},l117kiz,False,,t3_1cbtya7,False,,,,[],t1_l117kiz,True,,t3_1cbtya7,/r/AskPhysics/comments/1cbtya7/fastener_torque_question/l117kiz/,,,,False,1,False,True,False,AskPhysics,t5_2sumo,r/AskPhysics,public,,0,[],,1,[],t1
data,[],,,False,,Si_shadeofblue,,,[],,,,text,t2_58vv1yhxu,False,False,False,[],,,"They won't be exactly the same but I think they will probably be similar.


Using a torque wrench to get a desired clamping force is only an approximation and requires empirical values such as the coefficient of friction.


As you say in your post, what you really care about is the clamping force. But what you are measuring is the torqe require to turn the bolt. This torque depends on the friction between the bolt and the part (Imagine trying to screw in a bolt with a very rough surface vs. a bolt with a very slippery surface .The rough one would be much harder to screw in).  So the torque needed for a specific clamping force depends on the coefficient of friction between the part and the bolt.","&lt;div class=""md""&gt;&lt;p&gt;They won&amp;#39;t be exactly the same but I think they will probably be similar.&lt;/p&gt;

&lt;p&gt;Using a torque wrench to get a desired clamping force is only an approximation and requires empirical values such as the coefficient of friction.&lt;/p&gt;

&lt;p&gt;As you say in your post, what you really care about is the clamping force. But what you are measuring is the torqe require to turn the bolt. This torque depends on the friction between the bolt and the part (Imagine trying to screw in a bolt with a very rough surface vs. a bolt with a very slippery surface .The rough one would be much harder to screw in).  So the torque needed for a specific clamping force depends on the coefficient of friction between the part and the bolt.&lt;/p&gt;
&lt;/div&gt;",False,False,False,,,,,0,1713960734.0,1713960734.0,0,,0,False,0,{},l117kiz,False,,t3_1cbtya7,False,,,,[],t1_l117kiz,True,,t3_1cbtya7,/r/AskPhysics/comments/1cbtya7/fastener_torque_question/l117kiz/,,,,False,1,False,True,False,AskPhysics,t5_2sumo,r/AskPhysics,public,,0,[],,1,[],t1
