,all_awardings,approved_at_utc,approved_by,archived,associated_award,author,author_flair_background_color,author_flair_css_class,author_flair_richtext,author_flair_template_id,author_flair_text,author_flair_text_color,author_flair_type,author_fullname,author_is_blocked,author_patreon_flair,author_premium,awarders,banned_at_utc,banned_by,body,body_html,can_gild,can_mod_post,collapsed,collapsed_because_crowd_control,collapsed_reason,collapsed_reason_code,comment_type,controversiality,created,created_utc,depth,distinguished,downs,edited,gilded,gildings,id,is_submitter,likes,link_id,locked,mod_note,mod_reason_by,mod_reason_title,mod_reports,name,no_follow,num_reports,parent_id,permalink,removal_reason,replies,report_reasons,saved,score,score_hidden,send_replies,stickied,subreddit,subreddit_id,subreddit_name_prefixed,subreddit_type,top_awarded_type,total_awards_received,treatment_tags,unrepliable_reason,ups,user_reports,kind
data,[],,,False,,agaminon22,,,[],,,,text,t2_53xc9gn,False,False,False,[],,,Not as far as I know.,"&lt;div class=""md""&gt;&lt;p&gt;Not as far as I know.&lt;/p&gt;
&lt;/div&gt;",False,False,False,,,,,0,1713900111.0,1713900111.0,0,,0,False,0,{},l0xmz5p,False,,t3_1cbceb1,False,,,,[],t1_l0xmz5p,True,,t3_1cbceb1,/r/AskPhysics/comments/1cbceb1/what_is_the_physics_equivalent_to_george_polyas/l0xmz5p/,,,,False,1,False,True,False,AskPhysics,t5_2sumo,r/AskPhysics,public,,0,[],,1,[],t1
data_1,[],,,False,,spacetime9,,,[],,,,text,t2_pj0yx,False,False,False,[],,,"The *Feynman Lectures on Physics* has a supplement, ""Feynman's Tips on Physics"", that's kind of in that vein.","&lt;div class=""md""&gt;&lt;p&gt;The &lt;em&gt;Feynman Lectures on Physics&lt;/em&gt; has a supplement, &amp;quot;Feynman&amp;#39;s Tips on Physics&amp;quot;, that&amp;#39;s kind of in that vein.&lt;/p&gt;
&lt;/div&gt;",False,False,False,,,,,0,1713900268.0,1713900268.0,0,,0,False,0,{},l0xng72,False,,t3_1cbceb1,False,,,,[],t1_l0xng72,True,,t3_1cbceb1,/r/AskPhysics/comments/1cbceb1/what_is_the_physics_equivalent_to_george_polyas/l0xng72/,,,,False,1,False,True,False,AskPhysics,t5_2sumo,r/AskPhysics,public,,0,[],,1,[],t1
data_2,[],,,False,,ross_ns7f,,,[],,,,text,t2_s7p2fdqk,False,False,False,[],,,"I think ""Physics as a Second Language"" is pretty neat.","&lt;div class=""md""&gt;&lt;p&gt;I think &amp;quot;Physics as a Second Language&amp;quot; is pretty neat.&lt;/p&gt;
&lt;/div&gt;",False,False,False,,,,,0,1713900609.0,1713900609.0,0,,0,False,0,{},l0xohsq,False,,t3_1cbceb1,False,,,,[],t1_l0xohsq,True,,t3_1cbceb1,/r/AskPhysics/comments/1cbceb1/what_is_the_physics_equivalent_to_george_polyas/l0xohsq/,,,,False,1,False,True,False,AskPhysics,t5_2sumo,r/AskPhysics,public,,0,[],,1,[],t1
data_3,[],,,False,,Previous_Drive_3888,,,[],,,,text,t2_a0o8l783,False,False,False,[],,,"I'd actually think it would be ""How to solve it"" by Polya. The method described is a generic problem solving algorithm I wish I had been introduced to when I was 8 (saw it first when I was 33). It's about time to re-read it too.","&lt;div class=""md""&gt;&lt;p&gt;I&amp;#39;d actually think it would be &amp;quot;How to solve it&amp;quot; by Polya. The method described is a generic problem solving algorithm I wish I had been introduced to when I was 8 (saw it first when I was 33). It&amp;#39;s about time to re-read it too.&lt;/p&gt;
&lt;/div&gt;",False,False,False,,,,,0,1714026020.0,1714026020.0,0,,0,False,0,{},l15xbr4,False,,t3_1cbceb1,False,,,,[],t1_l15xbr4,True,,t3_1cbceb1,/r/AskPhysics/comments/1cbceb1/what_is_the_physics_equivalent_to_george_polyas/l15xbr4/,,,,False,1,False,True,False,AskPhysics,t5_2sumo,r/AskPhysics,public,,0,[],,1,[],t1
