,all_awardings,approved_at_utc,approved_by,archived,associated_award,author,author_flair_background_color,author_flair_css_class,author_flair_richtext,author_flair_template_id,author_flair_text,author_flair_text_color,author_flair_type,author_fullname,author_is_blocked,author_patreon_flair,author_premium,awarders,banned_at_utc,banned_by,body,body_html,can_gild,can_mod_post,collapsed,collapsed_because_crowd_control,collapsed_reason,collapsed_reason_code,comment_type,controversiality,created,created_utc,depth,distinguished,downs,edited,gilded,gildings,id,is_submitter,likes,link_id,locked,mod_note,mod_reason_by,mod_reason_title,mod_reports,name,no_follow,num_reports,parent_id,permalink,removal_reason,replies,report_reasons,saved,score,score_hidden,send_replies,stickied,subreddit,subreddit_id,subreddit_name_prefixed,subreddit_type,top_awarded_type,total_awards_received,treatment_tags,unrepliable_reason,ups,user_reports,kind
data,[],,,False,,barthiebarth,,inter,[],8c5fb068-c6b2-11e4-b8be-22000bb30918,Education and outreach,dark,text,t2_n3i2jjs,False,False,False,[],,,"The centripetal force is the horizontal component of the tension. The vertical component of the tension is equal but opposite to gravity. We know the ratio between those two components, its tan(28.5). So:

tan(28.5) = (v^2 / r)/g = v^2 / (rg)

r can be calculated: it is 5• sin(28.5) + 1

Then solve for v","&lt;div class=""md""&gt;&lt;p&gt;The centripetal force is the horizontal component of the tension. The vertical component of the tension is equal but opposite to gravity. We know the ratio between those two components, its tan(28.5). So:&lt;/p&gt;

&lt;p&gt;tan(28.5) = (v&lt;sup&gt;2&lt;/sup&gt; / r)/g = v&lt;sup&gt;2&lt;/sup&gt; / (rg)&lt;/p&gt;

&lt;p&gt;r can be calculated: it is 5• sin(28.5) + 1&lt;/p&gt;

&lt;p&gt;Then solve for v&lt;/p&gt;
&lt;/div&gt;",False,False,False,,,,,0,1713976324.0,1713976324.0,0,,0,False,0,{},l12e24k,False,,t3_1cc2766,False,,,,[],t1_l12e24k,True,,t3_1cc2766,/r/AskPhysics/comments/1cc2766/circular_motion_question/l12e24k/,,"{'kind': 'Listing', 'data': {'after': None, 'dist': None, 'modhash': None, 'geo_filter': '', 'children': [{'kind': 't1', 'data': {'subreddit_id': 't5_2sumo', 'approved_at_utc': None, 'author_is_blocked': False, 'comment_type': None, 'awarders': [], 'mod_reason_by': None, 'banned_by': None, 'author_flair_type': 'text', 'total_awards_received': 0, 'subreddit': 'AskPhysics', 'author_flair_template_id': None, 'likes': None, 'replies': '', 'user_reports': [], 'saved': False, 'id': 'l12f1nb', 'banned_at_utc': None, 'mod_reason_title': None, 'gilded': 0, 'archived': False, 'collapsed_reason_code': None, 'no_follow': True, 'author': 'M2357', 'can_mod_post': False, 'created_utc': 1713976653.0, 'send_replies': True, 'parent_id': 't1_l12e24k', 'score': 1, 'author_fullname': 't2_zawuy', 'removal_reason': None, 'approved_by': None, 'mod_note': None, 'all_awardings': [], 'body': 'Sorry I should have specified, I’m trying to solve 5.2 finding the tension in the rope. In my post you can see I have tried two different methods which gave me different answers', 'edited': False, 'top_awarded_type': None, 'author_flair_css_class': None, 'name': 't1_l12f1nb', 'is_submitter': True, 'downs': 0, 'author_flair_richtext': [], 'author_patreon_flair': False, 'body_html': '&lt;div class=""md""&gt;&lt;p&gt;Sorry I should have specified, I’m trying to solve 5.2 finding the tension in the rope. In my post you can see I have tried two different methods which gave me different answers&lt;/p&gt;\n&lt;/div&gt;', 'gildings': {}, 'collapsed_reason': None, 'distinguished': None, 'associated_award': None, 'stickied': False, 'author_premium': False, 'can_gild': False, 'link_id': 't3_1cc2766', 'unrepliable_reason': None, 'author_flair_text_color': None, 'score_hidden': False, 'permalink': '/r/AskPhysics/comments/1cc2766/circular_motion_question/l12f1nb/', 'subreddit_type': 'public', 'locked': False, 'report_reasons': None, 'created': 1713976653.0, 'author_flair_text': None, 'treatment_tags': [], 'collapsed': False, 'subreddit_name_prefixed': 'r/AskPhysics', 'controversiality': 0, 'depth': 1, 'author_flair_background_color': None, 'collapsed_because_crowd_control': None, 'mod_reports': [], 'num_reports': None, 'ups': 1}}, {'kind': 't1', 'data': {'subreddit_id': 't5_2sumo', 'approved_at_utc': None, 'author_is_blocked': False, 'comment_type': None, 'awarders': [], 'mod_reason_by': None, 'banned_by': None, 'author_flair_type': 'text', 'total_awards_received': 0, 'subreddit': 'AskPhysics', 'author_flair_template_id': None, 'likes': None, 'replies': '', 'user_reports': [], 'saved': False, 'id': 'l13dsqw', 'banned_at_utc': None, 'mod_reason_title': None, 'gilded': 0, 'archived': False, 'collapsed_reason_code': None, 'no_follow': True, 'author': 'Chemomechanics', 'can_mod_post': False, 'created_utc': 1713988131.0, 'send_replies': True, 'parent_id': 't1_l12e24k', 'score': 1, 'author_fullname': 't2_61sm0', 'removal_reason': None, 'approved_by': None, 'mod_note': None, 'all_awardings': [], 'body': '&gt;5• sin(28.5) + 1\n\ntan, not sin. The rope as shown in the diagram is 5.78 m long.', 'edited': False, 'top_awarded_type': None, 'author_flair_css_class': 'mat', 'name': 't1_l13dsqw', 'is_submitter': False, 'downs': 0, 'author_flair_richtext': [], 'author_patreon_flair': False, 'body_html': '&lt;div class=""md""&gt;&lt;blockquote&gt;\n&lt;p&gt;5• sin(28.5) + 1&lt;/p&gt;\n&lt;/blockquote&gt;\n\n&lt;p&gt;tan, not sin. The rope as shown in the diagram is 5.78 m long.&lt;/p&gt;\n&lt;/div&gt;', 'gildings': {}, 'collapsed_reason': None, 'distinguished': None, 'associated_award': None, 'stickied': False, 'author_premium': False, 'can_gild': False, 'link_id': 't3_1cc2766', 'unrepliable_reason': None, 'author_flair_text_color': 'dark', 'score_hidden': False, 'permalink': '/r/AskPhysics/comments/1cc2766/circular_motion_question/l13dsqw/', 'subreddit_type': 'public', 'locked': False, 'report_reasons': None, 'created': 1713988131.0, 'author_flair_text': 'Materials science', 'treatment_tags': [], 'collapsed': False, 'subreddit_name_prefixed': 'r/AskPhysics', 'controversiality': 0, 'depth': 1, 'author_flair_background_color': '', 'collapsed_because_crowd_control': None, 'mod_reports': [], 'num_reports': None, 'ups': 1}}], 'before': None}}",,False,2,False,True,False,AskPhysics,t5_2sumo,r/AskPhysics,public,,0,[],,2,[],t1
data_1,[],,,False,,Chemomechanics,,mat,[],,Materials science,dark,text,t2_61sm0,False,False,False,[],,,"This was a tricky one to figure out—over two hours for me. The problem is overconstrained if you use a value for g other than about 9.99 m/s^(2).

Reasoning: If we don't know the angle θ, then the tension in the rope is mg/cos θ, correct?

Then, the centripetal acceleration is g tan θ, correct? 

But this is also ω^(2)r = ω^(2)[(1 m) + (5 m)tan θ]. The solution to g tan θ = ω^(2)[(1 m) + (5 m)tan θ] for g = 9.81 m/s^(2) is θ = 30.2°, not 28.5°. However, it is 28.5° for g = 9.99 m/s^(2).

I suppose therefore that the person writing the question intends for you to use g = 10 m/s^(2).

Alternatively, you could solve for the tension without using g as T = mω^(2)[(1 m) + (5 m)tan θ]/cos θ, giving T = 966 N.

I consider this a really unfair exam question without either (1) giving g = 10 m/s^(2) as information in the question or (2) stating that you should not assume any particular value for g.","&lt;div class=""md""&gt;&lt;p&gt;This was a tricky one to figure out—over two hours for me. The problem is overconstrained if you use a value for g other than about 9.99 m/s&lt;sup&gt;2&lt;/sup&gt;.&lt;/p&gt;

&lt;p&gt;Reasoning: If we don&amp;#39;t know the angle θ, then the tension in the rope is mg/cos θ, correct?&lt;/p&gt;

&lt;p&gt;Then, the centripetal acceleration is g tan θ, correct? &lt;/p&gt;

&lt;p&gt;But this is also ω&lt;sup&gt;2&lt;/sup&gt;r = ω&lt;sup&gt;2&lt;/sup&gt;[(1 m) + (5 m)tan θ]. The solution to g tan θ = ω&lt;sup&gt;2&lt;/sup&gt;[(1 m) + (5 m)tan θ] for g = 9.81 m/s&lt;sup&gt;2&lt;/sup&gt; is θ = 30.2°, not 28.5°. However, it is 28.5° for g = 9.99 m/s&lt;sup&gt;2&lt;/sup&gt;.&lt;/p&gt;

&lt;p&gt;I suppose therefore that the person writing the question intends for you to use g = 10 m/s&lt;sup&gt;2&lt;/sup&gt;.&lt;/p&gt;

&lt;p&gt;Alternatively, you could solve for the tension without using g as T = mω&lt;sup&gt;2&lt;/sup&gt;[(1 m) + (5 m)tan θ]/cos θ, giving T = 966 N.&lt;/p&gt;

&lt;p&gt;I consider this a really unfair exam question without either (1) giving g = 10 m/s&lt;sup&gt;2&lt;/sup&gt; as information in the question or (2) stating that you should not assume any particular value for g.&lt;/p&gt;
&lt;/div&gt;",False,False,False,,,,,0,1713988087.0,1713988087.0,0,,0,False,0,{},l13dnwl,False,,t3_1cc2766,False,,,,[],t1_l13dnwl,True,,t3_1cc2766,/r/AskPhysics/comments/1cc2766/circular_motion_question/l13dnwl/,,"{'kind': 'Listing', 'data': {'after': None, 'dist': None, 'modhash': None, 'geo_filter': '', 'children': [{'kind': 't1', 'data': {'subreddit_id': 't5_2sumo', 'approved_at_utc': None, 'author_is_blocked': False, 'comment_type': None, 'awarders': [], 'mod_reason_by': None, 'banned_by': None, 'author_flair_type': 'text', 'total_awards_received': 0, 'subreddit': 'AskPhysics', 'author_flair_template_id': None, 'likes': None, 'replies': '', 'user_reports': [], 'saved': False, 'id': 'l13iuor', 'banned_at_utc': None, 'mod_reason_title': None, 'gilded': 0, 'archived': False, 'collapsed_reason_code': None, 'no_follow': True, 'author': 'M2357', 'can_mod_post': False, 'created_utc': 1713989792.0, 'send_replies': True, 'parent_id': 't1_l13dnwl', 'score': 1, 'author_fullname': 't2_zawuy', 'removal_reason': None, 'approved_by': None, 'mod_note': None, 'all_awardings': [], 'body': 'Thank you so much for taking the time to figure this out, I was going crazy over this.', 'edited': False, 'top_awarded_type': None, 'author_flair_css_class': None, 'name': 't1_l13iuor', 'is_submitter': True, 'downs': 0, 'author_flair_richtext': [], 'author_patreon_flair': False, 'body_html': '&lt;div class=""md""&gt;&lt;p&gt;Thank you so much for taking the time to figure this out, I was going crazy over this.&lt;/p&gt;\n&lt;/div&gt;', 'gildings': {}, 'collapsed_reason': None, 'distinguished': None, 'associated_award': None, 'stickied': False, 'author_premium': False, 'can_gild': False, 'link_id': 't3_1cc2766', 'unrepliable_reason': None, 'author_flair_text_color': None, 'score_hidden': False, 'permalink': '/r/AskPhysics/comments/1cc2766/circular_motion_question/l13iuor/', 'subreddit_type': 'public', 'locked': False, 'report_reasons': None, 'created': 1713989792.0, 'author_flair_text': None, 'treatment_tags': [], 'collapsed': False, 'subreddit_name_prefixed': 'r/AskPhysics', 'controversiality': 0, 'depth': 1, 'author_flair_background_color': None, 'collapsed_because_crowd_control': None, 'mod_reports': [], 'num_reports': None, 'ups': 1}}], 'before': None}}",,False,2,False,True,False,AskPhysics,t5_2sumo,r/AskPhysics,public,,0,[],,2,[],t1
