,all_awardings,approved_at_utc,approved_by,archived,associated_award,author,author_flair_background_color,author_flair_css_class,author_flair_richtext,author_flair_template_id,author_flair_text,author_flair_text_color,author_flair_type,author_fullname,author_is_blocked,author_patreon_flair,author_premium,awarders,banned_at_utc,banned_by,body,body_html,can_gild,can_mod_post,collapsed,collapsed_because_crowd_control,collapsed_reason,collapsed_reason_code,comment_type,controversiality,created,created_utc,depth,distinguished,downs,edited,gilded,gildings,id,is_submitter,likes,link_id,locked,mod_note,mod_reason_by,mod_reason_title,mod_reports,name,no_follow,num_reports,parent_id,permalink,removal_reason,replies,report_reasons,saved,score,score_hidden,send_replies,stickied,subreddit,subreddit_id,subreddit_name_prefixed,subreddit_type,top_awarded_type,total_awards_received,treatment_tags,unrepliable_reason,ups,user_reports,kind
data,[],,,False,,Anonymous-USA,,,[],,,,text,t2_7h3ccwl3,False,False,False,[],,,"That’s a famously called the [Ehrenfest paradox](https://en.m.wikipedia.org/wiki/Ehrenfest_paradox) and expounded on by Einstein.  The tip of the blade wouldn’t exceed lightspeed, but would length contract.  And when it length contracts, would warp.  But what if the blade were perfectly rigid and couldn’t length contract?  Einstein solved this with a simple answer: there is no such perfectly rigid object.  So the blade would never exceed lightspeed, and it would length contract breaking/sheering it apart.","&lt;div class=""md""&gt;&lt;p&gt;That’s a famously called the &lt;a href=""https://en.m.wikipedia.org/wiki/Ehrenfest_paradox""&gt;Ehrenfest paradox&lt;/a&gt; and expounded on by Einstein.  The tip of the blade wouldn’t exceed lightspeed, but would length contract.  And when it length contracts, would warp.  But what if the blade were perfectly rigid and couldn’t length contract?  Einstein solved this with a simple answer: there is no such perfectly rigid object.  So the blade would never exceed lightspeed, and it would length contract breaking/sheering it apart.&lt;/p&gt;
&lt;/div&gt;",False,False,False,,,,,0,1714012571.0,1714012571.0,0,,0,False,0,{},l157u2z,False,,t3_1ccgonp,False,,,,[],t1_l157u2z,True,,t3_1ccgonp,/r/AskPhysics/comments/1ccgonp/speed_of_light_lever/l157u2z/,,,,False,7,False,True,False,AskPhysics,t5_2sumo,r/AskPhysics,public,,0,[],,7,[],t1
data_1,[],,,False,,rhodiumtoad,,,[],,,,text,t2_3xvdrku3e,False,False,False,[],,,The fan breaks before the blade tips get even a tiny fraction of the way to the speed of light.,"&lt;div class=""md""&gt;&lt;p&gt;The fan breaks before the blade tips get even a tiny fraction of the way to the speed of light.&lt;/p&gt;
&lt;/div&gt;",False,False,False,,,,,0,1714012652.0,1714012652.0,0,,0,False,0,{},l1580zd,False,,t3_1ccgonp,False,,,,[],t1_l1580zd,False,,t3_1ccgonp,/r/AskPhysics/comments/1ccgonp/speed_of_light_lever/l1580zd/,,,,False,4,False,True,False,AskPhysics,t5_2sumo,r/AskPhysics,public,,0,[],,4,[],t1
data_2,[],,,False,,imsowitty,,,[],,,,text,t2_5uplf,False,False,False,[],,,"The tip of the blade would still require an infinite amount of energy to get to c, no matter how you planned on delivering it.","&lt;div class=""md""&gt;&lt;p&gt;The tip of the blade would still require an infinite amount of energy to get to c, no matter how you planned on delivering it.&lt;/p&gt;
&lt;/div&gt;",False,False,False,,,,,0,1714017819.0,1714017819.0,0,,0,False,0,{},l15j69y,False,,t3_1ccgonp,False,,,,[],t1_l15j69y,True,,t3_1ccgonp,/r/AskPhysics/comments/1ccgonp/speed_of_light_lever/l15j69y/,,,,False,2,False,True,False,AskPhysics,t5_2sumo,r/AskPhysics,public,,0,[],,2,[],t1
data_3,[],,,False,,zealoSC,,,[],,,,text,t2_5zv9b,False,False,False,[],,,"A straight blade would bend or snap at a certain speed depending on material properties.


This length/speed can be greatly extended by a tapered blade. The theoretical limit is when it reaches the speed of sound in that material","&lt;div class=""md""&gt;&lt;p&gt;A straight blade would bend or snap at a certain speed depending on material properties.&lt;/p&gt;

&lt;p&gt;This length/speed can be greatly extended by a tapered blade. The theoretical limit is when it reaches the speed of sound in that material&lt;/p&gt;
&lt;/div&gt;",False,False,False,,,,,0,1714019605.0,1714019605.0,0,,0,False,0,{},l15mkla,False,,t3_1ccgonp,False,,,,[],t1_l15mkla,True,,t3_1ccgonp,/r/AskPhysics/comments/1ccgonp/speed_of_light_lever/l15mkla/,,,,False,1,False,True,False,AskPhysics,t5_2sumo,r/AskPhysics,public,,0,[],,1,[],t1
data_4,[],,,False,,Waferssi,,,[],,,,text,t2_5w4a43j8,False,False,False,[],,,"If the blades are perfectly rigid? Yes! What does that tell us? That perfect rigidity doesn't exist.


In an atomic level, this makes sense. A force (/torque) is exerted on the atoms on one end of the fan blade. That accelerates those atoms, moving them. That causes the ""Force fields"" (eg electrostatic, gravity) of those atoms to move. That causes a net force exerted on the next layer of atoms so that they also start moving, etc. However the change of those forcefields at the next set of atoms isn't instant; it permeates space at the speed of light as well. That means there's a delay for movement of any atom to cause movement of the next, so perfect rigidity is impossible in principle. When you move one end of an object it takes at least t=d/c for another part of the object to start moving too, if d is the distance.","&lt;div class=""md""&gt;&lt;p&gt;If the blades are perfectly rigid? Yes! What does that tell us? That perfect rigidity doesn&amp;#39;t exist.&lt;/p&gt;

&lt;p&gt;In an atomic level, this makes sense. A force (/torque) is exerted on the atoms on one end of the fan blade. That accelerates those atoms, moving them. That causes the &amp;quot;Force fields&amp;quot; (eg electrostatic, gravity) of those atoms to move. That causes a net force exerted on the next layer of atoms so that they also start moving, etc. However the change of those forcefields at the next set of atoms isn&amp;#39;t instant; it permeates space at the speed of light as well. That means there&amp;#39;s a delay for movement of any atom to cause movement of the next, so perfect rigidity is impossible in principle. When you move one end of an object it takes at least t=d/c for another part of the object to start moving too, if d is the distance.&lt;/p&gt;
&lt;/div&gt;",False,False,False,,,,,0,1714030186.0,1714030186.0,0,,0,False,0,{},l163eoo,False,,t3_1ccgonp,False,,,,[],t1_l163eoo,True,,t3_1ccgonp,/r/AskPhysics/comments/1ccgonp/speed_of_light_lever/l163eoo/,,,,False,1,False,True,False,AskPhysics,t5_2sumo,r/AskPhysics,public,,0,[],,1,[],t1
data_5,[],,,False,,PlurblesMurbles,,,[],,,,text,t2_wmdrfx1dc,False,False,False,[],,,"Because it’s a string of bonded atoms and not one continuous entity each atom pulls/pushes the next atom. Imagine pushing on a spring to push a  bowling ball. The spring will compress then slowly expand to push the bowling ball (assuming you don’t move so the spring is able to push off you). The force travels down the lever just below the speed of light, so it would stretch and flex more and more until the tensile strength of the material was exceeded","&lt;div class=""md""&gt;&lt;p&gt;Because it’s a string of bonded atoms and not one continuous entity each atom pulls/pushes the next atom. Imagine pushing on a spring to push a  bowling ball. The spring will compress then slowly expand to push the bowling ball (assuming you don’t move so the spring is able to push off you). The force travels down the lever just below the speed of light, so it would stretch and flex more and more until the tensile strength of the material was exceeded&lt;/p&gt;
&lt;/div&gt;",False,False,False,,,,,0,1714061750.0,1714061750.0,0,,0,False,0,{},l17xysp,False,,t3_1ccgonp,False,,,,[],t1_l17xysp,True,,t3_1ccgonp,/r/AskPhysics/comments/1ccgonp/speed_of_light_lever/l17xysp/,,,,False,1,False,True,False,AskPhysics,t5_2sumo,r/AskPhysics,public,,0,[],,1,[],t1
