,all_awardings,approved_at_utc,approved_by,archived,associated_award,author,author_flair_background_color,author_flair_css_class,author_flair_richtext,author_flair_template_id,author_flair_text,author_flair_text_color,author_flair_type,author_fullname,author_is_blocked,author_patreon_flair,author_premium,awarders,banned_at_utc,banned_by,body,body_html,can_gild,can_mod_post,collapsed,collapsed_because_crowd_control,collapsed_reason,collapsed_reason_code,comment_type,controversiality,created,created_utc,depth,distinguished,downs,edited,gilded,gildings,id,is_submitter,likes,link_id,locked,mod_note,mod_reason_by,mod_reason_title,mod_reports,name,no_follow,num_reports,parent_id,permalink,removal_reason,replies,report_reasons,saved,score,score_hidden,send_replies,stickied,subreddit,subreddit_id,subreddit_name_prefixed,subreddit_type,top_awarded_type,total_awards_received,treatment_tags,unrepliable_reason,ups,user_reports,kind
data,[],,,False,,Cryptizard,,,[],,,,text,t2_n0aht,False,False,False,[],,,"&gt;I was reading someplace that scientists were able to separate two quantum entangled particles and were able to transmit information faster than the speed of light.

Sorry to be blunt but you must have [read it wrong](https://en.wikipedia.org/wiki/No-communication_theorem).  It is impossible.","&lt;div class=""md""&gt;&lt;blockquote&gt;
&lt;p&gt;I was reading someplace that scientists were able to separate two quantum entangled particles and were able to transmit information faster than the speed of light.&lt;/p&gt;
&lt;/blockquote&gt;

&lt;p&gt;Sorry to be blunt but you must have &lt;a href=""https://en.wikipedia.org/wiki/No-communication_theorem""&gt;read it wrong&lt;/a&gt;.  It is impossible.&lt;/p&gt;
&lt;/div&gt;",False,False,False,,,,,0,1714046627.0,1714046627.0,0,,0,False,0,{},l16smmw,False,,t3_1ccq56x,False,,,,[],t1_l16smmw,True,,t3_1ccq56x,/r/AskPhysics/comments/1ccq56x/is_faster_than_light_communication_possible_using/l16smmw/,,"{'kind': 'Listing', 'data': {'after': None, 'dist': None, 'modhash': None, 'geo_filter': '', 'children': [{'kind': 't1', 'data': {'total_awards_received': 0, 'approved_at_utc': None, 'author_is_blocked': False, 'comment_type': None, 'awarders': [], 'mod_reason_by': None, 'banned_by': None, 'ups': 1, 'removal_reason': None, 'link_id': 't3_1ccq56x', 'author_flair_template_id': None, 'likes': None, 'replies': {'kind': 'Listing', 'data': {'after': None, 'dist': None, 'modhash': None, 'geo_filter': '', 'children': [{'kind': 't1', 'data': {'subreddit_id': 't5_2sumo', 'approved_at_utc': None, 'author_is_blocked': False, 'comment_type': None, 'awarders': [], 'mod_reason_by': None, 'banned_by': None, 'author_flair_type': 'text', 'total_awards_received': 0, 'subreddit': 'AskPhysics', 'author_flair_template_id': None, 'likes': None, 'replies': {'kind': 'Listing', 'data': {'after': None, 'dist': None, 'modhash': None, 'geo_filter': '', 'children': [{'kind': 't1', 'data': {'total_awards_received': 0, 'approved_at_utc': None, 'author_is_blocked': False, 'comment_type': None, 'awarders': [], 'mod_reason_by': None, 'banned_by': None, 'ups': 1, 'removal_reason': None, 'link_id': 't3_1ccq56x', 'author_flair_template_id': None, 'likes': None, 'replies': {'kind': 'Listing', 'data': {'after': None, 'dist': None, 'modhash': None, 'geo_filter': '', 'children': [{'kind': 't1', 'data': {'subreddit_id': 't5_2sumo', 'approved_at_utc': None, 'author_is_blocked': False, 'comment_type': None, 'awarders': [], 'mod_reason_by': None, 'banned_by': None, 'author_flair_type': 'text', 'total_awards_received': 0, 'subreddit': 'AskPhysics', 'author_flair_template_id': None, 'distinguished': None, 'likes': None, 'replies': '', 'user_reports': [], 'saved': False, 'id': 'l16w55s', 'banned_at_utc': None, 'mod_reason_title': None, 'gilded': 0, 'archived': False, 'collapsed_reason_code': None, 'no_follow': True, 'author': 'clocks212', 'can_mod_post': False, 'send_replies': True, 'parent_id': 't1_l16urp0', 'score': 1, 'author_fullname': 't2_d7dbe', 'removal_reason': None, 'approved_by': None, 'mod_note': None, 'all_awardings': [], 'body': 'Entanglement means, for example, if you measure your particle as spin up then you know the other particle will be measured as spin down. You know this about the other particle the instant you measure your particle.\n\nBUT! It’s absolutely random whether you get spin up or spin down. Also you have no way of knowing if or when the other particle was ever measured (other than a light speed-or-slower message from the other party).\n\nThere is a misunderstanding that when you measure your particle “something” travels to the other particle faster than light and tells it to be an opposite state. That is, as far as we know, not what is happening. It’s closer to flipping by a coin on a glass table, if you see heads above the table then you know someone under the table will see tails. That’s it. (Oddly though we have also shown that each particle does not contain any “hidden variables” ahead of time to set their opposite states. So wtf happens? We don’t have a complete explanation)\n\nAt best you could agree ahead of time “if you measure spin up then launch the nukes, if I measure spin down I’ll find a new planet to live on” and then fly away, below light speed, to some other location and measure your particle. But whether they ever measured their particle will have to be communicated at or below light speed to you. Any information in that scenario always travels at or below light speed.', 'edited': 1714049444.0, 'author_flair_css_class': None, 'name': 't1_l16w55s', 'is_submitter': False, 'downs': 0, 'author_flair_richtext': [], 'author_patreon_flair': False, 'body_html': '&lt;div class=""md""&gt;&lt;p&gt;Entanglement means, for example, if you measure your particle as spin up then you know the other particle will be measured as spin down. You know this about the other particle the instant you measure your particle.&lt;/p&gt;\n\n&lt;p&gt;BUT! It’s absolutely random whether you get spin up or spin down. Also you have no way of knowing if or when the other particle was ever measured (other than a light speed-or-slower message from the other party).&lt;/p&gt;\n\n&lt;p&gt;There is a misunderstanding that when you measure your particle “something” travels to the other particle faster than light and tells it to be an opposite state. That is, as far as we know, not what is happening. It’s closer to flipping by a coin on a glass table, if you see heads above the table then you know someone under the table will see tails. That’s it. (Oddly though we have also shown that each particle does not contain any “hidden variables” ahead of time to set their opposite states. So wtf happens? We don’t have a complete explanation)&lt;/p&gt;\n\n&lt;p&gt;At best you could agree ahead of time “if you measure spin up then launch the nukes, if I measure spin down I’ll find a new planet to live on” and then fly away, below light speed, to some other location and measure your particle. But whether they ever measured their particle will have to be communicated at or below light speed to you. Any information in that scenario always travels at or below light speed.&lt;/p&gt;\n&lt;/div&gt;', 'gildings': {}, 'collapsed_reason': None, 'link_id': 't3_1ccq56x', 'associated_award': None, 'stickied': False, 'author_premium': True, 'can_gild': False, 'top_awarded_type': None, 'unrepliable_reason': None, 'author_flair_text_color': None, 'treatment_tags': [], 'score_hidden': False, 'permalink': '/r/AskPhysics/comments/1ccq56x/is_faster_than_light_communication_possible_using/l16w55s/', 'subreddit_type': 'public', 'locked': False, 'report_reasons': None, 'created': 1714048244.0, 'author_flair_text': None, 'collapsed': False, 'created_utc': 1714048244.0, 'subreddit_name_prefixed': 'r/AskPhysics', 'controversiality': 0, 'depth': 4, 'author_flair_background_color': None, 'collapsed_because_crowd_control': None, 'mod_reports': [], 'num_reports': None, 'ups': 1}}], 'before': None}}, 'user_reports': [], 'saved': False, 'id': 'l16urp0', 'banned_at_utc': None, 'mod_reason_title': None, 'gilded': 0, 'archived': False, 'collapsed_reason_code': None, 'no_follow': True, 'author': '[deleted]', 'can_mod_post': False, 'send_replies': True, 'parent_id': 't1_l16uacc', 'score': 1, 'approved_by': None, 'report_reasons': None, 'all_awardings': [], 'subreddit_id': 't5_2sumo', 'body': '[removed]', 'edited': False, 'downs': 0, 'author_flair_css_class': None, 'collapsed': False, 'is_submitter': False, 'body_html': '&lt;div class=""md""&gt;&lt;p&gt;[removed]&lt;/p&gt;\n&lt;/div&gt;', 'gildings': {}, 'collapsed_reason': None, 'associated_award': None, 'stickied': False, 'subreddit_type': 'public', 'can_gild': False, 'top_awarded_type': None, 'unrepliable_reason': None, 'author_flair_text_color': 'dark', 'score_hidden': False, 'permalink': '/r/AskPhysics/comments/1ccq56x/is_faster_than_light_communication_possible_using/l16urp0/', 'num_reports': None, 'locked': False, 'name': 't1_l16urp0', 'created': 1714047627.0, 'subreddit': 'AskPhysics', 'author_flair_text': None, 'treatment_tags': [], 'created_utc': 1714047627.0, 'subreddit_name_prefixed': 'r/AskPhysics', 'controversiality': 0, 'depth': 3, 'author_flair_background_color': '', 'collapsed_because_crowd_control': None, 'mod_reports': [], 'mod_note': None, 'distinguished': None}}], 'before': None}}, 'user_reports': [], 'saved': False, 'id': 'l16uacc', 'banned_at_utc': None, 'mod_reason_title': None, 'gilded': 0, 'archived': False, 'collapsed_reason_code': None, 'no_follow': True, 'author': 'Cryptizard', 'can_mod_post': False, 'send_replies': True, 'parent_id': 't1_l16t5jk', 'score': 5, 'author_fullname': 't2_n0aht', 'removal_reason': None, 'approved_by': None, 'mod_note': None, 'all_awardings': [], 'body': 'No, that is explicitly impossible like I just said.  You cannot use entanglement to communicate information.  It is a fairly simple mathematical proof.  The idea is alluring, since it seems that entanglement does have some ""spooky action at a distance"" way of instantaneously influencing far away partners of particles, but some exploration of the math behind quantum mechanics shows that even if this is true the effect **cannot** be used to transmit information.  It always requires seeing the measurement at both ends of the entanglement to even confirm that the particles were entangled in the first place.', 'edited': False, 'top_awarded_type': None, 'downs': 0, 'author_flair_css_class': None, 'name': 't1_l16uacc', 'is_submitter': False, 'collapsed': False, 'author_flair_richtext': [], 'author_patreon_flair': False, 'body_html': '&lt;div class=""md""&gt;&lt;p&gt;No, that is explicitly impossible like I just said.  You cannot use entanglement to communicate information.  It is a fairly simple mathematical proof.  The idea is alluring, since it seems that entanglement does have some &amp;quot;spooky action at a distance&amp;quot; way of instantaneously influencing far away partners of particles, but some exploration of the math behind quantum mechanics shows that even if this is true the effect &lt;strong&gt;cannot&lt;/strong&gt; be used to transmit information.  It always requires seeing the measurement at both ends of the entanglement to even confirm that the particles were entangled in the first place.&lt;/p&gt;\n&lt;/div&gt;', 'gildings': {}, 'collapsed_reason': None, 'distinguished': None, 'associated_award': None, 'stickied': False, 'author_premium': False, 'can_gild': False, 'link_id': 't3_1ccq56x', 'unrepliable_reason': None, 'author_flair_text_color': None, 'score_hidden': False, 'permalink': '/r/AskPhysics/comments/1ccq56x/is_faster_than_light_communication_possible_using/l16uacc/', 'subreddit_type': 'public', 'locked': False, 'report_reasons': None, 'created': 1714047404.0, 'author_flair_text': None, 'treatment_tags': [], 'created_utc': 1714047404.0, 'subreddit_name_prefixed': 'r/AskPhysics', 'controversiality': 0, 'depth': 2, 'author_flair_background_color': None, 'collapsed_because_crowd_control': None, 'mod_reports': [], 'num_reports': None, 'ups': 5}}], 'before': None}}, 'user_reports': [], 'saved': False, 'id': 'l16t5jk', 'banned_at_utc': None, 'mod_reason_title': None, 'gilded': 0, 'archived': False, 'collapsed_reason_code': None, 'no_follow': True, 'author': '[deleted]', 'can_mod_post': False, 'send_replies': True, 'parent_id': 't1_l16smmw', 'score': 1, 'approved_by': None, 'report_reasons': None, 'all_awardings': [], 'subreddit_id': 't5_2sumo', 'body': '[removed]', 'edited': False, 'author_flair_css_class': None, 'collapsed': False, 'downs': 0, 'is_submitter': False, 'body_html': '&lt;div class=""md""&gt;&lt;p&gt;[removed]&lt;/p&gt;\n&lt;/div&gt;', 'gildings': {}, 'collapsed_reason': None, 'associated_award': None, 'stickied': False, 'subreddit_type': 'public', 'can_gild': False, 'top_awarded_type': None, 'unrepliable_reason': None, 'author_flair_text_color': 'dark', 'score_hidden': False, 'permalink': '/r/AskPhysics/comments/1ccq56x/is_faster_than_light_communication_possible_using/l16t5jk/', 'num_reports': None, 'locked': False, 'name': 't1_l16t5jk', 'created': 1714046878.0, 'subreddit': 'AskPhysics', 'author_flair_text': None, 'treatment_tags': [], 'created_utc': 1714046878.0, 'subreddit_name_prefixed': 'r/AskPhysics', 'controversiality': 0, 'depth': 1, 'author_flair_background_color': '', 'collapsed_because_crowd_control': None, 'mod_reports': [], 'mod_note': None, 'distinguished': None}}], 'before': None}}",,False,13,False,True,False,AskPhysics,t5_2sumo,r/AskPhysics,public,,0,[],,13,[],t1
data_1,[],,,False,,JK0zero,,pf,[],7a6d41a4-c6b2-11e4-a859-22000b6e00bb,Nuclear physics,dark,text,t2_rgd78vne3,False,False,False,[],,,"&gt;I was reading someplace that scientists were able to separate two quantum entangled particles and were able to transmit information faster than the speed of light.

Can't be done. Whatever your source is, either the scientists didn't explain themselves clearly enough or the writer didn't get it right. Pop-physics sites get flooded with this type of misunderstanding all the time.","&lt;div class=""md""&gt;&lt;blockquote&gt;
&lt;p&gt;I was reading someplace that scientists were able to separate two quantum entangled particles and were able to transmit information faster than the speed of light.&lt;/p&gt;
&lt;/blockquote&gt;

&lt;p&gt;Can&amp;#39;t be done. Whatever your source is, either the scientists didn&amp;#39;t explain themselves clearly enough or the writer didn&amp;#39;t get it right. Pop-physics sites get flooded with this type of misunderstanding all the time.&lt;/p&gt;
&lt;/div&gt;",False,False,False,,,,,0,1714046956.0,1714046956.0,0,,0,False,0,{},l16tbhi,False,,t3_1ccq56x,False,,,,[],t1_l16tbhi,True,,t3_1ccq56x,/r/AskPhysics/comments/1ccq56x/is_faster_than_light_communication_possible_using/l16tbhi/,,,,False,7,False,True,False,AskPhysics,t5_2sumo,r/AskPhysics,public,,0,[],,7,[],t1
data_2,[],,,False,,MaoGo,,misc,[],9a9f6614-c6b2-11e4-986d-22000bc08516,Graduate,dark,text,t2_15773z,False,False,False,[],,,"QFT is by its very nature a relativistic theory, the symmetries of the theory are those of Lorentz and Poincaré. It cannot violate relativity.","&lt;div class=""md""&gt;&lt;p&gt;QFT is by its very nature a relativistic theory, the symmetries of the theory are those of Lorentz and Poincaré. It cannot violate relativity.&lt;/p&gt;
&lt;/div&gt;",False,False,False,,,,,0,1714048359.0,1714048359.0,0,,0,False,0,{},l16wefo,False,,t3_1ccq56x,False,,,,[],t1_l16wefo,True,,t3_1ccq56x,/r/AskPhysics/comments/1ccq56x/is_faster_than_light_communication_possible_using/l16wefo/,,,,False,2,False,True,False,AskPhysics,t5_2sumo,r/AskPhysics,public,,0,[],,2,[],t1
data_3,[],,,False,,Anonymous-USA,,,[],,,,text,t2_7h3ccwl3,False,False,False,[],,,"&gt;…and were able to transmit information faster than the speed of light

That’s not what they did.  They simply confirmed that the correlation of entanglement is instantaneous (within the accuracy of measurement).  That’s *not* the same as transmitting information.  Correlation doesn’t necessarily require communication.  If anything, those results suggest there is no communication in entanglement.","&lt;div class=""md""&gt;&lt;blockquote&gt;
&lt;p&gt;…and were able to transmit information faster than the speed of light&lt;/p&gt;
&lt;/blockquote&gt;

&lt;p&gt;That’s not what they did.  They simply confirmed that the correlation of entanglement is instantaneous (within the accuracy of measurement).  That’s &lt;em&gt;not&lt;/em&gt; the same as transmitting information.  Correlation doesn’t necessarily require communication.  If anything, those results suggest there is no communication in entanglement.&lt;/p&gt;
&lt;/div&gt;",False,False,False,,,,,0,1714058078.0,1714058078.0,0,,0,False,0,{},l17msix,False,,t3_1ccq56x,False,,,,[],t1_l17msix,True,,t3_1ccq56x,/r/AskPhysics/comments/1ccq56x/is_faster_than_light_communication_possible_using/l17msix/,,,,False,2,False,True,False,AskPhysics,t5_2sumo,r/AskPhysics,public,,0,[],,2,[],t1
