,all_awardings,approved_at_utc,approved_by,archived,associated_award,author,author_flair_background_color,author_flair_css_class,author_flair_richtext,author_flair_template_id,author_flair_text,author_flair_text_color,author_flair_type,author_fullname,author_is_blocked,author_patreon_flair,author_premium,awarders,banned_at_utc,banned_by,body,body_html,can_gild,can_mod_post,collapsed,collapsed_because_crowd_control,collapsed_reason,collapsed_reason_code,comment_type,controversiality,created,created_utc,depth,distinguished,downs,edited,gilded,gildings,id,is_submitter,likes,link_id,locked,mod_note,mod_reason_by,mod_reason_title,mod_reports,name,no_follow,num_reports,parent_id,permalink,removal_reason,replies,report_reasons,saved,score,score_hidden,send_replies,stickied,subreddit,subreddit_id,subreddit_name_prefixed,subreddit_type,top_awarded_type,total_awards_received,treatment_tags,unrepliable_reason,ups,user_reports,kind
data,[],,,False,,Final_Character_4886,,,[],,,,text,t2_eijnzxsh,False,False,False,[],,,"The statement is stronger than that. There is no local experiment that can distinguish between the effect of gravity vs. the effect of acceleration.

But there are many local experiments that can help you distinguish between acceleration and an electromagnetic field. For example, if your test particle has no charge, it feels no force in an electric field.

That's the difference you are asking for between gravity and electromagnetism.","&lt;div class=""md""&gt;&lt;p&gt;The statement is stronger than that. There is no local experiment that can distinguish between the effect of gravity vs. the effect of acceleration.&lt;/p&gt;

&lt;p&gt;But there are many local experiments that can help you distinguish between acceleration and an electromagnetic field. For example, if your test particle has no charge, it feels no force in an electric field.&lt;/p&gt;

&lt;p&gt;That&amp;#39;s the difference you are asking for between gravity and electromagnetism.&lt;/p&gt;
&lt;/div&gt;",False,False,False,,,,,0,1714023240.0,1714023240.0,0,,0,1714023450.0,0,{},l15sxj1,False,,t3_1ccjsds,False,,,,[],t1_l15sxj1,False,,t3_1ccjsds,/r/AskPhysics/comments/1ccjsds/why_is_gravity_indistinguishable_from/l15sxj1/,,"{'kind': 'Listing', 'data': {'after': None, 'dist': None, 'modhash': None, 'geo_filter': '', 'children': [{'kind': 't1', 'data': {'subreddit_id': 't5_2sumo', 'approved_at_utc': None, 'author_is_blocked': False, 'comment_type': None, 'awarders': [], 'mod_reason_by': None, 'banned_by': None, 'author_flair_type': 'text', 'total_awards_received': 0, 'subreddit': 'AskPhysics', 'author_flair_template_id': None, 'likes': None, 'replies': '', 'user_reports': [], 'saved': False, 'id': 'l17ejwf', 'banned_at_utc': None, 'mod_reason_title': None, 'gilded': 0, 'archived': False, 'collapsed_reason_code': None, 'no_follow': False, 'author': 'the6thReplicant', 'can_mod_post': False, 'created_utc': 1714055319.0, 'send_replies': True, 'parent_id': 't1_l15sxj1', 'score': 6, 'author_fullname': 't2_1of0', 'removal_reason': None, 'approved_by': None, 'mod_note': None, 'all_awardings': [], 'body': ""Yep. The universe can be split up into two categories: things can have mass and things can not. If you don't have mass then you move at _c_ and have no inertial reference frame making the question mute.\n\nOther universal properties (eg charge) are not so clear cut."", 'edited': False, 'top_awarded_type': None, 'author_flair_css_class': None, 'name': 't1_l17ejwf', 'is_submitter': False, 'downs': 0, 'author_flair_richtext': [], 'author_patreon_flair': False, 'body_html': '&lt;div class=""md""&gt;&lt;p&gt;Yep. The universe can be split up into two categories: things can have mass and things can not. If you don&amp;#39;t have mass then you move at &lt;em&gt;c&lt;/em&gt; and have no inertial reference frame making the question mute.&lt;/p&gt;\n\n&lt;p&gt;Other universal properties (eg charge) are not so clear cut.&lt;/p&gt;\n&lt;/div&gt;', 'gildings': {}, 'collapsed_reason': None, 'distinguished': None, 'associated_award': None, 'stickied': False, 'author_premium': False, 'can_gild': False, 'link_id': 't3_1ccjsds', 'unrepliable_reason': None, 'author_flair_text_color': None, 'score_hidden': False, 'permalink': '/r/AskPhysics/comments/1ccjsds/why_is_gravity_indistinguishable_from/l17ejwf/', 'subreddit_type': 'public', 'locked': False, 'report_reasons': None, 'created': 1714055319.0, 'author_flair_text': None, 'treatment_tags': [], 'collapsed': False, 'subreddit_name_prefixed': 'r/AskPhysics', 'controversiality': 0, 'depth': 1, 'author_flair_background_color': None, 'collapsed_because_crowd_control': None, 'mod_reports': [], 'num_reports': None, 'ups': 6}}, {'kind': 't1', 'data': {'subreddit_id': 't5_2sumo', 'approved_at_utc': None, 'author_is_blocked': False, 'comment_type': None, 'awarders': [], 'mod_reason_by': None, 'banned_by': None, 'author_flair_type': 'text', 'total_awards_received': 0, 'subreddit': 'AskPhysics', 'author_flair_template_id': None, 'likes': None, 'replies': {'kind': 'Listing', 'data': {'after': None, 'dist': None, 'modhash': None, 'geo_filter': '', 'children': [{'kind': 't1', 'data': {'subreddit_id': 't5_2sumo', 'approved_at_utc': None, 'author_is_blocked': False, 'comment_type': None, 'awarders': [], 'mod_reason_by': None, 'banned_by': None, 'author_flair_type': 'text', 'total_awards_received': 0, 'subreddit': 'AskPhysics', 'author_flair_template_id': None, 'likes': None, 'replies': {'kind': 'Listing', 'data': {'after': None, 'dist': None, 'modhash': None, 'geo_filter': '', 'children': [{'kind': 't1', 'data': {'subreddit_id': 't5_2sumo', 'approved_at_utc': None, 'author_is_blocked': False, 'comment_type': None, 'awarders': [], 'mod_reason_by': None, 'banned_by': None, 'author_flair_type': 'text', 'total_awards_received': 0, 'subreddit': 'AskPhysics', 'author_flair_template_id': None, 'likes': None, 'replies': '', 'user_reports': [], 'saved': False, 'id': 'l17l5h9', 'banned_at_utc': None, 'mod_reason_title': None, 'gilded': 0, 'archived': False, 'collapsed_reason_code': None, 'no_follow': True, 'author': 'nicuramar', 'can_mod_post': False, 'send_replies': True, 'parent_id': 't1_l15v8m8', 'score': 3, 'author_fullname': 't2_kjv52vr8', 'removal_reason': None, 'approved_by': None, 'mod_note': None, 'all_awardings': [], 'collapsed': False, 'body': 'All this assuming that GR is correct enough. So we definitely don’t expect to find such a thing, but if we did it would mean that GR isn’t good enough.\xa0', 'edited': False, 'top_awarded_type': None, 'author_flair_css_class': None, 'name': 't1_l17l5h9', 'is_submitter': False, 'downs': 0, 'author_flair_richtext': [], 'author_patreon_flair': False, 'body_html': '&lt;div class=""md""&gt;&lt;p&gt;All this assuming that GR is correct enough. So we definitely don’t expect to find such a thing, but if we did it would mean that GR isn’t good enough.\xa0&lt;/p&gt;\n&lt;/div&gt;', 'gildings': {}, 'collapsed_reason': None, 'distinguished': None, 'associated_award': None, 'stickied': False, 'author_premium': False, 'can_gild': False, 'link_id': 't3_1ccjsds', 'unrepliable_reason': None, 'author_flair_text_color': None, 'score_hidden': False, 'permalink': '/r/AskPhysics/comments/1ccjsds/why_is_gravity_indistinguishable_from/l17l5h9/', 'subreddit_type': 'public', 'locked': False, 'report_reasons': None, 'created': 1714057538.0, 'author_flair_text': None, 'treatment_tags': [], 'created_utc': 1714057538.0, 'subreddit_name_prefixed': 'r/AskPhysics', 'controversiality': 0, 'depth': 3, 'author_flair_background_color': None, 'collapsed_because_crowd_control': None, 'mod_reports': [], 'num_reports': None, 'ups': 3}}, {'kind': 't1', 'data': {'subreddit_id': 't5_2sumo', 'approved_at_utc': None, 'author_is_blocked': False, 'comment_type': None, 'awarders': [], 'mod_reason_by': None, 'banned_by': None, 'author_flair_type': 'text', 'total_awards_received': 0, 'subreddit': 'AskPhysics', 'author_flair_template_id': None, 'likes': None, 'replies': '', 'user_reports': [], 'saved': False, 'id': 'l17kr53', 'banned_at_utc': None, 'mod_reason_title': None, 'gilded': 0, 'archived': False, 'collapsed_reason_code': None, 'no_follow': True, 'author': '0002millertime', 'can_mod_post': False, 'send_replies': True, 'parent_id': 't1_l15v8m8', 'score': 2, 'author_fullname': 't2_8ab4scyx', 'removal_reason': None, 'approved_by': None, 'mod_note': None, 'all_awardings': [], 'collapsed': False, 'body': 'Because we literally couldn\'t ""observe"" it in any way. If it had electric charge, but didn\'t move through spacetime in the same way, we\'d never be able to see it, because it would move through time in a different way.', 'edited': False, 'top_awarded_type': None, 'author_flair_css_class': None, 'name': 't1_l17kr53', 'is_submitter': False, 'downs': 0, 'author_flair_richtext': [], 'author_patreon_flair': False, 'body_html': '&lt;div class=""md""&gt;&lt;p&gt;Because we literally couldn&amp;#39;t &amp;quot;observe&amp;quot; it in any way. If it had electric charge, but didn&amp;#39;t move through spacetime in the same way, we&amp;#39;d never be able to see it, because it would move through time in a different way.&lt;/p&gt;\n&lt;/div&gt;', 'gildings': {}, 'collapsed_reason': None, 'distinguished': None, 'associated_award': None, 'stickied': False, 'author_premium': False, 'can_gild': False, 'link_id': 't3_1ccjsds', 'unrepliable_reason': None, 'author_flair_text_color': None, 'score_hidden': False, 'permalink': '/r/AskPhysics/comments/1ccjsds/why_is_gravity_indistinguishable_from/l17kr53/', 'subreddit_type': 'public', 'locked': False, 'report_reasons': None, 'created': 1714057406.0, 'author_flair_text': None, 'treatment_tags': [], 'created_utc': 1714057406.0, 'subreddit_name_prefixed': 'r/AskPhysics', 'controversiality': 0, 'depth': 3, 'author_flair_background_color': None, 'collapsed_because_crowd_control': None, 'mod_reports': [], 'num_reports': None, 'ups': 2}}], 'before': None}}, 'user_reports': [], 'saved': False, 'id': 'l15v8m8', 'banned_at_utc': None, 'mod_reason_title': None, 'gilded': 0, 'archived': False, 'collapsed_reason_code': None, 'no_follow': False, 'author': 'Final_Character_4886', 'can_mod_post': False, 'send_replies': True, 'parent_id': 't1_l15u52p', 'score': 16, 'author_fullname': 't2_eijnzxsh', 'removal_reason': None, 'approved_by': None, 'mod_note': None, 'all_awardings': [], 'body': 'Everything (every event, to be more precise) is in our manifold of spacetime. Gravity is curvature of spacetime. So everything experiences gravity. For ""nograviton"", You would have to find something that doesn\'t exist or move within spacetime. It would be so outside of our understanding of the world - because it is literally outside of this world. \n\nSo yes, that would change the answer to your question, and it would change a lot more than that.', 'edited': False, 'top_awarded_type': None, 'downs': 0, 'author_flair_css_class': None, 'name': 't1_l15v8m8', 'is_submitter': False, 'collapsed': False, 'author_flair_richtext': [], 'author_patreon_flair': False, 'body_html': '&lt;div class=""md""&gt;&lt;p&gt;Everything (every event, to be more precise) is in our manifold of spacetime. Gravity is curvature of spacetime. So everything experiences gravity. For &amp;quot;nograviton&amp;quot;, You would have to find something that doesn&amp;#39;t exist or move within spacetime. It would be so outside of our understanding of the world - because it is literally outside of this world. &lt;/p&gt;\n\n&lt;p&gt;So yes, that would change the answer to your question, and it would change a lot more than that.&lt;/p&gt;\n&lt;/div&gt;', 'gildings': {}, 'collapsed_reason': None, 'distinguished': None, 'associated_award': None, 'stickied': False, 'author_premium': False, 'can_gild': False, 'link_id': 't3_1ccjsds', 'unrepliable_reason': None, 'author_flair_text_color': None, 'score_hidden': False, 'permalink': '/r/AskPhysics/comments/1ccjsds/why_is_gravity_indistinguishable_from/l15v8m8/', 'subreddit_type': 'public', 'locked': False, 'report_reasons': None, 'created': 1714024683.0, 'author_flair_text': None, 'treatment_tags': [], 'created_utc': 1714024683.0, 'subreddit_name_prefixed': 'r/AskPhysics', 'controversiality': 0, 'depth': 2, 'author_flair_background_color': None, 'collapsed_because_crowd_control': None, 'mod_reports': [], 'num_reports': None, 'ups': 16}}, {'kind': 't1', 'data': {'subreddit_id': 't5_2sumo', 'approved_at_utc': None, 'author_is_blocked': False, 'comment_type': None, 'awarders': [], 'mod_reason_by': None, 'banned_by': None, 'author_flair_type': 'text', 'total_awards_received': 0, 'subreddit': 'AskPhysics', 'author_flair_template_id': '7f4501c6-c6b2-11e4-bd93-22000b6d02ed', 'likes': None, 'replies': {'kind': 'Listing', 'data': {'after': None, 'dist': None, 'modhash': None, 'geo_filter': '', 'children': [{'kind': 't1', 'data': {'subreddit_id': 't5_2sumo', 'approved_at_utc': None, 'author_is_blocked': False, 'comment_type': None, 'awarders': [], 'mod_reason_by': None, 'banned_by': None, 'author_flair_type': 'text', 'total_awards_received': 0, 'subreddit': 'AskPhysics', 'author_flair_template_id': None, 'likes': None, 'replies': '', 'user_reports': [], 'saved': False, 'id': 'l17ugky', 'banned_at_utc': None, 'mod_reason_title': None, 'gilded': 0, 'archived': False, 'collapsed_reason_code': None, 'no_follow': True, 'author': 'ChrisGnam', 'can_mod_post': False, 'send_replies': True, 'parent_id': 't1_l16higv', 'score': 2, 'author_fullname': 't2_oiqaw', 'removal_reason': None, 'approved_by': None, 'mod_note': None, 'all_awardings': [], 'collapsed': False, 'body': 'My confusion is (and I recognize this may be different people saying these things), I thought the general consensus of physicists is that gravity must be quantized and have an associated particle not reliant on the (therefore incomplete) geometry description of GR.  \n\nIf gravity were mediated by a particle, then surely while the geometry description of GR is accurate, we should expect to find deviations from it, possibly even as the other commenter is asking, no?', 'edited': False, 'top_awarded_type': None, 'author_flair_css_class': None, 'name': 't1_l17ugky', 'is_submitter': False, 'downs': 0, 'author_flair_richtext': [], 'author_patreon_flair': False, 'body_html': '&lt;div class=""md""&gt;&lt;p&gt;My confusion is (and I recognize this may be different people saying these things), I thought the general consensus of physicists is that gravity must be quantized and have an associated particle not reliant on the (therefore incomplete) geometry description of GR.  &lt;/p&gt;\n\n&lt;p&gt;If gravity were mediated by a particle, then surely while the geometry description of GR is accurate, we should expect to find deviations from it, possibly even as the other commenter is asking, no?&lt;/p&gt;\n&lt;/div&gt;', 'gildings': {}, 'collapsed_reason': None, 'distinguished': None, 'associated_award': None, 'stickied': False, 'author_premium': False, 'can_gild': False, 'link_id': 't3_1ccjsds', 'unrepliable_reason': None, 'author_flair_text_color': None, 'score_hidden': False, 'permalink': '/r/AskPhysics/comments/1ccjsds/why_is_gravity_indistinguishable_from/l17ugky/', 'subreddit_type': 'public', 'locked': False, 'report_reasons': None, 'created': 1714060599.0, 'author_flair_text': None, 'treatment_tags': [], 'created_utc': 1714060599.0, 'subreddit_name_prefixed': 'r/AskPhysics', 'controversiality': 0, 'depth': 3, 'author_flair_background_color': None, 'collapsed_because_crowd_control': None, 'mod_reports': [], 'num_reports': None, 'ups': 2}}], 'before': None}}, 'user_reports': [], 'saved': False, 'id': 'l16higv', 'banned_at_utc': None, 'mod_reason_title': None, 'gilded': 0, 'archived': False, 'collapsed_reason_code': None, 'no_follow': True, 'author': 'the_poope', 'can_mod_post': False, 'send_replies': True, 'parent_id': 't1_l15u52p', 'score': 2, 'author_fullname': 't2_5vyjfd', 'removal_reason': None, 'approved_by': None, 'mod_note': None, 'all_awardings': [], 'body': ""No because gravity isn't a (traditional) force, it's an effect of space-time geometry. Simplest explanation out there: https://www.youtube.com/watch?v=jlTVIMOix3I"", 'edited': False, 'top_awarded_type': None, 'downs': 0, 'author_flair_css_class': 'mat', 'name': 't1_l16higv', 'is_submitter': False, 'collapsed': False, 'author_flair_richtext': [], 'author_patreon_flair': False, 'body_html': '&lt;div class=""md""&gt;&lt;p&gt;No because gravity isn&amp;#39;t a (traditional) force, it&amp;#39;s an effect of space-time geometry. Simplest explanation out there: &lt;a href=""https://www.youtube.com/watch?v=jlTVIMOix3I""&gt;https://www.youtube.com/watch?v=jlTVIMOix3I&lt;/a&gt;&lt;/p&gt;\n&lt;/div&gt;', 'gildings': {}, 'collapsed_reason': None, 'distinguished': None, 'associated_award': None, 'stickied': False, 'author_premium': False, 'can_gild': False, 'link_id': 't3_1ccjsds', 'unrepliable_reason': None, 'author_flair_text_color': 'dark', 'score_hidden': False, 'permalink': '/r/AskPhysics/comments/1ccjsds/why_is_gravity_indistinguishable_from/l16higv/', 'subreddit_type': 'public', 'locked': False, 'report_reasons': None, 'created': 1714040549.0, 'author_flair_text': 'Condensed matter physics', 'treatment_tags': [], 'created_utc': 1714040549.0, 'subreddit_name_prefixed': 'r/AskPhysics', 'controversiality': 0, 'depth': 2, 'author_flair_background_color': None, 'collapsed_because_crowd_control': None, 'mod_reports': [], 'num_reports': None, 'ups': 2}}], 'before': None}}, 'user_reports': [], 'saved': False, 'id': 'l15u52p', 'banned_at_utc': None, 'mod_reason_title': None, 'gilded': 0, 'archived': False, 'collapsed_reason_code': None, 'no_follow': False, 'author': 'ElMachoGrande', 'can_mod_post': False, 'created_utc': 1714023992.0, 'send_replies': True, 'parent_id': 't1_l15sxj1', 'score': 5, 'author_fullname': 't2_ro5ex', 'removal_reason': None, 'approved_by': None, 'mod_note': None, 'all_awardings': [], 'body': 'So, if we discovered a new article, say an ""nograviton"" which doesn\'t experience gravity, thisimaginary particle would change that?', 'edited': False, 'top_awarded_type': None, 'author_flair_css_class': None, 'name': 't1_l15u52p', 'is_submitter': False, 'downs': 0, 'author_flair_richtext': [], 'author_patreon_flair': False, 'body_html': '&lt;div class=""md""&gt;&lt;p&gt;So, if we discovered a new article, say an &amp;quot;nograviton&amp;quot; which doesn&amp;#39;t experience gravity, thisimaginary particle would change that?&lt;/p&gt;\n&lt;/div&gt;', 'gildings': {}, 'collapsed_reason': None, 'distinguished': None, 'associated_award': None, 'stickied': False, 'author_premium': False, 'can_gild': False, 'link_id': 't3_1ccjsds', 'unrepliable_reason': None, 'author_flair_text_color': None, 'score_hidden': False, 'permalink': '/r/AskPhysics/comments/1ccjsds/why_is_gravity_indistinguishable_from/l15u52p/', 'subreddit_type': 'public', 'locked': False, 'report_reasons': None, 'created': 1714023992.0, 'author_flair_text': None, 'treatment_tags': [], 'collapsed': False, 'subreddit_name_prefixed': 'r/AskPhysics', 'controversiality': 0, 'depth': 1, 'author_flair_background_color': None, 'collapsed_because_crowd_control': None, 'mod_reports': [], 'num_reports': None, 'ups': 5}}, {'kind': 't1', 'data': {'subreddit_id': 't5_2sumo', 'approved_at_utc': None, 'author_is_blocked': False, 'comment_type': None, 'awarders': [], 'mod_reason_by': None, 'banned_by': None, 'author_flair_type': 'text', 'total_awards_received': 0, 'subreddit': 'AskPhysics', 'author_flair_template_id': None, 'likes': None, 'replies': '', 'user_reports': [], 'saved': False, 'id': 'l18341i', 'banned_at_utc': None, 'mod_reason_title': None, 'gilded': 0, 'archived': False, 'collapsed_reason_code': None, 'no_follow': True, 'author': 'No-Extent-4142', 'can_mod_post': False, 'created_utc': 1714063413.0, 'send_replies': True, 'parent_id': 't1_l15sxj1', 'score': 0, 'author_fullname': 't2_alxotwh8q', 'removal_reason': None, 'approved_by': None, 'mod_note': None, 'all_awardings': [], 'body': ""What about a local experiment that involves looking down and seeing that there's a planet there"", 'edited': False, 'top_awarded_type': None, 'author_flair_css_class': None, 'name': 't1_l18341i', 'is_submitter': False, 'downs': 0, 'author_flair_richtext': [], 'author_patreon_flair': False, 'body_html': '&lt;div class=""md""&gt;&lt;p&gt;What about a local experiment that involves looking down and seeing that there&amp;#39;s a planet there&lt;/p&gt;\n&lt;/div&gt;', 'gildings': {}, 'collapsed_reason': None, 'distinguished': None, 'associated_award': None, 'stickied': False, 'author_premium': False, 'can_gild': False, 'link_id': 't3_1ccjsds', 'unrepliable_reason': None, 'author_flair_text_color': None, 'score_hidden': False, 'permalink': '/r/AskPhysics/comments/1ccjsds/why_is_gravity_indistinguishable_from/l18341i/', 'subreddit_type': 'public', 'locked': False, 'report_reasons': None, 'created': 1714063413.0, 'author_flair_text': None, 'treatment_tags': [], 'collapsed': False, 'subreddit_name_prefixed': 'r/AskPhysics', 'controversiality': 0, 'depth': 1, 'author_flair_background_color': None, 'collapsed_because_crowd_control': None, 'mod_reports': [], 'num_reports': None, 'ups': 0}}], 'before': None}}",,False,37,False,True,False,AskPhysics,t5_2sumo,r/AskPhysics,public,,0,[],,37,[],t1
data_1,[],,,False,,First_Approximation,,atom,[],7812a6ec-c6b2-11e4-a485-22000b6e00bb,Physicist,dark,text,t2_3ygtxvpn,False,False,False,[],,,"The long distance behavior of electromagnetism and gravity are exactly what you'd expect if the former was mediated by a massless spin 1 particle and the latter a massless spin 2 particle. The fact that every particle can be described by spin and mass is itself [a consequence of joining quantum mechanics together with relativity](https://en.wikipedia.org/wiki/Wigner%27s_classification)   


This [quanta article](https://www.quantamagazine.org/how-simple-rules-bootstrap-the-laws-of-physics-20191209) describes it in more detail:   


&gt;The photon can participate in interactions involving other types of particles, however, such as spin-12 electrons. These constraints on the photon’s interactions lead to Maxwell’s equations, the 154-year-old theory of electromagnetism.   


&gt;As the Nobel Prize winner Steven Weinberg showed in 1964, the existence of a spin-2 particle leads inevitably to general relativity — Albert Einstein’s theory of gravity. Einstein arrived at general relativity through abstract thoughts about falling elevators and warped space and time, but the theory also follows directly from the mathematically consistent behavior of a fundamental particle.   


It also talks about gluons and the W/Z bosons. 


 Edit: also, a key difference between the other interactions and gravity is that EM, weak and strong are  mediated by spin 1 particles while gravity is by spin 2 .","&lt;div class=""md""&gt;&lt;p&gt;The long distance behavior of electromagnetism and gravity are exactly what you&amp;#39;d expect if the former was mediated by a massless spin 1 particle and the latter a massless spin 2 particle. The fact that every particle can be described by spin and mass is itself &lt;a href=""https://en.wikipedia.org/wiki/Wigner%27s_classification""&gt;a consequence of joining quantum mechanics together with relativity&lt;/a&gt;   &lt;/p&gt;

&lt;p&gt;This &lt;a href=""https://www.quantamagazine.org/how-simple-rules-bootstrap-the-laws-of-physics-20191209""&gt;quanta article&lt;/a&gt; describes it in more detail:   &lt;/p&gt;

&lt;blockquote&gt;
&lt;p&gt;The photon can participate in interactions involving other types of particles, however, such as spin-12 electrons. These constraints on the photon’s interactions lead to Maxwell’s equations, the 154-year-old theory of electromagnetism.   &lt;/p&gt;

&lt;p&gt;As the Nobel Prize winner Steven Weinberg showed in 1964, the existence of a spin-2 particle leads inevitably to general relativity — Albert Einstein’s theory of gravity. Einstein arrived at general relativity through abstract thoughts about falling elevators and warped space and time, but the theory also follows directly from the mathematically consistent behavior of a fundamental particle.   &lt;/p&gt;
&lt;/blockquote&gt;

&lt;p&gt;It also talks about gluons and the W/Z bosons. &lt;/p&gt;

&lt;p&gt; Edit: also, a key difference between the other interactions and gravity is that EM, weak and strong are  mediated by spin 1 particles while gravity is by spin 2 .&lt;/p&gt;
&lt;/div&gt;",False,False,False,,,,,0,1714030872.0,1714030872.0,0,,0,1714048749.0,0,{},l164c9n,False,,t3_1ccjsds,False,,,,[],t1_l164c9n,False,,t3_1ccjsds,/r/AskPhysics/comments/1ccjsds/why_is_gravity_indistinguishable_from/l164c9n/,,,,False,5,False,True,False,AskPhysics,t5_2sumo,r/AskPhysics,public,,0,[],,5,[],t1
data_2,[],,,False,,Miselfis,,astro,[],75ac950c-c6b2-11e4-92ac-22000b2a8bad,Gravitation,dark,text,t2_5aibdr4y,False,False,False,[],,,"As others have pointed out, the equivalence principle only holds locally. There are indeed experiments you could do to distinguish proper acceleration from being in a gravitational field. If you imagine dropping a long beam, with the same length as the diameter of the earth, perpendicular to the radius of the earth, then the beam will “shrink” ever so slightly since the force directions of gravity are radial. This is called tidal forces. 

Also, it’s important to remember a force is defined as a change in momentum. So, all acceleration is due to a force. The electromagnetic force exerts a force on charges, making them accelerate. You can make experiments, such as measuring the charge of a particle, to determine if this acceleration is specifically due to an electromagnetic force.","&lt;div class=""md""&gt;&lt;p&gt;As others have pointed out, the equivalence principle only holds locally. There are indeed experiments you could do to distinguish proper acceleration from being in a gravitational field. If you imagine dropping a long beam, with the same length as the diameter of the earth, perpendicular to the radius of the earth, then the beam will “shrink” ever so slightly since the force directions of gravity are radial. This is called tidal forces. &lt;/p&gt;

&lt;p&gt;Also, it’s important to remember a force is defined as a change in momentum. So, all acceleration is due to a force. The electromagnetic force exerts a force on charges, making them accelerate. You can make experiments, such as measuring the charge of a particle, to determine if this acceleration is specifically due to an electromagnetic force.&lt;/p&gt;
&lt;/div&gt;",False,False,False,,,,,0,1714038603.0,1714038603.0,0,,0,False,0,{},l16enq8,False,,t3_1ccjsds,False,,,,[],t1_l16enq8,True,,t3_1ccjsds,/r/AskPhysics/comments/1ccjsds/why_is_gravity_indistinguishable_from/l16enq8/,,,,False,2,False,True,False,AskPhysics,t5_2sumo,r/AskPhysics,public,,0,[],,2,[],t1
data_3,[],,,False,,Fredrjck,,,[],,,,text,t2_v3arbb031,False,False,False,[],,,"All energy is equivalent. All mass is energy. All mass has and is affected by gravity. More precisely, all energy and forces translate between each other almost freely. And it takes energy to cause acceleration, but not any specific kind.

Edit: Think of a collection of atoms the size of a planet. Think about all the energy bound up in all the different internal bonds. That energy, in all its different forms, is what curves spacetime. That mass is the culmination of all the different forces and energies compacting together.","&lt;div class=""md""&gt;&lt;p&gt;All energy is equivalent. All mass is energy. All mass has and is affected by gravity. More precisely, all energy and forces translate between each other almost freely. And it takes energy to cause acceleration, but not any specific kind.&lt;/p&gt;

&lt;p&gt;Edit: Think of a collection of atoms the size of a planet. Think about all the energy bound up in all the different internal bonds. That energy, in all its different forms, is what curves spacetime. That mass is the culmination of all the different forces and energies compacting together.&lt;/p&gt;
&lt;/div&gt;",False,False,False,,,,,0,1714059674.0,1714059674.0,0,,0,1714060070.0,0,{},l17rn9c,False,,t3_1ccjsds,False,,,,[],t1_l17rn9c,True,,t3_1ccjsds,/r/AskPhysics/comments/1ccjsds/why_is_gravity_indistinguishable_from/l17rn9c/,,,,False,1,False,True,False,AskPhysics,t5_2sumo,r/AskPhysics,public,,0,[],,1,[],t1
data_4,[],,,False,,vintergroena,,,[],,,,text,t2_tp7h0rtd,False,False,False,[],,,"It's basically the principle of equivalence. ""Mass"" can mean two very different things: 1) how much force you need to change the trajectory of the thing 2) how much the thing exerts and feels gravitational force, it's a gravitational ""charge"" if you will.

It's not obvious at all why these two things should be the same thing and it doesn't logically follow they need to be as a result of some deeper theory. But so far it seems they are in fact the same as far as we can test. Them being the same is also a foundational assumption of relativity. What you describe follows as a consequence.","&lt;div class=""md""&gt;&lt;p&gt;It&amp;#39;s basically the principle of equivalence. &amp;quot;Mass&amp;quot; can mean two very different things: 1) how much force you need to change the trajectory of the thing 2) how much the thing exerts and feels gravitational force, it&amp;#39;s a gravitational &amp;quot;charge&amp;quot; if you will.&lt;/p&gt;

&lt;p&gt;It&amp;#39;s not obvious at all why these two things should be the same thing and it doesn&amp;#39;t logically follow they need to be as a result of some deeper theory. But so far it seems they are in fact the same as far as we can test. Them being the same is also a foundational assumption of relativity. What you describe follows as a consequence.&lt;/p&gt;
&lt;/div&gt;",False,False,False,,,,,0,1714071547.0,1714071547.0,0,,0,False,0,{},l18jpks,False,,t3_1ccjsds,False,,,,[],t1_l18jpks,True,,t3_1ccjsds,/r/AskPhysics/comments/1ccjsds/why_is_gravity_indistinguishable_from/l18jpks/,,,,False,1,False,True,False,AskPhysics,t5_2sumo,r/AskPhysics,public,,0,[],,1,[],t1
data_5,[],,,False,,kevosauce1,,,[],,,,text,t2_8y101vys,False,False,False,[],,,The difference is that there are no neutral gravitational charges.,"&lt;div class=""md""&gt;&lt;p&gt;The difference is that there are no neutral gravitational charges.&lt;/p&gt;
&lt;/div&gt;",False,False,False,,,,,0,1714072380.0,1714072380.0,0,,0,False,0,{},l18m863,False,,t3_1ccjsds,False,,,,[],t1_l18m863,True,,t3_1ccjsds,/r/AskPhysics/comments/1ccjsds/why_is_gravity_indistinguishable_from/l18m863/,,,,False,1,False,True,False,AskPhysics,t5_2sumo,r/AskPhysics,public,,0,[],,1,[],t1
data_6,[],,,False,,Shoddy_Scene_8964,,,[],,,,text,t2_6i8qz5p2,False,False,False,[],,,Because gravity is caused by acceleration,"&lt;div class=""md""&gt;&lt;p&gt;Because gravity is caused by acceleration&lt;/p&gt;
&lt;/div&gt;",False,False,False,,,,,0,1714083246.0,1714083246.0,0,,0,False,0,{},l19h8bu,False,,t3_1ccjsds,False,,,,[],t1_l19h8bu,True,,t3_1ccjsds,/r/AskPhysics/comments/1ccjsds/why_is_gravity_indistinguishable_from/l19h8bu/,,,,False,1,False,True,False,AskPhysics,t5_2sumo,r/AskPhysics,public,,0,[],,1,[],t1
data_7,[],,,False,,Chocolate_Grandpa,,,[],,,,text,t2_vdf6dkoxs,False,False,False,[],,,I took a different perspective on gravity. Maybe gravity depends not on bent spacetime but on the creation of spacetime. Take a look at this YouTube video titled What is gravity by Joseph Tommasi,"&lt;div class=""md""&gt;&lt;p&gt;I took a different perspective on gravity. Maybe gravity depends not on bent spacetime but on the creation of spacetime. Take a look at this YouTube video titled What is gravity by Joseph Tommasi&lt;/p&gt;
&lt;/div&gt;",False,False,False,,,,,0,1714131609.0,1714131609.0,0,,0,False,0,{},l1c5m3l,False,,t3_1ccjsds,False,,,,[],t1_l1c5m3l,True,,t3_1ccjsds,/r/AskPhysics/comments/1ccjsds/why_is_gravity_indistinguishable_from/l1c5m3l/,,,,False,1,False,True,False,AskPhysics,t5_2sumo,r/AskPhysics,public,,0,[],,1,[],t1
data_8,[],,,False,,ProfessionalBeat6435,,,[],,,,text,t2_bdzrqarl6,False,False,False,[],,,Because gravity is not a force,"&lt;div class=""md""&gt;&lt;p&gt;Because gravity is not a force&lt;/p&gt;
&lt;/div&gt;",False,False,False,,,,,0,1714070581.0,1714070581.0,0,,0,False,0,{},l18gra8,False,,t3_1ccjsds,False,,,,[],t1_l18gra8,True,,t3_1ccjsds,/r/AskPhysics/comments/1ccjsds/why_is_gravity_indistinguishable_from/l18gra8/,,,,False,0,False,True,False,AskPhysics,t5_2sumo,r/AskPhysics,public,,0,[],,0,[],t1
data_9,[],,,False,,[deleted],,,,,,dark,,,False,,,[],,,[deleted],"&lt;div class=""md""&gt;&lt;p&gt;[deleted]&lt;/p&gt;
&lt;/div&gt;",False,False,False,,,,,0,1714022324.0,1714022324.0,0,,0,False,0,{},l15reoc,False,,t3_1ccjsds,False,,,,[],t1_l15reoc,True,,t3_1ccjsds,/r/AskPhysics/comments/1ccjsds/why_is_gravity_indistinguishable_from/l15reoc/,,"{'kind': 'Listing', 'data': {'after': None, 'dist': None, 'modhash': None, 'geo_filter': '', 'children': [{'kind': 't1', 'data': {'subreddit_id': 't5_2sumo', 'approved_at_utc': None, 'author_is_blocked': False, 'comment_type': None, 'awarders': [], 'mod_reason_by': None, 'banned_by': None, 'author_flair_type': 'text', 'total_awards_received': 0, 'subreddit': 'AskPhysics', 'author_flair_template_id': None, 'likes': None, 'replies': {'kind': 'Listing', 'data': {'after': None, 'dist': None, 'modhash': None, 'geo_filter': '', 'children': [{'kind': 't1', 'data': {'subreddit_id': 't5_2sumo', 'approved_at_utc': None, 'author_is_blocked': False, 'comment_type': None, 'awarders': [], 'mod_reason_by': None, 'banned_by': None, 'author_flair_type': 'text', 'total_awards_received': 0, 'subreddit': 'AskPhysics', 'author_flair_template_id': None, 'likes': None, 'replies': '', 'user_reports': [], 'saved': False, 'id': 'l17trb2', 'banned_at_utc': None, 'mod_reason_title': None, 'gilded': 0, 'archived': False, 'collapsed_reason_code': None, 'no_follow': True, 'author': 'Fredrjck', 'can_mod_post': False, 'send_replies': True, 'parent_id': 't1_l15rsr7', 'score': 1, 'author_fullname': 't2_v3arbb031', 'removal_reason': None, 'approved_by': None, 'mod_note': None, 'all_awardings': [], 'body': 'I think what they meant is that, at those scales, the curves in space would have to be incredibly dense for atoms to notice. Like trying to measure the curve of the earth with a 1ft ruler.', 'edited': False, 'top_awarded_type': None, 'downs': 0, 'author_flair_css_class': None, 'name': 't1_l17trb2', 'is_submitter': False, 'collapsed': False, 'author_flair_richtext': [], 'author_patreon_flair': False, 'body_html': '&lt;div class=""md""&gt;&lt;p&gt;I think what they meant is that, at those scales, the curves in space would have to be incredibly dense for atoms to notice. Like trying to measure the curve of the earth with a 1ft ruler.&lt;/p&gt;\n&lt;/div&gt;', 'gildings': {}, 'collapsed_reason': None, 'distinguished': None, 'associated_award': None, 'stickied': False, 'author_premium': False, 'can_gild': False, 'link_id': 't3_1ccjsds', 'unrepliable_reason': None, 'author_flair_text_color': None, 'score_hidden': False, 'permalink': '/r/AskPhysics/comments/1ccjsds/why_is_gravity_indistinguishable_from/l17trb2/', 'subreddit_type': 'public', 'locked': False, 'report_reasons': None, 'created': 1714060370.0, 'author_flair_text': None, 'treatment_tags': [], 'created_utc': 1714060370.0, 'subreddit_name_prefixed': 'r/AskPhysics', 'controversiality': 0, 'depth': 2, 'author_flair_background_color': None, 'collapsed_because_crowd_control': None, 'mod_reports': [], 'num_reports': None, 'ups': 1}}, {'kind': 't1', 'data': {'subreddit_id': 't5_2sumo', 'approved_at_utc': None, 'author_is_blocked': False, 'comment_type': None, 'awarders': [], 'mod_reason_by': None, 'banned_by': None, 'author_flair_type': 'text', 'total_awards_received': 0, 'subreddit': 'AskPhysics', 'author_flair_template_id': None, 'likes': None, 'replies': '', 'user_reports': [], 'saved': False, 'id': 'l15uxi7', 'banned_at_utc': None, 'mod_reason_title': None, 'gilded': 0, 'archived': False, 'collapsed_reason_code': None, 'no_follow': True, 'author': 'almost_not_terrible', 'can_mod_post': False, 'send_replies': True, 'parent_id': 't1_l15rsr7', 'score': 0, 'author_fullname': 't2_8p9fp', 'removal_reason': None, 'approved_by': None, 'mod_note': None, 'all_awardings': [], 'body': 'The same.', 'edited': False, 'top_awarded_type': None, 'downs': 0, 'author_flair_css_class': None, 'name': 't1_l15uxi7', 'is_submitter': False, 'collapsed': False, 'author_flair_richtext': [], 'author_patreon_flair': False, 'body_html': '&lt;div class=""md""&gt;&lt;p&gt;The same.&lt;/p&gt;\n&lt;/div&gt;', 'gildings': {}, 'collapsed_reason': None, 'distinguished': None, 'associated_award': None, 'stickied': False, 'author_premium': False, 'can_gild': False, 'link_id': 't3_1ccjsds', 'unrepliable_reason': None, 'author_flair_text_color': None, 'score_hidden': False, 'permalink': '/r/AskPhysics/comments/1ccjsds/why_is_gravity_indistinguishable_from/l15uxi7/', 'subreddit_type': 'public', 'locked': False, 'report_reasons': None, 'created': 1714024485.0, 'author_flair_text': None, 'treatment_tags': [], 'created_utc': 1714024485.0, 'subreddit_name_prefixed': 'r/AskPhysics', 'controversiality': 0, 'depth': 2, 'author_flair_background_color': None, 'collapsed_because_crowd_control': None, 'mod_reports': [], 'num_reports': None, 'ups': 0}}], 'before': None}}, 'user_reports': [], 'saved': False, 'id': 'l15rsr7', 'banned_at_utc': None, 'mod_reason_title': None, 'gilded': 0, 'archived': False, 'collapsed_reason_code': None, 'no_follow': True, 'author': 'my_coding_account', 'can_mod_post': False, 'created_utc': 1714022555.0, 'send_replies': True, 'parent_id': 't1_l15reoc', 'score': 0, 'author_fullname': 't2_bus2p', 'removal_reason': None, 'approved_by': None, 'mod_note': None, 'all_awardings': [], 'body': 'Ok then but what about large amounts of particles?', 'edited': False, 'top_awarded_type': None, 'author_flair_css_class': None, 'name': 't1_l15rsr7', 'is_submitter': True, 'downs': 0, 'author_flair_richtext': [], 'author_patreon_flair': False, 'body_html': '&lt;div class=""md""&gt;&lt;p&gt;Ok then but what about large amounts of particles?&lt;/p&gt;\n&lt;/div&gt;', 'gildings': {}, 'collapsed_reason': None, 'distinguished': None, 'associated_award': None, 'stickied': False, 'author_premium': False, 'can_gild': False, 'link_id': 't3_1ccjsds', 'unrepliable_reason': None, 'author_flair_text_color': None, 'score_hidden': False, 'permalink': '/r/AskPhysics/comments/1ccjsds/why_is_gravity_indistinguishable_from/l15rsr7/', 'subreddit_type': 'public', 'locked': False, 'report_reasons': None, 'created': 1714022555.0, 'author_flair_text': None, 'treatment_tags': [], 'collapsed': False, 'subreddit_name_prefixed': 'r/AskPhysics', 'controversiality': 0, 'depth': 1, 'author_flair_background_color': None, 'collapsed_because_crowd_control': None, 'mod_reports': [], 'num_reports': None, 'ups': 0}}], 'before': None}}",,False,-2,False,True,False,AskPhysics,t5_2sumo,r/AskPhysics,public,,0,[],,-2,[],t1
