,all_awardings,approved_at_utc,approved_by,archived,associated_award,author,author_flair_background_color,author_flair_css_class,author_flair_richtext,author_flair_template_id,author_flair_text,author_flair_text_color,author_flair_type,author_fullname,author_is_blocked,author_patreon_flair,author_premium,awarders,banned_at_utc,banned_by,body,body_html,can_gild,can_mod_post,collapsed,collapsed_because_crowd_control,collapsed_reason,collapsed_reason_code,comment_type,controversiality,created,created_utc,depth,distinguished,downs,edited,gilded,gildings,id,is_submitter,likes,link_id,locked,mod_note,mod_reason_by,mod_reason_title,mod_reports,name,no_follow,num_reports,parent_id,permalink,removal_reason,replies,report_reasons,saved,score,score_hidden,send_replies,stickied,subreddit,subreddit_id,subreddit_name_prefixed,subreddit_type,top_awarded_type,total_awards_received,treatment_tags,unrepliable_reason,ups,user_reports,kind
data,[],,,False,,PeksyTiger,,,[],,,,text,t2_fci1z,False,False,False,[],,,"Depends. Quantum computing/crypto analysis is mainly a risk for asymmetric encryption (rsa, ec, dh key exchange). For AES they slice the bit len of the key in half but don't break it completely.  


So in theory, if you capture the entire communication between two parties you can get the AES key exchange between them with a quantum computer and with that decrypt the rest of it. But if you just have the encrypted data, you might be able to break AES128 but you won't be able to break AES256 (which is what everyone who really cares is doing exactly because of this).  


There's a non zero likelihood that entire communications are being stored. That's why NIST has finalized post Quantom secure standards, and why apps like signal are already moving to post Quantom encryption.","&lt;div class=""md""&gt;&lt;p&gt;Depends. Quantum computing/crypto analysis is mainly a risk for asymmetric encryption (rsa, ec, dh key exchange). For AES they slice the bit len of the key in half but don&amp;#39;t break it completely.  &lt;/p&gt;

&lt;p&gt;So in theory, if you capture the entire communication between two parties you can get the AES key exchange between them with a quantum computer and with that decrypt the rest of it. But if you just have the encrypted data, you might be able to break AES128 but you won&amp;#39;t be able to break AES256 (which is what everyone who really cares is doing exactly because of this).  &lt;/p&gt;

&lt;p&gt;There&amp;#39;s a non zero likelihood that entire communications are being stored. That&amp;#39;s why NIST has finalized post Quantom secure standards, and why apps like signal are already moving to post Quantom encryption.&lt;/p&gt;
&lt;/div&gt;",False,False,False,,,,,0,1713927802.0,1713927802.0,0,,0,1713940818.0,0,{},l0zpnao,False,,t3_1cbn25h,False,,,,[],t1_l0zpnao,False,,t3_1cbn25h,/r/AskPhysics/comments/1cbn25h/will_all_encrypted_data_be_at_risk_of_being/l0zpnao/,,"{'kind': 'Listing', 'data': {'after': None, 'dist': None, 'modhash': None, 'geo_filter': '', 'children': [{'kind': 't1', 'data': {'subreddit_id': 't5_2sumo', 'approved_at_utc': None, 'author_is_blocked': False, 'comment_type': None, 'awarders': [], 'mod_reason_by': None, 'banned_by': None, 'author_flair_type': 'text', 'total_awards_received': 0, 'subreddit': 'AskPhysics', 'author_flair_template_id': None, 'likes': None, 'replies': {'kind': 'Listing', 'data': {'after': None, 'dist': None, 'modhash': None, 'geo_filter': '', 'children': [{'kind': 't1', 'data': {'subreddit_id': 't5_2sumo', 'approved_at_utc': None, 'author_is_blocked': False, 'comment_type': None, 'awarders': [], 'mod_reason_by': None, 'banned_by': None, 'author_flair_type': 'text', 'total_awards_received': 0, 'subreddit': 'AskPhysics', 'author_flair_template_id': None, 'likes': None, 'replies': '', 'user_reports': [], 'saved': False, 'id': 'l10d1jr', 'banned_at_utc': None, 'mod_reason_title': None, 'gilded': 0, 'archived': False, 'collapsed_reason_code': None, 'no_follow': False, 'author': 'PeksyTiger', 'can_mod_post': False, 'send_replies': True, 'parent_id': 't1_l10c29v', 'score': 1, 'author_fullname': 't2_fci1z', 'removal_reason': None, 'approved_by': None, 'mod_note': None, 'all_awardings': [], 'body': 'Thanks, fixed.', 'edited': False, 'top_awarded_type': None, 'downs': 0, 'author_flair_css_class': None, 'name': 't1_l10d1jr', 'is_submitter': False, 'collapsed': False, 'author_flair_richtext': [], 'author_patreon_flair': False, 'body_html': '&lt;div class=""md""&gt;&lt;p&gt;Thanks, fixed.&lt;/p&gt;\n&lt;/div&gt;', 'gildings': {}, 'collapsed_reason': None, 'distinguished': None, 'associated_award': None, 'stickied': False, 'author_premium': False, 'can_gild': False, 'link_id': 't3_1cbn25h', 'unrepliable_reason': None, 'author_flair_text_color': None, 'score_hidden': False, 'permalink': '/r/AskPhysics/comments/1cbn25h/will_all_encrypted_data_be_at_risk_of_being/l10d1jr/', 'subreddit_type': 'public', 'locked': False, 'report_reasons': None, 'created': 1713940646.0, 'author_flair_text': None, 'treatment_tags': [], 'created_utc': 1713940646.0, 'subreddit_name_prefixed': 'r/AskPhysics', 'controversiality': 0, 'depth': 2, 'author_flair_background_color': None, 'collapsed_because_crowd_control': None, 'mod_reports': [], 'num_reports': None, 'ups': 1}}], 'before': None}}, 'user_reports': [], 'saved': False, 'id': 'l10c29v', 'banned_at_utc': None, 'mod_reason_title': None, 'gilded': 0, 'archived': False, 'collapsed_reason_code': None, 'no_follow': False, 'author': 'nicuramar', 'can_mod_post': False, 'created_utc': 1713939979.0, 'send_replies': True, 'parent_id': 't1_l0zpnao', 'score': 4, 'author_fullname': 't2_kjv52vr8', 'removal_reason': None, 'approved_by': None, 'mod_note': None, 'all_awardings': [], 'body': '&gt;\xa0Depends. Quantum encryption is mainly a risk for asymmetric encryption\n\nQuantum cryptanalysis, not quantum encryption.', 'edited': False, 'top_awarded_type': None, 'author_flair_css_class': None, 'name': 't1_l10c29v', 'is_submitter': False, 'downs': 0, 'author_flair_richtext': [], 'author_patreon_flair': False, 'body_html': '&lt;div class=""md""&gt;&lt;blockquote&gt;\n&lt;p&gt;\xa0Depends. Quantum encryption is mainly a risk for asymmetric encryption&lt;/p&gt;\n&lt;/blockquote&gt;\n\n&lt;p&gt;Quantum cryptanalysis, not quantum encryption.&lt;/p&gt;\n&lt;/div&gt;', 'gildings': {}, 'collapsed_reason': None, 'distinguished': None, 'associated_award': None, 'stickied': False, 'author_premium': False, 'can_gild': False, 'link_id': 't3_1cbn25h', 'unrepliable_reason': None, 'author_flair_text_color': None, 'score_hidden': False, 'permalink': '/r/AskPhysics/comments/1cbn25h/will_all_encrypted_data_be_at_risk_of_being/l10c29v/', 'subreddit_type': 'public', 'locked': False, 'report_reasons': None, 'created': 1713939979.0, 'author_flair_text': None, 'treatment_tags': [], 'collapsed': False, 'subreddit_name_prefixed': 'r/AskPhysics', 'controversiality': 0, 'depth': 1, 'author_flair_background_color': None, 'collapsed_because_crowd_control': None, 'mod_reports': [], 'num_reports': None, 'ups': 4}}, {'kind': 't1', 'data': {'subreddit_id': 't5_2sumo', 'approved_at_utc': None, 'author_is_blocked': False, 'comment_type': None, 'awarders': [], 'mod_reason_by': None, 'banned_by': None, 'author_flair_type': 'text', 'total_awards_received': 0, 'subreddit': 'AskPhysics', 'author_flair_template_id': None, 'likes': None, 'replies': {'kind': 'Listing', 'data': {'after': None, 'dist': None, 'modhash': None, 'geo_filter': '', 'children': [{'kind': 't1', 'data': {'subreddit_id': 't5_2sumo', 'approved_at_utc': None, 'author_is_blocked': False, 'comment_type': None, 'awarders': [], 'mod_reason_by': None, 'banned_by': None, 'author_flair_type': 'text', 'total_awards_received': 0, 'subreddit': 'AskPhysics', 'author_flair_template_id': None, 'likes': None, 'replies': {'kind': 'Listing', 'data': {'after': None, 'dist': None, 'modhash': None, 'geo_filter': '', 'children': [{'kind': 't1', 'data': {'subreddit_id': 't5_2sumo', 'approved_at_utc': None, 'author_is_blocked': False, 'comment_type': None, 'awarders': [], 'mod_reason_by': None, 'banned_by': None, 'author_flair_type': 'text', 'total_awards_received': 0, 'subreddit': 'AskPhysics', 'author_flair_template_id': None, 'likes': None, 'replies': '', 'user_reports': [], 'saved': False, 'id': 'l11ank5', 'banned_at_utc': None, 'mod_reason_title': None, 'gilded': 0, 'archived': False, 'collapsed_reason_code': None, 'no_follow': False, 'author': 'Cryptizard', 'can_mod_post': False, 'send_replies': True, 'parent_id': 't1_l116xt8', 'score': 2, 'author_fullname': 't2_n0aht', 'removal_reason': None, 'approved_by': None, 'mod_note': None, 'all_awardings': [], 'collapsed': False, 'body': ""Yes that's correct, a large supercomputer today could break a 64-bit cipher.  But there are two problems with applying Grover's algorithm that change the threshold dramatically: 1) as I said, the clock speed of quantum computers is likely to always be orders of magnitude slower than classical computers, but more importantly 2) you cannot parallelize quantum computing.  If you try to break a cipher with a regular computer you can just chop up the key space into chunks and have many computers tackle it at the same time.  With Grover's algorithm, it does not work that way.  You have to have one monolithic quantum computer with one coherent quantum state that does the entire computation in order to get the speedup, which is a really huge bottleneck."", 'edited': False, 'top_awarded_type': None, 'author_flair_css_class': None, 'name': 't1_l11ank5', 'is_submitter': False, 'downs': 0, 'author_flair_richtext': [], 'author_patreon_flair': False, 'body_html': '&lt;div class=""md""&gt;&lt;p&gt;Yes that&amp;#39;s correct, a large supercomputer today could break a 64-bit cipher.  But there are two problems with applying Grover&amp;#39;s algorithm that change the threshold dramatically: 1) as I said, the clock speed of quantum computers is likely to always be orders of magnitude slower than classical computers, but more importantly 2) you cannot parallelize quantum computing.  If you try to break a cipher with a regular computer you can just chop up the key space into chunks and have many computers tackle it at the same time.  With Grover&amp;#39;s algorithm, it does not work that way.  You have to have one monolithic quantum computer with one coherent quantum state that does the entire computation in order to get the speedup, which is a really huge bottleneck.&lt;/p&gt;\n&lt;/div&gt;', 'gildings': {}, 'collapsed_reason': None, 'distinguished': None, 'associated_award': None, 'stickied': False, 'author_premium': False, 'can_gild': False, 'link_id': 't3_1cbn25h', 'unrepliable_reason': None, 'author_flair_text_color': None, 'score_hidden': False, 'permalink': '/r/AskPhysics/comments/1cbn25h/will_all_encrypted_data_be_at_risk_of_being/l11ank5/', 'subreddit_type': 'public', 'locked': False, 'report_reasons': None, 'created': 1713962115.0, 'author_flair_text': None, 'treatment_tags': [], 'created_utc': 1713962115.0, 'subreddit_name_prefixed': 'r/AskPhysics', 'controversiality': 0, 'depth': 3, 'author_flair_background_color': None, 'collapsed_because_crowd_control': None, 'mod_reports': [], 'num_reports': None, 'ups': 2}}], 'before': None}}, 'user_reports': [], 'saved': False, 'id': 'l116xt8', 'banned_at_utc': None, 'mod_reason_title': None, 'gilded': 0, 'archived': False, 'collapsed_reason_code': None, 'no_follow': False, 'author': 'PeksyTiger', 'can_mod_post': False, 'send_replies': True, 'parent_id': 't1_l10sr2k', 'score': 2, 'author_fullname': 't2_fci1z', 'removal_reason': None, 'approved_by': None, 'mod_note': None, 'all_awardings': [], 'body': 'Perhaps, I\'ve never done the calculations. Afaik, the recommendation (i think it was 96 bits minimum) is for ""we\'ll never have enough operations to have even a slight chance of breaking this"" vs ""maybe with good enough computer(s) someone can break this in 10 years"".', 'edited': False, 'top_awarded_type': None, 'downs': 0, 'author_flair_css_class': None, 'name': 't1_l116xt8', 'is_submitter': False, 'collapsed': False, 'author_flair_richtext': [], 'author_patreon_flair': False, 'body_html': '&lt;div class=""md""&gt;&lt;p&gt;Perhaps, I&amp;#39;ve never done the calculations. Afaik, the recommendation (i think it was 96 bits minimum) is for &amp;quot;we&amp;#39;ll never have enough operations to have even a slight chance of breaking this&amp;quot; vs &amp;quot;maybe with good enough computer(s) someone can break this in 10 years&amp;quot;.&lt;/p&gt;\n&lt;/div&gt;', 'gildings': {}, 'collapsed_reason': None, 'distinguished': None, 'associated_award': None, 'stickied': False, 'author_premium': False, 'can_gild': False, 'link_id': 't3_1cbn25h', 'unrepliable_reason': None, 'author_flair_text_color': None, 'score_hidden': False, 'permalink': '/r/AskPhysics/comments/1cbn25h/will_all_encrypted_data_be_at_risk_of_being/l116xt8/', 'subreddit_type': 'public', 'locked': False, 'report_reasons': None, 'created': 1713960445.0, 'author_flair_text': None, 'treatment_tags': [], 'created_utc': 1713960445.0, 'subreddit_name_prefixed': 'r/AskPhysics', 'controversiality': 0, 'depth': 2, 'author_flair_background_color': None, 'collapsed_because_crowd_control': None, 'mod_reports': [], 'num_reports': None, 'ups': 2}}], 'before': None}}, 'user_reports': [], 'saved': False, 'id': 'l10sr2k', 'banned_at_utc': None, 'mod_reason_title': None, 'gilded': 0, 'archived': False, 'collapsed_reason_code': None, 'no_follow': False, 'author': 'Cryptizard', 'can_mod_post': False, 'created_utc': 1713952351.0, 'send_replies': True, 'parent_id': 't1_l0zpnao', 'score': 2, 'author_fullname': 't2_n0aht', 'removal_reason': None, 'approved_by': None, 'mod_note': None, 'all_awardings': [], 'body': 'I think it is very unlikely that a quantum computer breaks AES-128 on any reasonable time scale. Once you get enough stable qubits, Shor’s algorithm runs very quickly, like in seconds. Grover’s algorithm to break AES-128 still requires 2^64 computations, and quantum computer clock speeds are inherently orders of magnitude slower than classical computers. They will be even slower when we have error correction (by a lot).', 'edited': False, 'top_awarded_type': None, 'author_flair_css_class': None, 'name': 't1_l10sr2k', 'is_submitter': False, 'downs': 0, 'author_flair_richtext': [], 'author_patreon_flair': False, 'body_html': '&lt;div class=""md""&gt;&lt;p&gt;I think it is very unlikely that a quantum computer breaks AES-128 on any reasonable time scale. Once you get enough stable qubits, Shor’s algorithm runs very quickly, like in seconds. Grover’s algorithm to break AES-128 still requires 2&lt;sup&gt;64&lt;/sup&gt; computations, and quantum computer clock speeds are inherently orders of magnitude slower than classical computers. They will be even slower when we have error correction (by a lot).&lt;/p&gt;\n&lt;/div&gt;', 'gildings': {}, 'collapsed_reason': None, 'distinguished': None, 'associated_award': None, 'stickied': False, 'author_premium': False, 'can_gild': False, 'link_id': 't3_1cbn25h', 'unrepliable_reason': None, 'author_flair_text_color': None, 'score_hidden': False, 'permalink': '/r/AskPhysics/comments/1cbn25h/will_all_encrypted_data_be_at_risk_of_being/l10sr2k/', 'subreddit_type': 'public', 'locked': False, 'report_reasons': None, 'created': 1713952351.0, 'author_flair_text': None, 'treatment_tags': [], 'collapsed': False, 'subreddit_name_prefixed': 'r/AskPhysics', 'controversiality': 0, 'depth': 1, 'author_flair_background_color': None, 'collapsed_because_crowd_control': None, 'mod_reports': [], 'num_reports': None, 'ups': 2}}, {'kind': 't1', 'data': {'subreddit_id': 't5_2sumo', 'approved_at_utc': None, 'author_is_blocked': False, 'comment_type': None, 'awarders': [], 'mod_reason_by': None, 'banned_by': None, 'author_flair_type': 'text', 'total_awards_received': 0, 'subreddit': 'AskPhysics', 'author_flair_template_id': None, 'likes': None, 'replies': {'kind': 'Listing', 'data': {'after': None, 'dist': None, 'modhash': None, 'geo_filter': '', 'children': [{'kind': 't1', 'data': {'subreddit_id': 't5_2sumo', 'approved_at_utc': None, 'author_is_blocked': False, 'comment_type': None, 'awarders': [], 'mod_reason_by': None, 'banned_by': None, 'author_flair_type': 'text', 'total_awards_received': 0, 'subreddit': 'AskPhysics', 'author_flair_template_id': None, 'likes': None, 'replies': {'kind': 'Listing', 'data': {'after': None, 'dist': None, 'modhash': None, 'geo_filter': '', 'children': [{'kind': 't1', 'data': {'subreddit_id': 't5_2sumo', 'approved_at_utc': None, 'author_is_blocked': False, 'comment_type': None, 'awarders': [], 'mod_reason_by': None, 'banned_by': None, 'author_flair_type': 'text', 'total_awards_received': 0, 'subreddit': 'AskPhysics', 'author_flair_template_id': None, 'likes': None, 'replies': {'kind': 'Listing', 'data': {'after': None, 'dist': None, 'modhash': None, 'geo_filter': '', 'children': [{'kind': 't1', 'data': {'subreddit_id': 't5_2sumo', 'approved_at_utc': None, 'author_is_blocked': False, 'comment_type': None, 'awarders': [], 'mod_reason_by': None, 'banned_by': None, 'author_flair_type': 'text', 'total_awards_received': 0, 'subreddit': 'AskPhysics', 'author_flair_template_id': None, 'distinguished': None, 'likes': None, 'replies': '', 'user_reports': [], 'saved': False, 'id': 'l17broj', 'banned_at_utc': None, 'mod_reason_title': None, 'gilded': 0, 'archived': False, 'collapsed_reason_code': None, 'no_follow': False, 'author': 'MuForceShoelace', 'can_mod_post': False, 'send_replies': True, 'parent_id': 't1_l17b2gd', 'score': 1, 'author_fullname': 't2_4k2js', 'removal_reason': None, 'approved_by': None, 'mod_note': None, 'all_awardings': [], 'body': 'pretty much the only way to not think they are stupid is to not know how they work, actually.', 'edited': False, 'author_flair_css_class': None, 'name': 't1_l17broj', 'is_submitter': False, 'downs': 0, 'author_flair_richtext': [], 'author_patreon_flair': False, 'body_html': '&lt;div class=""md""&gt;&lt;p&gt;pretty much the only way to not think they are stupid is to not know how they work, actually.&lt;/p&gt;\n&lt;/div&gt;', 'gildings': {}, 'collapsed_reason': None, 'link_id': 't3_1cbn25h', 'associated_award': None, 'stickied': False, 'author_premium': False, 'can_gild': False, 'top_awarded_type': None, 'unrepliable_reason': None, 'author_flair_text_color': None, 'treatment_tags': [], 'score_hidden': False, 'permalink': '/r/AskPhysics/comments/1cbn25h/will_all_encrypted_data_be_at_risk_of_being/l17broj/', 'subreddit_type': 'public', 'locked': False, 'report_reasons': None, 'created': 1714054357.0, 'author_flair_text': None, 'collapsed': False, 'created_utc': 1714054357.0, 'subreddit_name_prefixed': 'r/AskPhysics', 'controversiality': 0, 'depth': 4, 'author_flair_background_color': None, 'collapsed_because_crowd_control': None, 'mod_reports': [], 'num_reports': None, 'ups': 1}}], 'before': None}}, 'user_reports': [], 'saved': False, 'id': 'l17b2gd', 'banned_at_utc': None, 'mod_reason_title': None, 'gilded': 0, 'archived': False, 'collapsed_reason_code': None, 'no_follow': False, 'author': 'Extent_Leather', 'can_mod_post': False, 'send_replies': True, 'parent_id': 't1_l12q3cx', 'score': 1, 'author_fullname': 't2_9yfh9bcy', 'removal_reason': None, 'approved_by': None, 'mod_note': None, 'all_awardings': [], 'collapsed': False, 'body': ""How blockchains are stupid? If you don't understand how something works it doesn't mean it's stupid..."", 'edited': False, 'top_awarded_type': None, 'author_flair_css_class': None, 'name': 't1_l17b2gd', 'is_submitter': False, 'downs': 0, 'author_flair_richtext': [], 'author_patreon_flair': False, 'body_html': '&lt;div class=""md""&gt;&lt;p&gt;How blockchains are stupid? If you don&amp;#39;t understand how something works it doesn&amp;#39;t mean it&amp;#39;s stupid...&lt;/p&gt;\n&lt;/div&gt;', 'gildings': {}, 'collapsed_reason': None, 'distinguished': None, 'associated_award': None, 'stickied': False, 'author_premium': False, 'can_gild': False, 'link_id': 't3_1cbn25h', 'unrepliable_reason': None, 'author_flair_text_color': None, 'score_hidden': False, 'permalink': '/r/AskPhysics/comments/1cbn25h/will_all_encrypted_data_be_at_risk_of_being/l17b2gd/', 'subreddit_type': 'public', 'locked': False, 'report_reasons': None, 'created': 1714054110.0, 'author_flair_text': None, 'treatment_tags': [], 'created_utc': 1714054110.0, 'subreddit_name_prefixed': 'r/AskPhysics', 'controversiality': 0, 'depth': 3, 'author_flair_background_color': None, 'collapsed_because_crowd_control': None, 'mod_reports': [], 'num_reports': None, 'ups': 1}}], 'before': None}}, 'user_reports': [], 'saved': False, 'id': 'l12q3cx', 'banned_at_utc': None, 'mod_reason_title': None, 'gilded': 0, 'archived': False, 'collapsed_reason_code': None, 'no_follow': False, 'author': 'MuForceShoelace', 'can_mod_post': False, 'send_replies': True, 'parent_id': 't1_l118njw', 'score': 1, 'author_fullname': 't2_4k2js', 'removal_reason': None, 'approved_by': None, 'mod_note': None, 'all_awardings': [], 'body': ""yeah but block chains are stupid and do all sorts of dumb stuff. Don't use them for metrics of good practice for anything."", 'edited': False, 'top_awarded_type': None, 'downs': 0, 'author_flair_css_class': None, 'name': 't1_l12q3cx', 'is_submitter': False, 'collapsed': False, 'author_flair_richtext': [], 'author_patreon_flair': False, 'body_html': '&lt;div class=""md""&gt;&lt;p&gt;yeah but block chains are stupid and do all sorts of dumb stuff. Don&amp;#39;t use them for metrics of good practice for anything.&lt;/p&gt;\n&lt;/div&gt;', 'gildings': {}, 'collapsed_reason': None, 'distinguished': None, 'associated_award': None, 'stickied': False, 'author_premium': False, 'can_gild': False, 'link_id': 't3_1cbn25h', 'unrepliable_reason': None, 'author_flair_text_color': None, 'score_hidden': False, 'permalink': '/r/AskPhysics/comments/1cbn25h/will_all_encrypted_data_be_at_risk_of_being/l12q3cx/', 'subreddit_type': 'public', 'locked': False, 'report_reasons': None, 'created': 1713980296.0, 'author_flair_text': None, 'treatment_tags': [], 'created_utc': 1713980296.0, 'subreddit_name_prefixed': 'r/AskPhysics', 'controversiality': 0, 'depth': 2, 'author_flair_background_color': None, 'collapsed_because_crowd_control': None, 'mod_reports': [], 'num_reports': None, 'ups': 1}}], 'before': None}}, 'user_reports': [], 'saved': False, 'id': 'l118njw', 'banned_at_utc': None, 'mod_reason_title': None, 'gilded': 0, 'archived': False, 'collapsed_reason_code': None, 'no_follow': False, 'author': 'Extent_Leather', 'can_mod_post': False, 'created_utc': 1713961225.0, 'send_replies': True, 'parent_id': 't1_l0zpnao', 'score': 2, 'author_fullname': 't2_9yfh9bcy', 'removal_reason': None, 'approved_by': None, 'mod_note': None, 'all_awardings': [], 'body': ""That's true. Even some blockchains such as Algo and QAN are using NIST recommended algorithms..."", 'edited': False, 'top_awarded_type': None, 'author_flair_css_class': None, 'name': 't1_l118njw', 'is_submitter': False, 'downs': 0, 'author_flair_richtext': [], 'author_patreon_flair': False, 'body_html': '&lt;div class=""md""&gt;&lt;p&gt;That&amp;#39;s true. Even some blockchains such as Algo and QAN are using NIST recommended algorithms...&lt;/p&gt;\n&lt;/div&gt;', 'gildings': {}, 'collapsed_reason': None, 'distinguished': None, 'associated_award': None, 'stickied': False, 'author_premium': False, 'can_gild': False, 'link_id': 't3_1cbn25h', 'unrepliable_reason': None, 'author_flair_text_color': None, 'score_hidden': False, 'permalink': '/r/AskPhysics/comments/1cbn25h/will_all_encrypted_data_be_at_risk_of_being/l118njw/', 'subreddit_type': 'public', 'locked': False, 'report_reasons': None, 'created': 1713961225.0, 'author_flair_text': None, 'treatment_tags': [], 'collapsed': False, 'subreddit_name_prefixed': 'r/AskPhysics', 'controversiality': 0, 'depth': 1, 'author_flair_background_color': None, 'collapsed_because_crowd_control': None, 'mod_reports': [], 'num_reports': None, 'ups': 2}}], 'before': None}}",,False,19,False,True,False,AskPhysics,t5_2sumo,r/AskPhysics,public,,0,[],,19,[],t1
data_1,[],,,False,,sddbk,,,[],,,,text,t2_12mywd,False,False,False,[],,,"It's a legitimate concern and one that is being taken seriously by security professionals.  Current encryption is based on it being hard to factor a number which is the product of very large primes.  [Edited thanks to helpful correction] Peter Shor devised an algorithm that makes it vastly more possible on quantum computers.

There are other types of encryption that will not be vulnerable to Shor's Algorithm.  Security professionals (including NISC) have  been working for several years on charting a transition to practical, quantum-resistant encryption.

As OP correctly surmises, there is a time factor here.  Quantum computers are rapidly approaching the  point  where we believe they'll be able to solve problems beyond the reach of classical computers.  But Shor's Algorithm needs something even beyond that.  It will need error-correcting qubits (quantum bits), and that's further down  the road.  How much further?  Hard to guess, but it could be many years, or even a decade or two.  Or, not.  

Scaling up error-correcting qubits will be  a challenge unto itself.  So, weaker current encryption (say, fewer bits in the keys) will be vulnerable before stronger encryption (longer keys) will be.  That buys you even more time.

Some encrypted secrets don't need to last very long.  With TLS, which secures the Web, the lifetime of security needed is tiny.  Some secrets need to last many decades, like medical records or nuclear secrets.  OP calls out exactly the danger.  Someone could steal a secure file today, stow it away, and possibly decrypt it perhaps a decade or two from now.

And that concern does keep experts up late thinking about it.","&lt;div class=""md""&gt;&lt;p&gt;It&amp;#39;s a legitimate concern and one that is being taken seriously by security professionals.  Current encryption is based on it being hard to factor a number which is the product of very large primes.  [Edited thanks to helpful correction] Peter Shor devised an algorithm that makes it vastly more possible on quantum computers.&lt;/p&gt;

&lt;p&gt;There are other types of encryption that will not be vulnerable to Shor&amp;#39;s Algorithm.  Security professionals (including NISC) have  been working for several years on charting a transition to practical, quantum-resistant encryption.&lt;/p&gt;

&lt;p&gt;As OP correctly surmises, there is a time factor here.  Quantum computers are rapidly approaching the  point  where we believe they&amp;#39;ll be able to solve problems beyond the reach of classical computers.  But Shor&amp;#39;s Algorithm needs something even beyond that.  It will need error-correcting qubits (quantum bits), and that&amp;#39;s further down  the road.  How much further?  Hard to guess, but it could be many years, or even a decade or two.  Or, not.  &lt;/p&gt;

&lt;p&gt;Scaling up error-correcting qubits will be  a challenge unto itself.  So, weaker current encryption (say, fewer bits in the keys) will be vulnerable before stronger encryption (longer keys) will be.  That buys you even more time.&lt;/p&gt;

&lt;p&gt;Some encrypted secrets don&amp;#39;t need to last very long.  With TLS, which secures the Web, the lifetime of security needed is tiny.  Some secrets need to last many decades, like medical records or nuclear secrets.  OP calls out exactly the danger.  Someone could steal a secure file today, stow it away, and possibly decrypt it perhaps a decade or two from now.&lt;/p&gt;

&lt;p&gt;And that concern does keep experts up late thinking about it.&lt;/p&gt;
&lt;/div&gt;",False,False,False,,,,,0,1713928269.0,1713928269.0,0,,0,1713942103.0,0,{},l0zqoyk,False,,t3_1cbn25h,False,,,,[],t1_l0zqoyk,False,,t3_1cbn25h,/r/AskPhysics/comments/1cbn25h/will_all_encrypted_data_be_at_risk_of_being/l0zqoyk/,,"{'kind': 'Listing', 'data': {'after': None, 'dist': None, 'modhash': None, 'geo_filter': '', 'children': [{'kind': 't1', 'data': {'subreddit_id': 't5_2sumo', 'approved_at_utc': None, 'author_is_blocked': False, 'comment_type': None, 'awarders': [], 'mod_reason_by': None, 'banned_by': None, 'author_flair_type': 'text', 'total_awards_received': 0, 'subreddit': 'AskPhysics', 'author_flair_template_id': '9a9f6614-c6b2-11e4-986d-22000bc08516', 'likes': None, 'replies': {'kind': 'Listing', 'data': {'after': None, 'dist': None, 'modhash': None, 'geo_filter': '', 'children': [{'kind': 't1', 'data': {'subreddit_id': 't5_2sumo', 'approved_at_utc': None, 'author_is_blocked': False, 'comment_type': None, 'awarders': [], 'mod_reason_by': None, 'banned_by': None, 'author_flair_type': 'text', 'total_awards_received': 0, 'subreddit': 'AskPhysics', 'author_flair_template_id': None, 'likes': None, 'replies': '', 'user_reports': [], 'saved': False, 'id': 'l10f0tf', 'banned_at_utc': None, 'mod_reason_title': None, 'gilded': 0, 'archived': False, 'collapsed_reason_code': None, 'no_follow': False, 'author': 'sddbk', 'can_mod_post': False, 'send_replies': True, 'parent_id': 't1_l10c9li', 'score': 2, 'author_fullname': 't2_12mywd', 'removal_reason': None, 'approved_by': None, 'mod_note': None, 'all_awardings': [], 'body': ""OMG!!!!\n\nTHANK YOU!\n\nI'll correct that in my comment."", 'edited': False, 'top_awarded_type': None, 'downs': 0, 'author_flair_css_class': None, 'name': 't1_l10f0tf', 'is_submitter': False, 'collapsed': False, 'author_flair_richtext': [], 'author_patreon_flair': False, 'body_html': '&lt;div class=""md""&gt;&lt;p&gt;OMG!!!!&lt;/p&gt;\n\n&lt;p&gt;THANK YOU!&lt;/p&gt;\n\n&lt;p&gt;I&amp;#39;ll correct that in my comment.&lt;/p&gt;\n&lt;/div&gt;', 'gildings': {}, 'collapsed_reason': None, 'distinguished': None, 'associated_award': None, 'stickied': False, 'author_premium': False, 'can_gild': False, 'link_id': 't3_1cbn25h', 'unrepliable_reason': None, 'author_flair_text_color': None, 'score_hidden': False, 'permalink': '/r/AskPhysics/comments/1cbn25h/will_all_encrypted_data_be_at_risk_of_being/l10f0tf/', 'subreddit_type': 'public', 'locked': False, 'report_reasons': None, 'created': 1713942027.0, 'author_flair_text': None, 'treatment_tags': [], 'created_utc': 1713942027.0, 'subreddit_name_prefixed': 'r/AskPhysics', 'controversiality': 0, 'depth': 2, 'author_flair_background_color': None, 'collapsed_because_crowd_control': None, 'mod_reports': [], 'num_reports': None, 'ups': 2}}], 'before': None}}, 'user_reports': [], 'saved': False, 'id': 'l10c9li', 'banned_at_utc': None, 'mod_reason_title': None, 'gilded': 0, 'archived': False, 'collapsed_reason_code': None, 'no_follow': False, 'author': 'LoganJFisher', 'can_mod_post': False, 'created_utc': 1713940104.0, 'send_replies': True, 'parent_id': 't1_l0zqoyk', 'score': 3, 'author_fullname': 't2_4n53wqh', 'removal_reason': None, 'approved_by': None, 'mod_note': None, 'all_awardings': [], 'body': 'Peter Shor is still alive. I believe you were thinking of Peter Higgs.', 'edited': False, 'top_awarded_type': None, 'author_flair_css_class': 'misc', 'name': 't1_l10c9li', 'is_submitter': False, 'downs': 0, 'author_flair_richtext': [], 'author_patreon_flair': False, 'body_html': '&lt;div class=""md""&gt;&lt;p&gt;Peter Shor is still alive. I believe you were thinking of Peter Higgs.&lt;/p&gt;\n&lt;/div&gt;', 'gildings': {}, 'collapsed_reason': None, 'distinguished': None, 'associated_award': None, 'stickied': False, 'author_premium': False, 'can_gild': False, 'link_id': 't3_1cbn25h', 'unrepliable_reason': None, 'author_flair_text_color': 'dark', 'score_hidden': False, 'permalink': '/r/AskPhysics/comments/1cbn25h/will_all_encrypted_data_be_at_risk_of_being/l10c9li/', 'subreddit_type': 'public', 'locked': False, 'report_reasons': None, 'created': 1713940104.0, 'author_flair_text': 'Graduate', 'treatment_tags': [], 'collapsed': False, 'subreddit_name_prefixed': 'r/AskPhysics', 'controversiality': 0, 'depth': 1, 'author_flair_background_color': None, 'collapsed_because_crowd_control': None, 'mod_reports': [], 'num_reports': None, 'ups': 3}}, {'kind': 't1', 'data': {'subreddit_id': 't5_2sumo', 'approved_at_utc': None, 'author_is_blocked': False, 'comment_type': None, 'awarders': [], 'mod_reason_by': None, 'banned_by': None, 'author_flair_type': 'text', 'total_awards_received': 0, 'subreddit': 'AskPhysics', 'author_flair_template_id': None, 'likes': None, 'replies': '', 'user_reports': [], 'saved': False, 'id': 'l10cd6s', 'banned_at_utc': None, 'mod_reason_title': None, 'gilded': 0, 'archived': False, 'collapsed_reason_code': None, 'no_follow': False, 'author': 'nicuramar', 'can_mod_post': False, 'created_utc': 1713940174.0, 'send_replies': True, 'parent_id': 't1_l0zqoyk', 'score': 3, 'author_fullname': 't2_kjv52vr8', 'removal_reason': None, 'approved_by': None, 'mod_note': None, 'all_awardings': [], 'body': '&gt;\xa0Current encryption is based on it being hard to factor a number which is the product of very large primes\n\nCurrent *asymmetric* encryption is (actually, even that is very oversimplified, but whatever).\n\n&gt;\xa0Some secrets need to last many decades, like medical records or nuclear secrets \xa0\xa0\n\nYeah but then they wouldn’t directly be encrypted with asymmetric methods, when it’s at rest.', 'edited': False, 'top_awarded_type': None, 'author_flair_css_class': None, 'name': 't1_l10cd6s', 'is_submitter': False, 'downs': 0, 'author_flair_richtext': [], 'author_patreon_flair': False, 'body_html': '&lt;div class=""md""&gt;&lt;blockquote&gt;\n&lt;p&gt;\xa0Current encryption is based on it being hard to factor a number which is the product of very large primes&lt;/p&gt;\n&lt;/blockquote&gt;\n\n&lt;p&gt;Current &lt;em&gt;asymmetric&lt;/em&gt; encryption is (actually, even that is very oversimplified, but whatever).&lt;/p&gt;\n\n&lt;blockquote&gt;\n&lt;p&gt;\xa0Some secrets need to last many decades, like medical records or nuclear secrets \xa0\xa0&lt;/p&gt;\n&lt;/blockquote&gt;\n\n&lt;p&gt;Yeah but then they wouldn’t directly be encrypted with asymmetric methods, when it’s at rest.&lt;/p&gt;\n&lt;/div&gt;', 'gildings': {}, 'collapsed_reason': None, 'distinguished': None, 'associated_award': None, 'stickied': False, 'author_premium': False, 'can_gild': False, 'link_id': 't3_1cbn25h', 'unrepliable_reason': None, 'author_flair_text_color': None, 'score_hidden': False, 'permalink': '/r/AskPhysics/comments/1cbn25h/will_all_encrypted_data_be_at_risk_of_being/l10cd6s/', 'subreddit_type': 'public', 'locked': False, 'report_reasons': None, 'created': 1713940174.0, 'author_flair_text': None, 'treatment_tags': [], 'collapsed': False, 'subreddit_name_prefixed': 'r/AskPhysics', 'controversiality': 0, 'depth': 1, 'author_flair_background_color': None, 'collapsed_because_crowd_control': None, 'mod_reports': [], 'num_reports': None, 'ups': 3}}], 'before': None}}",,False,7,False,True,False,AskPhysics,t5_2sumo,r/AskPhysics,public,,0,[],,7,[],t1
data_2,[],,,False,,CXLV,,mat,[],7f4501c6-c6b2-11e4-bd93-22000b6d02ed,Condensed matter physics,dark,text,t2_17cro8,False,False,False,[],,,"Given the state of the quantum computing field, I find it very hard to believe that we're at any credible risk any time soon. Nevertheless, researchers are taking it seriously, just in case.","&lt;div class=""md""&gt;&lt;p&gt;Given the state of the quantum computing field, I find it very hard to believe that we&amp;#39;re at any credible risk any time soon. Nevertheless, researchers are taking it seriously, just in case.&lt;/p&gt;
&lt;/div&gt;",False,False,False,,,,,0,1713928666.0,1713928666.0,0,,0,False,0,{},l0zrkyn,False,,t3_1cbn25h,False,,,,[],t1_l0zrkyn,False,,t3_1cbn25h,/r/AskPhysics/comments/1cbn25h/will_all_encrypted_data_be_at_risk_of_being/l0zrkyn/,,,,False,4,False,True,False,AskPhysics,t5_2sumo,r/AskPhysics,public,,0,[],,4,[],t1
data_3,[],,,False,,ICantBelieveItsNotEC,,,[],,,,text,t2_9x5f56g5,False,False,False,[],,,"We are decades away from quantum computers that are able to actually apply Shor's algorithm to decrypt data stored according to today's encryption standards.

Governments may be storing private encrypted communications so that they could possibly decrypt them in the future, but I'd say it's highly unlikely because today's secrets will not be relevant by then. Think of it this way: any smartphone is capable of breaking Enigma in seconds, but the German government doesn't care at all because every ""secret"" encrypted with Enigma has long since been declassified.

Besides, the government could [access all of your secrets for $5 ](https://xkcd.com/538/)if they really wanted to.","&lt;div class=""md""&gt;&lt;p&gt;We are decades away from quantum computers that are able to actually apply Shor&amp;#39;s algorithm to decrypt data stored according to today&amp;#39;s encryption standards.&lt;/p&gt;

&lt;p&gt;Governments may be storing private encrypted communications so that they could possibly decrypt them in the future, but I&amp;#39;d say it&amp;#39;s highly unlikely because today&amp;#39;s secrets will not be relevant by then. Think of it this way: any smartphone is capable of breaking Enigma in seconds, but the German government doesn&amp;#39;t care at all because every &amp;quot;secret&amp;quot; encrypted with Enigma has long since been declassified.&lt;/p&gt;

&lt;p&gt;Besides, the government could &lt;a href=""https://xkcd.com/538/""&gt;access all of your secrets for $5 &lt;/a&gt;if they really wanted to.&lt;/p&gt;
&lt;/div&gt;",False,False,False,,,,,0,1713960552.0,1713960552.0,0,,0,1713960821.0,0,{},l117692,False,,t3_1cbn25h,False,,,,[],t1_l117692,False,,t3_1cbn25h,/r/AskPhysics/comments/1cbn25h/will_all_encrypted_data_be_at_risk_of_being/l117692/,,,,False,2,False,True,False,AskPhysics,t5_2sumo,r/AskPhysics,public,,0,[],,2,[],t1
data_4,[],,,False,,bionista,,,[],,,,text,t2_d63yck8,False,False,False,[],,,Yes,"&lt;div class=""md""&gt;&lt;p&gt;Yes&lt;/p&gt;
&lt;/div&gt;",False,False,False,,,,,0,1713967607.0,1713967607.0,0,,0,False,0,{},l11ok54,False,,t3_1cbn25h,False,,,,[],t1_l11ok54,False,,t3_1cbn25h,/r/AskPhysics/comments/1cbn25h/will_all_encrypted_data_be_at_risk_of_being/l11ok54/,,,,False,1,False,True,False,AskPhysics,t5_2sumo,r/AskPhysics,public,,0,[],,1,[],t1
