,all_awardings,approved_at_utc,approved_by,archived,associated_award,author,author_flair_background_color,author_flair_css_class,author_flair_richtext,author_flair_template_id,author_flair_text,author_flair_text_color,author_flair_type,author_fullname,author_is_blocked,author_patreon_flair,author_premium,awarders,banned_at_utc,banned_by,body,body_html,can_gild,can_mod_post,collapsed,collapsed_because_crowd_control,collapsed_reason,collapsed_reason_code,comment_type,controversiality,created,created_utc,depth,distinguished,downs,edited,gilded,gildings,id,is_submitter,likes,link_id,locked,mod_note,mod_reason_by,mod_reason_title,mod_reports,name,no_follow,num_reports,parent_id,permalink,removal_reason,replies,report_reasons,saved,score,score_hidden,send_replies,stickied,subreddit,subreddit_id,subreddit_name_prefixed,subreddit_type,top_awarded_type,total_awards_received,treatment_tags,unrepliable_reason,ups,user_reports,kind
data,[],,,False,,MaxThrustage,,atom,[],794e2252-c6b2-11e4-88e3-22000b2a8bad,Quantum information,dark,text,t2_bl85j,False,False,False,[],,,"It is possible that we are travelling near the speed of light *from some frame of reference*. In fact, it's definitely always true. Every speed less than the speed of light is *relative*, so it only makes sense to speak about our speed with respect to some frame of reference. We are free to choose just about any frame of reference we want. It's usually most helpful to work in our own *rest frame*, that is the frame of reference in which our speed is 0, but this is a choice and we are free to make others if we wish.

Now, all speeds are relative *except* the speed of light. All massless bodies -- including light, but also gluons and gravitational waves -- always travel at the speed of light. And they appear to be moving at this speed no matter what frame of reference you choose. This is counter-intuitive and completely different from how speeds seem to work at human scales, but it comes about because of the structure of spacetime itself.","&lt;div class=""md""&gt;&lt;p&gt;It is possible that we are travelling near the speed of light &lt;em&gt;from some frame of reference&lt;/em&gt;. In fact, it&amp;#39;s definitely always true. Every speed less than the speed of light is &lt;em&gt;relative&lt;/em&gt;, so it only makes sense to speak about our speed with respect to some frame of reference. We are free to choose just about any frame of reference we want. It&amp;#39;s usually most helpful to work in our own &lt;em&gt;rest frame&lt;/em&gt;, that is the frame of reference in which our speed is 0, but this is a choice and we are free to make others if we wish.&lt;/p&gt;

&lt;p&gt;Now, all speeds are relative &lt;em&gt;except&lt;/em&gt; the speed of light. All massless bodies -- including light, but also gluons and gravitational waves -- always travel at the speed of light. And they appear to be moving at this speed no matter what frame of reference you choose. This is counter-intuitive and completely different from how speeds seem to work at human scales, but it comes about because of the structure of spacetime itself.&lt;/p&gt;
&lt;/div&gt;",False,False,False,,,,,0,1713918506.0,1713918506.0,0,,0,False,0,{},l0z2915,False,,t3_1cbk5uo,False,,,,[],t1_l0z2915,False,,t3_1cbk5uo,/r/AskPhysics/comments/1cbk5uo/is_it_possible_that_we_are_traveling_near_the/l0z2915/,,,,False,17,False,True,False,AskPhysics,t5_2sumo,r/AskPhysics,public,,0,[],,17,[],t1
data_1,[],,,False,,joepierson123,,,[],,,,text,t2_ufpq2kad,False,False,False,[],,,"No, I mean if that was the case wouldn't photons being traveling twice as fast in the opposite direction? We measure photons to be the same speed in every direction","&lt;div class=""md""&gt;&lt;p&gt;No, I mean if that was the case wouldn&amp;#39;t photons being traveling twice as fast in the opposite direction? We measure photons to be the same speed in every direction&lt;/p&gt;
&lt;/div&gt;",False,False,False,,,,,0,1713917430.0,1713917430.0,0,,0,False,0,{},l0yzhtw,False,,t3_1cbk5uo,False,,,,[],t1_l0yzhtw,False,,t3_1cbk5uo,/r/AskPhysics/comments/1cbk5uo/is_it_possible_that_we_are_traveling_near_the/l0yzhtw/,,"{'kind': 'Listing', 'data': {'after': None, 'dist': None, 'modhash': None, 'geo_filter': '', 'children': [{'kind': 't1', 'data': {'subreddit_id': 't5_2sumo', 'approved_at_utc': None, 'author_is_blocked': False, 'comment_type': None, 'awarders': [], 'mod_reason_by': None, 'banned_by': None, 'author_flair_type': 'text', 'total_awards_received': 0, 'subreddit': 'AskPhysics', 'author_flair_template_id': None, 'likes': None, 'replies': {'kind': 'Listing', 'data': {'after': None, 'dist': None, 'modhash': None, 'geo_filter': '', 'children': [{'kind': 't1', 'data': {'subreddit_id': 't5_2sumo', 'approved_at_utc': None, 'author_is_blocked': False, 'comment_type': None, 'awarders': [], 'mod_reason_by': None, 'banned_by': None, 'author_flair_type': 'text', 'total_awards_received': 0, 'subreddit': 'AskPhysics', 'author_flair_template_id': None, 'likes': None, 'replies': '', 'user_reports': [], 'saved': False, 'id': 'l10bmp6', 'banned_at_utc': None, 'mod_reason_title': None, 'gilded': 0, 'archived': False, 'collapsed_reason_code': None, 'no_follow': True, 'author': 'nicuramar', 'can_mod_post': False, 'send_replies': True, 'parent_id': 't1_l0zxe97', 'score': 3, 'author_fullname': 't2_kjv52vr8', 'removal_reason': None, 'approved_by': None, 'mod_note': None, 'all_awardings': [], 'body': 'But we can measure the two-way speed all every direction, and it’s always the same (in vacuum).\xa0', 'edited': False, 'top_awarded_type': None, 'downs': 0, 'author_flair_css_class': None, 'name': 't1_l10bmp6', 'is_submitter': False, 'collapsed': False, 'author_flair_richtext': [], 'author_patreon_flair': False, 'body_html': '&lt;div class=""md""&gt;&lt;p&gt;But we can measure the two-way speed all every direction, and it’s always the same (in vacuum).\xa0&lt;/p&gt;\n&lt;/div&gt;', 'gildings': {}, 'collapsed_reason': None, 'distinguished': None, 'associated_award': None, 'stickied': False, 'author_premium': False, 'can_gild': False, 'link_id': 't3_1cbk5uo', 'unrepliable_reason': None, 'author_flair_text_color': None, 'score_hidden': False, 'permalink': '/r/AskPhysics/comments/1cbk5uo/is_it_possible_that_we_are_traveling_near_the/l10bmp6/', 'subreddit_type': 'public', 'locked': False, 'report_reasons': None, 'created': 1713939681.0, 'author_flair_text': None, 'treatment_tags': [], 'created_utc': 1713939681.0, 'subreddit_name_prefixed': 'r/AskPhysics', 'controversiality': 0, 'depth': 2, 'author_flair_background_color': None, 'collapsed_because_crowd_control': None, 'mod_reports': [], 'num_reports': None, 'ups': 3}}], 'before': None}}, 'user_reports': [], 'saved': False, 'id': 'l0zxe97', 'banned_at_utc': None, 'mod_reason_title': None, 'gilded': 0, 'archived': False, 'collapsed_reason_code': None, 'no_follow': True, 'author': 'deezmuffinz', 'can_mod_post': False, 'created_utc': 1713931438.0, 'send_replies': True, 'parent_id': 't1_l0yzhtw', 'score': 1, 'author_fullname': 't2_68jkgmi', 'removal_reason': None, 'approved_by': None, 'mod_note': None, 'all_awardings': [], 'body': ""I remember reading its impossible to prove light moves the same speed in every direction.  There's no verifiable test for the one way speed of light..\nHere's this wiki article --\nhttps://en.m.wikipedia.org/wiki/One-way_speed_of_light#:~:text=Although%20the%20average%20speed%20over,time%22%20in%20two%20different%20locations."", 'edited': False, 'top_awarded_type': None, 'author_flair_css_class': None, 'name': 't1_l0zxe97', 'is_submitter': False, 'downs': 0, 'author_flair_richtext': [], 'author_patreon_flair': False, 'body_html': '&lt;div class=""md""&gt;&lt;p&gt;I remember reading its impossible to prove light moves the same speed in every direction.  There&amp;#39;s no verifiable test for the one way speed of light..\nHere&amp;#39;s this wiki article --\n&lt;a href=""https://en.m.wikipedia.org/wiki/One-way_speed_of_light#:%7E:text=Although%20the%20average%20speed%20over,time%22%20in%20two%20different%20locations""&gt;https://en.m.wikipedia.org/wiki/One-way_speed_of_light#:~:text=Although%20the%20average%20speed%20over,time%22%20in%20two%20different%20locations&lt;/a&gt;.&lt;/p&gt;\n&lt;/div&gt;', 'gildings': {}, 'collapsed_reason': None, 'distinguished': None, 'associated_award': None, 'stickied': False, 'author_premium': False, 'can_gild': False, 'link_id': 't3_1cbk5uo', 'unrepliable_reason': None, 'author_flair_text_color': None, 'score_hidden': False, 'permalink': '/r/AskPhysics/comments/1cbk5uo/is_it_possible_that_we_are_traveling_near_the/l0zxe97/', 'subreddit_type': 'public', 'locked': False, 'report_reasons': None, 'created': 1713931438.0, 'author_flair_text': None, 'treatment_tags': [], 'collapsed': False, 'subreddit_name_prefixed': 'r/AskPhysics', 'controversiality': 0, 'depth': 1, 'author_flair_background_color': None, 'collapsed_because_crowd_control': None, 'mod_reports': [], 'num_reports': None, 'ups': 1}}], 'before': None}}",,False,5,False,True,False,AskPhysics,t5_2sumo,r/AskPhysics,public,,0,[],,5,[],t1
data_2,[],,,False,,RichardMHP,,,[],,,,text,t2_9hbgz,False,False,False,[],,,"No, not in the way your second clause suggests. 

The bigger question is ""traveling near the speed of light"" in relation to what, exactly?","&lt;div class=""md""&gt;&lt;p&gt;No, not in the way your second clause suggests. &lt;/p&gt;

&lt;p&gt;The bigger question is &amp;quot;traveling near the speed of light&amp;quot; in relation to what, exactly?&lt;/p&gt;
&lt;/div&gt;",False,False,False,,,,,0,1713917574.0,1713917574.0,0,,0,False,0,{},l0yzuzw,False,,t3_1cbk5uo,False,,,,[],t1_l0yzuzw,True,,t3_1cbk5uo,/r/AskPhysics/comments/1cbk5uo/is_it_possible_that_we_are_traveling_near_the/l0yzuzw/,,,,False,3,False,True,False,AskPhysics,t5_2sumo,r/AskPhysics,public,,0,[],,3,[],t1
data_3,[],,,False,,Catball-Fun,,,[],,,,text,t2_a147aaga,False,False,False,[],,,"Our choice of ratio of time units to space ace units sets the speed of light. You can have units(called by cool scientists amazing units) where c = 1.
The real question is why do massless objects travel at c always and why is c finite?","&lt;div class=""md""&gt;&lt;p&gt;Our choice of ratio of time units to space ace units sets the speed of light. You can have units(called by cool scientists amazing units) where c = 1.
The real question is why do massless objects travel at c always and why is c finite?&lt;/p&gt;
&lt;/div&gt;",False,False,False,,,,,0,1713918521.0,1713918521.0,0,,0,False,0,{},l0z2afh,False,,t3_1cbk5uo,False,,,,[],t1_l0z2afh,True,,t3_1cbk5uo,/r/AskPhysics/comments/1cbk5uo/is_it_possible_that_we_are_traveling_near_the/l0z2afh/,,,,False,1,False,True,False,AskPhysics,t5_2sumo,r/AskPhysics,public,,0,[],,1,[],t1
