,all_awardings,approved_at_utc,approved_by,archived,associated_award,author,author_flair_background_color,author_flair_css_class,author_flair_richtext,author_flair_template_id,author_flair_text,author_flair_text_color,author_flair_type,author_fullname,author_is_blocked,author_patreon_flair,author_premium,awarders,banned_at_utc,banned_by,body,body_html,can_gild,can_mod_post,collapsed,collapsed_because_crowd_control,collapsed_reason,collapsed_reason_code,comment_type,controversiality,created,created_utc,depth,distinguished,downs,edited,gilded,gildings,id,is_submitter,likes,link_id,locked,mod_note,mod_reason_by,mod_reason_title,mod_reports,name,no_follow,num_reports,parent_id,permalink,removal_reason,replies,report_reasons,saved,score,score_hidden,send_replies,stickied,subreddit,subreddit_id,subreddit_name_prefixed,subreddit_type,top_awarded_type,total_awards_received,treatment_tags,unrepliable_reason,ups,user_reports,kind
data,[],,,False,,Cryptizard,,,[],,,,text,t2_n0aht,False,False,False,[],,,"Definitively no. 

https://en.m.wikipedia.org/wiki/No-communication_theorem

It is asked all the time and I understand it is a tempting idea because there does seem to be some “spooky action at a distance” as Einstein would put it, but if you look at the math of quantum mechanics it is bulletproof that it can’t be used to transmit information.","&lt;div class=""md""&gt;&lt;p&gt;Definitively no. &lt;/p&gt;

&lt;p&gt;&lt;a href=""https://en.m.wikipedia.org/wiki/No-communication_theorem""&gt;https://en.m.wikipedia.org/wiki/No-communication_theorem&lt;/a&gt;&lt;/p&gt;

&lt;p&gt;It is asked all the time and I understand it is a tempting idea because there does seem to be some “spooky action at a distance” as Einstein would put it, but if you look at the math of quantum mechanics it is bulletproof that it can’t be used to transmit information.&lt;/p&gt;
&lt;/div&gt;",False,False,False,,,,,0,1714069179.0,1714069179.0,0,,0,False,0,{},l18cj6f,False,,t3_1ccy6nw,False,,,,[],t1_l18cj6f,True,,t3_1ccy6nw,/r/AskPhysics/comments/1ccy6nw/is_the_ansible_from_enders_game_possible/l18cj6f/,,"{'kind': 'Listing', 'data': {'after': None, 'dist': None, 'modhash': None, 'geo_filter': '', 'children': [{'kind': 't1', 'data': {'subreddit_id': 't5_2sumo', 'approved_at_utc': None, 'author_is_blocked': False, 'comment_type': None, 'awarders': [], 'mod_reason_by': None, 'banned_by': None, 'author_flair_type': 'text', 'total_awards_received': 0, 'subreddit': 'AskPhysics', 'author_flair_template_id': None, 'likes': None, 'replies': '', 'user_reports': [], 'saved': False, 'id': 'l18wxud', 'banned_at_utc': None, 'mod_reason_title': None, 'gilded': 0, 'archived': False, 'collapsed_reason_code': None, 'no_follow': True, 'author': 'dunscotus', 'can_mod_post': False, 'created_utc': 1714075881.0, 'send_replies': True, 'parent_id': 't1_l18cj6f', 'score': 3, 'author_fullname': 't2_8yeajyhw', 'removal_reason': None, 'approved_by': None, 'mod_note': None, 'all_awardings': [], 'body': 'It’s a nice plausible-enough-for-scifi idea though, has also been used to good effect by Charles Stross.', 'edited': False, 'top_awarded_type': None, 'author_flair_css_class': None, 'name': 't1_l18wxud', 'is_submitter': False, 'downs': 0, 'author_flair_richtext': [], 'author_patreon_flair': False, 'body_html': '&lt;div class=""md""&gt;&lt;p&gt;It’s a nice plausible-enough-for-scifi idea though, has also been used to good effect by Charles Stross.&lt;/p&gt;\n&lt;/div&gt;', 'gildings': {}, 'collapsed_reason': None, 'distinguished': None, 'associated_award': None, 'stickied': False, 'author_premium': False, 'can_gild': False, 'link_id': 't3_1ccy6nw', 'unrepliable_reason': None, 'author_flair_text_color': None, 'score_hidden': False, 'permalink': '/r/AskPhysics/comments/1ccy6nw/is_the_ansible_from_enders_game_possible/l18wxud/', 'subreddit_type': 'public', 'locked': False, 'report_reasons': None, 'created': 1714075881.0, 'author_flair_text': None, 'treatment_tags': [], 'collapsed': False, 'subreddit_name_prefixed': 'r/AskPhysics', 'controversiality': 0, 'depth': 1, 'author_flair_background_color': None, 'collapsed_because_crowd_control': None, 'mod_reports': [], 'num_reports': None, 'ups': 3}}, {'kind': 't1', 'data': {'subreddit_id': 't5_2sumo', 'approved_at_utc': None, 'author_is_blocked': False, 'comment_type': None, 'awarders': [], 'mod_reason_by': None, 'banned_by': None, 'author_flair_type': 'text', 'total_awards_received': 0, 'subreddit': 'AskPhysics', 'author_flair_template_id': None, 'likes': None, 'replies': '', 'user_reports': [], 'saved': False, 'id': 'l18ctwu', 'banned_at_utc': None, 'mod_reason_title': None, 'gilded': 0, 'archived': False, 'collapsed_reason_code': None, 'no_follow': True, 'author': 'Pandemonium404', 'can_mod_post': False, 'created_utc': 1714069278.0, 'send_replies': True, 'parent_id': 't1_l18cj6f', 'score': 1, 'author_fullname': 't2_8c6yn6gx', 'removal_reason': None, 'approved_by': None, 'mod_note': None, 'all_awardings': [], 'body': 'OK thank you for the quick reply. I’ll read the wiki right now.', 'edited': False, 'top_awarded_type': None, 'author_flair_css_class': None, 'name': 't1_l18ctwu', 'is_submitter': True, 'downs': 0, 'author_flair_richtext': [], 'author_patreon_flair': False, 'body_html': '&lt;div class=""md""&gt;&lt;p&gt;OK thank you for the quick reply. I’ll read the wiki right now.&lt;/p&gt;\n&lt;/div&gt;', 'gildings': {}, 'collapsed_reason': None, 'distinguished': None, 'associated_award': None, 'stickied': False, 'author_premium': False, 'can_gild': False, 'link_id': 't3_1ccy6nw', 'unrepliable_reason': None, 'author_flair_text_color': None, 'score_hidden': False, 'permalink': '/r/AskPhysics/comments/1ccy6nw/is_the_ansible_from_enders_game_possible/l18ctwu/', 'subreddit_type': 'public', 'locked': False, 'report_reasons': None, 'created': 1714069278.0, 'author_flair_text': None, 'treatment_tags': [], 'collapsed': False, 'subreddit_name_prefixed': 'r/AskPhysics', 'controversiality': 0, 'depth': 1, 'author_flair_background_color': None, 'collapsed_because_crowd_control': None, 'mod_reports': [], 'num_reports': None, 'ups': 1}}], 'before': None}}",,False,20,False,True,False,AskPhysics,t5_2sumo,r/AskPhysics,public,,0,[],,20,[],t1
data_1,[],,,False,,John_Hasler,,other,[],95dad5a0-c6b2-11e4-b741-22000b6e00bb,Engineering,dark,text,t2_8s274,False,False,False,[],,,"&gt;So in theory it feels like if you could isolate and measure the first set of entangled particles in one location with a signal processor and then the second set of entangled particles in the same carefully controlled order elsewhere in the universe, would it enable instant communication that’s faster than light?

No.  Measuring one member of an entangled pair gives you a bit of information which you can use to predict the result of a measurement of the other, if such a measurement ever has been or ever will be make.  It results in no observable change in the other particle.

https://en.wikipedia.org/wiki/No-communication_theorem","&lt;div class=""md""&gt;&lt;blockquote&gt;
&lt;p&gt;So in theory it feels like if you could isolate and measure the first set of entangled particles in one location with a signal processor and then the second set of entangled particles in the same carefully controlled order elsewhere in the universe, would it enable instant communication that’s faster than light?&lt;/p&gt;
&lt;/blockquote&gt;

&lt;p&gt;No.  Measuring one member of an entangled pair gives you a bit of information which you can use to predict the result of a measurement of the other, if such a measurement ever has been or ever will be make.  It results in no observable change in the other particle.&lt;/p&gt;

&lt;p&gt;&lt;a href=""https://en.wikipedia.org/wiki/No-communication_theorem""&gt;https://en.wikipedia.org/wiki/No-communication_theorem&lt;/a&gt;&lt;/p&gt;
&lt;/div&gt;",False,False,False,,,,,0,1714070252.0,1714070252.0,0,,0,False,0,{},l18fra2,False,,t3_1ccy6nw,False,,,,[],t1_l18fra2,True,,t3_1ccy6nw,/r/AskPhysics/comments/1ccy6nw/is_the_ansible_from_enders_game_possible/l18fra2/,,,,False,6,False,True,False,AskPhysics,t5_2sumo,r/AskPhysics,public,,0,[],,6,[],t1
data_2,[],,,False,,wirelesstrainer,,,[],,,,text,t2_stsv1zby,False,False,False,[],,,No.,"&lt;div class=""md""&gt;&lt;p&gt;No.&lt;/p&gt;
&lt;/div&gt;",False,False,False,,,,,0,1714086581.0,1714086581.0,0,,0,False,0,{},l19psol,False,,t3_1ccy6nw,False,,,,[],t1_l19psol,True,,t3_1ccy6nw,/r/AskPhysics/comments/1ccy6nw/is_the_ansible_from_enders_game_possible/l19psol/,,,,False,2,False,True,False,AskPhysics,t5_2sumo,r/AskPhysics,public,,0,[],,2,[],t1
