,all_awardings,approved_at_utc,approved_by,archived,associated_award,author,author_flair_background_color,author_flair_css_class,author_flair_richtext,author_flair_template_id,author_flair_text,author_flair_text_color,author_flair_type,author_fullname,author_is_blocked,author_patreon_flair,author_premium,awarders,banned_at_utc,banned_by,body,body_html,can_gild,can_mod_post,collapsed,collapsed_because_crowd_control,collapsed_reason,collapsed_reason_code,comment_type,controversiality,created,created_utc,depth,distinguished,downs,edited,gilded,gildings,id,is_submitter,likes,link_id,locked,mod_note,mod_reason_by,mod_reason_title,mod_reports,name,no_follow,num_reports,parent_id,permalink,removal_reason,replies,report_reasons,saved,score,score_hidden,send_replies,stickied,subreddit,subreddit_id,subreddit_name_prefixed,subreddit_type,top_awarded_type,total_awards_received,treatment_tags,unrepliable_reason,ups,user_reports,kind
data,[],,,False,,starkeffect,,inter,[],8c5fb068-c6b2-11e4-b8be-22000bb30918,Education and outreach,dark,text,t2_3z9vh,False,False,False,[],,,"/r/askphilosophy

This isn't a physics question.","&lt;div class=""md""&gt;&lt;p&gt;&lt;a href=""/r/askphilosophy""&gt;/r/askphilosophy&lt;/a&gt;&lt;/p&gt;

&lt;p&gt;This isn&amp;#39;t a physics question.&lt;/p&gt;
&lt;/div&gt;",False,False,False,,,,,0,1713993658.0,1713993658.0,0,,0,False,0,{},l13uixw,False,,t3_1cc9q42,False,,,,[],t1_l13uixw,True,,t3_1cc9q42,/r/AskPhysics/comments/1cc9q42/is_everything_that_is_about_to_happen_already/l13uixw/,,,,False,12,False,True,False,AskPhysics,t5_2sumo,r/AskPhysics,public,,0,[],,12,[],t1
data_1,[],,,False,,fuseboy,,,[],,,,text,t2_4z958,False,False,False,[],,,"Human will is a macroscopic concept, like lettuce. It would be funny to ask, ""is lettuce real, or is everything made of atoms?"" Will emerges from the gyrations of atoms, deterministic classical interactions and possibly random quantum events to a degree also.

The ""free"" part is tricky, free of what? If deterministic calculation isn't free, and random inputs aren't either, where else is there for freedom to come from? I think this boils down to asking if there is an independent, non-physical and causeless force in the universe that somehow provides pure intention.","&lt;div class=""md""&gt;&lt;p&gt;Human will is a macroscopic concept, like lettuce. It would be funny to ask, &amp;quot;is lettuce real, or is everything made of atoms?&amp;quot; Will emerges from the gyrations of atoms, deterministic classical interactions and possibly random quantum events to a degree also.&lt;/p&gt;

&lt;p&gt;The &amp;quot;free&amp;quot; part is tricky, free of what? If deterministic calculation isn&amp;#39;t free, and random inputs aren&amp;#39;t either, where else is there for freedom to come from? I think this boils down to asking if there is an independent, non-physical and causeless force in the universe that somehow provides pure intention.&lt;/p&gt;
&lt;/div&gt;",False,False,False,,,,,0,1714005450.0,1714005450.0,0,,0,False,0,{},l14pjmk,False,,t3_1cc9q42,False,,,,[],t1_l14pjmk,True,,t3_1cc9q42,/r/AskPhysics/comments/1cc9q42/is_everything_that_is_about_to_happen_already/l14pjmk/,,,,False,2,False,True,False,AskPhysics,t5_2sumo,r/AskPhysics,public,,0,[],,2,[],t1
data_2,[],,,False,,joepierson123,,,[],,,,text,t2_ufpq2kad,False,False,False,[],,,Free Will is not a definable phenomena,"&lt;div class=""md""&gt;&lt;p&gt;Free Will is not a definable phenomena&lt;/p&gt;
&lt;/div&gt;",False,False,False,,,,,0,1714008913.0,1714008913.0,0,,0,False,0,{},l14yki9,False,,t3_1cc9q42,False,,,,[],t1_l14yki9,True,,t3_1cc9q42,/r/AskPhysics/comments/1cc9q42/is_everything_that_is_about_to_happen_already/l14yki9/,,,,False,2,False,True,False,AskPhysics,t5_2sumo,r/AskPhysics,public,,0,[],,2,[],t1
data_3,[],,,False,,lowzycat,,,[],,,,text,t2_3mse8oif,False,False,False,[],,,"This is a philosophy question.

But for physics pre-quantum mechanics states were deterministic, meaning if you knew everything about the particle and what it interacts with, you can definitively predict its future.","&lt;div class=""md""&gt;&lt;p&gt;This is a philosophy question.&lt;/p&gt;

&lt;p&gt;But for physics pre-quantum mechanics states were deterministic, meaning if you knew everything about the particle and what it interacts with, you can definitively predict its future.&lt;/p&gt;
&lt;/div&gt;",False,False,False,,,,,0,1714015405.0,1714015405.0,0,,0,False,0,{},l15e7z3,False,,t3_1cc9q42,False,,,,[],t1_l15e7z3,True,,t3_1cc9q42,/r/AskPhysics/comments/1cc9q42/is_everything_that_is_about_to_happen_already/l15e7z3/,,,,False,1,False,True,False,AskPhysics,t5_2sumo,r/AskPhysics,public,,0,[],,1,[],t1
data_4,[],,,False,,JapanDash,,,[],,,,text,t2_k5p99yji8,False,False,False,[],,,"Non linear time.

You’ve lived your whole life already. 

Now you’re experiencing the replay at death.

It takes a long time to process what happens in The flash you existed.

Free will the first time around. Fate the second time around.","&lt;div class=""md""&gt;&lt;p&gt;Non linear time.&lt;/p&gt;

&lt;p&gt;You’ve lived your whole life already. &lt;/p&gt;

&lt;p&gt;Now you’re experiencing the replay at death.&lt;/p&gt;

&lt;p&gt;It takes a long time to process what happens in The flash you existed.&lt;/p&gt;

&lt;p&gt;Free will the first time around. Fate the second time around.&lt;/p&gt;
&lt;/div&gt;",False,False,False,,,,,0,1714042181.0,1714042181.0,0,,0,False,0,{},l16k59g,False,,t3_1cc9q42,False,,,,[],t1_l16k59g,True,,t3_1cc9q42,/r/AskPhysics/comments/1cc9q42/is_everything_that_is_about_to_happen_already/l16k59g/,,,,False,1,False,True,False,AskPhysics,t5_2sumo,r/AskPhysics,public,,0,[],,1,[],t1
data_5,[],,,False,,RRumpleTeazzer,,,[],,,,text,t2_8btq729,False,False,False,[],,,"The laws of physics are deterministic. Classical as well as quantum. Sure, we haven’t solved the measurement problem yet which introduces experimental randomness, but it’s very unlikely the measurement problem’s solution will not adhere to quantum mechanics.","&lt;div class=""md""&gt;&lt;p&gt;The laws of physics are deterministic. Classical as well as quantum. Sure, we haven’t solved the measurement problem yet which introduces experimental randomness, but it’s very unlikely the measurement problem’s solution will not adhere to quantum mechanics.&lt;/p&gt;
&lt;/div&gt;",False,False,False,,,,,0,1713993972.0,1713993972.0,0,,0,False,0,{},l13vfac,False,,t3_1cc9q42,False,,,,[],t1_l13vfac,True,,t3_1cc9q42,/r/AskPhysics/comments/1cc9q42/is_everything_that_is_about_to_happen_already/l13vfac/,,"{'kind': 'Listing', 'data': {'after': None, 'dist': None, 'modhash': None, 'geo_filter': '', 'children': [{'kind': 't1', 'data': {'subreddit_id': 't5_2sumo', 'approved_at_utc': None, 'author_is_blocked': False, 'comment_type': None, 'awarders': [], 'mod_reason_by': None, 'banned_by': None, 'author_flair_type': 'text', 'total_awards_received': 0, 'subreddit': 'AskPhysics', 'author_flair_template_id': None, 'likes': None, 'replies': {'kind': 'Listing', 'data': {'after': None, 'dist': None, 'modhash': None, 'geo_filter': '', 'children': [{'kind': 't1', 'data': {'subreddit_id': 't5_2sumo', 'approved_at_utc': None, 'author_is_blocked': False, 'comment_type': None, 'awarders': [], 'mod_reason_by': None, 'banned_by': None, 'author_flair_type': 'text', 'total_awards_received': 0, 'subreddit': 'AskPhysics', 'author_flair_template_id': None, 'likes': None, 'replies': '', 'user_reports': [], 'saved': False, 'id': 'l13xvpp', 'banned_at_utc': None, 'mod_reason_title': None, 'gilded': 0, 'archived': False, 'collapsed_reason_code': None, 'no_follow': True, 'author': 'wonkey_monkey', 'can_mod_post': False, 'send_replies': True, 'parent_id': 't1_l13x7c7', 'score': 5, 'author_fullname': 't2_whgrg', 'removal_reason': None, 'approved_by': None, 'mod_note': None, 'all_awardings': [], 'body': '&gt; 1) Superdeterminism, which everyone hates.\n\nThey only hate it because they have no choice.', 'edited': False, 'top_awarded_type': None, 'downs': 0, 'author_flair_css_class': None, 'name': 't1_l13xvpp', 'is_submitter': False, 'collapsed': False, 'author_flair_richtext': [], 'author_patreon_flair': False, 'body_html': '&lt;div class=""md""&gt;&lt;blockquote&gt;\n&lt;p&gt;1) Superdeterminism, which everyone hates.&lt;/p&gt;\n&lt;/blockquote&gt;\n\n&lt;p&gt;They only hate it because they have no choice.&lt;/p&gt;\n&lt;/div&gt;', 'gildings': {}, 'collapsed_reason': None, 'distinguished': None, 'associated_award': None, 'stickied': False, 'author_premium': False, 'can_gild': False, 'link_id': 't3_1cc9q42', 'unrepliable_reason': None, 'author_flair_text_color': None, 'score_hidden': False, 'permalink': '/r/AskPhysics/comments/1cc9q42/is_everything_that_is_about_to_happen_already/l13xvpp/', 'subreddit_type': 'public', 'locked': False, 'report_reasons': None, 'created': 1713994836.0, 'author_flair_text': None, 'treatment_tags': [], 'created_utc': 1713994836.0, 'subreddit_name_prefixed': 'r/AskPhysics', 'controversiality': 0, 'depth': 2, 'author_flair_background_color': None, 'collapsed_because_crowd_control': None, 'mod_reports': [], 'num_reports': None, 'ups': 5}}, {'kind': 't1', 'data': {'subreddit_id': 't5_2sumo', 'approved_at_utc': None, 'author_is_blocked': False, 'comment_type': None, 'awarders': [], 'mod_reason_by': None, 'banned_by': None, 'author_flair_type': 'text', 'total_awards_received': 0, 'subreddit': 'AskPhysics', 'author_flair_template_id': None, 'likes': None, 'replies': {'kind': 'Listing', 'data': {'after': None, 'dist': None, 'modhash': None, 'geo_filter': '', 'children': [{'kind': 't1', 'data': {'subreddit_id': 't5_2sumo', 'approved_at_utc': None, 'author_is_blocked': False, 'comment_type': None, 'awarders': [], 'mod_reason_by': None, 'banned_by': None, 'author_flair_type': 'text', 'total_awards_received': 0, 'subreddit': 'AskPhysics', 'author_flair_template_id': None, 'likes': None, 'replies': '', 'user_reports': [], 'saved': False, 'id': 'l14dk7h', 'banned_at_utc': None, 'mod_reason_title': None, 'gilded': 0, 'archived': False, 'collapsed_reason_code': None, 'no_follow': True, 'author': 'Cryptizard', 'can_mod_post': False, 'send_replies': True, 'parent_id': 't1_l14bktk', 'score': 2, 'author_fullname': 't2_n0aht', 'removal_reason': None, 'approved_by': None, 'mod_note': None, 'all_awardings': [], 'collapsed': False, 'body': ""Well none of the interpretations have free will so it kind of doesn't matter."", 'edited': False, 'top_awarded_type': None, 'author_flair_css_class': None, 'name': 't1_l14dk7h', 'is_submitter': False, 'downs': 0, 'author_flair_richtext': [], 'author_patreon_flair': False, 'body_html': '&lt;div class=""md""&gt;&lt;p&gt;Well none of the interpretations have free will so it kind of doesn&amp;#39;t matter.&lt;/p&gt;\n&lt;/div&gt;', 'gildings': {}, 'collapsed_reason': None, 'distinguished': None, 'associated_award': None, 'stickied': False, 'author_premium': False, 'can_gild': False, 'link_id': 't3_1cc9q42', 'unrepliable_reason': None, 'author_flair_text_color': None, 'score_hidden': False, 'permalink': '/r/AskPhysics/comments/1cc9q42/is_everything_that_is_about_to_happen_already/l14dk7h/', 'subreddit_type': 'public', 'locked': False, 'report_reasons': None, 'created': 1714000781.0, 'author_flair_text': None, 'treatment_tags': [], 'created_utc': 1714000781.0, 'subreddit_name_prefixed': 'r/AskPhysics', 'controversiality': 0, 'depth': 3, 'author_flair_background_color': None, 'collapsed_because_crowd_control': None, 'mod_reports': [], 'num_reports': None, 'ups': 2}}], 'before': None}}, 'user_reports': [], 'saved': False, 'id': 'l14bktk', 'banned_at_utc': None, 'mod_reason_title': None, 'gilded': 0, 'archived': False, 'collapsed_reason_code': None, 'no_follow': True, 'author': 'AlphaQ984', 'can_mod_post': False, 'send_replies': True, 'parent_id': 't1_l13x7c7', 'score': 3, 'author_fullname': 't2_1a24mlsk', 'removal_reason': None, 'approved_by': None, 'mod_note': None, 'all_awardings': [], 'body': 'I kinda like the idea of superdeterminism, just to fuck with free will advocates \n\nTherefore statement one is false\n\nQ.E.D.', 'edited': False, 'top_awarded_type': None, 'downs': 0, 'author_flair_css_class': None, 'name': 't1_l14bktk', 'is_submitter': False, 'collapsed': False, 'author_flair_richtext': [], 'author_patreon_flair': False, 'body_html': '&lt;div class=""md""&gt;&lt;p&gt;I kinda like the idea of superdeterminism, just to fuck with free will advocates &lt;/p&gt;\n\n&lt;p&gt;Therefore statement one is false&lt;/p&gt;\n\n&lt;p&gt;Q.E.D.&lt;/p&gt;\n&lt;/div&gt;', 'gildings': {}, 'collapsed_reason': None, 'distinguished': None, 'associated_award': None, 'stickied': False, 'author_premium': False, 'can_gild': False, 'link_id': 't3_1cc9q42', 'unrepliable_reason': None, 'author_flair_text_color': None, 'score_hidden': False, 'permalink': '/r/AskPhysics/comments/1cc9q42/is_everything_that_is_about_to_happen_already/l14bktk/', 'subreddit_type': 'public', 'locked': False, 'report_reasons': None, 'created': 1713999996.0, 'author_flair_text': None, 'treatment_tags': [], 'created_utc': 1713999996.0, 'subreddit_name_prefixed': 'r/AskPhysics', 'controversiality': 0, 'depth': 2, 'author_flair_background_color': None, 'collapsed_because_crowd_control': None, 'mod_reports': [], 'num_reports': None, 'ups': 3}}, {'kind': 't1', 'data': {'subreddit_id': 't5_2sumo', 'approved_at_utc': None, 'author_is_blocked': False, 'comment_type': None, 'awarders': [], 'mod_reason_by': None, 'banned_by': None, 'author_flair_type': 'text', 'total_awards_received': 0, 'subreddit': 'AskPhysics', 'author_flair_template_id': None, 'likes': None, 'replies': '', 'user_reports': [], 'saved': False, 'id': 'l15vzkd', 'banned_at_utc': None, 'mod_reason_title': None, 'gilded': 0, 'archived': False, 'collapsed_reason_code': None, 'no_follow': True, 'author': 'RRumpleTeazzer', 'can_mod_post': False, 'send_replies': True, 'parent_id': 't1_l13x7c7', 'score': 2, 'author_fullname': 't2_8btq729', 'removal_reason': None, 'approved_by': None, 'mod_note': None, 'all_awardings': [], 'body': 'What makes me confident? The equations of quantum mechanics and quantum fields are deterministic. Those equations have been tested to ridiculous degree. \n\nIt’s like asking if my restaurant’s food is vegetarian. Sure it is, the kitchen simply doesn’t buy meat. You don’t need to test every meal.', 'edited': False, 'top_awarded_type': None, 'downs': 0, 'author_flair_css_class': None, 'name': 't1_l15vzkd', 'is_submitter': False, 'collapsed': False, 'author_flair_richtext': [], 'author_patreon_flair': False, 'body_html': '&lt;div class=""md""&gt;&lt;p&gt;What makes me confident? The equations of quantum mechanics and quantum fields are deterministic. Those equations have been tested to ridiculous degree. &lt;/p&gt;\n\n&lt;p&gt;It’s like asking if my restaurant’s food is vegetarian. Sure it is, the kitchen simply doesn’t buy meat. You don’t need to test every meal.&lt;/p&gt;\n&lt;/div&gt;', 'gildings': {}, 'collapsed_reason': None, 'distinguished': None, 'associated_award': None, 'stickied': False, 'author_premium': False, 'can_gild': False, 'link_id': 't3_1cc9q42', 'unrepliable_reason': None, 'author_flair_text_color': None, 'score_hidden': False, 'permalink': '/r/AskPhysics/comments/1cc9q42/is_everything_that_is_about_to_happen_already/l15vzkd/', 'subreddit_type': 'public', 'locked': False, 'report_reasons': None, 'created': 1714025163.0, 'author_flair_text': None, 'treatment_tags': [], 'created_utc': 1714025163.0, 'subreddit_name_prefixed': 'r/AskPhysics', 'controversiality': 0, 'depth': 2, 'author_flair_background_color': None, 'collapsed_because_crowd_control': None, 'mod_reports': [], 'num_reports': None, 'ups': 2}}], 'before': None}}, 'user_reports': [], 'saved': False, 'id': 'l13x7c7', 'banned_at_utc': None, 'mod_reason_title': None, 'gilded': 0, 'archived': False, 'collapsed_reason_code': None, 'no_follow': True, 'author': 'Cryptizard', 'can_mod_post': False, 'created_utc': 1713994596.0, 'send_replies': True, 'parent_id': 't1_l13vfac', 'score': 3, 'author_fullname': 't2_n0aht', 'removal_reason': None, 'approved_by': None, 'mod_note': None, 'all_awardings': [], 'body': 'What makes you so confident?  Of the many interpretations of quantum mechanics, the only ones that are deterministic are:\n\n1) Superdeterminism, which everyone hates.\n\n2) Pilot wave theory, which most people hate.\n\n3) Many-worlds, which is indistinguishable from truly random to entities living in only one branch of the wave function i.e. us.', 'edited': False, 'top_awarded_type': None, 'author_flair_css_class': None, 'name': 't1_l13x7c7', 'is_submitter': False, 'downs': 0, 'author_flair_richtext': [], 'author_patreon_flair': False, 'body_html': '&lt;div class=""md""&gt;&lt;p&gt;What makes you so confident?  Of the many interpretations of quantum mechanics, the only ones that are deterministic are:&lt;/p&gt;\n\n&lt;p&gt;1) Superdeterminism, which everyone hates.&lt;/p&gt;\n\n&lt;p&gt;2) Pilot wave theory, which most people hate.&lt;/p&gt;\n\n&lt;p&gt;3) Many-worlds, which is indistinguishable from truly random to entities living in only one branch of the wave function i.e. us.&lt;/p&gt;\n&lt;/div&gt;', 'gildings': {}, 'collapsed_reason': None, 'distinguished': None, 'associated_award': None, 'stickied': False, 'author_premium': False, 'can_gild': False, 'link_id': 't3_1cc9q42', 'unrepliable_reason': None, 'author_flair_text_color': None, 'score_hidden': False, 'permalink': '/r/AskPhysics/comments/1cc9q42/is_everything_that_is_about_to_happen_already/l13x7c7/', 'subreddit_type': 'public', 'locked': False, 'report_reasons': None, 'created': 1713994596.0, 'author_flair_text': None, 'treatment_tags': [], 'collapsed': False, 'subreddit_name_prefixed': 'r/AskPhysics', 'controversiality': 0, 'depth': 1, 'author_flair_background_color': None, 'collapsed_because_crowd_control': None, 'mod_reports': [], 'num_reports': None, 'ups': 3}}], 'before': None}}",,False,-1,False,True,False,AskPhysics,t5_2sumo,r/AskPhysics,public,,0,[],,-1,[],t1
