,all_awardings,approved_at_utc,approved_by,archived,associated_award,author,author_flair_background_color,author_flair_css_class,author_flair_richtext,author_flair_template_id,author_flair_text,author_flair_text_color,author_flair_type,author_fullname,author_is_blocked,author_patreon_flair,author_premium,awarders,banned_at_utc,banned_by,body,body_html,can_gild,can_mod_post,collapsed,collapsed_because_crowd_control,collapsed_reason,collapsed_reason_code,comment_type,controversiality,created,created_utc,depth,distinguished,downs,edited,gilded,gildings,id,is_submitter,likes,link_id,locked,mod_note,mod_reason_by,mod_reason_title,mod_reports,name,no_follow,num_reports,parent_id,permalink,removal_reason,replies,report_reasons,saved,score,score_hidden,send_replies,stickied,subreddit,subreddit_id,subreddit_name_prefixed,subreddit_type,top_awarded_type,total_awards_received,treatment_tags,unrepliable_reason,ups,user_reports,kind
data,[],,,False,,kevosauce1,,,[],,,,text,t2_8y101vys,False,False,False,[],,,"Classical systems don't allow for super position of state variables (e.g. position and momentum of particles) which we believe to be a must have for a correct model. Thus we ""know"" that there must be a quantum description of gravity. We need to answer questions like: if a particle is accurately described by a Gaussian wavefunction in position space (i.e. it ""exists in multiple positions at once""^(1)) then what does the gravitational field look like? Classical geometric theories cannot tell us that.

^(1) Quotation marks because this statement should not be taken literally","&lt;div class=""md""&gt;&lt;p&gt;Classical systems don&amp;#39;t allow for super position of state variables (e.g. position and momentum of particles) which we believe to be a must have for a correct model. Thus we &amp;quot;know&amp;quot; that there must be a quantum description of gravity. We need to answer questions like: if a particle is accurately described by a Gaussian wavefunction in position space (i.e. it &amp;quot;exists in multiple positions at once&amp;quot;&lt;sup&gt;1&lt;/sup&gt;) then what does the gravitational field look like? Classical geometric theories cannot tell us that.&lt;/p&gt;

&lt;p&gt;&lt;sup&gt;1&lt;/sup&gt; Quotation marks because this statement should not be taken literally&lt;/p&gt;
&lt;/div&gt;",False,False,False,,,,,0,1713909960.0,1713909960.0,0,,0,False,0,{},l0yg34k,False,,t3_1cbgok8,False,,,,[],t1_l0yg34k,False,,t3_1cbgok8,/r/AskPhysics/comments/1cbgok8/there_are_a_lot_of_attempts_to_find_a_quantum/l0yg34k/,,"{'kind': 'Listing', 'data': {'after': None, 'dist': None, 'modhash': None, 'geo_filter': '', 'children': [{'kind': 't1', 'data': {'subreddit_id': 't5_2sumo', 'approved_at_utc': None, 'author_is_blocked': False, 'comment_type': None, 'awarders': [], 'mod_reason_by': None, 'banned_by': None, 'author_flair_type': 'text', 'total_awards_received': 0, 'subreddit': 'AskPhysics', 'author_flair_template_id': None, 'likes': None, 'replies': {'kind': 'Listing', 'data': {'after': None, 'dist': None, 'modhash': None, 'geo_filter': '', 'children': [{'kind': 't1', 'data': {'subreddit_id': 't5_2sumo', 'approved_at_utc': None, 'author_is_blocked': False, 'comment_type': None, 'awarders': [], 'mod_reason_by': None, 'banned_by': None, 'author_flair_type': 'text', 'total_awards_received': 0, 'subreddit': 'AskPhysics', 'author_flair_template_id': None, 'likes': None, 'replies': '', 'user_reports': [], 'saved': False, 'id': 'l10nlci', 'banned_at_utc': None, 'mod_reason_title': None, 'gilded': 0, 'archived': False, 'collapsed_reason_code': None, 'no_follow': True, 'author': 'Impossible-Winner478', 'can_mod_post': False, 'send_replies': True, 'parent_id': 't1_l0yj98t', 'score': 1, 'author_fullname': 't2_lhrautr1n', 'removal_reason': None, 'approved_by': None, 'mod_note': None, 'all_awardings': [], 'body': 'Idk, seems like superposition is a part of a wave, which seems very geometric.   Curvature, but without waves?', 'edited': False, 'top_awarded_type': None, 'downs': 0, 'author_flair_css_class': None, 'name': 't1_l10nlci', 'is_submitter': True, 'collapsed': False, 'author_flair_richtext': [], 'author_patreon_flair': False, 'body_html': '&lt;div class=""md""&gt;&lt;p&gt;Idk, seems like superposition is a part of a wave, which seems very geometric.   Curvature, but without waves?&lt;/p&gt;\n&lt;/div&gt;', 'gildings': {}, 'collapsed_reason': None, 'distinguished': None, 'associated_award': None, 'stickied': False, 'author_premium': False, 'can_gild': False, 'link_id': 't3_1cbgok8', 'unrepliable_reason': None, 'author_flair_text_color': None, 'score_hidden': False, 'permalink': '/r/AskPhysics/comments/1cbgok8/there_are_a_lot_of_attempts_to_find_a_quantum/l10nlci/', 'subreddit_type': 'public', 'locked': False, 'report_reasons': None, 'created': 1713948495.0, 'author_flair_text': None, 'treatment_tags': [], 'created_utc': 1713948495.0, 'subreddit_name_prefixed': 'r/AskPhysics', 'controversiality': 0, 'depth': 2, 'author_flair_background_color': None, 'collapsed_because_crowd_control': None, 'mod_reports': [], 'num_reports': None, 'ups': 1}}], 'before': None}}, 'user_reports': [], 'saved': False, 'id': 'l0yj98t', 'banned_at_utc': None, 'mod_reason_title': None, 'gilded': 0, 'archived': False, 'collapsed_reason_code': None, 'no_follow': False, 'author': 'Cryptizard', 'can_mod_post': False, 'created_utc': 1713911121.0, 'send_replies': True, 'parent_id': 't1_l0yg34k', 'score': 6, 'author_fullname': 't2_n0aht', 'removal_reason': None, 'approved_by': None, 'mod_note': None, 'all_awardings': [], 'body': 'Very good answer. I will add that it is theoretically possible that gravity itself prevents positional superpositions where that question would be worth asking by decohering the quantum system automatically, e.g. spontaneous collapse theories. That would allow gravity to still be a geometric theory.', 'edited': False, 'top_awarded_type': None, 'author_flair_css_class': None, 'name': 't1_l0yj98t', 'is_submitter': False, 'downs': 0, 'author_flair_richtext': [], 'author_patreon_flair': False, 'body_html': '&lt;div class=""md""&gt;&lt;p&gt;Very good answer. I will add that it is theoretically possible that gravity itself prevents positional superpositions where that question would be worth asking by decohering the quantum system automatically, e.g. spontaneous collapse theories. That would allow gravity to still be a geometric theory.&lt;/p&gt;\n&lt;/div&gt;', 'gildings': {}, 'collapsed_reason': None, 'distinguished': None, 'associated_award': None, 'stickied': False, 'author_premium': False, 'can_gild': False, 'link_id': 't3_1cbgok8', 'unrepliable_reason': None, 'author_flair_text_color': None, 'score_hidden': False, 'permalink': '/r/AskPhysics/comments/1cbgok8/there_are_a_lot_of_attempts_to_find_a_quantum/l0yj98t/', 'subreddit_type': 'public', 'locked': False, 'report_reasons': None, 'created': 1713911121.0, 'author_flair_text': None, 'treatment_tags': [], 'collapsed': False, 'subreddit_name_prefixed': 'r/AskPhysics', 'controversiality': 0, 'depth': 1, 'author_flair_background_color': None, 'collapsed_because_crowd_control': None, 'mod_reports': [], 'num_reports': None, 'ups': 6}}], 'before': None}}",,False,20,False,True,False,AskPhysics,t5_2sumo,r/AskPhysics,public,,0,[],,20,[],t1
data_1,[],,,False,,cabbagemeister,,misc,[],,Undergraduate,dark,text,t2_poz7c,False,False,False,[],,,The most common approach to this is noncommutative geometry. Its extremely complicated and has not had conplete success.,"&lt;div class=""md""&gt;&lt;p&gt;The most common approach to this is noncommutative geometry. Its extremely complicated and has not had conplete success.&lt;/p&gt;
&lt;/div&gt;",False,False,False,,,,,0,1713913695.0,1713913695.0,0,,0,False,0,{},l0ypz59,False,,t3_1cbgok8,False,,,,[],t1_l0ypz59,True,,t3_1cbgok8,/r/AskPhysics/comments/1cbgok8/there_are_a_lot_of_attempts_to_find_a_quantum/l0ypz59/,,,,False,3,False,True,False,AskPhysics,t5_2sumo,r/AskPhysics,public,,0,[],,3,[],t1
data_2,[],,,False,,[deleted],,,,,,dark,,,False,,,[],,,[deleted],"&lt;div class=""md""&gt;&lt;p&gt;[deleted]&lt;/p&gt;
&lt;/div&gt;",False,False,True,,comment score below threshold,LOW_SCORE,,0,1713912423.0,1713912423.0,0,,0,False,0,{},l0ymowu,False,,t3_1cbgok8,False,,,,[],t1_l0ymowu,True,,t3_1cbgok8,/r/AskPhysics/comments/1cbgok8/there_are_a_lot_of_attempts_to_find_a_quantum/l0ymowu/,,"{'kind': 'Listing', 'data': {'after': None, 'dist': None, 'modhash': None, 'geo_filter': '', 'children': [{'kind': 't1', 'data': {'subreddit_id': 't5_2sumo', 'approved_at_utc': None, 'author_is_blocked': False, 'comment_type': None, 'awarders': [], 'mod_reason_by': None, 'banned_by': None, 'author_flair_type': 'text', 'total_awards_received': 0, 'subreddit': 'AskPhysics', 'author_flair_template_id': None, 'likes': None, 'replies': {'kind': 'Listing', 'data': {'after': None, 'dist': None, 'modhash': None, 'geo_filter': '', 'children': [{'kind': 't1', 'data': {'total_awards_received': 0, 'approved_at_utc': None, 'author_is_blocked': False, 'comment_type': None, 'awarders': [], 'mod_reason_by': None, 'banned_by': None, 'ups': 1, 'removal_reason': None, 'link_id': 't3_1cbgok8', 'author_flair_template_id': None, 'likes': None, 'replies': {'kind': 'Listing', 'data': {'after': None, 'dist': None, 'modhash': None, 'geo_filter': '', 'children': [{'kind': 't1', 'data': {'subreddit_id': 't5_2sumo', 'approved_at_utc': None, 'author_is_blocked': False, 'comment_type': None, 'awarders': [], 'mod_reason_by': None, 'banned_by': None, 'author_flair_type': 'text', 'total_awards_received': 0, 'subreddit': 'AskPhysics', 'author_flair_template_id': None, 'likes': None, 'replies': '', 'user_reports': [], 'saved': False, 'id': 'l10yyjm', 'banned_at_utc': None, 'mod_reason_title': None, 'gilded': 0, 'archived': False, 'collapsed_reason_code': None, 'no_follow': True, 'author': 'AskHowMyStudentsAre', 'can_mod_post': False, 'send_replies': True, 'parent_id': 't1_l10hg32', 'score': 1, 'author_fullname': 't2_45nb6trh', 'removal_reason': None, 'approved_by': None, 'mod_note': None, 'all_awardings': [], 'collapsed': False, 'body': ""You're such a dick"", 'edited': False, 'top_awarded_type': None, 'author_flair_css_class': None, 'name': 't1_l10yyjm', 'is_submitter': False, 'downs': 0, 'author_flair_richtext': [], 'author_patreon_flair': False, 'body_html': '&lt;div class=""md""&gt;&lt;p&gt;You&amp;#39;re such a dick&lt;/p&gt;\n&lt;/div&gt;', 'gildings': {}, 'collapsed_reason': None, 'distinguished': None, 'associated_award': None, 'stickied': False, 'author_premium': False, 'can_gild': False, 'link_id': 't3_1cbgok8', 'unrepliable_reason': None, 'author_flair_text_color': None, 'score_hidden': False, 'permalink': '/r/AskPhysics/comments/1cbgok8/there_are_a_lot_of_attempts_to_find_a_quantum/l10yyjm/', 'subreddit_type': 'public', 'locked': False, 'report_reasons': None, 'created': 1713956328.0, 'author_flair_text': None, 'treatment_tags': [], 'created_utc': 1713956328.0, 'subreddit_name_prefixed': 'r/AskPhysics', 'controversiality': 0, 'depth': 3, 'author_flair_background_color': None, 'collapsed_because_crowd_control': None, 'mod_reports': [], 'num_reports': None, 'ups': 1}}, {'kind': 't1', 'data': {'subreddit_id': 't5_2sumo', 'approved_at_utc': None, 'author_is_blocked': False, 'comment_type': None, 'awarders': [], 'mod_reason_by': None, 'banned_by': None, 'author_flair_type': 'text', 'total_awards_received': 0, 'subreddit': 'AskPhysics', 'author_flair_template_id': None, 'likes': None, 'replies': '', 'user_reports': [], 'saved': False, 'id': 'l10pnfm', 'banned_at_utc': None, 'mod_reason_title': None, 'gilded': 0, 'archived': False, 'collapsed_reason_code': None, 'no_follow': True, 'author': 'Impossible-Winner478', 'can_mod_post': False, 'send_replies': True, 'parent_id': 't1_l10hg32', 'score': 0, 'author_fullname': 't2_lhrautr1n', 'removal_reason': None, 'approved_by': None, 'mod_note': None, 'all_awardings': [], 'collapsed': False, 'body': ""I have chosen a relatively humble tone, but don't confuse that for cluelessness.   I've done quite a bit of searching, so giving a link to an easily-googled Wikipedia article  is not really a useful response, especially seeing as that particular is extremely non-conclusive.\nThere seem to be some very promising paths involving certain Clifford algebras, with biquaternions (related to twistor theory) and the 6d space of screw theory, both of which involve complex exponentials (which are unitary in nature).\nUnfortunately,  notation in physics is often such an unmitigated shitshow, that I'm not easily able to convert my mathematics background knowledge into understanding precisely what much of theoretical physics work is on about.   Especially since 90% of the terms are just some guy's name, which exacerbates using search engines.\n\nMy question is: why focus on one and not the other?  efforts seem lopsided.  If you're not prepared to give a real answer,  please keep the condescending dismissive comments to yourself."", 'edited': False, 'top_awarded_type': None, 'author_flair_css_class': None, 'name': 't1_l10pnfm', 'is_submitter': True, 'downs': 0, 'author_flair_richtext': [], 'author_patreon_flair': False, 'body_html': '&lt;div class=""md""&gt;&lt;p&gt;I have chosen a relatively humble tone, but don&amp;#39;t confuse that for cluelessness.   I&amp;#39;ve done quite a bit of searching, so giving a link to an easily-googled Wikipedia article  is not really a useful response, especially seeing as that particular is extremely non-conclusive.\nThere seem to be some very promising paths involving certain Clifford algebras, with biquaternions (related to twistor theory) and the 6d space of screw theory, both of which involve complex exponentials (which are unitary in nature).\nUnfortunately,  notation in physics is often such an unmitigated shitshow, that I&amp;#39;m not easily able to convert my mathematics background knowledge into understanding precisely what much of theoretical physics work is on about.   Especially since 90% of the terms are just some guy&amp;#39;s name, which exacerbates using search engines.&lt;/p&gt;\n\n&lt;p&gt;My question is: why focus on one and not the other?  efforts seem lopsided.  If you&amp;#39;re not prepared to give a real answer,  please keep the condescending dismissive comments to yourself.&lt;/p&gt;\n&lt;/div&gt;', 'gildings': {}, 'collapsed_reason': None, 'distinguished': None, 'associated_award': None, 'stickied': False, 'author_premium': False, 'can_gild': False, 'link_id': 't3_1cbgok8', 'unrepliable_reason': None, 'author_flair_text_color': None, 'score_hidden': False, 'permalink': '/r/AskPhysics/comments/1cbgok8/there_are_a_lot_of_attempts_to_find_a_quantum/l10pnfm/', 'subreddit_type': 'public', 'locked': False, 'report_reasons': None, 'created': 1713950051.0, 'author_flair_text': None, 'treatment_tags': [], 'created_utc': 1713950051.0, 'subreddit_name_prefixed': 'r/AskPhysics', 'controversiality': 0, 'depth': 3, 'author_flair_background_color': None, 'collapsed_because_crowd_control': None, 'mod_reports': [], 'num_reports': None, 'ups': 0}}], 'before': None}}, 'user_reports': [], 'saved': False, 'id': 'l10hg32', 'banned_at_utc': None, 'mod_reason_title': None, 'gilded': 0, 'archived': False, 'collapsed_reason_code': None, 'no_follow': True, 'author': '[deleted]', 'can_mod_post': False, 'created_utc': 1713943797.0, 'send_replies': True, 'parent_id': 't1_l0yv1ek', 'score': 1, 'approved_by': None, 'report_reasons': None, 'all_awardings': [], 'subreddit_id': 't5_2sumo', 'body': '[deleted]', 'edited': False, 'author_flair_css_class': None, 'downs': 0, 'is_submitter': False, 'body_html': '&lt;div class=""md""&gt;&lt;p&gt;[deleted]&lt;/p&gt;\n&lt;/div&gt;', 'gildings': {}, 'collapsed_reason': None, 'associated_award': None, 'stickied': False, 'subreddit_type': 'public', 'can_gild': False, 'top_awarded_type': None, 'unrepliable_reason': None, 'author_flair_text_color': 'dark', 'score_hidden': False, 'permalink': '/r/AskPhysics/comments/1cbgok8/there_are_a_lot_of_attempts_to_find_a_quantum/l10hg32/', 'num_reports': None, 'locked': False, 'name': 't1_l10hg32', 'created': 1713943797.0, 'subreddit': 'AskPhysics', 'author_flair_text': None, 'treatment_tags': [], 'collapsed': False, 'subreddit_name_prefixed': 'r/AskPhysics', 'controversiality': 0, 'depth': 2, 'author_flair_background_color': '', 'collapsed_because_crowd_control': None, 'mod_reports': [], 'mod_note': None, 'distinguished': None}}], 'before': None}}, 'user_reports': [], 'saved': False, 'id': 'l0yv1ek', 'banned_at_utc': None, 'mod_reason_title': None, 'gilded': 0, 'archived': False, 'collapsed_reason_code': None, 'no_follow': False, 'author': 'AskHowMyStudentsAre', 'can_mod_post': False, 'created_utc': 1713915684.0, 'send_replies': True, 'parent_id': 't1_l0ymowu', 'score': 7, 'author_fullname': 't2_45nb6trh', 'removal_reason': None, 'approved_by': None, 'mod_note': None, 'all_awardings': [], 'body': 'Why are you being so snappy to someone asking a question on the ask physics page?', 'edited': False, 'top_awarded_type': None, 'author_flair_css_class': None, 'name': 't1_l0yv1ek', 'is_submitter': False, 'downs': 0, 'author_flair_richtext': [], 'author_patreon_flair': False, 'body_html': '&lt;div class=""md""&gt;&lt;p&gt;Why are you being so snappy to someone asking a question on the ask physics page?&lt;/p&gt;\n&lt;/div&gt;', 'gildings': {}, 'collapsed_reason': None, 'distinguished': None, 'associated_award': None, 'stickied': False, 'author_premium': False, 'can_gild': False, 'link_id': 't3_1cbgok8', 'unrepliable_reason': None, 'author_flair_text_color': None, 'score_hidden': False, 'permalink': '/r/AskPhysics/comments/1cbgok8/there_are_a_lot_of_attempts_to_find_a_quantum/l0yv1ek/', 'subreddit_type': 'public', 'locked': False, 'report_reasons': None, 'created': 1713915684.0, 'author_flair_text': None, 'treatment_tags': [], 'collapsed': False, 'subreddit_name_prefixed': 'r/AskPhysics', 'controversiality': 0, 'depth': 1, 'author_flair_background_color': None, 'collapsed_because_crowd_control': None, 'mod_reports': [], 'num_reports': None, 'ups': 7}}], 'before': None}}",,False,-13,False,True,False,AskPhysics,t5_2sumo,r/AskPhysics,public,,0,[],,-13,[],t1
data_3,[],,,False,,LiquidCoal,,,[],,,,text,t2_12kths3r,False,False,False,[],,,"&gt; Is there a reason why this is quantum behavior is known to not be an emergent property of spacetime geometry described by GR?

Yes: Bell&amp;rsquo;s theorem. There are other more directly obvious reasons, but this is a simple reason.","&lt;div class=""md""&gt;&lt;blockquote&gt;
&lt;p&gt;Is there a reason why this is quantum behavior is known to not be an emergent property of spacetime geometry described by GR?&lt;/p&gt;
&lt;/blockquote&gt;

&lt;p&gt;Yes: Bell&amp;rsquo;s theorem. There are other more directly obvious reasons, but this is a simple reason.&lt;/p&gt;
&lt;/div&gt;",False,False,False,,,,,0,1713977979.0,1713977979.0,0,,0,False,0,{},l12j2ze,False,,t3_1cbgok8,False,,,,[],t1_l12j2ze,True,,t3_1cbgok8,/r/AskPhysics/comments/1cbgok8/there_are_a_lot_of_attempts_to_find_a_quantum/l12j2ze/,,,,False,1,False,True,False,AskPhysics,t5_2sumo,r/AskPhysics,public,,0,[],,1,[],t1
