,all_awardings,approved_at_utc,approved_by,archived,associated_award,author,author_flair_background_color,author_flair_css_class,author_flair_richtext,author_flair_template_id,author_flair_text,author_flair_text_color,author_flair_type,author_fullname,author_is_blocked,author_patreon_flair,author_premium,awarders,banned_at_utc,banned_by,body,body_html,can_gild,can_mod_post,collapsed,collapsed_because_crowd_control,collapsed_reason,collapsed_reason_code,comment_type,controversiality,created,created_utc,depth,distinguished,downs,edited,gilded,gildings,id,is_submitter,likes,link_id,locked,mod_note,mod_reason_by,mod_reason_title,mod_reports,name,no_follow,num_reports,parent_id,permalink,removal_reason,replies,report_reasons,saved,score,score_hidden,send_replies,stickied,subreddit,subreddit_id,subreddit_name_prefixed,subreddit_type,top_awarded_type,total_awards_received,treatment_tags,unrepliable_reason,ups,user_reports,kind
data,[],,,False,,John_Hasler,,other,[],95dad5a0-c6b2-11e4-b741-22000b6e00bb,Engineering,dark,text,t2_8s274,False,False,False,[],,,"The cannon ball and the cannon exert equal and opposite forces on each other.  You don't have enough information to calculate the forces (the force will vary in a complicated way as the ball accelerates down the barrel).  However, you don't *need* to know the forces.  You can calculate the impulse (change in momentum) and get the change in velocity from that.

https://en.wikipedia.org/wiki/Impulse_(physics)

https://en.wikipedia.org/wiki/Momentum

BTW the usual notation for a repeating decimal is .111... since Reddit does not allow overlines.","&lt;div class=""md""&gt;&lt;p&gt;The cannon ball and the cannon exert equal and opposite forces on each other.  You don&amp;#39;t have enough information to calculate the forces (the force will vary in a complicated way as the ball accelerates down the barrel).  However, you don&amp;#39;t &lt;em&gt;need&lt;/em&gt; to know the forces.  You can calculate the impulse (change in momentum) and get the change in velocity from that.&lt;/p&gt;

&lt;p&gt;&lt;a href=""https://en.wikipedia.org/wiki/Impulse_(physics)""&gt;https://en.wikipedia.org/wiki/Impulse_(physics)&lt;/a&gt;&lt;/p&gt;

&lt;p&gt;&lt;a href=""https://en.wikipedia.org/wiki/Momentum""&gt;https://en.wikipedia.org/wiki/Momentum&lt;/a&gt;&lt;/p&gt;

&lt;p&gt;BTW the usual notation for a repeating decimal is .111... since Reddit does not allow overlines.&lt;/p&gt;
&lt;/div&gt;",False,False,False,,,,,0,1713886022.0,1713886022.0,0,,0,1713886262.0,0,{},l0wgui4,False,,t3_1cb76nc,False,,,,[],t1_l0wgui4,False,,t3_1cb76nc,/r/AskPhysics/comments/1cb76nc/does_a_cannonball_being_launched_introduce_extra/l0wgui4/,,"{'kind': 'Listing', 'data': {'after': None, 'dist': None, 'modhash': None, 'geo_filter': '', 'children': [{'kind': 't1', 'data': {'subreddit_id': 't5_2sumo', 'approved_at_utc': None, 'author_is_blocked': False, 'comment_type': None, 'awarders': [], 'mod_reason_by': None, 'banned_by': None, 'author_flair_type': 'text', 'total_awards_received': 0, 'subreddit': 'AskPhysics', 'author_flair_template_id': None, 'likes': None, 'replies': '', 'user_reports': [], 'saved': False, 'id': 'l0wh3ap', 'banned_at_utc': None, 'mod_reason_title': None, 'gilded': 0, 'archived': False, 'collapsed_reason_code': None, 'no_follow': True, 'author': 'Ok_Nothing_678', 'can_mod_post': False, 'created_utc': 1713886106.0, 'send_replies': True, 'parent_id': 't1_l0wgui4', 'score': 2, 'author_fullname': 't2_4iizni9ml', 'removal_reason': None, 'approved_by': None, 'mod_note': None, 'all_awardings': [], 'body': 'Thank you!', 'edited': False, 'top_awarded_type': None, 'author_flair_css_class': None, 'name': 't1_l0wh3ap', 'is_submitter': True, 'downs': 0, 'author_flair_richtext': [], 'author_patreon_flair': False, 'body_html': '&lt;div class=""md""&gt;&lt;p&gt;Thank you!&lt;/p&gt;\n&lt;/div&gt;', 'gildings': {}, 'collapsed_reason': None, 'distinguished': None, 'associated_award': None, 'stickied': False, 'author_premium': False, 'can_gild': False, 'link_id': 't3_1cb76nc', 'unrepliable_reason': None, 'author_flair_text_color': None, 'score_hidden': False, 'permalink': '/r/AskPhysics/comments/1cb76nc/does_a_cannonball_being_launched_introduce_extra/l0wh3ap/', 'subreddit_type': 'public', 'locked': False, 'report_reasons': None, 'created': 1713886106.0, 'author_flair_text': None, 'treatment_tags': [], 'collapsed': False, 'subreddit_name_prefixed': 'r/AskPhysics', 'controversiality': 0, 'depth': 1, 'author_flair_background_color': None, 'collapsed_because_crowd_control': None, 'mod_reports': [], 'num_reports': None, 'ups': 2}}], 'before': None}}",,False,10,False,True,False,AskPhysics,t5_2sumo,r/AskPhysics,public,,0,[],,10,[],t1
data_1,[],,,False,,Boris740,,,[],,,,text,t2_4nll6,False,False,False,[],,,In which direction did the cannon fire?,"&lt;div class=""md""&gt;&lt;p&gt;In which direction did the cannon fire?&lt;/p&gt;
&lt;/div&gt;",False,False,False,,,,,0,1713885729.0,1713885729.0,0,,0,False,0,{},l0wg04w,False,,t3_1cb76nc,False,,,,[],t1_l0wg04w,True,,t3_1cb76nc,/r/AskPhysics/comments/1cb76nc/does_a_cannonball_being_launched_introduce_extra/l0wg04w/,,"{'kind': 'Listing', 'data': {'after': None, 'dist': None, 'modhash': None, 'geo_filter': '', 'children': [{'kind': 't1', 'data': {'subreddit_id': 't5_2sumo', 'approved_at_utc': None, 'author_is_blocked': False, 'comment_type': None, 'awarders': [], 'mod_reason_by': None, 'banned_by': None, 'author_flair_type': 'text', 'total_awards_received': 0, 'subreddit': 'AskPhysics', 'author_flair_template_id': None, 'likes': None, 'replies': '', 'user_reports': [], 'saved': False, 'id': 'l0wg4o9', 'banned_at_utc': None, 'mod_reason_title': None, 'gilded': 0, 'archived': False, 'collapsed_reason_code': None, 'no_follow': True, 'author': 'Ok_Nothing_678', 'can_mod_post': False, 'created_utc': 1713885774.0, 'send_replies': True, 'parent_id': 't1_l0wg04w', 'score': 3, 'author_fullname': 't2_4iizni9ml', 'removal_reason': None, 'approved_by': None, 'mod_note': None, 'all_awardings': [], 'body': 'Right sorry, in the direction of the motion', 'edited': False, 'top_awarded_type': None, 'author_flair_css_class': None, 'name': 't1_l0wg4o9', 'is_submitter': True, 'downs': 0, 'author_flair_richtext': [], 'author_patreon_flair': False, 'body_html': '&lt;div class=""md""&gt;&lt;p&gt;Right sorry, in the direction of the motion&lt;/p&gt;\n&lt;/div&gt;', 'gildings': {}, 'collapsed_reason': None, 'distinguished': None, 'associated_award': None, 'stickied': False, 'author_premium': False, 'can_gild': False, 'link_id': 't3_1cb76nc', 'unrepliable_reason': None, 'author_flair_text_color': None, 'score_hidden': False, 'permalink': '/r/AskPhysics/comments/1cb76nc/does_a_cannonball_being_launched_introduce_extra/l0wg4o9/', 'subreddit_type': 'public', 'locked': False, 'report_reasons': None, 'created': 1713885774.0, 'author_flair_text': None, 'treatment_tags': [], 'collapsed': False, 'subreddit_name_prefixed': 'r/AskPhysics', 'controversiality': 0, 'depth': 1, 'author_flair_background_color': None, 'collapsed_because_crowd_control': None, 'mod_reports': [], 'num_reports': None, 'ups': 3}}], 'before': None}}",,False,3,False,True,False,AskPhysics,t5_2sumo,r/AskPhysics,public,,0,[],,3,[],t1
data_2,[],,,False,,imsowitty,,,[],,,,text,t2_5uplf,False,False,False,[],,,"If you do the math, you will find that the total kinetic energy of the system increased after the cannon was fired.  This energy came from the cannon/gunpowder/etc.  But even with (or without) the addition of energy, momentum is always conserved in classical systems.  The physics problem (and solution) are about conservation of momentum, but your intuition seems to be about conservation of energy.","&lt;div class=""md""&gt;&lt;p&gt;If you do the math, you will find that the total kinetic energy of the system increased after the cannon was fired.  This energy came from the cannon/gunpowder/etc.  But even with (or without) the addition of energy, momentum is always conserved in classical systems.  The physics problem (and solution) are about conservation of momentum, but your intuition seems to be about conservation of energy.&lt;/p&gt;
&lt;/div&gt;",False,False,False,,,,,0,1713887542.0,1713887542.0,0,,0,False,0,{},l0wlcpj,False,,t3_1cb76nc,False,,,,[],t1_l0wlcpj,True,,t3_1cb76nc,/r/AskPhysics/comments/1cb76nc/does_a_cannonball_being_launched_introduce_extra/l0wlcpj/,,,,False,3,False,True,False,AskPhysics,t5_2sumo,r/AskPhysics,public,,0,[],,3,[],t1
