,all_awardings,approved_at_utc,approved_by,archived,associated_award,author,author_flair_background_color,author_flair_css_class,author_flair_richtext,author_flair_template_id,author_flair_text,author_flair_text_color,author_flair_type,author_fullname,author_is_blocked,author_patreon_flair,author_premium,awarders,banned_at_utc,banned_by,body,body_html,can_gild,can_mod_post,collapsed,collapsed_because_crowd_control,collapsed_reason,collapsed_reason_code,comment_type,controversiality,created,created_utc,depth,distinguished,downs,edited,gilded,gildings,id,is_submitter,likes,link_id,locked,mod_note,mod_reason_by,mod_reason_title,mod_reports,name,no_follow,num_reports,parent_id,permalink,removal_reason,replies,report_reasons,saved,score,score_hidden,send_replies,stickied,subreddit,subreddit_id,subreddit_name_prefixed,subreddit_type,top_awarded_type,total_awards_received,treatment_tags,unrepliable_reason,ups,user_reports,kind
data,[],,,False,,1strategist1,,,[],,,,text,t2_2r8ugb2,False,False,False,[],,,"What?

I don’t think anyone (who actually knows what they’re talking about) has ever proposed the existence of 5 or 11 dimensional beings (unless the extra dimensions are really small, making us *technically* but not really 11 dimensional)

But also, just no. You can’t generalize lower dimensional things to higher dimensional things without proof. You can’t have two connected sets that are not simply connected in 1D, but you can absolutely have connected sets that aren’t simply connected in 5D. ","&lt;div class=""md""&gt;&lt;p&gt;What?&lt;/p&gt;

&lt;p&gt;I don’t think anyone (who actually knows what they’re talking about) has ever proposed the existence of 5 or 11 dimensional beings (unless the extra dimensions are really small, making us &lt;em&gt;technically&lt;/em&gt; but not really 11 dimensional)&lt;/p&gt;

&lt;p&gt;But also, just no. You can’t generalize lower dimensional things to higher dimensional things without proof. You can’t have two connected sets that are not simply connected in 1D, but you can absolutely have connected sets that aren’t simply connected in 5D. &lt;/p&gt;
&lt;/div&gt;",False,False,False,,,,,0,1714072500.0,1714072500.0,0,,0,False,0,{},l18mlhy,False,,t3_1cczp9v,False,,,,[],t1_l18mlhy,True,,t3_1cczp9v,/r/AskPhysics/comments/1cczp9v/isnt_the_fact_that_there_are_no_two_dimensional/l18mlhy/,,,,False,12,False,True,False,AskPhysics,t5_2sumo,r/AskPhysics,public,,0,[],,12,[],t1
data_1,[],,,False,,The_Nerdy_Ninja,,,[],,,,text,t2_5hh2f2hw,False,False,False,[],,,"No? How would the one thing possibly be ""proof"" of the other?","&lt;div class=""md""&gt;&lt;p&gt;No? How would the one thing possibly be &amp;quot;proof&amp;quot; of the other?&lt;/p&gt;
&lt;/div&gt;",False,False,False,,,,,0,1714072838.0,1714072838.0,0,,0,False,0,{},l18nmfq,False,,t3_1cczp9v,False,,,,[],t1_l18nmfq,True,,t3_1cczp9v,/r/AskPhysics/comments/1cczp9v/isnt_the_fact_that_there_are_no_two_dimensional/l18nmfq/,,"{'kind': 'Listing', 'data': {'after': None, 'dist': None, 'modhash': None, 'geo_filter': '', 'children': [{'kind': 't1', 'data': {'total_awards_received': 0, 'approved_at_utc': None, 'author_is_blocked': False, 'comment_type': None, 'awarders': [], 'mod_reason_by': None, 'banned_by': None, 'ups': -10, 'removal_reason': None, 'link_id': 't3_1cczp9v', 'author_flair_template_id': None, 'likes': None, 'replies': {'kind': 'Listing', 'data': {'after': None, 'dist': None, 'modhash': None, 'geo_filter': '', 'children': [{'kind': 't1', 'data': {'subreddit_id': 't5_2sumo', 'approved_at_utc': None, 'author_is_blocked': False, 'comment_type': None, 'awarders': [], 'mod_reason_by': None, 'banned_by': None, 'author_flair_type': 'text', 'total_awards_received': 0, 'subreddit': 'AskPhysics', 'author_flair_template_id': None, 'likes': None, 'replies': {'kind': 'Listing', 'data': {'after': None, 'dist': None, 'modhash': None, 'geo_filter': '', 'children': [{'kind': 't1', 'data': {'total_awards_received': 0, 'approved_at_utc': None, 'author_is_blocked': False, 'comment_type': None, 'awarders': [], 'mod_reason_by': None, 'banned_by': None, 'ups': -9, 'removal_reason': None, 'link_id': 't3_1cczp9v', 'author_flair_template_id': None, 'likes': None, 'replies': {'kind': 'Listing', 'data': {'after': None, 'dist': None, 'modhash': None, 'geo_filter': '', 'children': [{'kind': 't1', 'data': {'subreddit_id': 't5_2sumo', 'approved_at_utc': None, 'author_is_blocked': False, 'comment_type': None, 'awarders': [], 'mod_reason_by': None, 'banned_by': None, 'author_flair_type': 'text', 'total_awards_received': 0, 'subreddit': 'AskPhysics', 'author_flair_template_id': None, 'distinguished': None, 'likes': None, 'replies': '', 'user_reports': [], 'saved': False, 'id': 'l18sxra', 'banned_at_utc': None, 'mod_reason_title': None, 'gilded': 0, 'archived': False, 'collapsed_reason_code': None, 'no_follow': True, 'author': 'The_Nerdy_Ninja', 'can_mod_post': False, 'send_replies': True, 'parent_id': 't1_l18qgxj', 'score': 3, 'author_fullname': 't2_5hh2f2hw', 'removal_reason': None, 'approved_by': None, 'mod_note': None, 'all_awardings': [], 'body': ""The fact that we haven't found something, by itself, means nothing. Maybe it doesn't exist, maybe we just haven't found it yet. If it did exist, how would we even find it? How would we perceive *any* 2D object, let alone a complex creature? You are making a bunch of huge assumptions, and then assuming that they are proofs because they seem sensible to you."", 'edited': False, 'author_flair_css_class': None, 'name': 't1_l18sxra', 'is_submitter': False, 'downs': 0, 'author_flair_richtext': [], 'author_patreon_flair': False, 'body_html': '&lt;div class=""md""&gt;&lt;p&gt;The fact that we haven&amp;#39;t found something, by itself, means nothing. Maybe it doesn&amp;#39;t exist, maybe we just haven&amp;#39;t found it yet. If it did exist, how would we even find it? How would we perceive &lt;em&gt;any&lt;/em&gt; 2D object, let alone a complex creature? You are making a bunch of huge assumptions, and then assuming that they are proofs because they seem sensible to you.&lt;/p&gt;\n&lt;/div&gt;', 'gildings': {}, 'collapsed_reason': None, 'link_id': 't3_1cczp9v', 'associated_award': None, 'stickied': False, 'author_premium': False, 'can_gild': False, 'top_awarded_type': None, 'unrepliable_reason': None, 'author_flair_text_color': None, 'treatment_tags': [], 'score_hidden': False, 'permalink': '/r/AskPhysics/comments/1cczp9v/isnt_the_fact_that_there_are_no_two_dimensional/l18sxra/', 'subreddit_type': 'public', 'locked': False, 'report_reasons': None, 'created': 1714074564.0, 'author_flair_text': None, 'collapsed': False, 'created_utc': 1714074564.0, 'subreddit_name_prefixed': 'r/AskPhysics', 'controversiality': 0, 'depth': 4, 'author_flair_background_color': None, 'collapsed_because_crowd_control': None, 'mod_reports': [], 'num_reports': None, 'ups': 3}}, {'kind': 't1', 'data': {'subreddit_id': 't5_2sumo', 'approved_at_utc': None, 'author_is_blocked': False, 'comment_type': None, 'awarders': [], 'mod_reason_by': None, 'banned_by': None, 'author_flair_type': 'text', 'total_awards_received': 0, 'subreddit': 'AskPhysics', 'author_flair_template_id': None, 'distinguished': None, 'likes': None, 'replies': '', 'user_reports': [], 'saved': False, 'id': 'l18ssxw', 'banned_at_utc': None, 'mod_reason_title': None, 'gilded': 0, 'archived': False, 'collapsed_reason_code': None, 'no_follow': True, 'author': 'Equal-Difference4520', 'can_mod_post': False, 'send_replies': True, 'parent_id': 't1_l18qgxj', 'score': 2, 'author_fullname': 't2_5qjt2muza', 'removal_reason': None, 'approved_by': None, 'mod_note': None, 'all_awardings': [], 'body': 'w/o a 3d dimension the digestive tract would cut the being into two parts.', 'edited': False, 'author_flair_css_class': None, 'name': 't1_l18ssxw', 'is_submitter': False, 'downs': 0, 'author_flair_richtext': [], 'author_patreon_flair': False, 'body_html': '&lt;div class=""md""&gt;&lt;p&gt;w/o a 3d dimension the digestive tract would cut the being into two parts.&lt;/p&gt;\n&lt;/div&gt;', 'gildings': {}, 'collapsed_reason': None, 'link_id': 't3_1cczp9v', 'associated_award': None, 'stickied': False, 'author_premium': False, 'can_gild': False, 'top_awarded_type': None, 'unrepliable_reason': None, 'author_flair_text_color': None, 'treatment_tags': [], 'score_hidden': False, 'permalink': '/r/AskPhysics/comments/1cczp9v/isnt_the_fact_that_there_are_no_two_dimensional/l18ssxw/', 'subreddit_type': 'public', 'locked': False, 'report_reasons': None, 'created': 1714074520.0, 'author_flair_text': None, 'collapsed': False, 'created_utc': 1714074520.0, 'subreddit_name_prefixed': 'r/AskPhysics', 'controversiality': 0, 'depth': 4, 'author_flair_background_color': None, 'collapsed_because_crowd_control': None, 'mod_reports': [], 'num_reports': None, 'ups': 2}}, {'kind': 't1', 'data': {'subreddit_id': 't5_2sumo', 'approved_at_utc': None, 'author_is_blocked': False, 'comment_type': None, 'awarders': [], 'mod_reason_by': None, 'banned_by': None, 'author_flair_type': 'text', 'total_awards_received': 0, 'subreddit': 'AskPhysics', 'author_flair_template_id': None, 'distinguished': None, 'likes': None, 'replies': '', 'user_reports': [], 'saved': False, 'id': 'l1928fl', 'banned_at_utc': None, 'mod_reason_title': None, 'gilded': 0, 'archived': False, 'collapsed_reason_code': None, 'no_follow': True, 'author': 'CowsCatsCannabis', 'can_mod_post': False, 'send_replies': True, 'parent_id': 't1_l18qgxj', 'score': 1, 'author_fullname': 't2_p78b0p000', 'removal_reason': None, 'approved_by': None, 'mod_note': None, 'all_awardings': [], 'body': 'You can’t read.', 'edited': False, 'author_flair_css_class': None, 'name': 't1_l1928fl', 'is_submitter': False, 'downs': 0, 'author_flair_richtext': [], 'author_patreon_flair': False, 'body_html': '&lt;div class=""md""&gt;&lt;p&gt;You can’t read.&lt;/p&gt;\n&lt;/div&gt;', 'gildings': {}, 'collapsed_reason': None, 'link_id': 't3_1cczp9v', 'associated_award': None, 'stickied': False, 'author_premium': False, 'can_gild': False, 'top_awarded_type': None, 'unrepliable_reason': None, 'author_flair_text_color': None, 'treatment_tags': [], 'score_hidden': False, 'permalink': '/r/AskPhysics/comments/1cczp9v/isnt_the_fact_that_there_are_no_two_dimensional/l1928fl/', 'subreddit_type': 'public', 'locked': False, 'report_reasons': None, 'created': 1714077630.0, 'author_flair_text': None, 'collapsed': False, 'created_utc': 1714077630.0, 'subreddit_name_prefixed': 'r/AskPhysics', 'controversiality': 0, 'depth': 4, 'author_flair_background_color': None, 'collapsed_because_crowd_control': None, 'mod_reports': [], 'num_reports': None, 'ups': 1}}], 'before': None}}, 'user_reports': [], 'saved': False, 'id': 'l18qgxj', 'banned_at_utc': None, 'mod_reason_title': None, 'gilded': 0, 'archived': False, 'collapsed_reason_code': 'LOW_SCORE', 'no_follow': True, 'author': '[deleted]', 'can_mod_post': False, 'send_replies': True, 'parent_id': 't1_l18poxp', 'score': -9, 'approved_by': None, 'report_reasons': None, 'all_awardings': [], 'subreddit_id': 't5_2sumo', 'body': '[removed]', 'edited': False, 'downs': 0, 'author_flair_css_class': None, 'collapsed': True, 'is_submitter': False, 'body_html': '&lt;div class=""md""&gt;&lt;p&gt;[removed]&lt;/p&gt;\n&lt;/div&gt;', 'gildings': {}, 'collapsed_reason': 'comment score below threshold', 'associated_award': None, 'stickied': False, 'subreddit_type': 'public', 'can_gild': False, 'top_awarded_type': None, 'unrepliable_reason': None, 'author_flair_text_color': 'dark', 'score_hidden': False, 'permalink': '/r/AskPhysics/comments/1cczp9v/isnt_the_fact_that_there_are_no_two_dimensional/l18qgxj/', 'num_reports': None, 'locked': False, 'name': 't1_l18qgxj', 'created': 1714073763.0, 'subreddit': 'AskPhysics', 'author_flair_text': None, 'treatment_tags': [], 'created_utc': 1714073763.0, 'subreddit_name_prefixed': 'r/AskPhysics', 'controversiality': 0, 'depth': 3, 'author_flair_background_color': '', 'collapsed_because_crowd_control': None, 'mod_reports': [], 'mod_note': None, 'distinguished': None}}], 'before': None}}, 'user_reports': [], 'saved': False, 'id': 'l18poxp', 'banned_at_utc': None, 'mod_reason_title': None, 'gilded': 0, 'archived': False, 'collapsed_reason_code': None, 'no_follow': True, 'author': 'The_Nerdy_Ninja', 'can_mod_post': False, 'send_replies': True, 'parent_id': 't1_l18oqoq', 'score': 7, 'author_fullname': 't2_5hh2f2hw', 'removal_reason': None, 'approved_by': None, 'mod_note': None, 'all_awardings': [], 'body': ""&gt;If beings of a higher dimension existed, shouldn't we also be beings of a higher dimension to something else?\n\nWhy? You seem to be confused about how logically proving something works. We don't have any evidence suggesting that higher- or lower-dimensional creatures exist, but even if they did, the presence or absence of one would not prove or disprove the existence of the other."", 'edited': False, 'top_awarded_type': None, 'downs': 0, 'author_flair_css_class': None, 'name': 't1_l18poxp', 'is_submitter': False, 'collapsed': False, 'author_flair_richtext': [], 'author_patreon_flair': False, 'body_html': '&lt;div class=""md""&gt;&lt;blockquote&gt;\n&lt;p&gt;If beings of a higher dimension existed, shouldn&amp;#39;t we also be beings of a higher dimension to something else?&lt;/p&gt;\n&lt;/blockquote&gt;\n\n&lt;p&gt;Why? You seem to be confused about how logically proving something works. We don&amp;#39;t have any evidence suggesting that higher- or lower-dimensional creatures exist, but even if they did, the presence or absence of one would not prove or disprove the existence of the other.&lt;/p&gt;\n&lt;/div&gt;', 'gildings': {}, 'collapsed_reason': None, 'distinguished': None, 'associated_award': None, 'stickied': False, 'author_premium': False, 'can_gild': False, 'link_id': 't3_1cczp9v', 'unrepliable_reason': None, 'author_flair_text_color': None, 'score_hidden': False, 'permalink': '/r/AskPhysics/comments/1cczp9v/isnt_the_fact_that_there_are_no_two_dimensional/l18poxp/', 'subreddit_type': 'public', 'locked': False, 'report_reasons': None, 'created': 1714073511.0, 'author_flair_text': None, 'treatment_tags': [], 'created_utc': 1714073511.0, 'subreddit_name_prefixed': 'r/AskPhysics', 'controversiality': 0, 'depth': 2, 'author_flair_background_color': None, 'collapsed_because_crowd_control': None, 'mod_reports': [], 'num_reports': None, 'ups': 7}}], 'before': None}}, 'user_reports': [], 'saved': False, 'id': 'l18oqoq', 'banned_at_utc': None, 'mod_reason_title': None, 'gilded': 0, 'archived': False, 'collapsed_reason_code': 'LOW_SCORE', 'no_follow': True, 'author': '[deleted]', 'can_mod_post': False, 'send_replies': True, 'parent_id': 't1_l18nmfq', 'score': -10, 'approved_by': None, 'report_reasons': None, 'all_awardings': [], 'subreddit_id': 't5_2sumo', 'body': '[removed]', 'edited': False, 'author_flair_css_class': None, 'collapsed': True, 'downs': 0, 'is_submitter': False, 'body_html': '&lt;div class=""md""&gt;&lt;p&gt;[removed]&lt;/p&gt;\n&lt;/div&gt;', 'gildings': {}, 'collapsed_reason': 'comment score below threshold', 'associated_award': None, 'stickied': False, 'subreddit_type': 'public', 'can_gild': False, 'top_awarded_type': None, 'unrepliable_reason': None, 'author_flair_text_color': 'dark', 'score_hidden': False, 'permalink': '/r/AskPhysics/comments/1cczp9v/isnt_the_fact_that_there_are_no_two_dimensional/l18oqoq/', 'num_reports': None, 'locked': False, 'name': 't1_l18oqoq', 'created': 1714073203.0, 'subreddit': 'AskPhysics', 'author_flair_text': None, 'treatment_tags': [], 'created_utc': 1714073203.0, 'subreddit_name_prefixed': 'r/AskPhysics', 'controversiality': 0, 'depth': 1, 'author_flair_background_color': '', 'collapsed_because_crowd_control': None, 'mod_reports': [], 'mod_note': None, 'distinguished': None}}], 'before': None}}",,False,5,False,True,False,AskPhysics,t5_2sumo,r/AskPhysics,public,,0,[],,5,[],t1
data_2,[],,,False,,Speak-My-Mind,,,[],,,,text,t2_jiwi6r8u,False,False,False,[],,,Does the fact that there is no life smaller than bacteria prove that there is no life bigger than bacteria?,"&lt;div class=""md""&gt;&lt;p&gt;Does the fact that there is no life smaller than bacteria prove that there is no life bigger than bacteria?&lt;/p&gt;
&lt;/div&gt;",False,False,False,,,,,0,1714074488.0,1714074488.0,0,,0,False,0,{},l18spfg,False,,t3_1cczp9v,False,,,,[],t1_l18spfg,True,,t3_1cczp9v,/r/AskPhysics/comments/1cczp9v/isnt_the_fact_that_there_are_no_two_dimensional/l18spfg/,,,,False,5,False,True,False,AskPhysics,t5_2sumo,r/AskPhysics,public,,0,[],,5,[],t1
data_3,[],,,False,,DovahChris89,,,[],,,,text,t2_5sdff6hs,False,False,False,[],,,Wait...you guys are made of 3 dimensions?,"&lt;div class=""md""&gt;&lt;p&gt;Wait...you guys are made of 3 dimensions?&lt;/p&gt;
&lt;/div&gt;",False,False,False,,,,,0,1714074205.0,1714074205.0,0,,0,False,0,{},l18rug2,False,,t3_1cczp9v,False,,,,[],t1_l18rug2,True,,t3_1cczp9v,/r/AskPhysics/comments/1cczp9v/isnt_the_fact_that_there_are_no_two_dimensional/l18rug2/,,"{'kind': 'Listing', 'data': {'after': None, 'dist': None, 'modhash': None, 'geo_filter': '', 'children': [{'kind': 't1', 'data': {'subreddit_id': 't5_2sumo', 'approved_at_utc': None, 'author_is_blocked': False, 'comment_type': None, 'awarders': [], 'mod_reason_by': None, 'banned_by': None, 'author_flair_type': 'text', 'total_awards_received': 0, 'subreddit': 'AskPhysics', 'author_flair_template_id': '7ba8ac48-c6b2-11e4-9b49-22000b698517', 'likes': None, 'replies': '', 'user_reports': [], 'saved': False, 'id': 'l18uqhf', 'banned_at_utc': None, 'mod_reason_title': None, 'gilded': 0, 'archived': False, 'collapsed_reason_code': None, 'no_follow': True, 'author': 'whatisausername32', 'can_mod_post': False, 'created_utc': 1714075151.0, 'send_replies': True, 'parent_id': 't1_l18rug2', 'score': 2, 'author_fullname': 't2_4r8a2fcn', 'removal_reason': None, 'approved_by': None, 'mod_note': None, 'all_awardings': [], 'body': 'Normally, but come holidays when that giant turkey or ham comes out, I eat so much I end up being 4d for a while. That is until I run to the restroom...', 'edited': False, 'top_awarded_type': None, 'author_flair_css_class': 'pf', 'name': 't1_l18uqhf', 'is_submitter': False, 'downs': 0, 'author_flair_richtext': [], 'author_patreon_flair': False, 'body_html': '&lt;div class=""md""&gt;&lt;p&gt;Normally, but come holidays when that giant turkey or ham comes out, I eat so much I end up being 4d for a while. That is until I run to the restroom...&lt;/p&gt;\n&lt;/div&gt;', 'gildings': {}, 'collapsed_reason': None, 'distinguished': None, 'associated_award': None, 'stickied': False, 'author_premium': False, 'can_gild': False, 'link_id': 't3_1cczp9v', 'unrepliable_reason': None, 'author_flair_text_color': 'dark', 'score_hidden': False, 'permalink': '/r/AskPhysics/comments/1cczp9v/isnt_the_fact_that_there_are_no_two_dimensional/l18uqhf/', 'subreddit_type': 'public', 'locked': False, 'report_reasons': None, 'created': 1714075151.0, 'author_flair_text': 'Particle physics', 'treatment_tags': [], 'collapsed': False, 'subreddit_name_prefixed': 'r/AskPhysics', 'controversiality': 0, 'depth': 1, 'author_flair_background_color': None, 'collapsed_because_crowd_control': None, 'mod_reports': [], 'num_reports': None, 'ups': 2}}], 'before': None}}",,False,5,False,True,False,AskPhysics,t5_2sumo,r/AskPhysics,public,,0,[],,5,[],t1
data_4,[],,,False,,NotAnAIOrAmI,,,[],,,,text,t2_cn8qu291s,False,False,False,[],,,"wtf? lol, no.","&lt;div class=""md""&gt;&lt;p&gt;wtf? lol, no.&lt;/p&gt;
&lt;/div&gt;",False,False,False,,,,,0,1714074010.0,1714074010.0,0,,0,False,0,{},l18r8me,False,,t3_1cczp9v,False,,,,[],t1_l18r8me,True,,t3_1cczp9v,/r/AskPhysics/comments/1cczp9v/isnt_the_fact_that_there_are_no_two_dimensional/l18r8me/,,,,False,3,False,True,False,AskPhysics,t5_2sumo,r/AskPhysics,public,,0,[],,3,[],t1
data_5,[],,,False,,jrbobdobbs333,,,[],,,,text,t2_50usqu0b,False,False,False,[],,,Fact?,"&lt;div class=""md""&gt;&lt;p&gt;Fact?&lt;/p&gt;
&lt;/div&gt;",False,False,False,,,,,0,1714073918.0,1714073918.0,0,,0,False,0,{},l18qyc6,False,,t3_1cczp9v,False,,,,[],t1_l18qyc6,True,,t3_1cczp9v,/r/AskPhysics/comments/1cczp9v/isnt_the_fact_that_there_are_no_two_dimensional/l18qyc6/,,,,False,2,False,True,False,AskPhysics,t5_2sumo,r/AskPhysics,public,,0,[],,2,[],t1
data_6,[],,,False,,Common-Value-9055,,,[],,,,text,t2_w9034dwzw,False,False,False,[],,,Dots are one dimensional and line is two dimensional hence the universe has 11 dimensions. Sounds like something an enlightenment philosopher would say. (Not this).,"&lt;div class=""md""&gt;&lt;p&gt;Dots are one dimensional and line is two dimensional hence the universe has 11 dimensions. Sounds like something an enlightenment philosopher would say. (Not this).&lt;/p&gt;
&lt;/div&gt;",False,False,False,,,,,0,1714074077.0,1714074077.0,0,,0,1714076333.0,0,{},l18rg0h,False,,t3_1cczp9v,False,,,,[],t1_l18rg0h,True,,t3_1cczp9v,/r/AskPhysics/comments/1cczp9v/isnt_the_fact_that_there_are_no_two_dimensional/l18rg0h/,,,,False,1,False,True,False,AskPhysics,t5_2sumo,r/AskPhysics,public,,0,[],,1,[],t1
data_7,[],,,False,,aimendezl,,,[],,,,text,t2_ged7qt3z,False,False,False,[],,,"For all that matter and all we know, fundamental particles are described as point-like, so you might say we do have 1d things. 

Still doesn't prove anything about higher dimensions","&lt;div class=""md""&gt;&lt;p&gt;For all that matter and all we know, fundamental particles are described as point-like, so you might say we do have 1d things. &lt;/p&gt;

&lt;p&gt;Still doesn&amp;#39;t prove anything about higher dimensions&lt;/p&gt;
&lt;/div&gt;",False,False,False,,,,,0,1714074278.0,1714074278.0,0,,0,False,0,{},l18s2gj,False,,t3_1cczp9v,False,,,,[],t1_l18s2gj,True,,t3_1cczp9v,/r/AskPhysics/comments/1cczp9v/isnt_the_fact_that_there_are_no_two_dimensional/l18s2gj/,,,,False,1,False,True,False,AskPhysics,t5_2sumo,r/AskPhysics,public,,0,[],,1,[],t1
data_8,[],,,False,,Kraz_I,,other,[],95dad5a0-c6b2-11e4-b741-22000b6e00bb,Engineering,dark,text,t2_d9g6t,False,False,False,[],,,"Higher dimensions probably don’t exist, and if they do, we can’t really observe them. This isn’t a question that a physicist can answer. You could maybe discuss it with a mathematician, but really you want to talk to a science fiction author.","&lt;div class=""md""&gt;&lt;p&gt;Higher dimensions probably don’t exist, and if they do, we can’t really observe them. This isn’t a question that a physicist can answer. You could maybe discuss it with a mathematician, but really you want to talk to a science fiction author.&lt;/p&gt;
&lt;/div&gt;",False,False,False,,,,,0,1714075764.0,1714075764.0,0,,0,False,0,{},l18wl1j,False,,t3_1cczp9v,False,,,,[],t1_l18wl1j,True,,t3_1cczp9v,/r/AskPhysics/comments/1cczp9v/isnt_the_fact_that_there_are_no_two_dimensional/l18wl1j/,,,,False,1,False,True,False,AskPhysics,t5_2sumo,r/AskPhysics,public,,0,[],,1,[],t1
data_9,[],,,False,,International_Cry_23,,other,[],94a9f77e-c6b2-11e4-a3b7-22000b2a8bad,Computer science,dark,text,t2_7zb2y7oe,False,False,False,[],,,"There’s no proof that any of them exist, but the answer to your question is no. Situation where only creatures with 3 or 4 dimensions exist is logically possible.","&lt;div class=""md""&gt;&lt;p&gt;There’s no proof that any of them exist, but the answer to your question is no. Situation where only creatures with 3 or 4 dimensions exist is logically possible.&lt;/p&gt;
&lt;/div&gt;",False,False,False,,,,,0,1714076090.0,1714076090.0,0,,0,False,0,{},l18xkso,False,,t3_1cczp9v,False,,,,[],t1_l18xkso,True,,t3_1cczp9v,/r/AskPhysics/comments/1cczp9v/isnt_the_fact_that_there_are_no_two_dimensional/l18xkso/,,,,False,1,False,True,False,AskPhysics,t5_2sumo,r/AskPhysics,public,,0,[],,1,[],t1
data_10,[],,,False,,MarinatedPickachu,,,[],,,,text,t2_bwdb8qqfj,False,False,False,[],,,"Since when is it a fact that there are no two dimensional beings? The non-existence of something is never a fact.

We know of 2-dimensional particles (anyons). Just because we don't know of any 2 dimensional beings doesn't mean it's impossible that there could be 2 dimensional processes complex enough to even form consciousness of some form.","&lt;div class=""md""&gt;&lt;p&gt;Since when is it a fact that there are no two dimensional beings? The non-existence of something is never a fact.&lt;/p&gt;

&lt;p&gt;We know of 2-dimensional particles (anyons). Just because we don&amp;#39;t know of any 2 dimensional beings doesn&amp;#39;t mean it&amp;#39;s impossible that there could be 2 dimensional processes complex enough to even form consciousness of some form.&lt;/p&gt;
&lt;/div&gt;",False,False,False,,,,,0,1714077446.0,1714077446.0,0,,0,1714077684.0,0,{},l191owk,False,,t3_1cczp9v,False,,,,[],t1_l191owk,True,,t3_1cczp9v,/r/AskPhysics/comments/1cczp9v/isnt_the_fact_that_there_are_no_two_dimensional/l191owk/,,,,False,0,False,True,False,AskPhysics,t5_2sumo,r/AskPhysics,public,,0,[],,0,[],t1
data_11,[],,,False,,Existing_Hunt_7169,,pf,[],7ba8ac48-c6b2-11e4-9b49-22000b698517,Particle physics,dark,text,t2_7ys3d5n2,False,False,False,[],,,"please, define for me a ‘dimension’, and then define ‘higher dimensional being’","&lt;div class=""md""&gt;&lt;p&gt;please, define for me a ‘dimension’, and then define ‘higher dimensional being’&lt;/p&gt;
&lt;/div&gt;",False,False,False,,,,,0,1714077898.0,1714077898.0,0,,0,False,0,{},l193155,False,,t3_1cczp9v,False,,,,[],t1_l193155,True,,t3_1cczp9v,/r/AskPhysics/comments/1cczp9v/isnt_the_fact_that_there_are_no_two_dimensional/l193155/,,,,False,1,False,True,False,AskPhysics,t5_2sumo,r/AskPhysics,public,,0,[],,1,[],t1
data_12,[],,,False,,dukuel,,,[],,,,text,t2_16cakx,False,False,False,[],,,"Actually as scientists, we can't even proof there is no two dimensional beings or one dimension beings. 

We can say, we had find none so far.

The real fact is we hadn't found, not that they doesnt exist.","&lt;div class=""md""&gt;&lt;p&gt;Actually as scientists, we can&amp;#39;t even proof there is no two dimensional beings or one dimension beings. &lt;/p&gt;

&lt;p&gt;We can say, we had find none so far.&lt;/p&gt;

&lt;p&gt;The real fact is we hadn&amp;#39;t found, not that they doesnt exist.&lt;/p&gt;
&lt;/div&gt;",False,False,False,,,,,0,1714080141.0,1714080141.0,0,,0,False,0,{},l199k3v,False,,t3_1cczp9v,False,,,,[],t1_l199k3v,True,,t3_1cczp9v,/r/AskPhysics/comments/1cczp9v/isnt_the_fact_that_there_are_no_two_dimensional/l199k3v/,,,,False,1,False,True,False,AskPhysics,t5_2sumo,r/AskPhysics,public,,0,[],,1,[],t1
