,all_awardings,approved_at_utc,approved_by,archived,associated_award,author,author_flair_background_color,author_flair_css_class,author_flair_richtext,author_flair_template_id,author_flair_text,author_flair_text_color,author_flair_type,author_fullname,author_is_blocked,author_patreon_flair,author_premium,awarders,banned_at_utc,banned_by,body,body_html,can_gild,can_mod_post,collapsed,collapsed_because_crowd_control,collapsed_reason,collapsed_reason_code,comment_type,controversiality,created,created_utc,depth,distinguished,downs,edited,gilded,gildings,id,is_submitter,likes,link_id,locked,mod_note,mod_reason_by,mod_reason_title,mod_reports,name,no_follow,num_reports,parent_id,permalink,removal_reason,replies,report_reasons,saved,score,score_hidden,send_replies,stickied,subreddit,subreddit_id,subreddit_name_prefixed,subreddit_type,top_awarded_type,total_awards_received,treatment_tags,unrepliable_reason,ups,user_reports,kind
data,[],,,False,,LiquidCoal,,,[],,,,text,t2_12kths3r,False,False,False,[],,,"&gt;none of them go beyond the equations in Minkowski spacetime

It is pretty straightforward.

*F&amp;mu;&amp;nu;* = -*F&amp;nu;&amp;mu;*. That is, it is a differential 2-form.

&amp;nabla;*&amp;alpha;* *F&amp;beta;&amp;gamma;* + &amp;nabla;*&amp;beta;* *F&amp;gamma;&amp;alpha;* + &amp;nabla;*&amp;gamma;* *F&amp;alpha;&amp;beta;* = &amp;part;*&amp;alpha;* *F&amp;beta;&amp;gamma;* + &amp;part;*&amp;beta;* *F&amp;gamma;&amp;alpha;* + &amp;part;*&amp;gamma;* *F&amp;alpha;&amp;beta;* = 0.  
The Christoffel terms end up canceling out in the above equation because it is essentially an exterior derivative of the 2-form *F&amp;mu;&amp;nu;*. The equation tell us that it is a closed 2-form, allowing it to be expressed in local patches as *F&amp;mu;&amp;nu;* = &amp;nabla;*&amp;mu;* *A&amp;nu;* - &amp;nabla;*&amp;nu;* *A&amp;mu;* = &amp;part;*&amp;mu;* *A&amp;nu;* - &amp;part;*&amp;nu;* *A&amp;mu;*, where the Christoffel terms cancel because it is essentially an exterior derivative of the 4-potential.

The next equation is &amp;nabla;*&amp;nu;* *F*^(&amp;mu;&amp;nu;) = *&amp;mu;*&amp;#x2080; *J^(&amp;mu;)*, for which the Christoffel terms do not cancel.

The Lagrangian for the electromagnetic field (not including coupling terms with matter) is the usual -1/4*&amp;mu;*&amp;#x2080; *F^(&amp;mu;&amp;nu;)F&amp;mu;&amp;nu;* as in special relativity, where *F&amp;mu;&amp;nu;* is defined in terms of *A&amp;mu;* as far as variation is concerned. Also, there is the usual general relativistic implicit &amp;radic;-*g* factor present in the Lagrangian due to the volume element.","&lt;div class=""md""&gt;&lt;blockquote&gt;
&lt;p&gt;none of them go beyond the equations in Minkowski spacetime&lt;/p&gt;
&lt;/blockquote&gt;

&lt;p&gt;It is pretty straightforward.&lt;/p&gt;

&lt;p&gt;&lt;em&gt;F&amp;mu;&amp;nu;&lt;/em&gt; = -&lt;em&gt;F&amp;nu;&amp;mu;&lt;/em&gt;. That is, it is a differential 2-form.&lt;/p&gt;

&lt;p&gt;&amp;nabla;&lt;em&gt;&amp;alpha;&lt;/em&gt; &lt;em&gt;F&amp;beta;&amp;gamma;&lt;/em&gt; + &amp;nabla;&lt;em&gt;&amp;beta;&lt;/em&gt; &lt;em&gt;F&amp;gamma;&amp;alpha;&lt;/em&gt; + &amp;nabla;&lt;em&gt;&amp;gamma;&lt;/em&gt; &lt;em&gt;F&amp;alpha;&amp;beta;&lt;/em&gt; = &amp;part;&lt;em&gt;&amp;alpha;&lt;/em&gt; &lt;em&gt;F&amp;beta;&amp;gamma;&lt;/em&gt; + &amp;part;&lt;em&gt;&amp;beta;&lt;/em&gt; &lt;em&gt;F&amp;gamma;&amp;alpha;&lt;/em&gt; + &amp;part;&lt;em&gt;&amp;gamma;&lt;/em&gt; &lt;em&gt;F&amp;alpha;&amp;beta;&lt;/em&gt; = 0.&lt;br/&gt;
The Christoffel terms end up canceling out in the above equation because it is essentially an exterior derivative of the 2-form &lt;em&gt;F&amp;mu;&amp;nu;&lt;/em&gt;. The equation tell us that it is a closed 2-form, allowing it to be expressed in local patches as &lt;em&gt;F&amp;mu;&amp;nu;&lt;/em&gt; = &amp;nabla;&lt;em&gt;&amp;mu;&lt;/em&gt; &lt;em&gt;A&amp;nu;&lt;/em&gt; - &amp;nabla;&lt;em&gt;&amp;nu;&lt;/em&gt; &lt;em&gt;A&amp;mu;&lt;/em&gt; = &amp;part;&lt;em&gt;&amp;mu;&lt;/em&gt; &lt;em&gt;A&amp;nu;&lt;/em&gt; - &amp;part;&lt;em&gt;&amp;nu;&lt;/em&gt; &lt;em&gt;A&amp;mu;&lt;/em&gt;, where the Christoffel terms cancel because it is essentially an exterior derivative of the 4-potential.&lt;/p&gt;

&lt;p&gt;The next equation is &amp;nabla;&lt;em&gt;&amp;nu;&lt;/em&gt; &lt;em&gt;F&lt;/em&gt;&lt;sup&gt;&amp;mu;&amp;nu;&lt;/sup&gt; = &lt;em&gt;&amp;mu;&lt;/em&gt;&amp;#x2080; &lt;em&gt;J&lt;sup&gt;&amp;mu;&lt;/sup&gt;&lt;/em&gt;, for which the Christoffel terms do not cancel.&lt;/p&gt;

&lt;p&gt;The Lagrangian for the electromagnetic field (not including coupling terms with matter) is the usual -1/4&lt;em&gt;&amp;mu;&lt;/em&gt;&amp;#x2080; &lt;em&gt;F&lt;sup&gt;&amp;mu;&amp;nu;&lt;/sup&gt;F&amp;mu;&amp;nu;&lt;/em&gt; as in special relativity, where &lt;em&gt;F&amp;mu;&amp;nu;&lt;/em&gt; is defined in terms of &lt;em&gt;A&amp;mu;&lt;/em&gt; as far as variation is concerned. Also, there is the usual general relativistic implicit &amp;radic;-&lt;em&gt;g&lt;/em&gt; factor present in the Lagrangian due to the volume element.&lt;/p&gt;
&lt;/div&gt;",False,False,False,,,,,0,1713947502.0,1713947502.0,0,,0,1713983881.0,0,{},l10mawz,False,,t3_1cbphww,False,,,,[],t1_l10mawz,True,,t3_1cbphww,/r/AskPhysics/comments/1cbphww/where_can_i_learn_more_about_maxwells_equations/l10mawz/,,"{'kind': 'Listing', 'data': {'after': None, 'dist': None, 'modhash': None, 'geo_filter': '', 'children': [{'kind': 't1', 'data': {'subreddit_id': 't5_2sumo', 'approved_at_utc': None, 'author_is_blocked': False, 'comment_type': None, 'awarders': [], 'mod_reason_by': None, 'banned_by': None, 'author_flair_type': 'text', 'total_awards_received': 0, 'subreddit': 'AskPhysics', 'author_flair_template_id': '997e5baa-c6b2-11e4-8b92-22000b2a8bad', 'likes': None, 'replies': '', 'user_reports': [], 'saved': False, 'id': 'l12d3u1', 'banned_at_utc': None, 'mod_reason_title': None, 'gilded': 0, 'archived': False, 'collapsed_reason_code': None, 'no_follow': True, 'author': 'GreatHeavySoulArrow', 'can_mod_post': False, 'created_utc': 1713976008.0, 'send_replies': True, 'parent_id': 't1_l10mawz', 'score': 1, 'author_fullname': 't2_ion76zl7u', 'removal_reason': None, 'approved_by': None, 'mod_note': None, 'all_awardings': [], 'body': 'Thanks for the answer! I really need to learn Lagrangian mechanics, quite a big oversight', 'edited': False, 'top_awarded_type': None, 'author_flair_css_class': 'misc', 'name': 't1_l12d3u1', 'is_submitter': True, 'downs': 0, 'author_flair_richtext': [], 'author_patreon_flair': False, 'body_html': '&lt;div class=""md""&gt;&lt;p&gt;Thanks for the answer! I really need to learn Lagrangian mechanics, quite a big oversight&lt;/p&gt;\n&lt;/div&gt;', 'gildings': {}, 'collapsed_reason': None, 'distinguished': None, 'associated_award': None, 'stickied': False, 'author_premium': False, 'can_gild': False, 'link_id': 't3_1cbphww', 'unrepliable_reason': None, 'author_flair_text_color': 'dark', 'score_hidden': False, 'permalink': '/r/AskPhysics/comments/1cbphww/where_can_i_learn_more_about_maxwells_equations/l12d3u1/', 'subreddit_type': 'public', 'locked': False, 'report_reasons': None, 'created': 1713976008.0, 'author_flair_text': 'Undergraduate', 'treatment_tags': [], 'collapsed': False, 'subreddit_name_prefixed': 'r/AskPhysics', 'controversiality': 0, 'depth': 1, 'author_flair_background_color': None, 'collapsed_because_crowd_control': None, 'mod_reports': [], 'num_reports': None, 'ups': 1}}], 'before': None}}",,False,3,False,True,False,AskPhysics,t5_2sumo,r/AskPhysics,public,,0,[],,3,[],t1
data_1,[],,,False,,Infinite-Choice9756,,,[],,,,text,t2_wqli1mqfg,False,False,False,[],,,"You might appreciate [Wald's general relativity textbook](https://a.co/d/fL3LUea). It has a great combination of clarity, rigor, and intuition. Better than Schutz or Misner, Thorne, and Wheeler, IMHO.","&lt;div class=""md""&gt;&lt;p&gt;You might appreciate &lt;a href=""https://a.co/d/fL3LUea""&gt;Wald&amp;#39;s general relativity textbook&lt;/a&gt;. It has a great combination of clarity, rigor, and intuition. Better than Schutz or Misner, Thorne, and Wheeler, IMHO.&lt;/p&gt;
&lt;/div&gt;",False,False,False,,,,,0,1713959746.0,1713959746.0,0,,0,False,0,{},l115h8s,False,,t3_1cbphww,False,,,,[],t1_l115h8s,True,,t3_1cbphww,/r/AskPhysics/comments/1cbphww/where_can_i_learn_more_about_maxwells_equations/l115h8s/,,,,False,1,False,True,False,AskPhysics,t5_2sumo,r/AskPhysics,public,,0,[],,1,[],t1
data_2,[],,,False,,the_poope,,mat,[],7f4501c6-c6b2-11e4-bd93-22000b6d02ed,Condensed matter physics,dark,text,t2_5vyjfd,False,False,False,[],,,It sounds like you're more interested in the math than physics. I'm sure if you ask over at r/mathematics or r/askmath they can suggest books on field theory from a more formal mathematical point.,"&lt;div class=""md""&gt;&lt;p&gt;It sounds like you&amp;#39;re more interested in the math than physics. I&amp;#39;m sure if you ask over at &lt;a href=""/r/mathematics""&gt;r/mathematics&lt;/a&gt; or &lt;a href=""/r/askmath""&gt;r/askmath&lt;/a&gt; they can suggest books on field theory from a more formal mathematical point.&lt;/p&gt;
&lt;/div&gt;",False,False,False,,,,,0,1713938982.0,1713938982.0,0,,0,False,0,{},l10al1c,False,,t3_1cbphww,False,,,,[],t1_l10al1c,True,,t3_1cbphww,/r/AskPhysics/comments/1cbphww/where_can_i_learn_more_about_maxwells_equations/l10al1c/,,,,False,-1,False,True,False,AskPhysics,t5_2sumo,r/AskPhysics,public,,0,[],,-1,[],t1
