,all_awardings,approved_at_utc,approved_by,archived,associated_award,author,author_flair_background_color,author_flair_css_class,author_flair_richtext,author_flair_template_id,author_flair_text,author_flair_text_color,author_flair_type,author_fullname,author_is_blocked,author_patreon_flair,author_premium,awarders,banned_at_utc,banned_by,body,body_html,can_gild,can_mod_post,collapsed,collapsed_because_crowd_control,collapsed_reason,collapsed_reason_code,comment_type,controversiality,created,created_utc,depth,distinguished,downs,edited,gilded,gildings,id,is_submitter,likes,link_id,locked,mod_note,mod_reason_by,mod_reason_title,mod_reports,name,no_follow,num_reports,parent_id,permalink,removal_reason,replies,report_reasons,saved,score,score_hidden,send_replies,stickied,subreddit,subreddit_id,subreddit_name_prefixed,subreddit_type,top_awarded_type,total_awards_received,treatment_tags,unrepliable_reason,ups,user_reports,kind
data,[],,,False,,mikk0384,,misc,[],9bcf4428-c6b2-11e4-b2ab-22000b2b8b92,Physics enthusiast,dark,text,t2_c5q70,False,False,False,[],,,"Joules are hard to use, because a lower force applied over a longer distance will result in the same energy being transferred, but it would do less damage.","&lt;div class=""md""&gt;&lt;p&gt;Joules are hard to use, because a lower force applied over a longer distance will result in the same energy being transferred, but it would do less damage.&lt;/p&gt;
&lt;/div&gt;",False,False,False,,,,,0,1713968987.0,1713968987.0,0,,0,False,0,{},l11sf4z,False,,t3_1cbz8ht,False,,,,[],t1_l11sf4z,True,,t3_1cbz8ht,/r/AskPhysics/comments/1cbz8ht/measuring_the_impact_of_a_punch_which_unit_is/l11sf4z/,,,,False,1,False,True,False,AskPhysics,t5_2sumo,r/AskPhysics,public,,0,[],,1,[],t1
data_1,[],,,False,,Irrasible,,other,[],95dad5a0-c6b2-11e4-b741-22000b6e00bb,Engineering,dark,text,t2_hyo46isd,False,False,False,[],,,"It is not cut and dried, so I can truly say that you are probably right and wrong. :)

  The same discussion applies to the effect of bullets.

* Total momentum available, mv, mass (of fist) times velocity.  This is the gross measure of the ability to send the opponent backward.  Does not necessarily cause damage but can cause a loss of balance.  Momentum is also equal to force x time.  A thousand pounds applied for 1 microsecond does far less damage than 1 thousand pounds delivered for 1 second.  I think momentum is more important in a head shot.
* Total energy available mv^(2).  It is energy that tears tissues apart.  I energy matters more in a gut shot.  Of course, it has to be delivered effectively.
* In the wound ballistics' world, the debate went on endlessly.  Some folks opted for a compromise: mv^(1.5).  No comment.
* I don't think surface area of the fist matters much in a head punch.  
* In a gut punch, all other things being equal, I think a punch over a smaller surface area would penetrate deeper.
* I think that stiffness of the fist is important.  Even holding a ChapStick enclosed in your fist can give you a significant advantage.

Considering bullets

* If two bullets have the same momentum, the lighter bullet has more energy.  So, if you have two guns with the same kick, the gun with the lighter bullet delivers more damaging energy.  Or you can deliver the same energy with less kick. 
* If two bullets have the same energy, the heavier bullet has more momentum.   Energy is roughly proportional to the amount of propellent.
* A 0.01 kg bullet moving at 1000 m/s has a momentum of 10 kg x m/s and an energy of 5000 kg x (m/s)^(2).   It would hurt you.
* A 5 metric ton truck with the same momentum would be moving 0.002 m/s.  It would not hurt you.
* A 5 metric ton truck with the same energy would be moving 1.4 m/s (3 mph).  It probably would not hurt you hurt you.
* The reason the slow truck does not hurt you is because you push off.  The truck cannot deliver the energy or the momentum.

Back to fists

* I think absolute speed matters in that going faster allows you to deliver more of the energy and momentum.
* I think reach matters, as it allows you to punch through the opponent, maintaining contact longer, thus transferring more energy and momentum.

Just my own 2 cents.","&lt;div class=""md""&gt;&lt;p&gt;It is not cut and dried, so I can truly say that you are probably right and wrong. :)&lt;/p&gt;

&lt;p&gt;The same discussion applies to the effect of bullets.&lt;/p&gt;

&lt;ul&gt;
&lt;li&gt;Total momentum available, mv, mass (of fist) times velocity.  This is the gross measure of the ability to send the opponent backward.  Does not necessarily cause damage but can cause a loss of balance.  Momentum is also equal to force x time.  A thousand pounds applied for 1 microsecond does far less damage than 1 thousand pounds delivered for 1 second.  I think momentum is more important in a head shot.&lt;/li&gt;
&lt;li&gt;Total energy available mv&lt;sup&gt;2&lt;/sup&gt;.  It is energy that tears tissues apart.  I energy matters more in a gut shot.  Of course, it has to be delivered effectively.&lt;/li&gt;
&lt;li&gt;In the wound ballistics&amp;#39; world, the debate went on endlessly.  Some folks opted for a compromise: mv&lt;sup&gt;1.5&lt;/sup&gt;.  No comment.&lt;/li&gt;
&lt;li&gt;I don&amp;#39;t think surface area of the fist matters much in a head punch.&lt;br/&gt;&lt;/li&gt;
&lt;li&gt;In a gut punch, all other things being equal, I think a punch over a smaller surface area would penetrate deeper.&lt;/li&gt;
&lt;li&gt;I think that stiffness of the fist is important.  Even holding a ChapStick enclosed in your fist can give you a significant advantage.&lt;/li&gt;
&lt;/ul&gt;

&lt;p&gt;Considering bullets&lt;/p&gt;

&lt;ul&gt;
&lt;li&gt;If two bullets have the same momentum, the lighter bullet has more energy.  So, if you have two guns with the same kick, the gun with the lighter bullet delivers more damaging energy.  Or you can deliver the same energy with less kick. &lt;/li&gt;
&lt;li&gt;If two bullets have the same energy, the heavier bullet has more momentum.   Energy is roughly proportional to the amount of propellent.&lt;/li&gt;
&lt;li&gt;A 0.01 kg bullet moving at 1000 m/s has a momentum of 10 kg x m/s and an energy of 5000 kg x (m/s)&lt;sup&gt;2&lt;/sup&gt;.   It would hurt you.&lt;/li&gt;
&lt;li&gt;A 5 metric ton truck with the same momentum would be moving 0.002 m/s.  It would not hurt you.&lt;/li&gt;
&lt;li&gt;A 5 metric ton truck with the same energy would be moving 1.4 m/s (3 mph).  It probably would not hurt you hurt you.&lt;/li&gt;
&lt;li&gt;The reason the slow truck does not hurt you is because you push off.  The truck cannot deliver the energy or the momentum.&lt;/li&gt;
&lt;/ul&gt;

&lt;p&gt;Back to fists&lt;/p&gt;

&lt;ul&gt;
&lt;li&gt;I think absolute speed matters in that going faster allows you to deliver more of the energy and momentum.&lt;/li&gt;
&lt;li&gt;I think reach matters, as it allows you to punch through the opponent, maintaining contact longer, thus transferring more energy and momentum.&lt;/li&gt;
&lt;/ul&gt;

&lt;p&gt;Just my own 2 cents.&lt;/p&gt;
&lt;/div&gt;",False,False,False,,,,,0,1713999147.0,1713999147.0,0,,0,False,0,{},l149fe9,False,,t3_1cbz8ht,False,,,,[],t1_l149fe9,True,,t3_1cbz8ht,/r/AskPhysics/comments/1cbz8ht/measuring_the_impact_of_a_punch_which_unit_is/l149fe9/,,,,False,3,False,True,False,AskPhysics,t5_2sumo,r/AskPhysics,public,,0,[],,3,[],t1
