,all_awardings,approved_at_utc,approved_by,archived,associated_award,author,author_flair_background_color,author_flair_css_class,author_flair_richtext,author_flair_template_id,author_flair_text,author_flair_text_color,author_flair_type,author_fullname,author_is_blocked,author_patreon_flair,author_premium,awarders,banned_at_utc,banned_by,body,body_html,can_gild,can_mod_post,collapsed,collapsed_because_crowd_control,collapsed_reason,collapsed_reason_code,comment_type,controversiality,created,created_utc,depth,distinguished,downs,edited,gilded,gildings,id,is_submitter,likes,link_id,locked,mod_note,mod_reason_by,mod_reason_title,mod_reports,name,no_follow,num_reports,parent_id,permalink,removal_reason,replies,report_reasons,saved,score,score_hidden,send_replies,stickied,subreddit,subreddit_id,subreddit_name_prefixed,subreddit_type,top_awarded_type,total_awards_received,treatment_tags,unrepliable_reason,ups,user_reports,kind
data,[],,,False,,smallproton,,,[],,,,text,t2_k1hqscuh,False,False,False,[],,,"No, you need to pump the laser medium and create population inversion, i.e. more atoms in the upper lasing state than in the lower one.

Now, if a spontaneous decay occurs, the photon finds more atoms in an excited state. Hence the rate for stimulated emission is larger than for absorption. Lasing occurs.

The pump (laser, current, discharge, ...) provides the energy for the laser to run.","&lt;div class=""md""&gt;&lt;p&gt;No, you need to pump the laser medium and create population inversion, i.e. more atoms in the upper lasing state than in the lower one.&lt;/p&gt;

&lt;p&gt;Now, if a spontaneous decay occurs, the photon finds more atoms in an excited state. Hence the rate for stimulated emission is larger than for absorption. Lasing occurs.&lt;/p&gt;

&lt;p&gt;The pump (laser, current, discharge, ...) provides the energy for the laser to run.&lt;/p&gt;
&lt;/div&gt;",False,False,False,,,,,0,1713901413.0,1713901413.0,0,,0,False,0,{},l0xqxpf,False,,t3_1cbdlik,False,,,,[],t1_l0xqxpf,False,,t3_1cbdlik,/r/AskPhysics/comments/1cbdlik/stimulated_emission/l0xqxpf/,,"{'kind': 'Listing', 'data': {'after': None, 'dist': None, 'modhash': None, 'geo_filter': '', 'children': [{'kind': 't1', 'data': {'subreddit_id': 't5_2sumo', 'approved_at_utc': None, 'author_is_blocked': False, 'comment_type': None, 'awarders': [], 'mod_reason_by': None, 'banned_by': None, 'author_flair_type': 'text', 'total_awards_received': 0, 'subreddit': 'AskPhysics', 'author_flair_template_id': None, 'likes': None, 'replies': {'kind': 'Listing', 'data': {'after': None, 'dist': None, 'modhash': None, 'geo_filter': '', 'children': [{'kind': 't1', 'data': {'subreddit_id': 't5_2sumo', 'approved_at_utc': None, 'author_is_blocked': False, 'comment_type': None, 'awarders': [], 'mod_reason_by': None, 'banned_by': None, 'author_flair_type': 'text', 'total_awards_received': 0, 'subreddit': 'AskPhysics', 'author_flair_template_id': None, 'likes': None, 'replies': {'kind': 'Listing', 'data': {'after': None, 'dist': None, 'modhash': None, 'geo_filter': '', 'children': [{'kind': 't1', 'data': {'subreddit_id': 't5_2sumo', 'approved_at_utc': None, 'author_is_blocked': False, 'comment_type': None, 'awarders': [], 'mod_reason_by': None, 'banned_by': None, 'author_flair_type': 'text', 'total_awards_received': 0, 'subreddit': 'AskPhysics', 'author_flair_template_id': None, 'likes': None, 'replies': {'kind': 'Listing', 'data': {'after': None, 'dist': None, 'modhash': None, 'geo_filter': '', 'children': [{'kind': 't1', 'data': {'subreddit_id': 't5_2sumo', 'approved_at_utc': None, 'author_is_blocked': False, 'comment_type': None, 'awarders': [], 'mod_reason_by': None, 'banned_by': None, 'author_flair_type': 'text', 'total_awards_received': 0, 'subreddit': 'AskPhysics', 'author_flair_template_id': None, 'distinguished': None, 'likes': None, 'replies': {'kind': 'Listing', 'data': {'after': None, 'dist': None, 'modhash': None, 'geo_filter': '', 'children': [{'kind': 't1', 'data': {'subreddit_id': 't5_2sumo', 'approved_at_utc': None, 'author_is_blocked': False, 'comment_type': None, 'awarders': [], 'mod_reason_by': None, 'banned_by': None, 'author_flair_type': 'text', 'total_awards_received': 0, 'subreddit': 'AskPhysics', 'author_flair_template_id': None, 'distinguished': None, 'likes': None, 'replies': {'kind': 'Listing', 'data': {'after': None, 'dist': None, 'modhash': None, 'geo_filter': '', 'children': [{'kind': 't1', 'data': {'subreddit_id': 't5_2sumo', 'approved_at_utc': None, 'author_is_blocked': False, 'comment_type': None, 'awarders': [], 'mod_reason_by': None, 'banned_by': None, 'author_flair_type': 'text', 'total_awards_received': 0, 'subreddit': 'AskPhysics', 'author_flair_template_id': None, 'distinguished': None, 'likes': None, 'replies': '', 'user_reports': [], 'saved': False, 'id': 'l10x60u', 'banned_at_utc': None, 'mod_reason_title': None, 'gilded': 0, 'archived': False, 'collapsed_reason_code': None, 'no_follow': True, 'author': 'smallproton', 'can_mod_post': False, 'send_replies': True, 'parent_id': 't1_l10w6ca', 'score': 1, 'author_fullname': 't2_k1hqscuh', 'approved_by': None, 'mod_note': None, 'all_awardings': [], 'collapsed': False, 'body': 'stimulated emission produces a coherent wave. same direction and phase', 'edited': False, 'gildings': {}, 'author_flair_css_class': None, 'name': 't1_l10x60u', 'is_submitter': False, 'downs': 0, 'author_flair_richtext': [], 'author_patreon_flair': False, 'body_html': '&lt;div class=""md""&gt;&lt;p&gt;stimulated emission produces a coherent wave. same direction and phase&lt;/p&gt;\n&lt;/div&gt;', 'removal_reason': None, 'collapsed_reason': None, 'link_id': 't3_1cbdlik', 'associated_award': None, 'stickied': False, 'author_premium': False, 'can_gild': False, 'top_awarded_type': None, 'unrepliable_reason': None, 'author_flair_text_color': None, 'score_hidden': False, 'permalink': '/r/AskPhysics/comments/1cbdlik/stimulated_emission/l10x60u/', 'subreddit_type': 'public', 'locked': False, 'report_reasons': None, 'created': 1713955261.0, 'author_flair_text': None, 'treatment_tags': [], 'created_utc': 1713955261.0, 'subreddit_name_prefixed': 'r/AskPhysics', 'controversiality': 0, 'depth': 6, 'author_flair_background_color': None, 'collapsed_because_crowd_control': None, 'mod_reports': [], 'num_reports': None, 'ups': 1}}], 'before': None}}, 'user_reports': [], 'saved': False, 'id': 'l10w6ca', 'banned_at_utc': None, 'mod_reason_title': None, 'gilded': 0, 'archived': False, 'collapsed_reason_code': None, 'no_follow': True, 'author': 'Equivalent_Pilot_125', 'can_mod_post': False, 'send_replies': True, 'parent_id': 't1_l0xvulw', 'score': 1, 'author_fullname': 't2_qgcwxdpj', 'approved_by': None, 'mod_note': None, 'all_awardings': [], 'body': 'do both waves then overlap since the frequency and direction is the same? or is there a time delay or smh between the two photons?', 'edited': False, 'gildings': {}, 'downs': 0, 'author_flair_css_class': None, 'name': 't1_l10w6ca', 'is_submitter': True, 'collapsed': False, 'author_flair_richtext': [], 'author_patreon_flair': False, 'body_html': '&lt;div class=""md""&gt;&lt;p&gt;do both waves then overlap since the frequency and direction is the same? or is there a time delay or smh between the two photons?&lt;/p&gt;\n&lt;/div&gt;', 'removal_reason': None, 'collapsed_reason': None, 'link_id': 't3_1cbdlik', 'associated_award': None, 'stickied': False, 'author_premium': False, 'can_gild': False, 'top_awarded_type': None, 'unrepliable_reason': None, 'author_flair_text_color': None, 'score_hidden': False, 'permalink': '/r/AskPhysics/comments/1cbdlik/stimulated_emission/l10w6ca/', 'subreddit_type': 'public', 'locked': False, 'report_reasons': None, 'created': 1713954641.0, 'author_flair_text': None, 'treatment_tags': [], 'created_utc': 1713954641.0, 'subreddit_name_prefixed': 'r/AskPhysics', 'controversiality': 0, 'depth': 5, 'author_flair_background_color': None, 'collapsed_because_crowd_control': None, 'mod_reports': [], 'num_reports': None, 'ups': 1}}], 'before': None}}, 'user_reports': [], 'saved': False, 'id': 'l0xvulw', 'banned_at_utc': None, 'mod_reason_title': None, 'gilded': 0, 'archived': False, 'collapsed_reason_code': None, 'no_follow': True, 'author': 'smallproton', 'can_mod_post': False, 'send_replies': True, 'parent_id': 't1_l0xv6c2', 'score': 1, 'author_fullname': 't2_k1hqscuh', 'removal_reason': None, 'approved_by': None, 'mod_note': None, 'all_awardings': [], 'body': 'yes.', 'edited': False, 'author_flair_css_class': None, 'name': 't1_l0xvulw', 'is_submitter': False, 'downs': 0, 'author_flair_richtext': [], 'author_patreon_flair': False, 'body_html': '&lt;div class=""md""&gt;&lt;p&gt;yes.&lt;/p&gt;\n&lt;/div&gt;', 'gildings': {}, 'collapsed_reason': None, 'link_id': 't3_1cbdlik', 'associated_award': None, 'stickied': False, 'author_premium': False, 'can_gild': False, 'top_awarded_type': None, 'unrepliable_reason': None, 'author_flair_text_color': None, 'treatment_tags': [], 'score_hidden': False, 'permalink': '/r/AskPhysics/comments/1cbdlik/stimulated_emission/l0xvulw/', 'subreddit_type': 'public', 'locked': False, 'report_reasons': None, 'created': 1713903043.0, 'author_flair_text': None, 'collapsed': False, 'created_utc': 1713903043.0, 'subreddit_name_prefixed': 'r/AskPhysics', 'controversiality': 0, 'depth': 4, 'author_flair_background_color': None, 'collapsed_because_crowd_control': None, 'mod_reports': [], 'num_reports': None, 'ups': 1}}], 'before': None}}, 'user_reports': [], 'saved': False, 'id': 'l0xv6c2', 'banned_at_utc': None, 'mod_reason_title': None, 'gilded': 0, 'archived': False, 'collapsed_reason_code': None, 'no_follow': True, 'author': 'Equivalent_Pilot_125', 'can_mod_post': False, 'send_replies': True, 'parent_id': 't1_l0xsac7', 'score': 1, 'author_fullname': 't2_qgcwxdpj', 'removal_reason': None, 'approved_by': None, 'mod_note': None, 'all_awardings': [], 'collapsed': False, 'body': 'right so one comes in and leaves the other side together with an extra photon?', 'edited': False, 'top_awarded_type': None, 'author_flair_css_class': None, 'name': 't1_l0xv6c2', 'is_submitter': True, 'downs': 0, 'author_flair_richtext': [], 'author_patreon_flair': False, 'body_html': '&lt;div class=""md""&gt;&lt;p&gt;right so one comes in and leaves the other side together with an extra photon?&lt;/p&gt;\n&lt;/div&gt;', 'gildings': {}, 'collapsed_reason': None, 'distinguished': None, 'associated_award': None, 'stickied': False, 'author_premium': False, 'can_gild': False, 'link_id': 't3_1cbdlik', 'unrepliable_reason': None, 'author_flair_text_color': None, 'score_hidden': False, 'permalink': '/r/AskPhysics/comments/1cbdlik/stimulated_emission/l0xv6c2/', 'subreddit_type': 'public', 'locked': False, 'report_reasons': None, 'created': 1713902821.0, 'author_flair_text': None, 'treatment_tags': [], 'created_utc': 1713902821.0, 'subreddit_name_prefixed': 'r/AskPhysics', 'controversiality': 0, 'depth': 3, 'author_flair_background_color': None, 'collapsed_because_crowd_control': None, 'mod_reports': [], 'num_reports': None, 'ups': 1}}], 'before': None}}, 'user_reports': [], 'saved': False, 'id': 'l0xsac7', 'banned_at_utc': None, 'mod_reason_title': None, 'gilded': 0, 'archived': False, 'collapsed_reason_code': None, 'no_follow': True, 'author': 'smallproton', 'can_mod_post': False, 'send_replies': True, 'parent_id': 't1_l0xryw1', 'score': 1, 'author_fullname': 't2_k1hqscuh', 'removal_reason': None, 'approved_by': None, 'mod_note': None, 'all_awardings': [], 'body': 'Yey, 2 photons leave the atom.', 'edited': False, 'top_awarded_type': None, 'downs': 0, 'author_flair_css_class': None, 'name': 't1_l0xsac7', 'is_submitter': False, 'collapsed': False, 'author_flair_richtext': [], 'author_patreon_flair': False, 'body_html': '&lt;div class=""md""&gt;&lt;p&gt;Yey, 2 photons leave the atom.&lt;/p&gt;\n&lt;/div&gt;', 'gildings': {}, 'collapsed_reason': None, 'distinguished': None, 'associated_award': None, 'stickied': False, 'author_premium': False, 'can_gild': False, 'link_id': 't3_1cbdlik', 'unrepliable_reason': None, 'author_flair_text_color': None, 'score_hidden': False, 'permalink': '/r/AskPhysics/comments/1cbdlik/stimulated_emission/l0xsac7/', 'subreddit_type': 'public', 'locked': False, 'report_reasons': None, 'created': 1713901858.0, 'author_flair_text': None, 'treatment_tags': [], 'created_utc': 1713901858.0, 'subreddit_name_prefixed': 'r/AskPhysics', 'controversiality': 0, 'depth': 2, 'author_flair_background_color': None, 'collapsed_because_crowd_control': None, 'mod_reports': [], 'num_reports': None, 'ups': 1}}], 'before': None}}, 'user_reports': [], 'saved': False, 'id': 'l0xryw1', 'banned_at_utc': None, 'mod_reason_title': None, 'gilded': 0, 'archived': False, 'collapsed_reason_code': None, 'no_follow': True, 'author': 'Equivalent_Pilot_125', 'can_mod_post': False, 'created_utc': 1713901752.0, 'send_replies': True, 'parent_id': 't1_l0xqxpf', 'score': 1, 'author_fullname': 't2_qgcwxdpj', 'removal_reason': None, 'approved_by': None, 'mod_note': None, 'all_awardings': [], 'body': 'Yes, I was just wondering once you have that excited state and the electron is hit with a photon does it release both energies together? Meaning does the stimulated emission photon now carry the energy of the original photon + the difference from ground to lasing state? Im trying to fully understand what happens with the energy', 'edited': False, 'top_awarded_type': None, 'author_flair_css_class': None, 'name': 't1_l0xryw1', 'is_submitter': True, 'downs': 0, 'author_flair_richtext': [], 'author_patreon_flair': False, 'body_html': '&lt;div class=""md""&gt;&lt;p&gt;Yes, I was just wondering once you have that excited state and the electron is hit with a photon does it release both energies together? Meaning does the stimulated emission photon now carry the energy of the original photon + the difference from ground to lasing state? Im trying to fully understand what happens with the energy&lt;/p&gt;\n&lt;/div&gt;', 'gildings': {}, 'collapsed_reason': None, 'distinguished': None, 'associated_award': None, 'stickied': False, 'author_premium': False, 'can_gild': False, 'link_id': 't3_1cbdlik', 'unrepliable_reason': None, 'author_flair_text_color': None, 'score_hidden': False, 'permalink': '/r/AskPhysics/comments/1cbdlik/stimulated_emission/l0xryw1/', 'subreddit_type': 'public', 'locked': False, 'report_reasons': None, 'created': 1713901752.0, 'author_flair_text': None, 'treatment_tags': [], 'collapsed': False, 'subreddit_name_prefixed': 'r/AskPhysics', 'controversiality': 0, 'depth': 1, 'author_flair_background_color': None, 'collapsed_because_crowd_control': None, 'mod_reports': [], 'num_reports': None, 'ups': 1}}], 'before': None}}",,False,3,False,True,False,AskPhysics,t5_2sumo,r/AskPhysics,public,,0,[],,3,[],t1
data_1,[],,,False,,Data_Daniel,,,[],,,,text,t2_8kyt1axc,False,False,False,[],,,"The key to these laser systems is that you have 3 energy states. you pump from 0 to 2 and 2 decays into 1. now state 1 is more stable and you can have more atoms in an exited state. If any of the atoms in state 1 now decays into state 0, the emitted photon will stimulate the decays of the other excited atoms and you have a big laser pulse.","&lt;div class=""md""&gt;&lt;p&gt;The key to these laser systems is that you have 3 energy states. you pump from 0 to 2 and 2 decays into 1. now state 1 is more stable and you can have more atoms in an exited state. If any of the atoms in state 1 now decays into state 0, the emitted photon will stimulate the decays of the other excited atoms and you have a big laser pulse.&lt;/p&gt;
&lt;/div&gt;",False,False,False,,,,,0,1713911489.0,1713911489.0,0,,0,False,0,{},l0yk8mz,False,,t3_1cbdlik,False,,,,[],t1_l0yk8mz,True,,t3_1cbdlik,/r/AskPhysics/comments/1cbdlik/stimulated_emission/l0yk8mz/,,,,False,2,False,True,False,AskPhysics,t5_2sumo,r/AskPhysics,public,,0,[],,2,[],t1
data_2,[],,,False,,agaminon22,,,[],,,,text,t2_53xc9gn,False,False,False,[],,,"You need a ""pump"" for a laser to work, that is, some energy source that raises electrons into higher energy levels.","&lt;div class=""md""&gt;&lt;p&gt;You need a &amp;quot;pump&amp;quot; for a laser to work, that is, some energy source that raises electrons into higher energy levels.&lt;/p&gt;
&lt;/div&gt;",False,False,False,,,,,0,1713901508.0,1713901508.0,0,,0,False,0,{},l0xr839,False,,t3_1cbdlik,False,,,,[],t1_l0xr839,True,,t3_1cbdlik,/r/AskPhysics/comments/1cbdlik/stimulated_emission/l0xr839/,,,,False,0,False,True,False,AskPhysics,t5_2sumo,r/AskPhysics,public,,0,[],,0,[],t1
