,all_awardings,approved_at_utc,approved_by,archived,associated_award,author,author_flair_background_color,author_flair_css_class,author_flair_richtext,author_flair_template_id,author_flair_text,author_flair_text_color,author_flair_type,author_fullname,author_is_blocked,author_patreon_flair,author_premium,awarders,banned_at_utc,banned_by,body,body_html,can_gild,can_mod_post,collapsed,collapsed_because_crowd_control,collapsed_reason,collapsed_reason_code,comment_type,controversiality,created,created_utc,depth,distinguished,downs,edited,gilded,gildings,id,is_submitter,likes,link_id,locked,mod_note,mod_reason_by,mod_reason_title,mod_reports,name,no_follow,num_reports,parent_id,permalink,removal_reason,replies,report_reasons,saved,score,score_hidden,send_replies,stickied,subreddit,subreddit_id,subreddit_name_prefixed,subreddit_type,top_awarded_type,total_awards_received,treatment_tags,unrepliable_reason,ups,user_reports,kind
data,[],,,False,,MaxThrustage,,atom,[],794e2252-c6b2-11e4-88e3-22000b2a8bad,Quantum information,dark,text,t2_bl85j,False,False,False,[],,,"At a fundamental level, electrons are excitations of a quantum field which we (fittingly) call the electron field. We know that these excitations are particle-like in that they are countable, each with a specific mass and charge. We also know that, as quantum particles, they exhibit wave-like behaviour -- for example, interference and diffraction. And they also do some things that don't at all map onto our classical picture of particles or waves, for example quantum entanglement.

Proving this was a long and difficult process. Have a look at [this Wikipedia page](https://www.wikiwand.com/en/History_of_subatomic_physics) and [this one](https://www.wikiwand.com/en/History_of_quantum_mechanics) for a historical overview.

Our fundamental, theoretical understanding of electrons hasn't really changed much since the 1950s. We do have better intellectual tools for thinking about quantum mechanics in general, and as such questions like ""actually particles or waves"" are typically recognised by modern physicists as basically missing the point. They're something else, and trying to map that onto familiar concepts like ""wave"" or ""particle"" is always going to be something of an analogy. These analogies may sometimes be *useful* (for example, when doing electron diffraction to measure distances between atoms in a solid you can basically pretend electrons are just waves) but we always have to keep in mind the ways in which these analogies are limited.","&lt;div class=""md""&gt;&lt;p&gt;At a fundamental level, electrons are excitations of a quantum field which we (fittingly) call the electron field. We know that these excitations are particle-like in that they are countable, each with a specific mass and charge. We also know that, as quantum particles, they exhibit wave-like behaviour -- for example, interference and diffraction. And they also do some things that don&amp;#39;t at all map onto our classical picture of particles or waves, for example quantum entanglement.&lt;/p&gt;

&lt;p&gt;Proving this was a long and difficult process. Have a look at &lt;a href=""https://www.wikiwand.com/en/History_of_subatomic_physics""&gt;this Wikipedia page&lt;/a&gt; and &lt;a href=""https://www.wikiwand.com/en/History_of_quantum_mechanics""&gt;this one&lt;/a&gt; for a historical overview.&lt;/p&gt;

&lt;p&gt;Our fundamental, theoretical understanding of electrons hasn&amp;#39;t really changed much since the 1950s. We do have better intellectual tools for thinking about quantum mechanics in general, and as such questions like &amp;quot;actually particles or waves&amp;quot; are typically recognised by modern physicists as basically missing the point. They&amp;#39;re something else, and trying to map that onto familiar concepts like &amp;quot;wave&amp;quot; or &amp;quot;particle&amp;quot; is always going to be something of an analogy. These analogies may sometimes be &lt;em&gt;useful&lt;/em&gt; (for example, when doing electron diffraction to measure distances between atoms in a solid you can basically pretend electrons are just waves) but we always have to keep in mind the ways in which these analogies are limited.&lt;/p&gt;
&lt;/div&gt;",False,False,False,,,,,0,1714018571.0,1714018571.0,0,,0,False,0,{},l15kmqk,False,,t3_1cchdhz,False,,,,[],t1_l15kmqk,False,,t3_1cchdhz,/r/AskPhysics/comments/1cchdhz/do_we_know_that_electrons_are_actually_particles/l15kmqk/,,"{'kind': 'Listing', 'data': {'after': None, 'dist': None, 'modhash': None, 'geo_filter': '', 'children': [{'kind': 't1', 'data': {'subreddit_id': 't5_2sumo', 'approved_at_utc': None, 'author_is_blocked': False, 'comment_type': None, 'awarders': [], 'mod_reason_by': None, 'banned_by': None, 'author_flair_type': 'text', 'total_awards_received': 0, 'subreddit': 'AskPhysics', 'author_flair_template_id': None, 'likes': None, 'replies': {'kind': 'Listing', 'data': {'after': None, 'dist': None, 'modhash': None, 'geo_filter': '', 'children': [{'kind': 't1', 'data': {'subreddit_id': 't5_2sumo', 'approved_at_utc': None, 'author_is_blocked': False, 'comment_type': None, 'awarders': [], 'mod_reason_by': None, 'banned_by': None, 'author_flair_type': 'text', 'total_awards_received': 0, 'subreddit': 'AskPhysics', 'author_flair_template_id': '794e2252-c6b2-11e4-88e3-22000b2a8bad', 'likes': None, 'replies': '', 'user_reports': [], 'saved': False, 'id': 'l1arism', 'banned_at_utc': None, 'mod_reason_title': None, 'gilded': 0, 'archived': False, 'collapsed_reason_code': None, 'no_follow': True, 'author': 'MaxThrustage', 'can_mod_post': False, 'send_replies': True, 'parent_id': 't1_l1aqq6d', 'score': 1, 'author_fullname': 't2_bl85j', 'removal_reason': None, 'approved_by': None, 'mod_note': None, 'all_awardings': [], 'body': 'What, for you, would count as an ""actual physical description""?', 'edited': False, 'top_awarded_type': None, 'downs': 0, 'author_flair_css_class': 'atom', 'name': 't1_l1arism', 'is_submitter': False, 'collapsed': False, 'author_flair_richtext': [], 'author_patreon_flair': False, 'body_html': '&lt;div class=""md""&gt;&lt;p&gt;What, for you, would count as an &amp;quot;actual physical description&amp;quot;?&lt;/p&gt;\n&lt;/div&gt;', 'gildings': {}, 'collapsed_reason': None, 'distinguished': None, 'associated_award': None, 'stickied': False, 'author_premium': False, 'can_gild': False, 'link_id': 't3_1cchdhz', 'unrepliable_reason': None, 'author_flair_text_color': 'dark', 'score_hidden': False, 'permalink': '/r/AskPhysics/comments/1cchdhz/do_we_know_that_electrons_are_actually_particles/l1arism/', 'subreddit_type': 'public', 'locked': False, 'report_reasons': None, 'created': 1714101163.0, 'author_flair_text': 'Quantum information', 'treatment_tags': [], 'created_utc': 1714101163.0, 'subreddit_name_prefixed': 'r/AskPhysics', 'controversiality': 0, 'depth': 2, 'author_flair_background_color': None, 'collapsed_because_crowd_control': None, 'mod_reports': [], 'num_reports': None, 'ups': 1}}], 'before': None}}, 'user_reports': [], 'saved': False, 'id': 'l1aqq6d', 'banned_at_utc': None, 'mod_reason_title': None, 'gilded': 0, 'archived': False, 'collapsed_reason_code': None, 'no_follow': True, 'author': 'lowzycat', 'can_mod_post': False, 'created_utc': 1714100830.0, 'send_replies': True, 'parent_id': 't1_l15kmqk', 'score': 1, 'author_fullname': 't2_3mse8oif', 'removal_reason': None, 'approved_by': None, 'mod_note': None, 'all_awardings': [], 'body': 'Does this come from a mathematical model or an actual physical explanation. I know there isn’t really a huge distinction there in physics but do we even have an actual physical description of elecrons', 'edited': False, 'top_awarded_type': None, 'author_flair_css_class': None, 'name': 't1_l1aqq6d', 'is_submitter': True, 'downs': 0, 'author_flair_richtext': [], 'author_patreon_flair': False, 'body_html': '&lt;div class=""md""&gt;&lt;p&gt;Does this come from a mathematical model or an actual physical explanation. I know there isn’t really a huge distinction there in physics but do we even have an actual physical description of elecrons&lt;/p&gt;\n&lt;/div&gt;', 'gildings': {}, 'collapsed_reason': None, 'distinguished': None, 'associated_award': None, 'stickied': False, 'author_premium': False, 'can_gild': False, 'link_id': 't3_1cchdhz', 'unrepliable_reason': None, 'author_flair_text_color': None, 'score_hidden': False, 'permalink': '/r/AskPhysics/comments/1cchdhz/do_we_know_that_electrons_are_actually_particles/l1aqq6d/', 'subreddit_type': 'public', 'locked': False, 'report_reasons': None, 'created': 1714100830.0, 'author_flair_text': None, 'treatment_tags': [], 'collapsed': False, 'subreddit_name_prefixed': 'r/AskPhysics', 'controversiality': 0, 'depth': 1, 'author_flair_background_color': None, 'collapsed_because_crowd_control': None, 'mod_reports': [], 'num_reports': None, 'ups': 1}}], 'before': None}}",,False,22,False,True,False,AskPhysics,t5_2sumo,r/AskPhysics,public,,0,[],,22,[],t1
data_1,[],,,False,,herrschoftszeitn,,,[],,,,text,t2_2hsrif0j,False,False,False,[],,,"Always the same. They are neither. They are quantum objects. I hope one day high school teachers stop this wave duality thing, it is completely outdated and unnecessary tbh","&lt;div class=""md""&gt;&lt;p&gt;Always the same. They are neither. They are quantum objects. I hope one day high school teachers stop this wave duality thing, it is completely outdated and unnecessary tbh&lt;/p&gt;
&lt;/div&gt;",False,False,False,,,,,0,1714022031.0,1714022031.0,0,,0,False,0,{},l15qwi9,False,,t3_1cchdhz,False,,,,[],t1_l15qwi9,False,,t3_1cchdhz,/r/AskPhysics/comments/1cchdhz/do_we_know_that_electrons_are_actually_particles/l15qwi9/,,,,False,7,False,True,False,AskPhysics,t5_2sumo,r/AskPhysics,public,,0,[],,7,[],t1
data_2,[],,,False,,starkeffect,,inter,[],8c5fb068-c6b2-11e4-b8be-22000bb30918,Education and outreach,dark,text,t2_3z9vh,False,False,False,[],,,"The answer to the question, ""Are electrons particles or waves?"" is ""Yes.""","&lt;div class=""md""&gt;&lt;p&gt;The answer to the question, &amp;quot;Are electrons particles or waves?&amp;quot; is &amp;quot;Yes.&amp;quot;&lt;/p&gt;
&lt;/div&gt;",False,False,False,,,,,0,1714020186.0,1714020186.0,0,,0,False,0,{},l15nmsk,False,,t3_1cchdhz,False,,,,[],t1_l15nmsk,False,,t3_1cchdhz,/r/AskPhysics/comments/1cchdhz/do_we_know_that_electrons_are_actually_particles/l15nmsk/,,"{'kind': 'Listing', 'data': {'after': None, 'dist': None, 'modhash': None, 'geo_filter': '', 'children': [{'kind': 't1', 'data': {'subreddit_id': 't5_2sumo', 'approved_at_utc': None, 'author_is_blocked': False, 'comment_type': None, 'awarders': [], 'mod_reason_by': None, 'banned_by': None, 'author_flair_type': 'text', 'total_awards_received': 0, 'subreddit': 'AskPhysics', 'author_flair_template_id': None, 'likes': None, 'replies': {'kind': 'Listing', 'data': {'after': None, 'dist': None, 'modhash': None, 'geo_filter': '', 'children': [{'kind': 't1', 'data': {'subreddit_id': 't5_2sumo', 'approved_at_utc': None, 'author_is_blocked': False, 'comment_type': None, 'awarders': [], 'mod_reason_by': None, 'banned_by': None, 'author_flair_type': 'text', 'total_awards_received': 0, 'subreddit': 'AskPhysics', 'author_flair_template_id': None, 'likes': None, 'replies': '', 'user_reports': [], 'saved': False, 'id': 'l16kn49', 'banned_at_utc': None, 'mod_reason_title': None, 'gilded': 0, 'archived': False, 'collapsed_reason_code': None, 'no_follow': True, 'author': 'Mkwdr', 'can_mod_post': False, 'send_replies': True, 'parent_id': 't1_l1608ka', 'score': 2, 'author_fullname': 't2_3d9sj28u', 'removal_reason': None, 'approved_by': None, 'mod_note': None, 'all_awardings': [], 'body': 'I’m sure you are correct. Not being argumentative - just wondering aloud ….. but at this level what exactly is a particle except for a phenomena *with particle like properties’ and what is a wave of not a *phenomena with wave like properties*?\n\nEdit - can we call them wavicles? :-)', 'edited': False, 'top_awarded_type': None, 'downs': 0, 'author_flair_css_class': None, 'name': 't1_l16kn49', 'is_submitter': False, 'collapsed': False, 'author_flair_richtext': [], 'author_patreon_flair': False, 'body_html': '&lt;div class=""md""&gt;&lt;p&gt;I’m sure you are correct. Not being argumentative - just wondering aloud ….. but at this level what exactly is a particle except for a phenomena &lt;em&gt;with particle like properties’ and what is a wave of not a *phenomena with wave like properties&lt;/em&gt;?&lt;/p&gt;\n\n&lt;p&gt;Edit - can we call them wavicles? :-)&lt;/p&gt;\n&lt;/div&gt;', 'gildings': {}, 'collapsed_reason': None, 'distinguished': None, 'associated_award': None, 'stickied': False, 'author_premium': False, 'can_gild': False, 'link_id': 't3_1cchdhz', 'unrepliable_reason': None, 'author_flair_text_color': None, 'score_hidden': False, 'permalink': '/r/AskPhysics/comments/1cchdhz/do_we_know_that_electrons_are_actually_particles/l16kn49/', 'subreddit_type': 'public', 'locked': False, 'report_reasons': None, 'created': 1714042472.0, 'author_flair_text': None, 'treatment_tags': [], 'created_utc': 1714042472.0, 'subreddit_name_prefixed': 'r/AskPhysics', 'controversiality': 0, 'depth': 2, 'author_flair_background_color': None, 'collapsed_because_crowd_control': None, 'mod_reports': [], 'num_reports': None, 'ups': 2}}, {'kind': 't1', 'data': {'subreddit_id': 't5_2sumo', 'approved_at_utc': None, 'author_is_blocked': False, 'comment_type': None, 'awarders': [], 'mod_reason_by': None, 'banned_by': None, 'author_flair_type': 'text', 'total_awards_received': 0, 'subreddit': 'AskPhysics', 'author_flair_template_id': None, 'likes': None, 'replies': '', 'user_reports': [], 'saved': False, 'id': 'l1656fq', 'banned_at_utc': None, 'mod_reason_title': None, 'gilded': 0, 'archived': False, 'collapsed_reason_code': None, 'no_follow': True, 'author': 'Alwaysragestillplay', 'can_mod_post': False, 'send_replies': True, 'parent_id': 't1_l1608ka', 'score': 1, 'author_fullname': 't2_qid87sfh', 'removal_reason': None, 'approved_by': None, 'mod_note': None, 'all_awardings': [], 'body': 'So the answer to the question is ""No.""?', 'edited': False, 'top_awarded_type': None, 'downs': 0, 'author_flair_css_class': None, 'name': 't1_l1656fq', 'is_submitter': False, 'collapsed': False, 'author_flair_richtext': [], 'author_patreon_flair': False, 'body_html': '&lt;div class=""md""&gt;&lt;p&gt;So the answer to the question is &amp;quot;No.&amp;quot;?&lt;/p&gt;\n&lt;/div&gt;', 'gildings': {}, 'collapsed_reason': None, 'distinguished': None, 'associated_award': None, 'stickied': False, 'author_premium': False, 'can_gild': False, 'link_id': 't3_1cchdhz', 'unrepliable_reason': None, 'author_flair_text_color': None, 'score_hidden': False, 'permalink': '/r/AskPhysics/comments/1cchdhz/do_we_know_that_electrons_are_actually_particles/l1656fq/', 'subreddit_type': 'public', 'locked': False, 'report_reasons': None, 'created': 1714031489.0, 'author_flair_text': None, 'treatment_tags': [], 'created_utc': 1714031489.0, 'subreddit_name_prefixed': 'r/AskPhysics', 'controversiality': 0, 'depth': 2, 'author_flair_background_color': None, 'collapsed_because_crowd_control': None, 'mod_reports': [], 'num_reports': None, 'ups': 1}}], 'before': None}}, 'user_reports': [], 'saved': False, 'id': 'l1608ka', 'banned_at_utc': None, 'mod_reason_title': None, 'gilded': 0, 'archived': False, 'collapsed_reason_code': None, 'no_follow': False, 'author': 'TheHabro', 'can_mod_post': False, 'created_utc': 1714027978.0, 'send_replies': True, 'parent_id': 't1_l15nmsk', 'score': 7, 'author_fullname': 't2_3wbjhjo3', 'removal_reason': None, 'approved_by': None, 'mod_note': None, 'all_awardings': [], 'body': ""This is misleading. Electrons are niether particles not waves. They're separate objects that in some situations exhibit particle like properties and in some others wave like properties."", 'edited': False, 'top_awarded_type': None, 'author_flair_css_class': None, 'name': 't1_l1608ka', 'is_submitter': False, 'downs': 0, 'author_flair_richtext': [], 'author_patreon_flair': False, 'body_html': '&lt;div class=""md""&gt;&lt;p&gt;This is misleading. Electrons are niether particles not waves. They&amp;#39;re separate objects that in some situations exhibit particle like properties and in some others wave like properties.&lt;/p&gt;\n&lt;/div&gt;', 'gildings': {}, 'collapsed_reason': None, 'distinguished': None, 'associated_award': None, 'stickied': False, 'author_premium': False, 'can_gild': False, 'link_id': 't3_1cchdhz', 'unrepliable_reason': None, 'author_flair_text_color': None, 'score_hidden': False, 'permalink': '/r/AskPhysics/comments/1cchdhz/do_we_know_that_electrons_are_actually_particles/l1608ka/', 'subreddit_type': 'public', 'locked': False, 'report_reasons': None, 'created': 1714027978.0, 'author_flair_text': None, 'treatment_tags': [], 'collapsed': False, 'subreddit_name_prefixed': 'r/AskPhysics', 'controversiality': 0, 'depth': 1, 'author_flair_background_color': None, 'collapsed_because_crowd_control': None, 'mod_reports': [], 'num_reports': None, 'ups': 7}}], 'before': None}}",,False,10,False,True,False,AskPhysics,t5_2sumo,r/AskPhysics,public,,0,[],,10,[],t1
data_3,[],,,False,,VFiddly,,,[],,,,text,t2_v53v17a68,False,False,False,[],,,Not waves or particles but a secret third thing,"&lt;div class=""md""&gt;&lt;p&gt;Not waves or particles but a secret third thing&lt;/p&gt;
&lt;/div&gt;",False,False,False,,,,,0,1714045495.0,1714045495.0,0,,0,False,0,{},l16qatc,False,,t3_1cchdhz,False,,,,[],t1_l16qatc,True,,t3_1cchdhz,/r/AskPhysics/comments/1cchdhz/do_we_know_that_electrons_are_actually_particles/l16qatc/,,"{'kind': 'Listing', 'data': {'after': None, 'dist': None, 'modhash': None, 'geo_filter': '', 'children': [{'kind': 't1', 'data': {'subreddit_id': 't5_2sumo', 'approved_at_utc': None, 'author_is_blocked': False, 'comment_type': None, 'awarders': [], 'mod_reason_by': None, 'banned_by': None, 'author_flair_type': 'text', 'total_awards_received': 0, 'subreddit': 'AskPhysics', 'author_flair_template_id': None, 'likes': None, 'replies': '', 'user_reports': [], 'saved': False, 'id': 'l18efop', 'banned_at_utc': None, 'mod_reason_title': None, 'gilded': 0, 'archived': False, 'collapsed_reason_code': None, 'no_follow': True, 'author': 'OhRing', 'can_mod_post': False, 'created_utc': 1714069811.0, 'send_replies': True, 'parent_id': 't1_l16qatc', 'score': 1, 'author_fullname': 't2_jz9cs9zg', 'removal_reason': None, 'approved_by': None, 'mod_note': None, 'all_awardings': [], 'body': 'They are a hidden variable.', 'edited': False, 'top_awarded_type': None, 'author_flair_css_class': None, 'name': 't1_l18efop', 'is_submitter': False, 'downs': 0, 'author_flair_richtext': [], 'author_patreon_flair': False, 'body_html': '&lt;div class=""md""&gt;&lt;p&gt;They are a hidden variable.&lt;/p&gt;\n&lt;/div&gt;', 'gildings': {}, 'collapsed_reason': None, 'distinguished': None, 'associated_award': None, 'stickied': False, 'author_premium': False, 'can_gild': False, 'link_id': 't3_1cchdhz', 'unrepliable_reason': None, 'author_flair_text_color': None, 'score_hidden': False, 'permalink': '/r/AskPhysics/comments/1cchdhz/do_we_know_that_electrons_are_actually_particles/l18efop/', 'subreddit_type': 'public', 'locked': False, 'report_reasons': None, 'created': 1714069811.0, 'author_flair_text': None, 'treatment_tags': [], 'collapsed': False, 'subreddit_name_prefixed': 'r/AskPhysics', 'controversiality': 0, 'depth': 1, 'author_flair_background_color': None, 'collapsed_because_crowd_control': None, 'mod_reports': [], 'num_reports': None, 'ups': 1}}, {'kind': 't1', 'data': {'subreddit_id': 't5_2sumo', 'approved_at_utc': None, 'author_is_blocked': False, 'comment_type': None, 'awarders': [], 'mod_reason_by': None, 'banned_by': None, 'author_flair_type': 'text', 'total_awards_received': 0, 'subreddit': 'AskPhysics', 'author_flair_template_id': None, 'likes': None, 'replies': '', 'user_reports': [], 'saved': False, 'id': 'l19u28y', 'banned_at_utc': None, 'mod_reason_title': None, 'gilded': 0, 'archived': False, 'collapsed_reason_code': None, 'no_follow': True, 'author': 'technocracy90', 'can_mod_post': False, 'created_utc': 1714088252.0, 'send_replies': True, 'parent_id': 't1_l16qatc', 'score': 1, 'author_fullname': 't2_1p8b3rj5', 'removal_reason': None, 'approved_by': None, 'mod_note': None, 'all_awardings': [], 'body': 'Is this really the third thing when the first two are nothing but illusions?\n\n*Acid shroom moment*', 'edited': False, 'top_awarded_type': None, 'author_flair_css_class': None, 'name': 't1_l19u28y', 'is_submitter': False, 'downs': 0, 'author_flair_richtext': [], 'author_patreon_flair': False, 'body_html': '&lt;div class=""md""&gt;&lt;p&gt;Is this really the third thing when the first two are nothing but illusions?&lt;/p&gt;\n\n&lt;p&gt;&lt;em&gt;Acid shroom moment&lt;/em&gt;&lt;/p&gt;\n&lt;/div&gt;', 'gildings': {}, 'collapsed_reason': None, 'distinguished': None, 'associated_award': None, 'stickied': False, 'author_premium': False, 'can_gild': False, 'link_id': 't3_1cchdhz', 'unrepliable_reason': None, 'author_flair_text_color': None, 'score_hidden': False, 'permalink': '/r/AskPhysics/comments/1cchdhz/do_we_know_that_electrons_are_actually_particles/l19u28y/', 'subreddit_type': 'public', 'locked': False, 'report_reasons': None, 'created': 1714088252.0, 'author_flair_text': None, 'treatment_tags': [], 'collapsed': False, 'subreddit_name_prefixed': 'r/AskPhysics', 'controversiality': 0, 'depth': 1, 'author_flair_background_color': None, 'collapsed_because_crowd_control': None, 'mod_reports': [], 'num_reports': None, 'ups': 1}}], 'before': None}}",,False,3,False,True,False,AskPhysics,t5_2sumo,r/AskPhysics,public,,0,[],,3,[],t1
data_4,[],,,False,,dixindixout,,,[],,,,text,t2_wg5gacisg,False,False,False,[],,,"Electrons are probability fields that have a shape and they are neither particles nor are they waves.

Electrons are a shaped field of probability.

The wave functions only exists to assist in determining the location of an electron in space based upon complex probability.

&gt; https://chem.libretexts.org/Bookshelves/General_Chemistry/CLUE%3A_Chemistry_Life_the_Universe_and_Everything/02%3A_Electrons_and_Orbitals/2.6%3A_Orbitals_Electron_Clouds_Probabilities_and_Energies

&gt;  Schrödinger used the idea of electrons as waves and described each atom in an element by a mathematical wave function using the famous Schrödinger equation ( HΨ=EΨ). We assume that you have absolutely no idea what either  HΨ  or  EΨ  are but don’t worry—you don’t really need to. The solutions to the Schrödinger equation are a set of equations (wave functions) that describe the energies and probabilities of finding electrons in a region of space.

They do not describe electrons as waves, but use waves to determine probabilistically where the electrons should be in a given moment.","&lt;div class=""md""&gt;&lt;p&gt;Electrons are probability fields that have a shape and they are neither particles nor are they waves.&lt;/p&gt;

&lt;p&gt;Electrons are a shaped field of probability.&lt;/p&gt;

&lt;p&gt;The wave functions only exists to assist in determining the location of an electron in space based upon complex probability.&lt;/p&gt;

&lt;blockquote&gt;
&lt;p&gt;&lt;a href=""https://chem.libretexts.org/Bookshelves/General_Chemistry/CLUE%3A_Chemistry_Life_the_Universe_and_Everything/02%3A_Electrons_and_Orbitals/2.6%3A_Orbitals_Electron_Clouds_Probabilities_and_Energies""&gt;https://chem.libretexts.org/Bookshelves/General_Chemistry/CLUE%3A_Chemistry_Life_the_Universe_and_Everything/02%3A_Electrons_and_Orbitals/2.6%3A_Orbitals_Electron_Clouds_Probabilities_and_Energies&lt;/a&gt;&lt;/p&gt;

&lt;p&gt;Schrödinger used the idea of electrons as waves and described each atom in an element by a mathematical wave function using the famous Schrödinger equation ( HΨ=EΨ). We assume that you have absolutely no idea what either  HΨ  or  EΨ  are but don’t worry—you don’t really need to. The solutions to the Schrödinger equation are a set of equations (wave functions) that describe the energies and probabilities of finding electrons in a region of space.&lt;/p&gt;
&lt;/blockquote&gt;

&lt;p&gt;They do not describe electrons as waves, but use waves to determine probabilistically where the electrons should be in a given moment.&lt;/p&gt;
&lt;/div&gt;",False,False,False,,,,,0,1714020143.0,1714020143.0,0,,0,1714020503.0,0,{},l15njy3,False,,t3_1cchdhz,False,,,,[],t1_l15njy3,True,,t3_1cchdhz,/r/AskPhysics/comments/1cchdhz/do_we_know_that_electrons_are_actually_particles/l15njy3/,,"{'kind': 'Listing', 'data': {'after': None, 'dist': None, 'modhash': None, 'geo_filter': '', 'children': [{'kind': 't1', 'data': {'subreddit_id': 't5_2sumo', 'approved_at_utc': None, 'author_is_blocked': False, 'comment_type': None, 'awarders': [], 'mod_reason_by': None, 'banned_by': None, 'author_flair_type': 'text', 'total_awards_received': 0, 'subreddit': 'AskPhysics', 'author_flair_template_id': None, 'likes': None, 'replies': {'kind': 'Listing', 'data': {'after': None, 'dist': None, 'modhash': None, 'geo_filter': '', 'children': [{'kind': 't1', 'data': {'subreddit_id': 't5_2sumo', 'approved_at_utc': None, 'author_is_blocked': False, 'comment_type': None, 'awarders': [], 'mod_reason_by': None, 'banned_by': None, 'author_flair_type': 'text', 'total_awards_received': 0, 'subreddit': 'AskPhysics', 'author_flair_template_id': None, 'likes': None, 'replies': {'kind': 'Listing', 'data': {'after': None, 'dist': None, 'modhash': None, 'geo_filter': '', 'children': [{'kind': 't1', 'data': {'subreddit_id': 't5_2sumo', 'approved_at_utc': None, 'author_is_blocked': False, 'comment_type': None, 'awarders': [], 'mod_reason_by': None, 'banned_by': None, 'author_flair_type': 'text', 'total_awards_received': 0, 'subreddit': 'AskPhysics', 'author_flair_template_id': None, 'likes': None, 'replies': {'kind': 'Listing', 'data': {'after': None, 'dist': None, 'modhash': None, 'geo_filter': '', 'children': [{'kind': 't1', 'data': {'subreddit_id': 't5_2sumo', 'approved_at_utc': None, 'author_is_blocked': False, 'comment_type': None, 'awarders': [], 'mod_reason_by': None, 'banned_by': None, 'author_flair_type': 'text', 'total_awards_received': 0, 'subreddit': 'AskPhysics', 'author_flair_template_id': None, 'distinguished': None, 'likes': None, 'replies': '', 'user_reports': [], 'saved': False, 'id': 'l1igozg', 'banned_at_utc': None, 'mod_reason_title': None, 'gilded': 0, 'archived': False, 'collapsed_reason_code': None, 'no_follow': True, 'author': 'dixindixout', 'can_mod_post': False, 'send_replies': True, 'parent_id': 't1_l1ibolw', 'score': 1, 'author_fullname': 't2_wg5gacisg', 'removal_reason': None, 'approved_by': None, 'mod_note': None, 'all_awardings': [], 'body': 'It certainly is.', 'edited': False, 'author_flair_css_class': None, 'name': 't1_l1igozg', 'is_submitter': False, 'downs': 0, 'author_flair_richtext': [], 'author_patreon_flair': False, 'body_html': '&lt;div class=""md""&gt;&lt;p&gt;It certainly is.&lt;/p&gt;\n&lt;/div&gt;', 'gildings': {}, 'collapsed_reason': None, 'link_id': 't3_1cchdhz', 'associated_award': None, 'stickied': False, 'author_premium': False, 'can_gild': False, 'top_awarded_type': None, 'unrepliable_reason': None, 'author_flair_text_color': None, 'treatment_tags': [], 'score_hidden': False, 'permalink': '/r/AskPhysics/comments/1cchdhz/do_we_know_that_electrons_are_actually_particles/l1igozg/', 'subreddit_type': 'public', 'locked': False, 'report_reasons': None, 'created': 1714232065.0, 'author_flair_text': None, 'collapsed': False, 'created_utc': 1714232065.0, 'subreddit_name_prefixed': 'r/AskPhysics', 'controversiality': 0, 'depth': 4, 'author_flair_background_color': None, 'collapsed_because_crowd_control': None, 'mod_reports': [], 'num_reports': None, 'ups': 1}}], 'before': None}}, 'user_reports': [], 'saved': False, 'id': 'l1ibolw', 'banned_at_utc': None, 'mod_reason_title': None, 'gilded': 0, 'archived': False, 'collapsed_reason_code': None, 'no_follow': True, 'author': 'heyitsxxem444', 'can_mod_post': False, 'send_replies': True, 'parent_id': 't1_l17seet', 'score': 1, 'author_fullname': 't2_90wsblfz', 'removal_reason': None, 'approved_by': None, 'mod_note': None, 'all_awardings': [], 'collapsed': False, 'body': ""Atomic mass makes my head spin too, it's a funky little world in the quantum realm."", 'edited': False, 'top_awarded_type': None, 'author_flair_css_class': None, 'name': 't1_l1ibolw', 'is_submitter': False, 'downs': 0, 'author_flair_richtext': [], 'author_patreon_flair': False, 'body_html': '&lt;div class=""md""&gt;&lt;p&gt;Atomic mass makes my head spin too, it&amp;#39;s a funky little world in the quantum realm.&lt;/p&gt;\n&lt;/div&gt;', 'gildings': {}, 'collapsed_reason': None, 'distinguished': None, 'associated_award': None, 'stickied': False, 'author_premium': False, 'can_gild': False, 'link_id': 't3_1cchdhz', 'unrepliable_reason': None, 'author_flair_text_color': None, 'score_hidden': False, 'permalink': '/r/AskPhysics/comments/1cchdhz/do_we_know_that_electrons_are_actually_particles/l1ibolw/', 'subreddit_type': 'public', 'locked': False, 'report_reasons': None, 'created': 1714230158.0, 'author_flair_text': None, 'treatment_tags': [], 'created_utc': 1714230158.0, 'subreddit_name_prefixed': 'r/AskPhysics', 'controversiality': 0, 'depth': 3, 'author_flair_background_color': None, 'collapsed_because_crowd_control': None, 'mod_reports': [], 'num_reports': None, 'ups': 1}}], 'before': None}}, 'user_reports': [], 'saved': False, 'id': 'l17seet', 'banned_at_utc': None, 'mod_reason_title': None, 'gilded': 0, 'archived': False, 'collapsed_reason_code': None, 'no_follow': True, 'author': 'dixindixout', 'can_mod_post': False, 'send_replies': True, 'parent_id': 't1_l15txvb', 'score': 3, 'author_fullname': 't2_wg5gacisg', 'removal_reason': None, 'approved_by': None, 'mod_note': None, 'all_awardings': [], 'body': ""I hear ya.  Just like electrons exhibit characteristics of matter, ie there is mass, but are not particles and so far as we can determine don't really have mass.   Much like some quanta are characterized as having mass, but it's the swirling vortex of energy that produces the mass.  There is no measurable mass to the 'particles'."", 'edited': False, 'top_awarded_type': None, 'downs': 0, 'author_flair_css_class': None, 'name': 't1_l17seet', 'is_submitter': False, 'collapsed': False, 'author_flair_richtext': [], 'author_patreon_flair': False, 'body_html': '&lt;div class=""md""&gt;&lt;p&gt;I hear ya.  Just like electrons exhibit characteristics of matter, ie there is mass, but are not particles and so far as we can determine don&amp;#39;t really have mass.   Much like some quanta are characterized as having mass, but it&amp;#39;s the swirling vortex of energy that produces the mass.  There is no measurable mass to the &amp;#39;particles&amp;#39;.&lt;/p&gt;\n&lt;/div&gt;', 'gildings': {}, 'collapsed_reason': None, 'distinguished': None, 'associated_award': None, 'stickied': False, 'author_premium': False, 'can_gild': False, 'link_id': 't3_1cchdhz', 'unrepliable_reason': None, 'author_flair_text_color': None, 'score_hidden': False, 'permalink': '/r/AskPhysics/comments/1cchdhz/do_we_know_that_electrons_are_actually_particles/l17seet/', 'subreddit_type': 'public', 'locked': False, 'report_reasons': None, 'created': 1714059923.0, 'author_flair_text': None, 'treatment_tags': [], 'created_utc': 1714059923.0, 'subreddit_name_prefixed': 'r/AskPhysics', 'controversiality': 0, 'depth': 2, 'author_flair_background_color': None, 'collapsed_because_crowd_control': None, 'mod_reports': [], 'num_reports': None, 'ups': 3}}], 'before': None}}, 'user_reports': [], 'saved': False, 'id': 'l15txvb', 'banned_at_utc': None, 'mod_reason_title': None, 'gilded': 0, 'archived': False, 'collapsed_reason_code': None, 'no_follow': True, 'author': 'heyitsxxem444', 'can_mod_post': False, 'created_utc': 1714023867.0, 'send_replies': True, 'parent_id': 't1_l15njy3', 'score': 1, 'author_fullname': 't2_90wsblfz', 'removal_reason': None, 'approved_by': None, 'mod_note': None, 'all_awardings': [], 'body': 'Short answer, yes.... But also no 👍🏻', 'edited': False, 'top_awarded_type': None, 'author_flair_css_class': None, 'name': 't1_l15txvb', 'is_submitter': False, 'downs': 0, 'author_flair_richtext': [], 'author_patreon_flair': False, 'body_html': '&lt;div class=""md""&gt;&lt;p&gt;Short answer, yes.... But also no 👍🏻&lt;/p&gt;\n&lt;/div&gt;', 'gildings': {}, 'collapsed_reason': None, 'distinguished': None, 'associated_award': None, 'stickied': False, 'author_premium': False, 'can_gild': False, 'link_id': 't3_1cchdhz', 'unrepliable_reason': None, 'author_flair_text_color': None, 'score_hidden': False, 'permalink': '/r/AskPhysics/comments/1cchdhz/do_we_know_that_electrons_are_actually_particles/l15txvb/', 'subreddit_type': 'public', 'locked': False, 'report_reasons': None, 'created': 1714023867.0, 'author_flair_text': None, 'treatment_tags': [], 'collapsed': False, 'subreddit_name_prefixed': 'r/AskPhysics', 'controversiality': 0, 'depth': 1, 'author_flair_background_color': None, 'collapsed_because_crowd_control': None, 'mod_reports': [], 'num_reports': None, 'ups': 1}}], 'before': None}}",,False,2,False,True,False,AskPhysics,t5_2sumo,r/AskPhysics,public,,0,[],,2,[],t1
data_5,[],,,False,,joepierson123,,,[],,,,text,t2_ufpq2kad,False,False,False,[],,,Yeah if you shoot them through a double slit they produce a interference pattern.,"&lt;div class=""md""&gt;&lt;p&gt;Yeah if you shoot them through a double slit they produce a interference pattern.&lt;/p&gt;
&lt;/div&gt;",False,False,False,,,,,0,1714019227.0,1714019227.0,0,,0,False,0,{},l15lv31,False,,t3_1cchdhz,False,,,,[],t1_l15lv31,True,,t3_1cchdhz,/r/AskPhysics/comments/1cchdhz/do_we_know_that_electrons_are_actually_particles/l15lv31/,,,,False,1,False,True,False,AskPhysics,t5_2sumo,r/AskPhysics,public,,0,[],,1,[],t1
data_6,[],,,False,,Frederf220,,,[],,,,text,t2_ro01a,False,False,False,[],,,Electrons behave like a quantum mechanical particle with which you have no natural intuition... not very helpful but it's the truth. I think it is easier to think of QM objects as wavelike with a few particlelike properties than the reverse. At no point is it entirely correct to think of QM objects as entirely one or the other.,"&lt;div class=""md""&gt;&lt;p&gt;Electrons behave like a quantum mechanical particle with which you have no natural intuition... not very helpful but it&amp;#39;s the truth. I think it is easier to think of QM objects as wavelike with a few particlelike properties than the reverse. At no point is it entirely correct to think of QM objects as entirely one or the other.&lt;/p&gt;
&lt;/div&gt;",False,False,False,,,,,0,1714029409.0,1714029409.0,0,,0,False,0,{},l162bep,False,,t3_1cchdhz,False,,,,[],t1_l162bep,True,,t3_1cchdhz,/r/AskPhysics/comments/1cchdhz/do_we_know_that_electrons_are_actually_particles/l162bep/,,,,False,1,False,True,False,AskPhysics,t5_2sumo,r/AskPhysics,public,,0,[],,1,[],t1
data_7,[],,,False,,Equal-Difference4520,,,[],,,,text,t2_5qjt2muza,False,False,False,[],,,"Is it possible they are waves until they have to interact with something, that's not another wave. So the wave function collapses and they become particles, do whatever work they need to do, and then get sent off to travel as a wave again?","&lt;div class=""md""&gt;&lt;p&gt;Is it possible they are waves until they have to interact with something, that&amp;#39;s not another wave. So the wave function collapses and they become particles, do whatever work they need to do, and then get sent off to travel as a wave again?&lt;/p&gt;
&lt;/div&gt;",False,False,False,,,,,0,1714049017.0,1714049017.0,0,,0,False,0,{},l16xwsp,False,,t3_1cchdhz,False,,,,[],t1_l16xwsp,True,,t3_1cchdhz,/r/AskPhysics/comments/1cchdhz/do_we_know_that_electrons_are_actually_particles/l16xwsp/,,,,False,1,False,True,False,AskPhysics,t5_2sumo,r/AskPhysics,public,,0,[],,1,[],t1
data_8,[],,,False,,HugeLie6986,,,[],,,,text,t2_y8merib7x,False,False,False,[],,,"Since you're in high school, I won't complicate it, but rather explain it to you through some philosophical questions. So here's the basic idea: the distinction between waves and particles is rather fuzzy. By that, I mean there is no real distinction between a particle and a wave. The distinction between particles and waves only exists because most of the phenomena we observe at small scales seem surprising to us. This is because we compare them with our everyday life or our experiences. But who said that our intuition or our experiences have to be true?

For example, if you've never seen a ghost and someone who looks exactly like a human comes to you and says he's a ghost, would you believe him? Probably not, because you have some inherent notions and beliefs about what a ghost should be.

The same can be said for particles and waves. Who said that these two should differ? In fact, why did we make such a classification? It's because it's what we observe in the classical world. Although the rules of quantum mechanics still hold in the classical world, the surprising effects of quantum mechanics only become apparent at small scales. In fact, if you've ever come across de Broglie's hypothesis, it states that every particle has wave characteristics. So, at a fundamental level, there isn't a difference between these two. It's just our inability to express this kind of character in our language, because we never encounter such characteristics in daily life. Since our language developed based on our experiences, and in our experience we think these two are different, that's why we have created separate words for them. But in reality, they aren't different.","&lt;div class=""md""&gt;&lt;p&gt;Since you&amp;#39;re in high school, I won&amp;#39;t complicate it, but rather explain it to you through some philosophical questions. So here&amp;#39;s the basic idea: the distinction between waves and particles is rather fuzzy. By that, I mean there is no real distinction between a particle and a wave. The distinction between particles and waves only exists because most of the phenomena we observe at small scales seem surprising to us. This is because we compare them with our everyday life or our experiences. But who said that our intuition or our experiences have to be true?&lt;/p&gt;

&lt;p&gt;For example, if you&amp;#39;ve never seen a ghost and someone who looks exactly like a human comes to you and says he&amp;#39;s a ghost, would you believe him? Probably not, because you have some inherent notions and beliefs about what a ghost should be.&lt;/p&gt;

&lt;p&gt;The same can be said for particles and waves. Who said that these two should differ? In fact, why did we make such a classification? It&amp;#39;s because it&amp;#39;s what we observe in the classical world. Although the rules of quantum mechanics still hold in the classical world, the surprising effects of quantum mechanics only become apparent at small scales. In fact, if you&amp;#39;ve ever come across de Broglie&amp;#39;s hypothesis, it states that every particle has wave characteristics. So, at a fundamental level, there isn&amp;#39;t a difference between these two. It&amp;#39;s just our inability to express this kind of character in our language, because we never encounter such characteristics in daily life. Since our language developed based on our experiences, and in our experience we think these two are different, that&amp;#39;s why we have created separate words for them. But in reality, they aren&amp;#39;t different.&lt;/p&gt;
&lt;/div&gt;",False,False,False,,,,,0,1714061327.0,1714061327.0,0,,0,False,0,{},l17wo9z,False,,t3_1cchdhz,False,,,,[],t1_l17wo9z,True,,t3_1cchdhz,/r/AskPhysics/comments/1cchdhz/do_we_know_that_electrons_are_actually_particles/l17wo9z/,,"{'kind': 'Listing', 'data': {'after': None, 'dist': None, 'modhash': None, 'geo_filter': '', 'children': [{'kind': 't1', 'data': {'subreddit_id': 't5_2sumo', 'approved_at_utc': None, 'author_is_blocked': False, 'comment_type': None, 'awarders': [], 'mod_reason_by': None, 'banned_by': None, 'author_flair_type': 'text', 'total_awards_received': 0, 'subreddit': 'AskPhysics', 'author_flair_template_id': None, 'likes': None, 'replies': '', 'user_reports': [], 'saved': False, 'id': 'l1aqf22', 'banned_at_utc': None, 'mod_reason_title': None, 'gilded': 0, 'archived': False, 'collapsed_reason_code': None, 'no_follow': True, 'author': 'lowzycat', 'can_mod_post': False, 'created_utc': 1714100697.0, 'send_replies': True, 'parent_id': 't1_l17wo9z', 'score': 1, 'author_fullname': 't2_3mse8oif', 'removal_reason': None, 'approved_by': None, 'mod_note': None, 'all_awardings': [], 'body': 'I’m not asking if they differ, I’m just saying do we know for sure there electrons aren’t just pockets of an EM fields with some stored energy giving them a tiny mass?\n\nOr am I just describing a wave', 'edited': False, 'top_awarded_type': None, 'author_flair_css_class': None, 'name': 't1_l1aqf22', 'is_submitter': True, 'downs': 0, 'author_flair_richtext': [], 'author_patreon_flair': False, 'body_html': '&lt;div class=""md""&gt;&lt;p&gt;I’m not asking if they differ, I’m just saying do we know for sure there electrons aren’t just pockets of an EM fields with some stored energy giving them a tiny mass?&lt;/p&gt;\n\n&lt;p&gt;Or am I just describing a wave&lt;/p&gt;\n&lt;/div&gt;', 'gildings': {}, 'collapsed_reason': None, 'distinguished': None, 'associated_award': None, 'stickied': False, 'author_premium': False, 'can_gild': False, 'link_id': 't3_1cchdhz', 'unrepliable_reason': None, 'author_flair_text_color': None, 'score_hidden': False, 'permalink': '/r/AskPhysics/comments/1cchdhz/do_we_know_that_electrons_are_actually_particles/l1aqf22/', 'subreddit_type': 'public', 'locked': False, 'report_reasons': None, 'created': 1714100697.0, 'author_flair_text': None, 'treatment_tags': [], 'collapsed': False, 'subreddit_name_prefixed': 'r/AskPhysics', 'controversiality': 0, 'depth': 1, 'author_flair_background_color': None, 'collapsed_because_crowd_control': None, 'mod_reports': [], 'num_reports': None, 'ups': 1}}], 'before': None}}",,False,1,False,True,False,AskPhysics,t5_2sumo,r/AskPhysics,public,,0,[],,1,[],t1
data_9,[],,,False,,mylivegamertags,,,[],,,,text,t2_qsr10,False,False,False,[],,,"They are magic 😀 Atoms and quantum physics is just magic. It’s so different from our everyday life that we have a lot of trouble explaining it. We try to explain by using analogies but it always gets cluttered. Keep up the good work and keep being curious, have these talks with whomever you can, so cool that you want to know more! ❤️","&lt;div class=""md""&gt;&lt;p&gt;They are magic 😀 Atoms and quantum physics is just magic. It’s so different from our everyday life that we have a lot of trouble explaining it. We try to explain by using analogies but it always gets cluttered. Keep up the good work and keep being curious, have these talks with whomever you can, so cool that you want to know more! ❤️&lt;/p&gt;
&lt;/div&gt;",False,False,False,,,,,0,1714024563.0,1714024563.0,0,,0,False,0,{},l15v20n,False,,t3_1cchdhz,False,,,,[],t1_l15v20n,True,,t3_1cchdhz,/r/AskPhysics/comments/1cchdhz/do_we_know_that_electrons_are_actually_particles/l15v20n/,,,,False,0,False,True,False,AskPhysics,t5_2sumo,r/AskPhysics,public,,0,[],,0,[],t1
data_10,[],,,False,,OldChairmanMiao,,misc,[],9bcf4428-c6b2-11e4-b2ab-22000b2b8b92,Physics enthusiast,dark,text,t2_1uawybz0,False,False,False,[],,,"Electrons have mass.

_edit: yep, realized this is a mistaken oversimplification, but will keep it up to provide context._","&lt;div class=""md""&gt;&lt;p&gt;Electrons have mass.&lt;/p&gt;

&lt;p&gt;&lt;em&gt;edit: yep, realized this is a mistaken oversimplification, but will keep it up to provide context.&lt;/em&gt;&lt;/p&gt;
&lt;/div&gt;",False,False,False,,,,,1,1714016326.0,1714016326.0,0,,0,1714066022.0,0,{},l15g5t5,False,,t3_1cchdhz,False,,,,[],t1_l15g5t5,True,,t3_1cchdhz,/r/AskPhysics/comments/1cchdhz/do_we_know_that_electrons_are_actually_particles/l15g5t5/,,"{'kind': 'Listing', 'data': {'after': None, 'dist': None, 'modhash': None, 'geo_filter': '', 'children': [{'kind': 't1', 'data': {'subreddit_id': 't5_2sumo', 'approved_at_utc': None, 'author_is_blocked': False, 'comment_type': None, 'awarders': [], 'mod_reason_by': None, 'banned_by': None, 'author_flair_type': 'text', 'total_awards_received': 0, 'subreddit': 'AskPhysics', 'author_flair_template_id': None, 'likes': None, 'replies': '', 'user_reports': [], 'saved': False, 'id': 'l15p2uo', 'banned_at_utc': None, 'mod_reason_title': None, 'gilded': 0, 'archived': False, 'collapsed_reason_code': None, 'no_follow': False, 'author': 'technocracy90', 'can_mod_post': False, 'created_utc': 1714020992.0, 'send_replies': True, 'parent_id': 't1_l15g5t5', 'score': 6, 'author_fullname': 't2_1p8b3rj5', 'removal_reason': None, 'approved_by': None, 'mod_note': None, 'all_awardings': [], 'body': ""And that doesn't mean they're not wave. That's the point of [Wave-Paeticle Duality.](https://en.wikipedia.org/wiki/Wave%E2%80%93particle_duality)"", 'edited': False, 'top_awarded_type': None, 'author_flair_css_class': None, 'name': 't1_l15p2uo', 'is_submitter': False, 'downs': 0, 'author_flair_richtext': [], 'author_patreon_flair': False, 'body_html': '&lt;div class=""md""&gt;&lt;p&gt;And that doesn&amp;#39;t mean they&amp;#39;re not wave. That&amp;#39;s the point of &lt;a href=""https://en.wikipedia.org/wiki/Wave%E2%80%93particle_duality""&gt;Wave-Paeticle Duality.&lt;/a&gt;&lt;/p&gt;\n&lt;/div&gt;', 'gildings': {}, 'collapsed_reason': None, 'distinguished': None, 'associated_award': None, 'stickied': False, 'author_premium': False, 'can_gild': False, 'link_id': 't3_1cchdhz', 'unrepliable_reason': None, 'author_flair_text_color': None, 'score_hidden': False, 'permalink': '/r/AskPhysics/comments/1cchdhz/do_we_know_that_electrons_are_actually_particles/l15p2uo/', 'subreddit_type': 'public', 'locked': False, 'report_reasons': None, 'created': 1714020992.0, 'author_flair_text': None, 'treatment_tags': [], 'collapsed': False, 'subreddit_name_prefixed': 'r/AskPhysics', 'controversiality': 0, 'depth': 1, 'author_flair_background_color': None, 'collapsed_because_crowd_control': None, 'mod_reports': [], 'num_reports': None, 'ups': 6}}], 'before': None}}",,False,-1,False,True,False,AskPhysics,t5_2sumo,r/AskPhysics,public,,0,[],,-1,[],t1
data_11,[],,,False,,Gorilla1492,,,[],,,,text,t2_al0eobpq,False,False,True,[],,,"Umm electrons are particles, photons are both particles and waves.","&lt;div class=""md""&gt;&lt;p&gt;Umm electrons are particles, photons are both particles and waves.&lt;/p&gt;
&lt;/div&gt;",False,False,True,,comment score below threshold,LOW_SCORE,,0,1714033011.0,1714033011.0,0,,0,False,0,{},l1677kx,False,,t3_1cchdhz,False,,,,[],t1_l1677kx,True,,t3_1cchdhz,/r/AskPhysics/comments/1cchdhz/do_we_know_that_electrons_are_actually_particles/l1677kx/,,"{'kind': 'Listing', 'data': {'after': None, 'dist': None, 'modhash': None, 'geo_filter': '', 'children': [{'kind': 't1', 'data': {'subreddit_id': 't5_2sumo', 'approved_at_utc': None, 'author_is_blocked': False, 'comment_type': None, 'awarders': [], 'mod_reason_by': None, 'banned_by': None, 'author_flair_type': 'text', 'total_awards_received': 0, 'subreddit': 'AskPhysics', 'author_flair_template_id': None, 'likes': None, 'replies': '', 'user_reports': [], 'saved': False, 'id': 'l16g6yj', 'banned_at_utc': None, 'mod_reason_title': None, 'gilded': 0, 'archived': False, 'collapsed_reason_code': None, 'no_follow': True, 'author': 'kardoen', 'can_mod_post': False, 'created_utc': 1714039678.0, 'send_replies': True, 'parent_id': 't1_l1677kx', 'score': 2, 'author_fullname': 't2_f8si0', 'removal_reason': None, 'approved_by': None, 'mod_note': None, 'all_awardings': [], 'body': 'Then why do we use electrons for their wave-like properties all the time?', 'edited': False, 'top_awarded_type': None, 'author_flair_css_class': None, 'name': 't1_l16g6yj', 'is_submitter': False, 'downs': 0, 'author_flair_richtext': [], 'author_patreon_flair': False, 'body_html': '&lt;div class=""md""&gt;&lt;p&gt;Then why do we use electrons for their wave-like properties all the time?&lt;/p&gt;\n&lt;/div&gt;', 'gildings': {}, 'collapsed_reason': None, 'distinguished': None, 'associated_award': None, 'stickied': False, 'author_premium': False, 'can_gild': False, 'link_id': 't3_1cchdhz', 'unrepliable_reason': None, 'author_flair_text_color': None, 'score_hidden': False, 'permalink': '/r/AskPhysics/comments/1cchdhz/do_we_know_that_electrons_are_actually_particles/l16g6yj/', 'subreddit_type': 'public', 'locked': False, 'report_reasons': None, 'created': 1714039678.0, 'author_flair_text': None, 'treatment_tags': [], 'collapsed': False, 'subreddit_name_prefixed': 'r/AskPhysics', 'controversiality': 0, 'depth': 1, 'author_flair_background_color': None, 'collapsed_because_crowd_control': None, 'mod_reports': [], 'num_reports': None, 'ups': 2}}, {'kind': 't1', 'data': {'subreddit_id': 't5_2sumo', 'approved_at_utc': None, 'author_is_blocked': False, 'comment_type': None, 'awarders': [], 'mod_reason_by': None, 'banned_by': None, 'author_flair_type': 'text', 'total_awards_received': 0, 'subreddit': 'AskPhysics', 'author_flair_template_id': None, 'likes': None, 'replies': {'kind': 'Listing', 'data': {'after': None, 'dist': None, 'modhash': None, 'geo_filter': '', 'children': [{'kind': 't1', 'data': {'subreddit_id': 't5_2sumo', 'approved_at_utc': None, 'author_is_blocked': False, 'comment_type': None, 'awarders': [], 'mod_reason_by': None, 'banned_by': None, 'author_flair_type': 'text', 'total_awards_received': 0, 'subreddit': 'AskPhysics', 'author_flair_template_id': None, 'likes': None, 'replies': '', 'user_reports': [], 'saved': False, 'id': 'l17f8bx', 'banned_at_utc': None, 'mod_reason_title': None, 'gilded': 0, 'archived': False, 'collapsed_reason_code': None, 'no_follow': True, 'author': 'Gorilla1492', 'can_mod_post': False, 'send_replies': True, 'parent_id': 't1_l16kamy', 'score': 1, 'author_fullname': 't2_al0eobpq', 'removal_reason': None, 'approved_by': None, 'mod_note': None, 'all_awardings': [], 'body': 'Very interesting, thanks for the information. I always thought they were particles cause when you flip a light switch the electrons zoom in and power the light bulb.', 'edited': False, 'top_awarded_type': None, 'downs': 0, 'author_flair_css_class': None, 'name': 't1_l17f8bx', 'is_submitter': False, 'collapsed': False, 'author_flair_richtext': [], 'author_patreon_flair': False, 'body_html': '&lt;div class=""md""&gt;&lt;p&gt;Very interesting, thanks for the information. I always thought they were particles cause when you flip a light switch the electrons zoom in and power the light bulb.&lt;/p&gt;\n&lt;/div&gt;', 'gildings': {}, 'collapsed_reason': None, 'distinguished': None, 'associated_award': None, 'stickied': False, 'author_premium': True, 'can_gild': False, 'link_id': 't3_1cchdhz', 'unrepliable_reason': None, 'author_flair_text_color': None, 'score_hidden': False, 'permalink': '/r/AskPhysics/comments/1cchdhz/do_we_know_that_electrons_are_actually_particles/l17f8bx/', 'subreddit_type': 'public', 'locked': False, 'report_reasons': None, 'created': 1714055553.0, 'author_flair_text': None, 'treatment_tags': [], 'created_utc': 1714055553.0, 'subreddit_name_prefixed': 'r/AskPhysics', 'controversiality': 0, 'depth': 2, 'author_flair_background_color': None, 'collapsed_because_crowd_control': None, 'mod_reports': [], 'num_reports': None, 'ups': 1}}], 'before': None}}, 'user_reports': [], 'saved': False, 'id': 'l16kamy', 'banned_at_utc': None, 'mod_reason_title': None, 'gilded': 0, 'archived': False, 'collapsed_reason_code': None, 'no_follow': True, 'author': 'Mkwdr', 'can_mod_post': False, 'created_utc': 1714042269.0, 'send_replies': True, 'parent_id': 't1_l1677kx', 'score': 2, 'author_fullname': 't2_3d9sj28u', 'removal_reason': None, 'approved_by': None, 'mod_note': None, 'all_awardings': [], 'body': '&gt;Wave-particle duality is a cornerstone of quantum mechanics, which is our modern theory of how subatomic particles behave. The duality states that all particles (in fact, all objects) have a wave-like property associated with them.\n\nhttps://www.livescience.com/wave-particle-duality\n\nThe double slit experiment can be performed using electrons with the same wave effect as photons.', 'edited': False, 'top_awarded_type': None, 'author_flair_css_class': None, 'name': 't1_l16kamy', 'is_submitter': False, 'downs': 0, 'author_flair_richtext': [], 'author_patreon_flair': False, 'body_html': '&lt;div class=""md""&gt;&lt;blockquote&gt;\n&lt;p&gt;Wave-particle duality is a cornerstone of quantum mechanics, which is our modern theory of how subatomic particles behave. The duality states that all particles (in fact, all objects) have a wave-like property associated with them.&lt;/p&gt;\n&lt;/blockquote&gt;\n\n&lt;p&gt;&lt;a href=""https://www.livescience.com/wave-particle-duality""&gt;https://www.livescience.com/wave-particle-duality&lt;/a&gt;&lt;/p&gt;\n\n&lt;p&gt;The double slit experiment can be performed using electrons with the same wave effect as photons.&lt;/p&gt;\n&lt;/div&gt;', 'gildings': {}, 'collapsed_reason': None, 'distinguished': None, 'associated_award': None, 'stickied': False, 'author_premium': False, 'can_gild': False, 'link_id': 't3_1cchdhz', 'unrepliable_reason': None, 'author_flair_text_color': None, 'score_hidden': False, 'permalink': '/r/AskPhysics/comments/1cchdhz/do_we_know_that_electrons_are_actually_particles/l16kamy/', 'subreddit_type': 'public', 'locked': False, 'report_reasons': None, 'created': 1714042269.0, 'author_flair_text': None, 'treatment_tags': [], 'collapsed': False, 'subreddit_name_prefixed': 'r/AskPhysics', 'controversiality': 0, 'depth': 1, 'author_flair_background_color': None, 'collapsed_because_crowd_control': None, 'mod_reports': [], 'num_reports': None, 'ups': 2}}], 'before': None}}",,False,-5,False,True,False,AskPhysics,t5_2sumo,r/AskPhysics,public,,0,[],,-5,[],t1
