,all_awardings,approved_at_utc,approved_by,archived,associated_award,author,author_flair_background_color,author_flair_css_class,author_flair_richtext,author_flair_template_id,author_flair_text,author_flair_text_color,author_flair_type,author_fullname,author_is_blocked,author_patreon_flair,author_premium,awarders,banned_at_utc,banned_by,body,body_html,can_gild,can_mod_post,collapsed,collapsed_because_crowd_control,collapsed_reason,collapsed_reason_code,comment_type,controversiality,created,created_utc,depth,distinguished,downs,edited,gilded,gildings,id,is_submitter,likes,link_id,locked,mod_note,mod_reason_by,mod_reason_title,mod_reports,name,no_follow,num_reports,parent_id,permalink,removal_reason,replies,report_reasons,saved,score,score_hidden,send_replies,stickied,subreddit,subreddit_id,subreddit_name_prefixed,subreddit_type,top_awarded_type,total_awards_received,treatment_tags,unrepliable_reason,ups,user_reports,kind
data,[],,,False,,e_eleutheros,,,[],,,,text,t2_txl8incct,False,False,False,[],,,"Each changes the perceived frequency by a certain factor, so you can just multiply the factors together. If the source is moving at half the speed of sound, the frequency doubles. If the observer is moving at the speed of sound, the frequency doubles. If both occur at the same time, the frequency quadruples.","&lt;div class=""md""&gt;&lt;p&gt;Each changes the perceived frequency by a certain factor, so you can just multiply the factors together. If the source is moving at half the speed of sound, the frequency doubles. If the observer is moving at the speed of sound, the frequency doubles. If both occur at the same time, the frequency quadruples.&lt;/p&gt;
&lt;/div&gt;",False,False,False,,,,,0,1713887984.0,1713887984.0,0,,0,False,0,{},l0wmo9j,False,,t3_1cb84ge,False,,,,[],t1_l0wmo9j,True,,t3_1cb84ge,/r/AskPhysics/comments/1cb84ge/doppler_effect/l0wmo9j/,,,,False,2,False,True,False,AskPhysics,t5_2sumo,r/AskPhysics,public,,0,[],,2,[],t1
data_1,[],,,False,,starkeffect,,inter,[],8c5fb068-c6b2-11e4-b8be-22000bb30918,Education and outreach,dark,text,t2_3z9vh,False,False,False,[],,,"You just combine the formulas:

f/f_s = (v +/- v_L)/(v +/- v_s)

For example if the listener and the source are both moving in the same direction at the same speed, the right side becomes 1 and there is no shift.","&lt;div class=""md""&gt;&lt;p&gt;You just combine the formulas:&lt;/p&gt;

&lt;p&gt;f/f_s = (v +/- v_L)/(v +/- v_s)&lt;/p&gt;

&lt;p&gt;For example if the listener and the source are both moving in the same direction at the same speed, the right side becomes 1 and there is no shift.&lt;/p&gt;
&lt;/div&gt;",False,False,False,,,,,0,1713892360.0,1713892360.0,0,,0,False,0,{},l0wzsc0,False,,t3_1cb84ge,False,,,,[],t1_l0wzsc0,True,,t3_1cb84ge,/r/AskPhysics/comments/1cb84ge/doppler_effect/l0wzsc0/,,,,False,1,False,True,False,AskPhysics,t5_2sumo,r/AskPhysics,public,,0,[],,1,[],t1
