,all_awardings,approved_at_utc,approved_by,archived,associated_award,author,author_flair_background_color,author_flair_css_class,author_flair_richtext,author_flair_template_id,author_flair_text,author_flair_text_color,author_flair_type,author_fullname,author_is_blocked,author_patreon_flair,author_premium,awarders,banned_at_utc,banned_by,body,body_html,can_gild,can_mod_post,collapsed,collapsed_because_crowd_control,collapsed_reason,collapsed_reason_code,comment_type,controversiality,created,created_utc,depth,distinguished,downs,edited,gilded,gildings,id,is_submitter,likes,link_id,locked,mod_note,mod_reason_by,mod_reason_title,mod_reports,name,no_follow,num_reports,parent_id,permalink,removal_reason,replies,report_reasons,saved,score,score_hidden,send_replies,stickied,subreddit,subreddit_id,subreddit_name_prefixed,subreddit_type,top_awarded_type,total_awards_received,treatment_tags,unrepliable_reason,ups,user_reports,kind
data,[],,,False,,VFiddly,,,[],,,,text,t2_v53v17a68,False,False,False,[],,,"It's quite common for people to struggle in their first year of university physics. Previously in school you were used to a fairly guided experience where your classes and homework would cover everything you needed to know. Now you're suddenly expected to do your own learning outside of classes, and at this point you're responsible for your own failure.

Plenty of people take a little time to figure things out. I don't know how it works where you are, but in my university in the UK, our marks in the first year didn't even count towards our final grade, and this was part of the reason why, they assumed it would take some time for people to figure all this out.

That said, if you want to do better next time, something needs to change. You can't just go to the classes again and expect this time it'll click. You likely need to spend more time outside of classes working through the material. And, maybe most importantly: talk to other students in the same class. Find people to work with. Find people to ask questions to when you get stuck. That will make a big difference. You shouldn't try to do everything on your own.","&lt;div class=""md""&gt;&lt;p&gt;It&amp;#39;s quite common for people to struggle in their first year of university physics. Previously in school you were used to a fairly guided experience where your classes and homework would cover everything you needed to know. Now you&amp;#39;re suddenly expected to do your own learning outside of classes, and at this point you&amp;#39;re responsible for your own failure.&lt;/p&gt;

&lt;p&gt;Plenty of people take a little time to figure things out. I don&amp;#39;t know how it works where you are, but in my university in the UK, our marks in the first year didn&amp;#39;t even count towards our final grade, and this was part of the reason why, they assumed it would take some time for people to figure all this out.&lt;/p&gt;

&lt;p&gt;That said, if you want to do better next time, something needs to change. You can&amp;#39;t just go to the classes again and expect this time it&amp;#39;ll click. You likely need to spend more time outside of classes working through the material. And, maybe most importantly: talk to other students in the same class. Find people to work with. Find people to ask questions to when you get stuck. That will make a big difference. You shouldn&amp;#39;t try to do everything on your own.&lt;/p&gt;
&lt;/div&gt;",False,False,False,,,,,0,1714043181.0,1714043181.0,0,,0,False,0,{},l16lvbu,False,,t3_1cclfc8,False,,,,[],t1_l16lvbu,True,,t3_1cclfc8,/r/AskPhysics/comments/1cclfc8/underperforming_in_school_worth_it_to_continue/l16lvbu/,,"{'kind': 'Listing', 'data': {'after': None, 'dist': None, 'modhash': None, 'geo_filter': '', 'children': [{'kind': 't1', 'data': {'subreddit_id': 't5_2sumo', 'approved_at_utc': None, 'author_is_blocked': False, 'comment_type': None, 'awarders': [], 'mod_reason_by': None, 'banned_by': None, 'author_flair_type': 'text', 'total_awards_received': 0, 'subreddit': 'AskPhysics', 'author_flair_template_id': None, 'likes': None, 'replies': '', 'user_reports': [], 'saved': False, 'id': 'l180g5a', 'banned_at_utc': None, 'mod_reason_title': None, 'gilded': 0, 'archived': False, 'collapsed_reason_code': None, 'no_follow': True, 'author': 'TastyButGroovy', 'can_mod_post': False, 'created_utc': 1714062550.0, 'send_replies': True, 'parent_id': 't1_l16lvbu', 'score': 1, 'author_fullname': 't2_bh1u3u1', 'removal_reason': None, 'approved_by': None, 'mod_note': None, 'all_awardings': [], 'body': 'Cheers, thank you for the response. I have found the experience to be quite lonely, so seeking out others will be a priority next time.\n\nDo you have any advice for studying effectively? Are there any practices that I should focus on next time around?', 'edited': False, 'top_awarded_type': None, 'author_flair_css_class': None, 'name': 't1_l180g5a', 'is_submitter': True, 'downs': 0, 'author_flair_richtext': [], 'author_patreon_flair': False, 'body_html': '&lt;div class=""md""&gt;&lt;p&gt;Cheers, thank you for the response. I have found the experience to be quite lonely, so seeking out others will be a priority next time.&lt;/p&gt;\n\n&lt;p&gt;Do you have any advice for studying effectively? Are there any practices that I should focus on next time around?&lt;/p&gt;\n&lt;/div&gt;', 'gildings': {}, 'collapsed_reason': None, 'distinguished': None, 'associated_award': None, 'stickied': False, 'author_premium': False, 'can_gild': False, 'link_id': 't3_1cclfc8', 'unrepliable_reason': None, 'author_flair_text_color': None, 'score_hidden': False, 'permalink': '/r/AskPhysics/comments/1cclfc8/underperforming_in_school_worth_it_to_continue/l180g5a/', 'subreddit_type': 'public', 'locked': False, 'report_reasons': None, 'created': 1714062550.0, 'author_flair_text': None, 'treatment_tags': [], 'collapsed': False, 'subreddit_name_prefixed': 'r/AskPhysics', 'controversiality': 0, 'depth': 1, 'author_flair_background_color': None, 'collapsed_because_crowd_control': None, 'mod_reports': [], 'num_reports': None, 'ups': 1}}], 'before': None}}",,False,1,False,True,False,AskPhysics,t5_2sumo,r/AskPhysics,public,,0,[],,1,[],t1
data_1,[],,,False,,[deleted],,,,,,dark,,,False,,,[],,,[removed],"&lt;div class=""md""&gt;&lt;p&gt;[removed]&lt;/p&gt;
&lt;/div&gt;",False,False,False,,,,,0,1714032752.0,1714032752.0,0,,0,False,0,{},l166vhm,False,,t3_1cclfc8,False,,,,[],t1_l166vhm,True,,t3_1cclfc8,/r/AskPhysics/comments/1cclfc8/underperforming_in_school_worth_it_to_continue/l166vhm/,,"{'kind': 'Listing', 'data': {'after': None, 'dist': None, 'modhash': None, 'geo_filter': '', 'children': [{'kind': 't1', 'data': {'subreddit_id': 't5_2sumo', 'approved_at_utc': None, 'author_is_blocked': False, 'comment_type': None, 'awarders': [], 'mod_reason_by': None, 'banned_by': None, 'author_flair_type': 'text', 'total_awards_received': 0, 'subreddit': 'AskPhysics', 'author_flair_template_id': None, 'likes': None, 'replies': {'kind': 'Listing', 'data': {'after': None, 'dist': None, 'modhash': None, 'geo_filter': '', 'children': [{'kind': 't1', 'data': {'total_awards_received': 0, 'approved_at_utc': None, 'author_is_blocked': False, 'comment_type': None, 'awarders': [], 'mod_reason_by': None, 'banned_by': None, 'ups': 1, 'removal_reason': None, 'link_id': 't3_1cclfc8', 'author_flair_template_id': None, 'likes': None, 'replies': {'kind': 'Listing', 'data': {'after': None, 'dist': None, 'modhash': None, 'geo_filter': '', 'children': [{'kind': 't1', 'data': {'subreddit_id': 't5_2sumo', 'approved_at_utc': None, 'author_is_blocked': False, 'comment_type': None, 'awarders': [], 'mod_reason_by': None, 'banned_by': None, 'author_flair_type': 'text', 'total_awards_received': 0, 'subreddit': 'AskPhysics', 'author_flair_template_id': None, 'likes': None, 'replies': '', 'user_reports': [], 'saved': False, 'id': 'l18rktp', 'banned_at_utc': None, 'mod_reason_title': None, 'gilded': 0, 'archived': False, 'collapsed_reason_code': None, 'no_follow': True, 'author': 'screen317', 'can_mod_post': False, 'send_replies': True, 'parent_id': 't1_l16fzuj', 'score': 1, 'author_fullname': 't2_99j01', 'removal_reason': None, 'approved_by': None, 'mod_note': None, 'all_awardings': [], 'collapsed': False, 'body': 'Calc 1 is literally derivatives.', 'edited': False, 'top_awarded_type': None, 'author_flair_css_class': None, 'name': 't1_l18rktp', 'is_submitter': False, 'downs': 0, 'author_flair_richtext': [], 'author_patreon_flair': False, 'body_html': '&lt;div class=""md""&gt;&lt;p&gt;Calc 1 is literally derivatives.&lt;/p&gt;\n&lt;/div&gt;', 'gildings': {}, 'collapsed_reason': None, 'distinguished': None, 'associated_award': None, 'stickied': False, 'author_premium': False, 'can_gild': False, 'link_id': 't3_1cclfc8', 'unrepliable_reason': None, 'author_flair_text_color': None, 'score_hidden': False, 'permalink': '/r/AskPhysics/comments/1cclfc8/underperforming_in_school_worth_it_to_continue/l18rktp/', 'subreddit_type': 'public', 'locked': False, 'report_reasons': None, 'created': 1714074118.0, 'author_flair_text': None, 'treatment_tags': [], 'created_utc': 1714074118.0, 'subreddit_name_prefixed': 'r/AskPhysics', 'controversiality': 0, 'depth': 3, 'author_flair_background_color': None, 'collapsed_because_crowd_control': None, 'mod_reports': [], 'num_reports': None, 'ups': 1}}, {'kind': 't1', 'data': {'subreddit_id': 't5_2sumo', 'approved_at_utc': None, 'author_is_blocked': False, 'comment_type': None, 'awarders': [], 'mod_reason_by': None, 'banned_by': None, 'author_flair_type': 'text', 'total_awards_received': 0, 'subreddit': 'AskPhysics', 'author_flair_template_id': None, 'likes': None, 'replies': '', 'user_reports': [], 'saved': False, 'id': 'l180qqp', 'banned_at_utc': None, 'mod_reason_title': None, 'gilded': 0, 'archived': False, 'collapsed_reason_code': None, 'no_follow': True, 'author': 'TastyButGroovy', 'can_mod_post': False, 'send_replies': True, 'parent_id': 't1_l16fzuj', 'score': 0, 'author_fullname': 't2_bh1u3u1', 'removal_reason': None, 'approved_by': None, 'mod_note': None, 'all_awardings': [], 'collapsed': False, 'body': 'Thank you for the reply. Do you have any advice on how to study maths more effectively?', 'edited': False, 'top_awarded_type': None, 'author_flair_css_class': None, 'name': 't1_l180qqp', 'is_submitter': True, 'downs': 0, 'author_flair_richtext': [], 'author_patreon_flair': False, 'body_html': '&lt;div class=""md""&gt;&lt;p&gt;Thank you for the reply. Do you have any advice on how to study maths more effectively?&lt;/p&gt;\n&lt;/div&gt;', 'gildings': {}, 'collapsed_reason': None, 'distinguished': None, 'associated_award': None, 'stickied': False, 'author_premium': False, 'can_gild': False, 'link_id': 't3_1cclfc8', 'unrepliable_reason': None, 'author_flair_text_color': None, 'score_hidden': False, 'permalink': '/r/AskPhysics/comments/1cclfc8/underperforming_in_school_worth_it_to_continue/l180qqp/', 'subreddit_type': 'public', 'locked': False, 'report_reasons': None, 'created': 1714062647.0, 'author_flair_text': None, 'treatment_tags': [], 'created_utc': 1714062647.0, 'subreddit_name_prefixed': 'r/AskPhysics', 'controversiality': 0, 'depth': 3, 'author_flair_background_color': None, 'collapsed_because_crowd_control': None, 'mod_reports': [], 'num_reports': None, 'ups': 0}}], 'before': None}}, 'user_reports': [], 'saved': False, 'id': 'l16fzuj', 'banned_at_utc': None, 'mod_reason_title': None, 'gilded': 0, 'archived': False, 'collapsed_reason_code': None, 'no_follow': True, 'author': '[deleted]', 'can_mod_post': False, 'created_utc': 1714039542.0, 'send_replies': True, 'parent_id': 't1_l16e7cw', 'score': 1, 'approved_by': None, 'report_reasons': None, 'all_awardings': [], 'subreddit_id': 't5_2sumo', 'body': '[removed]', 'edited': False, 'author_flair_css_class': None, 'downs': 0, 'is_submitter': False, 'body_html': '&lt;div class=""md""&gt;&lt;p&gt;[removed]&lt;/p&gt;\n&lt;/div&gt;', 'gildings': {}, 'collapsed_reason': None, 'associated_award': None, 'stickied': False, 'subreddit_type': 'public', 'can_gild': False, 'top_awarded_type': None, 'unrepliable_reason': None, 'author_flair_text_color': 'dark', 'score_hidden': False, 'permalink': '/r/AskPhysics/comments/1cclfc8/underperforming_in_school_worth_it_to_continue/l16fzuj/', 'num_reports': None, 'locked': False, 'name': 't1_l16fzuj', 'created': 1714039542.0, 'subreddit': 'AskPhysics', 'author_flair_text': None, 'treatment_tags': [], 'collapsed': False, 'subreddit_name_prefixed': 'r/AskPhysics', 'controversiality': 0, 'depth': 2, 'author_flair_background_color': '', 'collapsed_because_crowd_control': None, 'mod_reports': [], 'mod_note': None, 'distinguished': None}}], 'before': None}}, 'user_reports': [], 'saved': False, 'id': 'l16e7cw', 'banned_at_utc': None, 'mod_reason_title': None, 'gilded': 0, 'archived': False, 'collapsed_reason_code': None, 'no_follow': True, 'author': 'screen317', 'can_mod_post': False, 'created_utc': 1714038275.0, 'send_replies': True, 'parent_id': 't1_l166vhm', 'score': 1, 'author_fullname': 't2_99j01', 'removal_reason': None, 'approved_by': None, 'mod_note': None, 'all_awardings': [], 'body': ""&gt; I'd tell you that failing some maths class is no problem at all\n\nIf you're failing calc 1, you aren't going to *make it* to linear algebra."", 'edited': False, 'top_awarded_type': None, 'author_flair_css_class': None, 'name': 't1_l16e7cw', 'is_submitter': False, 'downs': 0, 'author_flair_richtext': [], 'author_patreon_flair': False, 'body_html': '&lt;div class=""md""&gt;&lt;blockquote&gt;\n&lt;p&gt;I&amp;#39;d tell you that failing some maths class is no problem at all&lt;/p&gt;\n&lt;/blockquote&gt;\n\n&lt;p&gt;If you&amp;#39;re failing calc 1, you aren&amp;#39;t going to &lt;em&gt;make it&lt;/em&gt; to linear algebra.&lt;/p&gt;\n&lt;/div&gt;', 'gildings': {}, 'collapsed_reason': None, 'distinguished': None, 'associated_award': None, 'stickied': False, 'author_premium': False, 'can_gild': False, 'link_id': 't3_1cclfc8', 'unrepliable_reason': None, 'author_flair_text_color': None, 'score_hidden': False, 'permalink': '/r/AskPhysics/comments/1cclfc8/underperforming_in_school_worth_it_to_continue/l16e7cw/', 'subreddit_type': 'public', 'locked': False, 'report_reasons': None, 'created': 1714038275.0, 'author_flair_text': None, 'treatment_tags': [], 'collapsed': False, 'subreddit_name_prefixed': 'r/AskPhysics', 'controversiality': 0, 'depth': 1, 'author_flair_background_color': None, 'collapsed_because_crowd_control': None, 'mod_reports': [], 'num_reports': None, 'ups': 1}}], 'before': None}}",,False,0,False,True,False,AskPhysics,t5_2sumo,r/AskPhysics,public,,0,[],,0,[],t1
