,all_awardings,approved_at_utc,approved_by,archived,associated_award,author,author_flair_background_color,author_flair_css_class,author_flair_richtext,author_flair_template_id,author_flair_text,author_flair_text_color,author_flair_type,author_fullname,author_is_blocked,author_patreon_flair,author_premium,awarders,banned_at_utc,banned_by,body,body_html,can_gild,can_mod_post,collapsed,collapsed_because_crowd_control,collapsed_reason,collapsed_reason_code,comment_type,controversiality,created,created_utc,depth,distinguished,downs,edited,gilded,gildings,id,is_submitter,likes,link_id,locked,mod_note,mod_reason_by,mod_reason_title,mod_reports,name,no_follow,num_reports,parent_id,permalink,removal_reason,replies,report_reasons,saved,score,score_hidden,send_replies,stickied,subreddit,subreddit_id,subreddit_name_prefixed,subreddit_type,top_awarded_type,total_awards_received,treatment_tags,unrepliable_reason,ups,user_reports,kind
data,[],,,False,,Rensin2,,,[],,,,text,t2_i40qb,False,False,False,[],,,"It would need to change the moon's velocity by at least 816 m/s to get the moon to just scrape the earth. This would involve transferring at least 2.4\*10^(28) joules of kinetic energy to the moon in the moon's frame of reference.

Whether or not the moon would survive intact is beyond my knowledge.","&lt;div class=""md""&gt;&lt;p&gt;It would need to change the moon&amp;#39;s velocity by at least 816 m/s to get the moon to just scrape the earth. This would involve transferring at least 2.4*10&lt;sup&gt;28&lt;/sup&gt; joules of kinetic energy to the moon in the moon&amp;#39;s frame of reference.&lt;/p&gt;

&lt;p&gt;Whether or not the moon would survive intact is beyond my knowledge.&lt;/p&gt;
&lt;/div&gt;",False,False,False,,,,,0,1713910309.0,1713910309.0,0,,0,False,0,{},l0yh1di,False,,t3_1cbhb9b,False,,,,[],t1_l0yh1di,False,,t3_1cbhb9b,/r/AskPhysics/comments/1cbhb9b/could_an_impact_on_the_moon_cause_it_to_crash_in/l0yh1di/,,"{'kind': 'Listing', 'data': {'after': None, 'dist': None, 'modhash': None, 'geo_filter': '', 'children': [{'kind': 't1', 'data': {'subreddit_id': 't5_2sumo', 'approved_at_utc': None, 'author_is_blocked': False, 'comment_type': None, 'awarders': [], 'mod_reason_by': None, 'banned_by': None, 'author_flair_type': 'text', 'total_awards_received': 0, 'subreddit': 'AskPhysics', 'author_flair_template_id': '9bcf4428-c6b2-11e4-b2ab-22000b2b8b92', 'likes': None, 'replies': '', 'user_reports': [], 'saved': False, 'id': 'l0yhoea', 'banned_at_utc': None, 'mod_reason_title': None, 'gilded': 0, 'archived': False, 'collapsed_reason_code': None, 'no_follow': True, 'author': 'mikk0384', 'can_mod_post': False, 'created_utc': 1713910543.0, 'send_replies': True, 'parent_id': 't1_l0yh1di', 'score': 2, 'author_fullname': 't2_c5q70', 'removal_reason': None, 'approved_by': None, 'mod_note': None, 'all_awardings': [], 'body': 'I guess that the amount of debris thrown away from the moon from an impact like this would be enough to make Earth uninhabitable.', 'edited': False, 'top_awarded_type': None, 'author_flair_css_class': 'misc', 'name': 't1_l0yhoea', 'is_submitter': False, 'downs': 0, 'author_flair_richtext': [], 'author_patreon_flair': False, 'body_html': '&lt;div class=""md""&gt;&lt;p&gt;I guess that the amount of debris thrown away from the moon from an impact like this would be enough to make Earth uninhabitable.&lt;/p&gt;\n&lt;/div&gt;', 'gildings': {}, 'collapsed_reason': None, 'distinguished': None, 'associated_award': None, 'stickied': False, 'author_premium': False, 'can_gild': False, 'link_id': 't3_1cbhb9b', 'unrepliable_reason': None, 'author_flair_text_color': 'dark', 'score_hidden': False, 'permalink': '/r/AskPhysics/comments/1cbhb9b/could_an_impact_on_the_moon_cause_it_to_crash_in/l0yhoea/', 'subreddit_type': 'public', 'locked': False, 'report_reasons': None, 'created': 1713910543.0, 'author_flair_text': 'Physics enthusiast', 'treatment_tags': [], 'collapsed': False, 'subreddit_name_prefixed': 'r/AskPhysics', 'controversiality': 0, 'depth': 1, 'author_flair_background_color': None, 'collapsed_because_crowd_control': None, 'mod_reports': [], 'num_reports': None, 'ups': 2}}, {'kind': 't1', 'data': {'subreddit_id': 't5_2sumo', 'approved_at_utc': None, 'author_is_blocked': False, 'comment_type': None, 'awarders': [], 'mod_reason_by': None, 'banned_by': None, 'author_flair_type': 'text', 'total_awards_received': 0, 'subreddit': 'AskPhysics', 'author_flair_template_id': None, 'likes': None, 'replies': '', 'user_reports': [], 'saved': False, 'id': 'l0z353s', 'banned_at_utc': None, 'mod_reason_title': None, 'gilded': 0, 'archived': False, 'collapsed_reason_code': None, 'no_follow': True, 'author': 'vandergale', 'can_mod_post': False, 'created_utc': 1713918856.0, 'send_replies': True, 'parent_id': 't1_l0yh1di', 'score': 2, 'author_fullname': 't2_4prqad8q', 'removal_reason': None, 'approved_by': None, 'mod_note': None, 'all_awardings': [], 'body': ""That'd about 10% of the gravitational binding energy of the Moon, the energy needed to take all the Moon's mass and move it to infinity.\n\nAt that energy its a loose cloud of debris that will shotgun the Earth like no one's business."", 'edited': False, 'top_awarded_type': None, 'author_flair_css_class': None, 'name': 't1_l0z353s', 'is_submitter': False, 'downs': 0, 'author_flair_richtext': [], 'author_patreon_flair': False, 'body_html': '&lt;div class=""md""&gt;&lt;p&gt;That&amp;#39;d about 10% of the gravitational binding energy of the Moon, the energy needed to take all the Moon&amp;#39;s mass and move it to infinity.&lt;/p&gt;\n\n&lt;p&gt;At that energy its a loose cloud of debris that will shotgun the Earth like no one&amp;#39;s business.&lt;/p&gt;\n&lt;/div&gt;', 'gildings': {}, 'collapsed_reason': None, 'distinguished': None, 'associated_award': None, 'stickied': False, 'author_premium': False, 'can_gild': False, 'link_id': 't3_1cbhb9b', 'unrepliable_reason': None, 'author_flair_text_color': None, 'score_hidden': False, 'permalink': '/r/AskPhysics/comments/1cbhb9b/could_an_impact_on_the_moon_cause_it_to_crash_in/l0z353s/', 'subreddit_type': 'public', 'locked': False, 'report_reasons': None, 'created': 1713918856.0, 'author_flair_text': None, 'treatment_tags': [], 'collapsed': False, 'subreddit_name_prefixed': 'r/AskPhysics', 'controversiality': 0, 'depth': 1, 'author_flair_background_color': None, 'collapsed_because_crowd_control': None, 'mod_reports': [], 'num_reports': None, 'ups': 2}}, {'kind': 't1', 'data': {'subreddit_id': 't5_2sumo', 'approved_at_utc': None, 'author_is_blocked': False, 'comment_type': None, 'awarders': [], 'mod_reason_by': None, 'banned_by': None, 'author_flair_type': 'text', 'total_awards_received': 0, 'subreddit': 'AskPhysics', 'author_flair_template_id': None, 'likes': None, 'replies': '', 'user_reports': [], 'saved': False, 'id': 'l0ylt17', 'banned_at_utc': None, 'mod_reason_title': None, 'gilded': 0, 'archived': False, 'collapsed_reason_code': None, 'no_follow': True, 'author': 'SingularTusk', 'can_mod_post': False, 'created_utc': 1713912086.0, 'send_replies': True, 'parent_id': 't1_l0yh1di', 'score': 1, 'author_fullname': 't2_x05su59a8', 'removal_reason': None, 'approved_by': None, 'mod_note': None, 'all_awardings': [], 'body': 'Do we know the coefficient of elasticity for celestial bodies?', 'edited': False, 'top_awarded_type': None, 'author_flair_css_class': None, 'name': 't1_l0ylt17', 'is_submitter': False, 'downs': 0, 'author_flair_richtext': [], 'author_patreon_flair': False, 'body_html': '&lt;div class=""md""&gt;&lt;p&gt;Do we know the coefficient of elasticity for celestial bodies?&lt;/p&gt;\n&lt;/div&gt;', 'gildings': {}, 'collapsed_reason': None, 'distinguished': None, 'associated_award': None, 'stickied': False, 'author_premium': True, 'can_gild': False, 'link_id': 't3_1cbhb9b', 'unrepliable_reason': None, 'author_flair_text_color': None, 'score_hidden': False, 'permalink': '/r/AskPhysics/comments/1cbhb9b/could_an_impact_on_the_moon_cause_it_to_crash_in/l0ylt17/', 'subreddit_type': 'public', 'locked': False, 'report_reasons': None, 'created': 1713912086.0, 'author_flair_text': None, 'treatment_tags': [], 'collapsed': False, 'subreddit_name_prefixed': 'r/AskPhysics', 'controversiality': 0, 'depth': 1, 'author_flair_background_color': None, 'collapsed_because_crowd_control': None, 'mod_reports': [], 'num_reports': None, 'ups': 1}}], 'before': None}}",,False,7,False,True,False,AskPhysics,t5_2sumo,r/AskPhysics,public,,0,[],,7,[],t1
data_1,[],,,False,,ross_ns7f,,,[],,,,text,t2_s7p2fdqk,False,False,False,[],,,Short answer: no.,"&lt;div class=""md""&gt;&lt;p&gt;Short answer: no.&lt;/p&gt;
&lt;/div&gt;",False,False,False,,,,,0,1713912297.0,1713912297.0,0,,0,False,0,{},l0ymcxo,False,,t3_1cbhb9b,False,,,,[],t1_l0ymcxo,True,,t3_1cbhb9b,/r/AskPhysics/comments/1cbhb9b/could_an_impact_on_the_moon_cause_it_to_crash_in/l0ymcxo/,,"{'kind': 'Listing', 'data': {'after': None, 'dist': None, 'modhash': None, 'geo_filter': '', 'children': [{'kind': 't1', 'data': {'subreddit_id': 't5_2sumo', 'approved_at_utc': None, 'author_is_blocked': False, 'comment_type': None, 'awarders': [], 'mod_reason_by': None, 'banned_by': None, 'author_flair_type': 'text', 'total_awards_received': 0, 'subreddit': 'AskPhysics', 'author_flair_template_id': None, 'likes': None, 'replies': '', 'user_reports': [], 'saved': False, 'id': 'l1587ys', 'banned_at_utc': None, 'mod_reason_title': None, 'gilded': 0, 'archived': False, 'collapsed_reason_code': None, 'no_follow': True, 'author': 'Previous_Drive_3888', 'can_mod_post': False, 'created_utc': 1714012734.0, 'send_replies': True, 'parent_id': 't1_l0ymcxo', 'score': 1, 'author_fullname': 't2_a0o8l783', 'removal_reason': None, 'approved_by': None, 'mod_note': None, 'all_awardings': [], 'body': 'I\'d have thought the trivial answer was yes. Any object colliding with the moon on an inbound vector towards the Earth just has to have enough kinetic energy. Moon might be a collection of objects instead of a single ""solid"", but it\'s fundamentally no different from billiards.', 'edited': False, 'top_awarded_type': None, 'author_flair_css_class': None, 'name': 't1_l1587ys', 'is_submitter': False, 'downs': 0, 'author_flair_richtext': [], 'author_patreon_flair': False, 'body_html': '&lt;div class=""md""&gt;&lt;p&gt;I&amp;#39;d have thought the trivial answer was yes. Any object colliding with the moon on an inbound vector towards the Earth just has to have enough kinetic energy. Moon might be a collection of objects instead of a single &amp;quot;solid&amp;quot;, but it&amp;#39;s fundamentally no different from billiards.&lt;/p&gt;\n&lt;/div&gt;', 'gildings': {}, 'collapsed_reason': None, 'distinguished': None, 'associated_award': None, 'stickied': False, 'author_premium': False, 'can_gild': False, 'link_id': 't3_1cbhb9b', 'unrepliable_reason': None, 'author_flair_text_color': None, 'score_hidden': False, 'permalink': '/r/AskPhysics/comments/1cbhb9b/could_an_impact_on_the_moon_cause_it_to_crash_in/l1587ys/', 'subreddit_type': 'public', 'locked': False, 'report_reasons': None, 'created': 1714012734.0, 'author_flair_text': None, 'treatment_tags': [], 'collapsed': False, 'subreddit_name_prefixed': 'r/AskPhysics', 'controversiality': 0, 'depth': 1, 'author_flair_background_color': None, 'collapsed_because_crowd_control': None, 'mod_reports': [], 'num_reports': None, 'ups': 1}}], 'before': None}}",,False,3,False,True,False,AskPhysics,t5_2sumo,r/AskPhysics,public,,0,[],,3,[],t1
data_2,[],,,False,,Round-Percentage-575,,,[],,,,text,t2_yxwso8ca4,False,False,False,[],,,"An impact on the Moon could potentially alter its orbit, but it is highly unlikely to cause it to ""crash"" into the Earth. The Moon is about 1/6th the size of Earth and orbits at a relatively stable distance. For a collision to occur, the Moon's orbit would need to be drastically changed, which would require a very large and precisely aimed object. The chances of such an event are extremely remote.","&lt;div class=""md""&gt;&lt;p&gt;An impact on the Moon could potentially alter its orbit, but it is highly unlikely to cause it to &amp;quot;crash&amp;quot; into the Earth. The Moon is about 1/6th the size of Earth and orbits at a relatively stable distance. For a collision to occur, the Moon&amp;#39;s orbit would need to be drastically changed, which would require a very large and precisely aimed object. The chances of such an event are extremely remote.&lt;/p&gt;
&lt;/div&gt;",False,False,False,,,,,0,1713919665.0,1713919665.0,0,,0,False,0,{},l0z57z2,False,,t3_1cbhb9b,False,,,,[],t1_l0z57z2,True,,t3_1cbhb9b,/r/AskPhysics/comments/1cbhb9b/could_an_impact_on_the_moon_cause_it_to_crash_in/l0z57z2/,,,,False,1,False,True,False,AskPhysics,t5_2sumo,r/AskPhysics,public,,0,[],,1,[],t1
data_3,[],,,False,,Loud-Practice-5425,,,[],,,,text,t2_e0cqqacp,False,False,False,[],,,Anything large enough to dislodge it from orbit would shatter it into pieces.,"&lt;div class=""md""&gt;&lt;p&gt;Anything large enough to dislodge it from orbit would shatter it into pieces.&lt;/p&gt;
&lt;/div&gt;",False,False,False,,,,,0,1713957212.0,1713957212.0,0,,0,False,0,{},l110iia,False,,t3_1cbhb9b,False,,,,[],t1_l110iia,True,,t3_1cbhb9b,/r/AskPhysics/comments/1cbhb9b/could_an_impact_on_the_moon_cause_it_to_crash_in/l110iia/,,,,False,1,False,True,False,AskPhysics,t5_2sumo,r/AskPhysics,public,,0,[],,1,[],t1
data_4,[],,,False,,rational-realist238,,,[],,,,text,t2_y99ymw940,False,False,False,[],,,"Seems like the summary answer here is no.   This might warrant a completely different askphysics or nodumbquestions question, but I thought that objects in orbit are basically falling toward the object it is orbiting, but are moving parallel to the object fast enough to offset their fall, such that they remain in orbit and never crash.

If this is the case, why aren't orbits more fragile?  It would seem that even the smallest acceleration or deceleration would throw the equation out of balance and cause the object to fall our of orbit or fly off into space.","&lt;div class=""md""&gt;&lt;p&gt;Seems like the summary answer here is no.   This might warrant a completely different askphysics or nodumbquestions question, but I thought that objects in orbit are basically falling toward the object it is orbiting, but are moving parallel to the object fast enough to offset their fall, such that they remain in orbit and never crash.&lt;/p&gt;

&lt;p&gt;If this is the case, why aren&amp;#39;t orbits more fragile?  It would seem that even the smallest acceleration or deceleration would throw the equation out of balance and cause the object to fall our of orbit or fly off into space.&lt;/p&gt;
&lt;/div&gt;",False,False,False,,,,,0,1713961381.0,1713961381.0,0,,0,False,0,{},l11906i,False,,t3_1cbhb9b,False,,,,[],t1_l11906i,True,,t3_1cbhb9b,/r/AskPhysics/comments/1cbhb9b/could_an_impact_on_the_moon_cause_it_to_crash_in/l11906i/,,,,False,1,False,True,False,AskPhysics,t5_2sumo,r/AskPhysics,public,,0,[],,1,[],t1
data_5,[],,,False,,VAL9THOU,,,[],,,,text,t2_bybuk0qz,False,False,False,[],,,"It'd have to be a pretty big meteorite but yea, sure. If it cancels out all of the moons momentum, it would start falling down towards earth. The larger the meteor, the more likely it is for the moon to stay intact","&lt;div class=""md""&gt;&lt;p&gt;It&amp;#39;d have to be a pretty big meteorite but yea, sure. If it cancels out all of the moons momentum, it would start falling down towards earth. The larger the meteor, the more likely it is for the moon to stay intact&lt;/p&gt;
&lt;/div&gt;",False,False,False,,,,,0,1713915999.0,1713915999.0,0,,0,False,0,{},l0yvu5x,False,,t3_1cbhb9b,False,,,,[],t1_l0yvu5x,True,,t3_1cbhb9b,/r/AskPhysics/comments/1cbhb9b/could_an_impact_on_the_moon_cause_it_to_crash_in/l0yvu5x/,,,,False,1,False,True,False,AskPhysics,t5_2sumo,r/AskPhysics,public,,0,[],,1,[],t1
