,all_awardings,approved_at_utc,approved_by,archived,associated_award,author,author_flair_background_color,author_flair_css_class,author_flair_richtext,author_flair_template_id,author_flair_text,author_flair_text_color,author_flair_type,author_fullname,author_is_blocked,author_patreon_flair,author_premium,awarders,banned_at_utc,banned_by,body,body_html,can_gild,can_mod_post,collapsed,collapsed_because_crowd_control,collapsed_reason,collapsed_reason_code,comment_type,controversiality,created,created_utc,depth,distinguished,downs,edited,gilded,gildings,id,is_submitter,likes,link_id,locked,mod_note,mod_reason_by,mod_reason_title,mod_reports,name,no_follow,num_reports,parent_id,permalink,removal_reason,replies,report_reasons,saved,score,score_hidden,send_replies,stickied,subreddit,subreddit_id,subreddit_name_prefixed,subreddit_type,top_awarded_type,total_awards_received,treatment_tags,unrepliable_reason,ups,user_reports,kind
data,[],,,False,,e_eleutheros,,,[],,,,text,t2_txl8incct,False,False,False,[],,,"For the equivalent resistance problems, the best idea is the process outlined in the solutions and answers: find the ones you can identify as being in parallel or in series to begin with, collapse those into a single equivalent resistance, and then repeat this over and over until you're left with the resistance you're looking for.

For the voltage and current problems the answer at this stage is virtually always: apply KVL and/or KCL and solve the resulting equations to get what you need.

It's hard to be more specific than this without any reference to any particular problem and what you struggle with, so if you want to improve you should just solve a lot of problems and ask for help whenever there's something you're unable to solve.","&lt;div class=""md""&gt;&lt;p&gt;For the equivalent resistance problems, the best idea is the process outlined in the solutions and answers: find the ones you can identify as being in parallel or in series to begin with, collapse those into a single equivalent resistance, and then repeat this over and over until you&amp;#39;re left with the resistance you&amp;#39;re looking for.&lt;/p&gt;

&lt;p&gt;For the voltage and current problems the answer at this stage is virtually always: apply KVL and/or KCL and solve the resulting equations to get what you need.&lt;/p&gt;

&lt;p&gt;It&amp;#39;s hard to be more specific than this without any reference to any particular problem and what you struggle with, so if you want to improve you should just solve a lot of problems and ask for help whenever there&amp;#39;s something you&amp;#39;re unable to solve.&lt;/p&gt;
&lt;/div&gt;",False,False,False,,,,,0,1714048121.0,1714048121.0,0,,0,False,0,{},l16vv5j,False,,t3_1ccq9gw,False,,,,[],t1_l16vv5j,True,,t3_1ccq9gw,/r/AskPhysics/comments/1ccq9gw/i_keep_getting_these_circuit_questions_from_hell/l16vv5j/,,,,False,3,False,True,False,AskPhysics,t5_2sumo,r/AskPhysics,public,,0,[],,3,[],t1
data_1,[],,,False,,Typical_Trainer_4081,,,[],,,,text,t2_t22afeyl,False,False,False,[],,,"P.S I am not asking for answers to these questions specifically, these type of questions in general really stump me","&lt;div class=""md""&gt;&lt;p&gt;P.S I am not asking for answers to these questions specifically, these type of questions in general really stump me&lt;/p&gt;
&lt;/div&gt;",False,False,False,,,,,0,1714046884.0,1714046884.0,0,,0,False,0,{},l16t606,True,,t3_1ccq9gw,False,,,,[],t1_l16t606,True,,t3_1ccq9gw,/r/AskPhysics/comments/1ccq9gw/i_keep_getting_these_circuit_questions_from_hell/l16t606/,,,,False,1,False,True,False,AskPhysics,t5_2sumo,r/AskPhysics,public,,0,[],,1,[],t1
