,[],,,False,,tpolakov1,,mat,[],7f4501c6-c6b2-11e4-bd93-22000b6d02ed,Condensed matter physics,dark,text,t2_4no6lqg4,False,False,False,[],,,"Depends, if by speed of light you mean *c*, then a change to that would imply changing the geometry of our universe, so our universe would just not exist.

If by speed of light you mean the speed at which light moves (which always has to be at most *c*, even in your hypothetical scenario) then it still [determines the strength of electromagnetic interactions](https://en.wikipedia.org/wiki/Fine-structure_constant). If it were different, there is a very strong probability that no bound states of *anything* would form.","&lt;div class=""md""&gt;&lt;p&gt;Depends, if by speed of light you mean &lt;em&gt;c&lt;/em&gt;, then a change to that would imply changing the geometry of our universe, so our universe would just not exist.&lt;/p&gt;

&lt;p&gt;If by speed of light you mean the speed at which light moves (which always has to be at most &lt;em&gt;c&lt;/em&gt;, even in your hypothetical scenario) then it still &lt;a href=""https://en.wikipedia.org/wiki/Fine-structure_constant""&gt;determines the strength of electromagnetic interactions&lt;/a&gt;. If it were different, there is a very strong probability that no bound states of &lt;em&gt;anything&lt;/em&gt; would form.&lt;/p&gt;
&lt;/div&gt;",False,False,False,,,,,0,1714077182.0,1714077182.0,0,,0,False,0,{},l190wda,False,,t3_1cd0z89,False,,,,[],t1_l190wda,True,,t3_1cd0z89,/r/AskPhysics/comments/1cd0z89/would_change_in_speed_of_light_have_any_effect_on/l190wda/,,,,False,2,False,True,False,AskPhysics,t5_2sumo,r/AskPhysics,public,,0,[],,2,[],t1
data,[],,,False,,tpolakov1,,mat,[],7f4501c6-c6b2-11e4-bd93-22000b6d02ed,Condensed matter physics,dark,text,t2_4no6lqg4,False,False,False,[],,,"Depends, if by speed of light you mean *c*, then a change to that would imply changing the geometry of our universe, so our universe would just not exist.

If by speed of light you mean the speed at which light moves (which always has to be at most *c*, even in your hypothetical scenario) then it still [determines the strength of electromagnetic interactions](https://en.wikipedia.org/wiki/Fine-structure_constant). If it were different, there is a very strong probability that no bound states of *anything* would form.","&lt;div class=""md""&gt;&lt;p&gt;Depends, if by speed of light you mean &lt;em&gt;c&lt;/em&gt;, then a change to that would imply changing the geometry of our universe, so our universe would just not exist.&lt;/p&gt;

&lt;p&gt;If by speed of light you mean the speed at which light moves (which always has to be at most &lt;em&gt;c&lt;/em&gt;, even in your hypothetical scenario) then it still &lt;a href=""https://en.wikipedia.org/wiki/Fine-structure_constant""&gt;determines the strength of electromagnetic interactions&lt;/a&gt;. If it were different, there is a very strong probability that no bound states of &lt;em&gt;anything&lt;/em&gt; would form.&lt;/p&gt;
&lt;/div&gt;",False,False,False,,,,,0,1714077182.0,1714077182.0,0,,0,False,0,{},l190wda,False,,t3_1cd0z89,False,,,,[],t1_l190wda,True,,t3_1cd0z89,/r/AskPhysics/comments/1cd0z89/would_change_in_speed_of_light_have_any_effect_on/l190wda/,,,,False,2,False,True,False,AskPhysics,t5_2sumo,r/AskPhysics,public,,0,[],,2,[],t1
