,all_awardings,approved_at_utc,approved_by,archived,associated_award,author,author_flair_background_color,author_flair_css_class,author_flair_richtext,author_flair_template_id,author_flair_text,author_flair_text_color,author_flair_type,author_fullname,author_is_blocked,author_patreon_flair,author_premium,awarders,banned_at_utc,banned_by,body,body_html,can_gild,can_mod_post,collapsed,collapsed_because_crowd_control,collapsed_reason,collapsed_reason_code,comment_type,controversiality,created,created_utc,depth,distinguished,downs,edited,gilded,gildings,id,is_submitter,likes,link_id,locked,mod_note,mod_reason_by,mod_reason_title,mod_reports,name,no_follow,num_reports,parent_id,permalink,removal_reason,replies,report_reasons,saved,score,score_hidden,send_replies,stickied,subreddit,subreddit_id,subreddit_name_prefixed,subreddit_type,top_awarded_type,total_awards_received,treatment_tags,unrepliable_reason,ups,user_reports,kind
data,[],,,False,,tpolakov1,,mat,[],7f4501c6-c6b2-11e4-bd93-22000b6d02ed,Condensed matter physics,dark,text,t2_4no6lqg4,False,False,False,[],,,"The potential is a field spanning the whole space, and the potential energy is (proportional to) the difference of this field. If things don't move, they can't change their potential and can't extract any energy out of the gravitational field without that change.","&lt;div class=""md""&gt;&lt;p&gt;The potential is a field spanning the whole space, and the potential energy is (proportional to) the difference of this field. If things don&amp;#39;t move, they can&amp;#39;t change their potential and can&amp;#39;t extract any energy out of the gravitational field without that change.&lt;/p&gt;
&lt;/div&gt;",False,False,False,,,,,0,1713987877.0,1713987877.0,0,,0,False,0,{},l13d0jw,False,,t3_1cc74o5,False,,,,[],t1_l13d0jw,True,,t3_1cc74o5,/r/AskPhysics/comments/1cc74o5/can_gravitational_potential_energy_be_reduced_or/l13d0jw/,,"{'kind': 'Listing', 'data': {'after': None, 'dist': None, 'modhash': None, 'geo_filter': '', 'children': [{'kind': 't1', 'data': {'subreddit_id': 't5_2sumo', 'approved_at_utc': None, 'author_is_blocked': False, 'comment_type': None, 'awarders': [], 'mod_reason_by': None, 'banned_by': None, 'author_flair_type': 'text', 'total_awards_received': 0, 'subreddit': 'AskPhysics', 'author_flair_template_id': None, 'likes': None, 'replies': '', 'user_reports': [], 'saved': False, 'id': 'l13fvme', 'banned_at_utc': None, 'mod_reason_title': None, 'gilded': 0, 'archived': False, 'collapsed_reason_code': None, 'no_follow': True, 'author': '89Research89', 'can_mod_post': False, 'created_utc': 1713988808.0, 'send_replies': True, 'parent_id': 't1_l13d0jw', 'score': 2, 'author_fullname': 't2_yztlqlnii', 'removal_reason': None, 'approved_by': None, 'mod_note': None, 'all_awardings': [], 'body': ""Oh man, seeing that first sentence distills it best for me! I think I was making a mistake by not understanding the GPE was essentially *definitional* when describing the relative location between the two objects in their gravitational fields-- there' no other kind of kinetic energy other than motion which can change the relative location. \n\nThank you very much!"", 'edited': False, 'top_awarded_type': None, 'author_flair_css_class': None, 'name': 't1_l13fvme', 'is_submitter': True, 'downs': 0, 'author_flair_richtext': [], 'author_patreon_flair': False, 'body_html': '&lt;div class=""md""&gt;&lt;p&gt;Oh man, seeing that first sentence distills it best for me! I think I was making a mistake by not understanding the GPE was essentially &lt;em&gt;definitional&lt;/em&gt; when describing the relative location between the two objects in their gravitational fields-- there&amp;#39; no other kind of kinetic energy other than motion which can change the relative location. &lt;/p&gt;\n\n&lt;p&gt;Thank you very much!&lt;/p&gt;\n&lt;/div&gt;', 'gildings': {}, 'collapsed_reason': None, 'distinguished': None, 'associated_award': None, 'stickied': False, 'author_premium': False, 'can_gild': False, 'link_id': 't3_1cc74o5', 'unrepliable_reason': None, 'author_flair_text_color': None, 'score_hidden': False, 'permalink': '/r/AskPhysics/comments/1cc74o5/can_gravitational_potential_energy_be_reduced_or/l13fvme/', 'subreddit_type': 'public', 'locked': False, 'report_reasons': None, 'created': 1713988808.0, 'author_flair_text': None, 'treatment_tags': [], 'collapsed': False, 'subreddit_name_prefixed': 'r/AskPhysics', 'controversiality': 0, 'depth': 1, 'author_flair_background_color': None, 'collapsed_because_crowd_control': None, 'mod_reports': [], 'num_reports': None, 'ups': 2}}], 'before': None}}",,False,3,False,True,False,AskPhysics,t5_2sumo,r/AskPhysics,public,,0,[],,3,[],t1
data_1,[],,,False,,Odd_Bodkin,,,[],,,,text,t2_ic8an,False,False,False,[],,,"Simplest example I can think of is letting already running water in a river fall over a turbine in a hydroelectric dam. If the motion is such that the speed of the water hasn’t changed much, then there is also not much change in kinetic energy. A lot of the gravitational potential energy has been converted to electrical potential energy.","&lt;div class=""md""&gt;&lt;p&gt;Simplest example I can think of is letting already running water in a river fall over a turbine in a hydroelectric dam. If the motion is such that the speed of the water hasn’t changed much, then there is also not much change in kinetic energy. A lot of the gravitational potential energy has been converted to electrical potential energy.&lt;/p&gt;
&lt;/div&gt;",False,False,False,,,,,0,1713990670.0,1713990670.0,0,,0,False,0,{},l13lkd4,False,,t3_1cc74o5,False,,,,[],t1_l13lkd4,True,,t3_1cc74o5,/r/AskPhysics/comments/1cc74o5/can_gravitational_potential_energy_be_reduced_or/l13lkd4/,,,,False,1,False,True,False,AskPhysics,t5_2sumo,r/AskPhysics,public,,0,[],,1,[],t1
