,[],,,False,,nivlark,,astro,[],73485a1c-c6b2-11e4-b026-22000b698517,Astrophysics,dark,text,t2_7k3gl,False,False,False,[],,,"The answer is pretty non-trivial, but the basic idea is that we model how each of those parameters affects the CMB power spectrum, and then compare those models with the observed spectrum to determine which combination of parameters best reproduces (in a statistical sense) the observations.

For some detail see [these lecture notes](https://arxiv.org/abs/0802.3688), in particular section 3.7.","&lt;div class=""md""&gt;&lt;p&gt;The answer is pretty non-trivial, but the basic idea is that we model how each of those parameters affects the CMB power spectrum, and then compare those models with the observed spectrum to determine which combination of parameters best reproduces (in a statistical sense) the observations.&lt;/p&gt;

&lt;p&gt;For some detail see &lt;a href=""https://arxiv.org/abs/0802.3688""&gt;these lecture notes&lt;/a&gt;, in particular section 3.7.&lt;/p&gt;
&lt;/div&gt;",False,False,False,,,,,0,1713964376.0,1713964376.0,0,,0,1713964686.0,0,{},l11g2bb,False,,t3_1cbxgei,False,,,,[],t1_l11g2bb,True,,t3_1cbxgei,/r/AskPhysics/comments/1cbxgei/how_does_the_planck_satellite_use_the_cmb/l11g2bb/,,,,False,2,False,True,False,AskPhysics,t5_2sumo,r/AskPhysics,public,,0,[],,2,[],t1
data,[],,,False,,nivlark,,astro,[],73485a1c-c6b2-11e4-b026-22000b698517,Astrophysics,dark,text,t2_7k3gl,False,False,False,[],,,"The answer is pretty non-trivial, but the basic idea is that we model how each of those parameters affects the CMB power spectrum, and then compare those models with the observed spectrum to determine which combination of parameters best reproduces (in a statistical sense) the observations.

For some detail see [these lecture notes](https://arxiv.org/abs/0802.3688), in particular section 3.7.","&lt;div class=""md""&gt;&lt;p&gt;The answer is pretty non-trivial, but the basic idea is that we model how each of those parameters affects the CMB power spectrum, and then compare those models with the observed spectrum to determine which combination of parameters best reproduces (in a statistical sense) the observations.&lt;/p&gt;

&lt;p&gt;For some detail see &lt;a href=""https://arxiv.org/abs/0802.3688""&gt;these lecture notes&lt;/a&gt;, in particular section 3.7.&lt;/p&gt;
&lt;/div&gt;",False,False,False,,,,,0,1713964376.0,1713964376.0,0,,0,1713964686.0,0,{},l11g2bb,False,,t3_1cbxgei,False,,,,[],t1_l11g2bb,True,,t3_1cbxgei,/r/AskPhysics/comments/1cbxgei/how_does_the_planck_satellite_use_the_cmb/l11g2bb/,,,,False,2,False,True,False,AskPhysics,t5_2sumo,r/AskPhysics,public,,0,[],,2,[],t1
