,all_awardings,approved_at_utc,approved_by,archived,associated_award,author,author_flair_background_color,author_flair_css_class,author_flair_richtext,author_flair_template_id,author_flair_text,author_flair_text_color,author_flair_type,author_fullname,author_is_blocked,author_patreon_flair,author_premium,awarders,banned_at_utc,banned_by,body,body_html,can_gild,can_mod_post,collapsed,collapsed_because_crowd_control,collapsed_reason,collapsed_reason_code,comment_type,controversiality,created,created_utc,depth,distinguished,downs,edited,gilded,gildings,id,is_submitter,likes,link_id,locked,mod_note,mod_reason_by,mod_reason_title,mod_reports,name,no_follow,num_reports,parent_id,permalink,removal_reason,replies,report_reasons,saved,score,score_hidden,send_replies,stickied,subreddit,subreddit_id,subreddit_name_prefixed,subreddit_type,top_awarded_type,total_awards_received,treatment_tags,unrepliable_reason,ups,user_reports,kind
data,[],,,False,,PertinaxII,,,[],,,,text,t2_awj9flo,False,False,False,[],,,"Riding.  Firstly there is the extra weight of the bike, and the force in concentrated on a small area at the bottom of the  tyre. This will crush the grass and compress the soil, may even create ruts.","&lt;div class=""md""&gt;&lt;p&gt;Riding.  Firstly there is the extra weight of the bike, and the force in concentrated on a small area at the bottom of the  tyre. This will crush the grass and compress the soil, may even create ruts.&lt;/p&gt;
&lt;/div&gt;",False,False,False,,,,,0,1714037139.0,1714037139.0,0,,0,False,0,{},l16cnwz,False,,t3_1cckfog,False,,,,[],t1_l16cnwz,False,,t3_1cckfog,/r/AskPhysics/comments/1cckfog/riding_a_bicycle_over_grass_vs_walking_on_grass/l16cnwz/,,,,False,8,False,True,False,AskPhysics,t5_2sumo,r/AskPhysics,public,,0,[],,8,[],t1
data_1,[],,,False,,No-Extent-4142,,,[],,,,text,t2_alxotwh8q,False,False,False,[],,,Not every question involving physical objects is a physics question,"&lt;div class=""md""&gt;&lt;p&gt;Not every question involving physical objects is a physics question&lt;/p&gt;
&lt;/div&gt;",False,False,False,,,,,0,1714060352.0,1714060352.0,0,,0,False,0,{},l17tpdi,False,,t3_1cckfog,False,,,,[],t1_l17tpdi,False,,t3_1cckfog,/r/AskPhysics/comments/1cckfog/riding_a_bicycle_over_grass_vs_walking_on_grass/l17tpdi/,,,,False,7,False,True,False,AskPhysics,t5_2sumo,r/AskPhysics,public,,0,[],,7,[],t1
data_2,[],,,False,,Kyokoharu,,astro,[],73485a1c-c6b2-11e4-b026-22000b698517,Astrophysics,dark,text,t2_fbcpx5jql,False,False,False,[],,,it’s askphysics not askgardeners,"&lt;div class=""md""&gt;&lt;p&gt;it’s askphysics not askgardeners&lt;/p&gt;
&lt;/div&gt;",False,False,False,,,,,0,1714025147.0,1714025147.0,0,,0,False,0,{},l15vyqy,False,,t3_1cckfog,False,,,,[],t1_l15vyqy,False,,t3_1cckfog,/r/AskPhysics/comments/1cckfog/riding_a_bicycle_over_grass_vs_walking_on_grass/l15vyqy/,,,,False,11,False,True,False,AskPhysics,t5_2sumo,r/AskPhysics,public,,0,[],,11,[],t1
data_3,[],,,False,,VAL9THOU,,,[],,,,text,t2_bybuk0qz,False,False,False,[],,,"A bicycle tire's contact patch is quite a bit smaller than a footprint, so I'd hazard a guess and say that the bicycle is worse just from the increased pressure

That being said, I'm not a gardener. Ask one of them","&lt;div class=""md""&gt;&lt;p&gt;A bicycle tire&amp;#39;s contact patch is quite a bit smaller than a footprint, so I&amp;#39;d hazard a guess and say that the bicycle is worse just from the increased pressure&lt;/p&gt;

&lt;p&gt;That being said, I&amp;#39;m not a gardener. Ask one of them&lt;/p&gt;
&lt;/div&gt;",False,False,False,,,,,0,1714052572.0,1714052572.0,0,,0,False,0,{},l176tlo,False,,t3_1cckfog,False,,,,[],t1_l176tlo,True,,t3_1cckfog,/r/AskPhysics/comments/1cckfog/riding_a_bicycle_over_grass_vs_walking_on_grass/l176tlo/,,,,False,1,False,True,False,AskPhysics,t5_2sumo,r/AskPhysics,public,,0,[],,1,[],t1
data_4,[],,,False,,chaicory,,,[],,,,text,t2_m2fj73qk,False,False,False,[],,,Thanks! ❤️,"&lt;div class=""md""&gt;&lt;p&gt;Thanks! ❤️&lt;/p&gt;
&lt;/div&gt;",False,False,False,,,,,0,1714054216.0,1714054216.0,0,,0,False,0,{},l17bddu,True,,t3_1cckfog,False,,,,[],t1_l17bddu,True,,t3_1cckfog,/r/AskPhysics/comments/1cckfog/riding_a_bicycle_over_grass_vs_walking_on_grass/l17bddu/,,,,False,1,False,True,False,AskPhysics,t5_2sumo,r/AskPhysics,public,,0,[],,1,[],t1
data_5,[],,,False,,chaicory,,,[],,,,text,t2_m2fj73qk,False,False,False,[],,,Would the friction of a bicycle tire moving at 0.5 mph over grass do more or less damage to the grass vs walking over the grass. Definitely a physics question.,"&lt;div class=""md""&gt;&lt;p&gt;Would the friction of a bicycle tire moving at 0.5 mph over grass do more or less damage to the grass vs walking over the grass. Definitely a physics question.&lt;/p&gt;
&lt;/div&gt;",False,False,False,,,,,0,1714029048.0,1714029048.0,0,,0,False,0,{},l161syd,True,,t3_1cckfog,False,,,,[],t1_l161syd,True,,t3_1cckfog,/r/AskPhysics/comments/1cckfog/riding_a_bicycle_over_grass_vs_walking_on_grass/l161syd/,,"{'kind': 'Listing', 'data': {'after': None, 'dist': None, 'modhash': None, 'geo_filter': '', 'children': [{'kind': 't1', 'data': {'subreddit_id': 't5_2sumo', 'approved_at_utc': None, 'author_is_blocked': False, 'comment_type': None, 'awarders': [], 'mod_reason_by': None, 'banned_by': None, 'author_flair_type': 'text', 'total_awards_received': 0, 'subreddit': 'AskPhysics', 'author_flair_template_id': '7f4501c6-c6b2-11e4-bd93-22000b6d02ed', 'likes': None, 'replies': '', 'user_reports': [], 'saved': False, 'id': 'l167h21', 'banned_at_utc': None, 'mod_reason_title': None, 'gilded': 0, 'archived': False, 'collapsed_reason_code': None, 'no_follow': False, 'author': 'Almighty_Emperor', 'can_mod_post': False, 'created_utc': 1714033209.0, 'send_replies': True, 'parent_id': 't1_l161syd', 'score': 6, 'author_fullname': 't2_acb7l', 'removal_reason': None, 'approved_by': None, 'mod_note': None, 'all_awardings': [], 'body': ""Unfortunately, most physicists are not familiar with the intricacies of grass and how delicate these plants may or may not be.\n\nI would suggest asking r/gardening, or another similar subreddit with better expertise than this one.\n\nOf course, we would be happy to help if you'd like to solve for an indestructible spherical bicycle rolling over indestructible spherical grass in a vacuum..."", 'edited': False, 'top_awarded_type': None, 'author_flair_css_class': 'mat', 'name': 't1_l167h21', 'is_submitter': False, 'downs': 0, 'author_flair_richtext': [], 'author_patreon_flair': False, 'body_html': '&lt;div class=""md""&gt;&lt;p&gt;Unfortunately, most physicists are not familiar with the intricacies of grass and how delicate these plants may or may not be.&lt;/p&gt;\n\n&lt;p&gt;I would suggest asking &lt;a href=""/r/gardening""&gt;r/gardening&lt;/a&gt;, or another similar subreddit with better expertise than this one.&lt;/p&gt;\n\n&lt;p&gt;Of course, we would be happy to help if you&amp;#39;d like to solve for an indestructible spherical bicycle rolling over indestructible spherical grass in a vacuum...&lt;/p&gt;\n&lt;/div&gt;', 'gildings': {}, 'collapsed_reason': None, 'distinguished': None, 'associated_award': None, 'stickied': False, 'author_premium': False, 'can_gild': False, 'link_id': 't3_1cckfog', 'unrepliable_reason': None, 'author_flair_text_color': 'dark', 'score_hidden': False, 'permalink': '/r/AskPhysics/comments/1cckfog/riding_a_bicycle_over_grass_vs_walking_on_grass/l167h21/', 'subreddit_type': 'public', 'locked': False, 'report_reasons': None, 'created': 1714033209.0, 'author_flair_text': 'Condensed matter physics', 'treatment_tags': [], 'collapsed': False, 'subreddit_name_prefixed': 'r/AskPhysics', 'controversiality': 0, 'depth': 1, 'author_flair_background_color': None, 'collapsed_because_crowd_control': None, 'mod_reports': [], 'num_reports': None, 'ups': 6}}, {'kind': 't1', 'data': {'subreddit_id': 't5_2sumo', 'approved_at_utc': None, 'author_is_blocked': False, 'comment_type': None, 'awarders': [], 'mod_reason_by': None, 'banned_by': None, 'author_flair_type': 'text', 'total_awards_received': 0, 'subreddit': 'AskPhysics', 'author_flair_template_id': None, 'likes': None, 'replies': '', 'user_reports': [], 'saved': False, 'id': 'l16c9rl', 'banned_at_utc': None, 'mod_reason_title': None, 'gilded': 0, 'archived': False, 'collapsed_reason_code': None, 'no_follow': True, 'author': 'DR0P_TABLE_STUDENT', 'can_mod_post': False, 'created_utc': 1714036844.0, 'send_replies': True, 'parent_id': 't1_l161syd', 'score': 3, 'author_fullname': 't2_xo5iq78eo', 'removal_reason': None, 'approved_by': None, 'mod_note': None, 'all_awardings': [], 'body': 'Human plus Bike = more weight.\n\nTires have smaller Contact-Area with the ground.\n\nThe overall affected area per traversed length is approximately the same (100cm² per m of travel).\n\nIt depends on the speed, but I would think the bicycle is worse.\n\n0.22 m/s seems very slow', 'edited': 1714037129.0, 'top_awarded_type': None, 'author_flair_css_class': None, 'name': 't1_l16c9rl', 'is_submitter': False, 'downs': 0, 'author_flair_richtext': [], 'author_patreon_flair': False, 'body_html': '&lt;div class=""md""&gt;&lt;p&gt;Human plus Bike = more weight.&lt;/p&gt;\n\n&lt;p&gt;Tires have smaller Contact-Area with the ground.&lt;/p&gt;\n\n&lt;p&gt;The overall affected area per traversed length is approximately the same (100cm² per m of travel).&lt;/p&gt;\n\n&lt;p&gt;It depends on the speed, but I would think the bicycle is worse.&lt;/p&gt;\n\n&lt;p&gt;0.22 m/s seems very slow&lt;/p&gt;\n&lt;/div&gt;', 'gildings': {}, 'collapsed_reason': None, 'distinguished': None, 'associated_award': None, 'stickied': False, 'author_premium': False, 'can_gild': False, 'link_id': 't3_1cckfog', 'unrepliable_reason': None, 'author_flair_text_color': None, 'score_hidden': False, 'permalink': '/r/AskPhysics/comments/1cckfog/riding_a_bicycle_over_grass_vs_walking_on_grass/l16c9rl/', 'subreddit_type': 'public', 'locked': False, 'report_reasons': None, 'created': 1714036844.0, 'author_flair_text': None, 'treatment_tags': [], 'collapsed': False, 'subreddit_name_prefixed': 'r/AskPhysics', 'controversiality': 0, 'depth': 1, 'author_flair_background_color': None, 'collapsed_because_crowd_control': None, 'mod_reports': [], 'num_reports': None, 'ups': 3}}], 'before': None}}",,False,-1,False,True,False,AskPhysics,t5_2sumo,r/AskPhysics,public,,0,[],,-1,[],t1
