,all_awardings,approved_at_utc,approved_by,archived,associated_award,author,author_flair_background_color,author_flair_css_class,author_flair_richtext,author_flair_template_id,author_flair_text,author_flair_text_color,author_flair_type,author_fullname,author_is_blocked,author_patreon_flair,author_premium,awarders,banned_at_utc,banned_by,body,body_html,can_gild,can_mod_post,collapsed,collapsed_because_crowd_control,collapsed_reason,collapsed_reason_code,comment_type,controversiality,created,created_utc,depth,distinguished,downs,edited,gilded,gildings,id,is_submitter,likes,link_id,locked,mod_note,mod_reason_by,mod_reason_title,mod_reports,name,no_follow,num_reports,parent_id,permalink,removal_reason,replies,report_reasons,saved,score,score_hidden,send_replies,stickied,subreddit,subreddit_id,subreddit_name_prefixed,subreddit_type,top_awarded_type,total_awards_received,treatment_tags,unrepliable_reason,ups,user_reports,kind
data,[],,,False,,Adkit,,,[],,,,text,t2_e89e7,False,False,False,[],,,"If you drill slowly it will take longer but it will give the material and drill time to dissipate the heat. If you drill fast it will be quick but the heat will get higher and higher.

High heat means the drill gets softer. There's also some reasonings like the metal of the drill has been heat treated for hardness and that treatment gets removed if it heats up too much but I don't know how that works.","&lt;div class=""md""&gt;&lt;p&gt;If you drill slowly it will take longer but it will give the material and drill time to dissipate the heat. If you drill fast it will be quick but the heat will get higher and higher.&lt;/p&gt;

&lt;p&gt;High heat means the drill gets softer. There&amp;#39;s also some reasonings like the metal of the drill has been heat treated for hardness and that treatment gets removed if it heats up too much but I don&amp;#39;t know how that works.&lt;/p&gt;
&lt;/div&gt;",False,False,False,,,,,0,1714128305.0,1714128305.0,0,,0,False,0,{},l1bzfk1,False,,t3_1cd0pop,False,,,,[],t1_l1bzfk1,True,,t3_1cd0pop,/r/AskPhysics/comments/1cd0pop/why_is_there_a_difference_in_the_way_i_drill/l1bzfk1/,,"{'kind': 'Listing', 'data': {'after': None, 'dist': None, 'modhash': None, 'geo_filter': '', 'children': [{'kind': 't1', 'data': {'subreddit_id': 't5_2sumo', 'approved_at_utc': None, 'author_is_blocked': False, 'comment_type': None, 'awarders': [], 'mod_reason_by': None, 'banned_by': None, 'author_flair_type': 'text', 'total_awards_received': 0, 'subreddit': 'AskPhysics', 'author_flair_template_id': None, 'likes': None, 'replies': '', 'user_reports': [], 'saved': False, 'id': 'l1esb5q', 'banned_at_utc': None, 'mod_reason_title': None, 'gilded': 0, 'archived': False, 'collapsed_reason_code': None, 'no_follow': True, 'author': 'Much-Release7646', 'can_mod_post': False, 'created_utc': 1714165718.0, 'send_replies': True, 'parent_id': 't1_l1bzfk1', 'score': 1, 'author_fullname': 't2_4gb3rkvf', 'removal_reason': None, 'approved_by': None, 'mod_note': None, 'all_awardings': [], 'body': 'This makes a lot of sense and sounds so obvious in hindsight, thank you!', 'edited': False, 'top_awarded_type': None, 'author_flair_css_class': None, 'name': 't1_l1esb5q', 'is_submitter': True, 'downs': 0, 'author_flair_richtext': [], 'author_patreon_flair': False, 'body_html': '&lt;div class=""md""&gt;&lt;p&gt;This makes a lot of sense and sounds so obvious in hindsight, thank you!&lt;/p&gt;\n&lt;/div&gt;', 'gildings': {}, 'collapsed_reason': None, 'distinguished': None, 'associated_award': None, 'stickied': False, 'author_premium': False, 'can_gild': False, 'link_id': 't3_1cd0pop', 'unrepliable_reason': None, 'author_flair_text_color': None, 'score_hidden': False, 'permalink': '/r/AskPhysics/comments/1cd0pop/why_is_there_a_difference_in_the_way_i_drill/l1esb5q/', 'subreddit_type': 'public', 'locked': False, 'report_reasons': None, 'created': 1714165718.0, 'author_flair_text': None, 'treatment_tags': [], 'collapsed': False, 'subreddit_name_prefixed': 'r/AskPhysics', 'controversiality': 0, 'depth': 1, 'author_flair_background_color': None, 'collapsed_because_crowd_control': None, 'mod_reports': [], 'num_reports': None, 'ups': 1}}], 'before': None}}",,False,3,False,True,False,AskPhysics,t5_2sumo,r/AskPhysics,public,,0,[],,3,[],t1
data_1,[],,,False,,Old_Engineer_9176,,,[],,,,text,t2_u82yp61xm,False,False,False,[],,,"**Drilling stainless steel needs to be done with sharp bits, low RPM, higher cutting pressure (feed), and lots of lube/coolant. High RPM will lead to immediate burned-out drill bits. I would suggest getting a good cutting wax suitable for stainless steel. At a pinch good old WD40 does the job.**","&lt;div class=""md""&gt;&lt;p&gt;&lt;strong&gt;Drilling stainless steel needs to be done with sharp bits, low RPM, higher cutting pressure (feed), and lots of lube/coolant. High RPM will lead to immediate burned-out drill bits. I would suggest getting a good cutting wax suitable for stainless steel. At a pinch good old WD40 does the job.&lt;/strong&gt;&lt;/p&gt;
&lt;/div&gt;",False,False,False,,,,,0,1714078739.0,1714078739.0,0,,0,False,0,{},l195iy7,False,,t3_1cd0pop,False,,,,[],t1_l195iy7,True,,t3_1cd0pop,/r/AskPhysics/comments/1cd0pop/why_is_there_a_difference_in_the_way_i_drill/l195iy7/,,,,False,3,False,True,False,AskPhysics,t5_2sumo,r/AskPhysics,public,,0,[],,3,[],t1
