,all_awardings,approved_at_utc,approved_by,archived,associated_award,author,author_flair_background_color,author_flair_css_class,author_flair_richtext,author_flair_template_id,author_flair_text,author_flair_text_color,author_flair_type,author_fullname,author_is_blocked,author_patreon_flair,author_premium,awarders,banned_at_utc,banned_by,body,body_html,can_gild,can_mod_post,collapsed,collapsed_because_crowd_control,collapsed_reason,collapsed_reason_code,comment_type,controversiality,created,created_utc,depth,distinguished,downs,edited,gilded,gildings,id,is_submitter,likes,link_id,locked,mod_note,mod_reason_by,mod_reason_title,mod_reports,name,no_follow,num_reports,parent_id,permalink,removal_reason,replies,report_reasons,saved,score,score_hidden,send_replies,stickied,subreddit,subreddit_id,subreddit_name_prefixed,subreddit_type,top_awarded_type,total_awards_received,treatment_tags,unrepliable_reason,ups,user_reports,kind
data,[],,,False,,FoolishChemist,,,[],,,,text,t2_hqrvq,False,False,False,[],,,"Looking at the nuclear energy levels

https://www.researchgate.net/figure/Nuclear-energy-levels-in-a-diffuse-potential-well-At-the-left-are-the-levels-obtained_fig6_322835585

There is a large jump after 82 meaning those extra protons are in high energy states and it's more favorable to decay into more stable products.  Eventually it semi-stabilizes because the difference in energy between the isotope and the decay products isn't as large.

So why isn't Bismuth (element 83) wildly radioactive? Proton emission usually isn't a thing, and the high binding energy of the alpha particle makes it unlikely to form from one weekly bound proton and one strongly held magic proton.

As for why it doesn't happen earlier on, the number of protons isn't as high so the overall Columbic repulsion isn't as high so the strong force is able to keep things together.  Radioactivity happens because the mass of the daughter products is less than the mass of the original isotope. Also the larger the mass difference, the larger the energy difference from E=mc^2 so that correlates with a shorter half-life.","&lt;div class=""md""&gt;&lt;p&gt;Looking at the nuclear energy levels&lt;/p&gt;

&lt;p&gt;&lt;a href=""https://www.researchgate.net/figure/Nuclear-energy-levels-in-a-diffuse-potential-well-At-the-left-are-the-levels-obtained_fig6_322835585""&gt;https://www.researchgate.net/figure/Nuclear-energy-levels-in-a-diffuse-potential-well-At-the-left-are-the-levels-obtained_fig6_322835585&lt;/a&gt;&lt;/p&gt;

&lt;p&gt;There is a large jump after 82 meaning those extra protons are in high energy states and it&amp;#39;s more favorable to decay into more stable products.  Eventually it semi-stabilizes because the difference in energy between the isotope and the decay products isn&amp;#39;t as large.&lt;/p&gt;

&lt;p&gt;So why isn&amp;#39;t Bismuth (element 83) wildly radioactive? Proton emission usually isn&amp;#39;t a thing, and the high binding energy of the alpha particle makes it unlikely to form from one weekly bound proton and one strongly held magic proton.&lt;/p&gt;

&lt;p&gt;As for why it doesn&amp;#39;t happen earlier on, the number of protons isn&amp;#39;t as high so the overall Columbic repulsion isn&amp;#39;t as high so the strong force is able to keep things together.  Radioactivity happens because the mass of the daughter products is less than the mass of the original isotope. Also the larger the mass difference, the larger the energy difference from E=mc&lt;sup&gt;2&lt;/sup&gt; so that correlates with a shorter half-life.&lt;/p&gt;
&lt;/div&gt;",False,False,False,,,,,0,1713987734.0,1713987734.0,0,,0,False,0,{},l13ckfz,False,,t3_1cc5hsp,False,,,,[],t1_l13ckfz,False,,t3_1cc5hsp,/r/AskPhysics/comments/1cc5hsp/what_is_the_physical_cause_of_the_abyss_of/l13ckfz/,,,,False,7,False,True,False,AskPhysics,t5_2sumo,r/AskPhysics,public,,0,[],,7,[],t1
data_1,[],,,False,,me_too_999,,,[],,,,text,t2_1213ep,False,False,False,[],,,"Off of the top of my head.

Atomic nucleus follows a numerical pattern similar to electron orbitals. 

In electrons, a full shell is more stable than incomplete shells. 

The most reactive elements have an odd number of electrons in the outer shell.

The most stable nuclei have an even number or proportional number of protons and neutrons.

There is a series of numbers that are more stable, and the in-between are less stable.

I would say the 84, to 88 have an incompletely filled energy band causing instability.","&lt;div class=""md""&gt;&lt;p&gt;Off of the top of my head.&lt;/p&gt;

&lt;p&gt;Atomic nucleus follows a numerical pattern similar to electron orbitals. &lt;/p&gt;

&lt;p&gt;In electrons, a full shell is more stable than incomplete shells. &lt;/p&gt;

&lt;p&gt;The most reactive elements have an odd number of electrons in the outer shell.&lt;/p&gt;

&lt;p&gt;The most stable nuclei have an even number or proportional number of protons and neutrons.&lt;/p&gt;

&lt;p&gt;There is a series of numbers that are more stable, and the in-between are less stable.&lt;/p&gt;

&lt;p&gt;I would say the 84, to 88 have an incompletely filled energy band causing instability.&lt;/p&gt;
&lt;/div&gt;",False,False,False,,,,,0,1713989299.0,1713989299.0,0,,0,False,0,{},l13hcwb,False,,t3_1cc5hsp,False,,,,[],t1_l13hcwb,True,,t3_1cc5hsp,/r/AskPhysics/comments/1cc5hsp/what_is_the_physical_cause_of_the_abyss_of/l13hcwb/,,,,False,2,False,True,False,AskPhysics,t5_2sumo,r/AskPhysics,public,,0,[],,2,[],t1
