,all_awardings,approved_at_utc,approved_by,archived,associated_award,author,author_flair_background_color,author_flair_css_class,author_flair_richtext,author_flair_template_id,author_flair_text,author_flair_text_color,author_flair_type,author_fullname,author_is_blocked,author_patreon_flair,author_premium,awarders,banned_at_utc,banned_by,body,body_html,can_gild,can_mod_post,collapsed,collapsed_because_crowd_control,collapsed_reason,collapsed_reason_code,comment_type,controversiality,created,created_utc,depth,distinguished,downs,edited,gilded,gildings,id,is_submitter,likes,link_id,locked,mod_note,mod_reason_by,mod_reason_title,mod_reports,name,no_follow,num_reports,parent_id,permalink,removal_reason,replies,report_reasons,saved,score,score_hidden,send_replies,stickied,subreddit,subreddit_id,subreddit_name_prefixed,subreddit_type,top_awarded_type,total_awards_received,treatment_tags,unrepliable_reason,ups,user_reports,kind
data,[],,,False,,mikk0384,,misc,[],9bcf4428-c6b2-11e4-b2ab-22000b2b8b92,Physics enthusiast,dark,text,t2_c5q70,False,False,False,[],,,"I'm not convinced that you could inflate it at all if you don't allow stretching, but I really don't know.

The max would definitely be less than a sphere with the same surface area. A sphere is the optimal shape, and two flat squares don't map onto the surface of a sphere.","&lt;div class=""md""&gt;&lt;p&gt;I&amp;#39;m not convinced that you could inflate it at all if you don&amp;#39;t allow stretching, but I really don&amp;#39;t know.&lt;/p&gt;

&lt;p&gt;The max would definitely be less than a sphere with the same surface area. A sphere is the optimal shape, and two flat squares don&amp;#39;t map onto the surface of a sphere.&lt;/p&gt;
&lt;/div&gt;",False,False,False,,,,,0,1714042380.0,1714042380.0,0,,0,1714042636.0,0,{},l16khgk,False,,t3_1cconcr,False,,,,[],t1_l16khgk,False,,t3_1cconcr,/r/AskPhysics/comments/1cconcr/whats_the_maximum_volume_two_square_flexible/l16khgk/,,"{'kind': 'Listing', 'data': {'after': None, 'dist': None, 'modhash': None, 'geo_filter': '', 'children': [{'kind': 't1', 'data': {'subreddit_id': 't5_2sumo', 'approved_at_utc': None, 'author_is_blocked': False, 'comment_type': None, 'awarders': [], 'mod_reason_by': None, 'banned_by': None, 'author_flair_type': 'text', 'total_awards_received': 0, 'subreddit': 'AskPhysics', 'author_flair_template_id': None, 'likes': None, 'replies': {'kind': 'Listing', 'data': {'after': None, 'dist': None, 'modhash': None, 'geo_filter': '', 'children': [{'kind': 't1', 'data': {'subreddit_id': 't5_2sumo', 'approved_at_utc': None, 'author_is_blocked': False, 'comment_type': None, 'awarders': [], 'mod_reason_by': None, 'banned_by': None, 'author_flair_type': 'text', 'total_awards_received': 0, 'subreddit': 'AskPhysics', 'author_flair_template_id': None, 'likes': None, 'replies': '', 'user_reports': [], 'saved': False, 'id': 'l1fil4v', 'banned_at_utc': None, 'mod_reason_title': None, 'gilded': 0, 'archived': False, 'collapsed_reason_code': None, 'no_follow': True, 'author': 'Shufflepants', 'can_mod_post': False, 'send_replies': True, 'parent_id': 't1_l1bkfde', 'score': 1, 'author_fullname': 't2_11l93q', 'removal_reason': None, 'approved_by': None, 'mod_note': None, 'all_awardings': [], 'body': ""I just cannot see how that shape does not stretch parts of the bag slightly. I can't see how that shape isn't inducing curvature in more than 1 direction. The only sources I can find on that problem is the linked old thread."", 'edited': False, 'top_awarded_type': None, 'downs': 0, 'author_flair_css_class': None, 'name': 't1_l1fil4v', 'is_submitter': False, 'collapsed': False, 'author_flair_richtext': [], 'author_patreon_flair': False, 'body_html': '&lt;div class=""md""&gt;&lt;p&gt;I just cannot see how that shape does not stretch parts of the bag slightly. I can&amp;#39;t see how that shape isn&amp;#39;t inducing curvature in more than 1 direction. The only sources I can find on that problem is the linked old thread.&lt;/p&gt;\n&lt;/div&gt;', 'gildings': {}, 'collapsed_reason': None, 'distinguished': None, 'associated_award': None, 'stickied': False, 'author_premium': False, 'can_gild': False, 'link_id': 't3_1cconcr', 'unrepliable_reason': None, 'author_flair_text_color': None, 'score_hidden': False, 'permalink': '/r/AskPhysics/comments/1cconcr/whats_the_maximum_volume_two_square_flexible/l1fil4v/', 'subreddit_type': 'public', 'locked': False, 'report_reasons': None, 'created': 1714176001.0, 'author_flair_text': None, 'treatment_tags': [], 'created_utc': 1714176001.0, 'subreddit_name_prefixed': 'r/AskPhysics', 'controversiality': 0, 'depth': 2, 'author_flair_background_color': None, 'collapsed_because_crowd_control': None, 'mod_reports': [], 'num_reports': None, 'ups': 1}}], 'before': None}}, 'user_reports': [], 'saved': False, 'id': 'l1bkfde', 'banned_at_utc': None, 'mod_reason_title': None, 'gilded': 0, 'archived': False, 'collapsed_reason_code': None, 'no_follow': True, 'author': 'Iruton13', 'can_mod_post': False, 'created_utc': 1714117691.0, 'send_replies': True, 'parent_id': 't1_l16khgk', 'score': 2, 'author_fullname': 't2_1p6fyrf', 'removal_reason': None, 'approved_by': None, 'mod_note': None, 'all_awardings': [], 'body': 'Wikipedia seems to have a page on this exact problem of inflating a flat rectangular bag and finding the max volume:\n\n[https://en.wikipedia.org/wiki/Paper\\_bag\\_problem](https://en.wikipedia.org/wiki/Paper_bag_problem)', 'edited': False, 'top_awarded_type': None, 'author_flair_css_class': None, 'name': 't1_l1bkfde', 'is_submitter': False, 'downs': 0, 'author_flair_richtext': [], 'author_patreon_flair': False, 'body_html': '&lt;div class=""md""&gt;&lt;p&gt;Wikipedia seems to have a page on this exact problem of inflating a flat rectangular bag and finding the max volume:&lt;/p&gt;\n\n&lt;p&gt;&lt;a href=""https://en.wikipedia.org/wiki/Paper_bag_problem""&gt;https://en.wikipedia.org/wiki/Paper_bag_problem&lt;/a&gt;&lt;/p&gt;\n&lt;/div&gt;', 'gildings': {}, 'collapsed_reason': None, 'distinguished': None, 'associated_award': None, 'stickied': False, 'author_premium': False, 'can_gild': False, 'link_id': 't3_1cconcr', 'unrepliable_reason': None, 'author_flair_text_color': None, 'score_hidden': False, 'permalink': '/r/AskPhysics/comments/1cconcr/whats_the_maximum_volume_two_square_flexible/l1bkfde/', 'subreddit_type': 'public', 'locked': False, 'report_reasons': None, 'created': 1714117691.0, 'author_flair_text': None, 'treatment_tags': [], 'collapsed': False, 'subreddit_name_prefixed': 'r/AskPhysics', 'controversiality': 0, 'depth': 1, 'author_flair_background_color': None, 'collapsed_because_crowd_control': None, 'mod_reports': [], 'num_reports': None, 'ups': 2}}, {'kind': 't1', 'data': {'subreddit_id': 't5_2sumo', 'approved_at_utc': None, 'author_is_blocked': False, 'comment_type': None, 'awarders': [], 'mod_reason_by': None, 'banned_by': None, 'author_flair_type': 'text', 'total_awards_received': 0, 'subreddit': 'AskPhysics', 'author_flair_template_id': None, 'likes': None, 'replies': {'kind': 'Listing', 'data': {'after': None, 'dist': None, 'modhash': None, 'geo_filter': '', 'children': [{'kind': 't1', 'data': {'subreddit_id': 't5_2sumo', 'approved_at_utc': None, 'author_is_blocked': False, 'comment_type': None, 'awarders': [], 'mod_reason_by': None, 'banned_by': None, 'author_flair_type': 'text', 'total_awards_received': 0, 'subreddit': 'AskPhysics', 'author_flair_template_id': None, 'likes': None, 'replies': {'kind': 'Listing', 'data': {'after': None, 'dist': None, 'modhash': None, 'geo_filter': '', 'children': [{'kind': 't1', 'data': {'subreddit_id': 't5_2sumo', 'approved_at_utc': None, 'author_is_blocked': False, 'comment_type': None, 'awarders': [], 'mod_reason_by': None, 'banned_by': None, 'author_flair_type': 'text', 'total_awards_received': 0, 'subreddit': 'AskPhysics', 'author_flair_template_id': None, 'likes': None, 'replies': '', 'user_reports': [], 'saved': False, 'id': 'l190cy5', 'banned_at_utc': None, 'mod_reason_title': None, 'gilded': 0, 'archived': False, 'collapsed_reason_code': None, 'no_follow': True, 'author': 'Chemomechanics', 'can_mod_post': False, 'send_replies': True, 'parent_id': 't1_l18of7i', 'score': 1, 'author_fullname': 't2_61sm0', 'removal_reason': None, 'approved_by': None, 'mod_note': None, 'all_awardings': [], 'collapsed': False, 'body': ""Although stretching is prohibited in the question, a material with negligible bending stiffness can buckle and fold freely.\n\nUltimately, however, we can't make a material with infinite stretching stiffness (meaning an infinite Young's modulus), and the [bending stiffness](https://en.wikipedia.org/wiki/Flexural_modulus) scales with Young's modulus anyway, so—as I wrote—the question isn't physically realistic.\n\nA flat square of material with simply a very high—not infinite—stretching stiffness and low bending stiffness can certainly be wrapped around a curved shape, with folds."", 'edited': False, 'top_awarded_type': None, 'author_flair_css_class': 'mat', 'name': 't1_l190cy5', 'is_submitter': False, 'downs': 0, 'author_flair_richtext': [], 'author_patreon_flair': False, 'body_html': '&lt;div class=""md""&gt;&lt;p&gt;Although stretching is prohibited in the question, a material with negligible bending stiffness can buckle and fold freely.&lt;/p&gt;\n\n&lt;p&gt;Ultimately, however, we can&amp;#39;t make a material with infinite stretching stiffness (meaning an infinite Young&amp;#39;s modulus), and the &lt;a href=""https://en.wikipedia.org/wiki/Flexural_modulus""&gt;bending stiffness&lt;/a&gt; scales with Young&amp;#39;s modulus anyway, so—as I wrote—the question isn&amp;#39;t physically realistic.&lt;/p&gt;\n\n&lt;p&gt;A flat square of material with simply a very high—not infinite—stretching stiffness and low bending stiffness can certainly be wrapped around a curved shape, with folds.&lt;/p&gt;\n&lt;/div&gt;', 'gildings': {}, 'collapsed_reason': None, 'distinguished': None, 'associated_award': None, 'stickied': False, 'author_premium': False, 'can_gild': False, 'link_id': 't3_1cconcr', 'unrepliable_reason': None, 'author_flair_text_color': 'dark', 'score_hidden': False, 'permalink': '/r/AskPhysics/comments/1cconcr/whats_the_maximum_volume_two_square_flexible/l190cy5/', 'subreddit_type': 'public', 'locked': False, 'report_reasons': None, 'created': 1714077003.0, 'author_flair_text': 'Materials science', 'treatment_tags': [], 'created_utc': 1714077003.0, 'subreddit_name_prefixed': 'r/AskPhysics', 'controversiality': 0, 'depth': 3, 'author_flair_background_color': '', 'collapsed_because_crowd_control': None, 'mod_reports': [], 'num_reports': None, 'ups': 1}}], 'before': None}}, 'user_reports': [], 'saved': False, 'id': 'l18of7i', 'banned_at_utc': None, 'mod_reason_title': None, 'gilded': 0, 'archived': False, 'collapsed_reason_code': None, 'no_follow': True, 'author': '1strategist1', 'can_mod_post': False, 'send_replies': True, 'parent_id': 't1_l17zdb8', 'score': 2, 'author_fullname': 't2_2r8ugb2', 'removal_reason': None, 'approved_by': None, 'mod_note': None, 'all_awardings': [], 'body': 'Chain mail can stretch and squish by the links moving into/out of each other.\xa0\n\nIn order to bend in 2 directions at once (to make a nonzero volume with edges connected), you’d end up changing the curvature of the square sheets from 0 to some positive value. The only way to do that is with some form of stretching or squishing.\xa0', 'edited': False, 'top_awarded_type': None, 'downs': 0, 'author_flair_css_class': None, 'name': 't1_l18of7i', 'is_submitter': False, 'collapsed': False, 'author_flair_richtext': [], 'author_patreon_flair': False, 'body_html': '&lt;div class=""md""&gt;&lt;p&gt;Chain mail can stretch and squish by the links moving into/out of each other.\xa0&lt;/p&gt;\n\n&lt;p&gt;In order to bend in 2 directions at once (to make a nonzero volume with edges connected), you’d end up changing the curvature of the square sheets from 0 to some positive value. The only way to do that is with some form of stretching or squishing.\xa0&lt;/p&gt;\n&lt;/div&gt;', 'gildings': {}, 'collapsed_reason': None, 'distinguished': None, 'associated_award': None, 'stickied': False, 'author_premium': False, 'can_gild': False, 'link_id': 't3_1cconcr', 'unrepliable_reason': None, 'author_flair_text_color': None, 'score_hidden': False, 'permalink': '/r/AskPhysics/comments/1cconcr/whats_the_maximum_volume_two_square_flexible/l18of7i/', 'subreddit_type': 'public', 'locked': False, 'report_reasons': None, 'created': 1714073099.0, 'author_flair_text': None, 'treatment_tags': [], 'created_utc': 1714073099.0, 'subreddit_name_prefixed': 'r/AskPhysics', 'controversiality': 0, 'depth': 2, 'author_flair_background_color': None, 'collapsed_because_crowd_control': None, 'mod_reports': [], 'num_reports': None, 'ups': 2}}], 'before': None}}, 'user_reports': [], 'saved': False, 'id': 'l17zdb8', 'banned_at_utc': None, 'mod_reason_title': None, 'gilded': 0, 'archived': False, 'collapsed_reason_code': None, 'no_follow': True, 'author': 'Chemomechanics', 'can_mod_post': False, 'created_utc': 1714062205.0, 'send_replies': True, 'parent_id': 't1_l16khgk', 'score': 1, 'author_fullname': 't2_61sm0', 'removal_reason': None, 'approved_by': None, 'mod_note': None, 'all_awardings': [], 'body': ""&gt;\xa0I'm not convinced that you could inflate it at all if you don't allow stretching, but I really don't know. \xa0\xa0\n\nChain mail is a good example of something that bends (links rotating) far easier than it stretches (metal deforming). Think of making a pouch by connecting two sheets of initially flat chain mail. Bunching would occur at the too-long edges.\xa0\xa0\n\nI don’t know either what volume one would obtain in the limit of infinite bending flexibility without stretching. It’s more a mathematical question, as we can’t make a continuum material like this—it would have zero thickness.\xa0"", 'edited': 1714062526.0, 'top_awarded_type': None, 'author_flair_css_class': 'mat', 'name': 't1_l17zdb8', 'is_submitter': False, 'downs': 0, 'author_flair_richtext': [], 'author_patreon_flair': False, 'body_html': '&lt;div class=""md""&gt;&lt;blockquote&gt;\n&lt;p&gt;\xa0I&amp;#39;m not convinced that you could inflate it at all if you don&amp;#39;t allow stretching, but I really don&amp;#39;t know. \xa0\xa0&lt;/p&gt;\n&lt;/blockquote&gt;\n\n&lt;p&gt;Chain mail is a good example of something that bends (links rotating) far easier than it stretches (metal deforming). Think of making a pouch by connecting two sheets of initially flat chain mail. Bunching would occur at the too-long edges.\xa0\xa0&lt;/p&gt;\n\n&lt;p&gt;I don’t know either what volume one would obtain in the limit of infinite bending flexibility without stretching. It’s more a mathematical question, as we can’t make a continuum material like this—it would have zero thickness.\xa0&lt;/p&gt;\n&lt;/div&gt;', 'gildings': {}, 'collapsed_reason': None, 'distinguished': None, 'associated_award': None, 'stickied': False, 'author_premium': False, 'can_gild': False, 'link_id': 't3_1cconcr', 'unrepliable_reason': None, 'author_flair_text_color': 'dark', 'score_hidden': False, 'permalink': '/r/AskPhysics/comments/1cconcr/whats_the_maximum_volume_two_square_flexible/l17zdb8/', 'subreddit_type': 'public', 'locked': False, 'report_reasons': None, 'created': 1714062205.0, 'author_flair_text': 'Materials science', 'treatment_tags': [], 'collapsed': False, 'subreddit_name_prefixed': 'r/AskPhysics', 'controversiality': 0, 'depth': 1, 'author_flair_background_color': '', 'collapsed_because_crowd_control': None, 'mod_reports': [], 'num_reports': None, 'ups': 1}}], 'before': None}}",,False,4,False,True,False,AskPhysics,t5_2sumo,r/AskPhysics,public,,0,[],,4,[],t1
data_1,[],,,False,,Shufflepants,,,[],,,,text,t2_11l93q,False,False,False,[],,,"Zero.

If they cannot stretch at all, and they are connected along all 4 edges they cannot contain any volume. This is because [gaussian curvature](https://en.wikipedia.org/wiki/Gaussian_curvature) is [invariant under local isometries](https://en.wikipedia.org/wiki/Theorema_Egregium). That is, a flat plane cannot gain a curve in 2 directions at once. You cannot fold a flat piece of paper onto a sphere, nor can you flatten a sphere into a flat plane without tearing.

Two flat sheets containing a volume and sealed on all four edges would have a different total curvature than that of two flat sheets without any volume.

This is also why it works to fold a slice of pizza in half to prevent it from drooping, because once it's curved in one direction, it cannot bend in a perpendicular direction without tearing/stretching.","&lt;div class=""md""&gt;&lt;p&gt;Zero.&lt;/p&gt;

&lt;p&gt;If they cannot stretch at all, and they are connected along all 4 edges they cannot contain any volume. This is because &lt;a href=""https://en.wikipedia.org/wiki/Gaussian_curvature""&gt;gaussian curvature&lt;/a&gt; is &lt;a href=""https://en.wikipedia.org/wiki/Theorema_Egregium""&gt;invariant under local isometries&lt;/a&gt;. That is, a flat plane cannot gain a curve in 2 directions at once. You cannot fold a flat piece of paper onto a sphere, nor can you flatten a sphere into a flat plane without tearing.&lt;/p&gt;

&lt;p&gt;Two flat sheets containing a volume and sealed on all four edges would have a different total curvature than that of two flat sheets without any volume.&lt;/p&gt;

&lt;p&gt;This is also why it works to fold a slice of pizza in half to prevent it from drooping, because once it&amp;#39;s curved in one direction, it cannot bend in a perpendicular direction without tearing/stretching.&lt;/p&gt;
&lt;/div&gt;",False,False,False,,,,,0,1714042913.0,1714042913.0,0,,0,1714043124.0,0,{},l16lecl,False,,t3_1cconcr,False,,,,[],t1_l16lecl,True,,t3_1cconcr,/r/AskPhysics/comments/1cconcr/whats_the_maximum_volume_two_square_flexible/l16lecl/,,"{'kind': 'Listing', 'data': {'after': None, 'dist': None, 'modhash': None, 'geo_filter': '', 'children': [{'kind': 't1', 'data': {'subreddit_id': 't5_2sumo', 'approved_at_utc': None, 'author_is_blocked': False, 'comment_type': None, 'awarders': [], 'mod_reason_by': None, 'banned_by': None, 'author_flair_type': 'text', 'total_awards_received': 0, 'subreddit': 'AskPhysics', 'author_flair_template_id': None, 'likes': None, 'replies': {'kind': 'Listing', 'data': {'after': None, 'dist': None, 'modhash': None, 'geo_filter': '', 'children': [{'kind': 't1', 'data': {'subreddit_id': 't5_2sumo', 'approved_at_utc': None, 'author_is_blocked': False, 'comment_type': None, 'awarders': [], 'mod_reason_by': None, 'banned_by': None, 'author_flair_type': 'text', 'total_awards_received': 0, 'subreddit': 'AskPhysics', 'author_flair_template_id': None, 'likes': None, 'replies': {'kind': 'Listing', 'data': {'after': None, 'dist': None, 'modhash': None, 'geo_filter': '', 'children': [{'kind': 't1', 'data': {'subreddit_id': 't5_2sumo', 'approved_at_utc': None, 'author_is_blocked': False, 'comment_type': None, 'awarders': [], 'mod_reason_by': None, 'banned_by': None, 'author_flair_type': 'text', 'total_awards_received': 0, 'subreddit': 'AskPhysics', 'author_flair_template_id': None, 'likes': None, 'replies': {'kind': 'Listing', 'data': {'after': None, 'dist': None, 'modhash': None, 'geo_filter': '', 'children': [{'kind': 't1', 'data': {'subreddit_id': 't5_2sumo', 'approved_at_utc': None, 'author_is_blocked': False, 'comment_type': None, 'awarders': [], 'mod_reason_by': None, 'banned_by': None, 'author_flair_type': 'text', 'total_awards_received': 0, 'subreddit': 'AskPhysics', 'author_flair_template_id': None, 'distinguished': None, 'likes': None, 'replies': {'kind': 'Listing', 'data': {'after': None, 'dist': None, 'modhash': None, 'geo_filter': '', 'children': [{'kind': 't1', 'data': {'subreddit_id': 't5_2sumo', 'approved_at_utc': None, 'author_is_blocked': False, 'comment_type': None, 'awarders': [], 'mod_reason_by': None, 'banned_by': None, 'author_flair_type': 'text', 'total_awards_received': 0, 'subreddit': 'AskPhysics', 'author_flair_template_id': None, 'distinguished': None, 'likes': None, 'replies': {'kind': 'Listing', 'data': {'after': None, 'dist': None, 'modhash': None, 'geo_filter': '', 'children': [{'kind': 't1', 'data': {'subreddit_id': 't5_2sumo', 'approved_at_utc': None, 'author_is_blocked': False, 'comment_type': None, 'awarders': [], 'mod_reason_by': None, 'banned_by': None, 'author_flair_type': 'text', 'total_awards_received': 0, 'subreddit': 'AskPhysics', 'author_flair_template_id': None, 'distinguished': None, 'likes': None, 'replies': '', 'user_reports': [], 'saved': False, 'id': 'l17i2qo', 'banned_at_utc': None, 'mod_reason_title': None, 'gilded': 0, 'archived': False, 'collapsed_reason_code': None, 'no_follow': True, 'author': 'Shufflepants', 'can_mod_post': False, 'send_replies': True, 'parent_id': 't1_l17arhs', 'score': 1, 'author_fullname': 't2_11l93q', 'approved_by': None, 'mod_note': None, 'all_awardings': [], 'collapsed': False, 'body': 'The point is that the only way to turn your stated starting point into one that contains volume is to change the total curvature, which can\'t be done without stretching or tearing.\n\nIf you relaxed the requirement of ""no stretching or tearing"" to ""very little stretching or tearing"", you can get some volume. They make large metal spherical metal containers by welding together a bunch of flat or cylindrical sections of metal together and then setting off an explosion inside to deform the thing into a sphere.', 'edited': 1714056726.0, 'gildings': {}, 'author_flair_css_class': None, 'name': 't1_l17i2qo', 'is_submitter': False, 'downs': 0, 'author_flair_richtext': [], 'author_patreon_flair': False, 'body_html': '&lt;div class=""md""&gt;&lt;p&gt;The point is that the only way to turn your stated starting point into one that contains volume is to change the total curvature, which can&amp;#39;t be done without stretching or tearing.&lt;/p&gt;\n\n&lt;p&gt;If you relaxed the requirement of &amp;quot;no stretching or tearing&amp;quot; to &amp;quot;very little stretching or tearing&amp;quot;, you can get some volume. They make large metal spherical metal containers by welding together a bunch of flat or cylindrical sections of metal together and then setting off an explosion inside to deform the thing into a sphere.&lt;/p&gt;\n&lt;/div&gt;', 'removal_reason': None, 'collapsed_reason': None, 'link_id': 't3_1cconcr', 'associated_award': None, 'stickied': False, 'author_premium': False, 'can_gild': False, 'top_awarded_type': None, 'unrepliable_reason': None, 'author_flair_text_color': None, 'score_hidden': False, 'permalink': '/r/AskPhysics/comments/1cconcr/whats_the_maximum_volume_two_square_flexible/l17i2qo/', 'subreddit_type': 'public', 'locked': False, 'report_reasons': None, 'created': 1714056516.0, 'author_flair_text': None, 'treatment_tags': [], 'created_utc': 1714056516.0, 'subreddit_name_prefixed': 'r/AskPhysics', 'controversiality': 0, 'depth': 6, 'author_flair_background_color': None, 'collapsed_because_crowd_control': None, 'mod_reports': [], 'num_reports': None, 'ups': 1}}], 'before': None}}, 'user_reports': [], 'saved': False, 'id': 'l17arhs', 'banned_at_utc': None, 'mod_reason_title': None, 'gilded': 0, 'archived': False, 'collapsed_reason_code': None, 'no_follow': True, 'author': 'BoredBarbaracle', 'can_mod_post': False, 'send_replies': True, 'parent_id': 't1_l1794xm', 'score': 0, 'author_fullname': 't2_jolf1qn1c', 'approved_by': None, 'mod_note': None, 'all_awardings': [], 'body': ""Yeah - but my question was not whether a flat sheet could be made into a shape with positive curvature - you're arguing something that's unrelated to my question."", 'edited': False, 'gildings': {}, 'downs': 0, 'author_flair_css_class': None, 'name': 't1_l17arhs', 'is_submitter': True, 'collapsed': False, 'author_flair_richtext': [], 'author_patreon_flair': False, 'body_html': '&lt;div class=""md""&gt;&lt;p&gt;Yeah - but my question was not whether a flat sheet could be made into a shape with positive curvature - you&amp;#39;re arguing something that&amp;#39;s unrelated to my question.&lt;/p&gt;\n&lt;/div&gt;', 'removal_reason': None, 'collapsed_reason': None, 'link_id': 't3_1cconcr', 'associated_award': None, 'stickied': False, 'author_premium': False, 'can_gild': False, 'top_awarded_type': None, 'unrepliable_reason': None, 'author_flair_text_color': None, 'score_hidden': False, 'permalink': '/r/AskPhysics/comments/1cconcr/whats_the_maximum_volume_two_square_flexible/l17arhs/', 'subreddit_type': 'public', 'locked': False, 'report_reasons': None, 'created': 1714054002.0, 'author_flair_text': None, 'treatment_tags': [], 'created_utc': 1714054002.0, 'subreddit_name_prefixed': 'r/AskPhysics', 'controversiality': 0, 'depth': 5, 'author_flair_background_color': None, 'collapsed_because_crowd_control': None, 'mod_reports': [], 'num_reports': None, 'ups': 0}}], 'before': None}}, 'user_reports': [], 'saved': False, 'id': 'l1794xm', 'banned_at_utc': None, 'mod_reason_title': None, 'gilded': 0, 'archived': False, 'collapsed_reason_code': None, 'no_follow': True, 'author': 'Shufflepants', 'can_mod_post': False, 'send_replies': True, 'parent_id': 't1_l178hxe', 'score': 1, 'author_fullname': 't2_11l93q', 'removal_reason': None, 'approved_by': None, 'mod_note': None, 'all_awardings': [], 'body': 'My point was the impossibility. Any surface with non-zero curvature will be equally impossible.', 'edited': False, 'author_flair_css_class': None, 'name': 't1_l1794xm', 'is_submitter': False, 'downs': 0, 'author_flair_richtext': [], 'author_patreon_flair': False, 'body_html': '&lt;div class=""md""&gt;&lt;p&gt;My point was the impossibility. Any surface with non-zero curvature will be equally impossible.&lt;/p&gt;\n&lt;/div&gt;', 'gildings': {}, 'collapsed_reason': None, 'link_id': 't3_1cconcr', 'associated_award': None, 'stickied': False, 'author_premium': False, 'can_gild': False, 'top_awarded_type': None, 'unrepliable_reason': None, 'author_flair_text_color': None, 'treatment_tags': [], 'score_hidden': False, 'permalink': '/r/AskPhysics/comments/1cconcr/whats_the_maximum_volume_two_square_flexible/l1794xm/', 'subreddit_type': 'public', 'locked': False, 'report_reasons': None, 'created': 1714053418.0, 'author_flair_text': None, 'collapsed': False, 'created_utc': 1714053418.0, 'subreddit_name_prefixed': 'r/AskPhysics', 'controversiality': 0, 'depth': 4, 'author_flair_background_color': None, 'collapsed_because_crowd_control': None, 'mod_reports': [], 'num_reports': None, 'ups': 1}}], 'before': None}}, 'user_reports': [], 'saved': False, 'id': 'l178hxe', 'banned_at_utc': None, 'mod_reason_title': None, 'gilded': 0, 'archived': False, 'collapsed_reason_code': None, 'no_follow': True, 'author': 'BoredBarbaracle', 'can_mod_post': False, 'send_replies': True, 'parent_id': 't1_l172j6n', 'score': 1, 'author_fullname': 't2_jolf1qn1c', 'removal_reason': None, 'approved_by': None, 'mod_note': None, 'all_awardings': [], 'collapsed': False, 'body': 'Yeah that\'s what i meant by ""wrapping"". You don\'t need to have a perfect sphere in order to have a volume', 'edited': False, 'top_awarded_type': None, 'author_flair_css_class': None, 'name': 't1_l178hxe', 'is_submitter': True, 'downs': 0, 'author_flair_richtext': [], 'author_patreon_flair': False, 'body_html': '&lt;div class=""md""&gt;&lt;p&gt;Yeah that&amp;#39;s what i meant by &amp;quot;wrapping&amp;quot;. You don&amp;#39;t need to have a perfect sphere in order to have a volume&lt;/p&gt;\n&lt;/div&gt;', 'gildings': {}, 'collapsed_reason': None, 'distinguished': None, 'associated_award': None, 'stickied': False, 'author_premium': False, 'can_gild': False, 'link_id': 't3_1cconcr', 'unrepliable_reason': None, 'author_flair_text_color': None, 'score_hidden': False, 'permalink': '/r/AskPhysics/comments/1cconcr/whats_the_maximum_volume_two_square_flexible/l178hxe/', 'subreddit_type': 'public', 'locked': False, 'report_reasons': None, 'created': 1714053185.0, 'author_flair_text': None, 'treatment_tags': [], 'created_utc': 1714053185.0, 'subreddit_name_prefixed': 'r/AskPhysics', 'controversiality': 0, 'depth': 3, 'author_flair_background_color': None, 'collapsed_because_crowd_control': None, 'mod_reports': [], 'num_reports': None, 'ups': 1}}], 'before': None}}, 'user_reports': [], 'saved': False, 'id': 'l172j6n', 'banned_at_utc': None, 'mod_reason_title': None, 'gilded': 0, 'archived': False, 'collapsed_reason_code': None, 'no_follow': True, 'author': 'Shufflepants', 'can_mod_post': False, 'send_replies': True, 'parent_id': 't1_l17070k', 'score': 2, 'author_fullname': 't2_11l93q', 'removal_reason': None, 'approved_by': None, 'mod_note': None, 'all_awardings': [], 'body': ""&gt;by making wrinkles/folds\n\nNo, you can only approximate a sphere by making wrinkles and folds. You cannot exactly make a spherical surface. You'll always end up with overlaps and missed bits. If you could, then you could do the reverse process: turning a sphere into a flat sheet. All processes which can be done without ripping or tearing are invertible.\n\n&gt;a flat sheet can be made into a cone\n\nThe gaussian curvature of a cone anywhere but the vertex is zero, the same as a flat sheet or a cylinder. So, yes, it is possible to bend a piece of paper into the shape of a section of a cone with no stretching or tearing. But the gaussian curvature of a sphere is 1/R\\^2 everywhere. It is sometimes possible to transform a surface of a given curvature into another shape with the same curvature without tearing or stretching. This is why you can also easily wrap a sheet of paper into a cylinder."", 'edited': False, 'top_awarded_type': None, 'downs': 0, 'author_flair_css_class': None, 'name': 't1_l172j6n', 'is_submitter': False, 'collapsed': False, 'author_flair_richtext': [], 'author_patreon_flair': False, 'body_html': '&lt;div class=""md""&gt;&lt;blockquote&gt;\n&lt;p&gt;by making wrinkles/folds&lt;/p&gt;\n&lt;/blockquote&gt;\n\n&lt;p&gt;No, you can only approximate a sphere by making wrinkles and folds. You cannot exactly make a spherical surface. You&amp;#39;ll always end up with overlaps and missed bits. If you could, then you could do the reverse process: turning a sphere into a flat sheet. All processes which can be done without ripping or tearing are invertible.&lt;/p&gt;\n\n&lt;blockquote&gt;\n&lt;p&gt;a flat sheet can be made into a cone&lt;/p&gt;\n&lt;/blockquote&gt;\n\n&lt;p&gt;The gaussian curvature of a cone anywhere but the vertex is zero, the same as a flat sheet or a cylinder. So, yes, it is possible to bend a piece of paper into the shape of a section of a cone with no stretching or tearing. But the gaussian curvature of a sphere is 1/R^2 everywhere. It is sometimes possible to transform a surface of a given curvature into another shape with the same curvature without tearing or stretching. This is why you can also easily wrap a sheet of paper into a cylinder.&lt;/p&gt;\n&lt;/div&gt;', 'gildings': {}, 'collapsed_reason': None, 'distinguished': None, 'associated_award': None, 'stickied': False, 'author_premium': False, 'can_gild': False, 'link_id': 't3_1cconcr', 'unrepliable_reason': None, 'author_flair_text_color': None, 'score_hidden': False, 'permalink': '/r/AskPhysics/comments/1cconcr/whats_the_maximum_volume_two_square_flexible/l172j6n/', 'subreddit_type': 'public', 'locked': False, 'report_reasons': None, 'created': 1714050930.0, 'author_flair_text': None, 'treatment_tags': [], 'created_utc': 1714050930.0, 'subreddit_name_prefixed': 'r/AskPhysics', 'controversiality': 0, 'depth': 2, 'author_flair_background_color': None, 'collapsed_because_crowd_control': None, 'mod_reports': [], 'num_reports': None, 'ups': 2}}, {'kind': 't1', 'data': {'subreddit_id': 't5_2sumo', 'approved_at_utc': None, 'author_is_blocked': False, 'comment_type': None, 'awarders': [], 'mod_reason_by': None, 'banned_by': None, 'author_flair_type': 'text', 'total_awards_received': 0, 'subreddit': 'AskPhysics', 'author_flair_template_id': None, 'likes': None, 'replies': {'kind': 'Listing', 'data': {'after': None, 'dist': None, 'modhash': None, 'geo_filter': '', 'children': [{'kind': 't1', 'data': {'subreddit_id': 't5_2sumo', 'approved_at_utc': None, 'author_is_blocked': False, 'comment_type': None, 'awarders': [], 'mod_reason_by': None, 'banned_by': None, 'author_flair_type': 'text', 'total_awards_received': 0, 'subreddit': 'AskPhysics', 'author_flair_template_id': None, 'likes': None, 'replies': {'kind': 'Listing', 'data': {'after': None, 'dist': None, 'modhash': None, 'geo_filter': '', 'children': [{'kind': 't1', 'data': {'subreddit_id': 't5_2sumo', 'approved_at_utc': None, 'author_is_blocked': False, 'comment_type': None, 'awarders': [], 'mod_reason_by': None, 'banned_by': None, 'author_flair_type': 'text', 'total_awards_received': 0, 'subreddit': 'AskPhysics', 'author_flair_template_id': None, 'distinguished': None, 'likes': None, 'replies': {'kind': 'Listing', 'data': {'after': None, 'dist': None, 'modhash': None, 'geo_filter': '', 'children': [{'kind': 't1', 'data': {'subreddit_id': 't5_2sumo', 'approved_at_utc': None, 'author_is_blocked': False, 'comment_type': None, 'awarders': [], 'mod_reason_by': None, 'banned_by': None, 'author_flair_type': 'text', 'total_awards_received': 0, 'subreddit': 'AskPhysics', 'author_flair_template_id': None, 'distinguished': None, 'likes': None, 'replies': {'kind': 'Listing', 'data': {'after': None, 'dist': None, 'modhash': None, 'geo_filter': '', 'children': [{'kind': 't1', 'data': {'subreddit_id': 't5_2sumo', 'approved_at_utc': None, 'author_is_blocked': False, 'comment_type': None, 'awarders': [], 'mod_reason_by': None, 'banned_by': None, 'author_flair_type': 'text', 'total_awards_received': 0, 'subreddit': 'AskPhysics', 'author_flair_template_id': None, 'distinguished': None, 'likes': None, 'replies': {'kind': 'Listing', 'data': {'after': None, 'dist': None, 'modhash': None, 'geo_filter': '', 'children': [{'kind': 't1', 'data': {'subreddit_id': 't5_2sumo', 'approved_at_utc': None, 'author_is_blocked': False, 'comment_type': None, 'awarders': [], 'mod_reason_by': None, 'banned_by': None, 'author_flair_type': 'text', 'total_awards_received': 0, 'subreddit': 'AskPhysics', 'author_flair_template_id': None, 'distinguished': None, 'likes': None, 'replies': {'kind': 'Listing', 'data': {'after': None, 'dist': None, 'modhash': None, 'geo_filter': '', 'children': [{'kind': 't1', 'data': {'subreddit_id': 't5_2sumo', 'approved_at_utc': None, 'author_is_blocked': False, 'comment_type': None, 'awarders': [], 'mod_reason_by': None, 'banned_by': None, 'author_flair_type': 'text', 'total_awards_received': 0, 'subreddit': 'AskPhysics', 'author_flair_template_id': None, 'likes': None, 'replies': {'kind': 'Listing', 'data': {'after': None, 'dist': None, 'modhash': None, 'geo_filter': '', 'children': [{'kind': 't1', 'data': {'subreddit_id': 't5_2sumo', 'approved_at_utc': None, 'author_is_blocked': False, 'comment_type': None, 'awarders': [], 'mod_reason_by': None, 'banned_by': None, 'author_flair_type': 'text', 'total_awards_received': 0, 'subreddit': 'AskPhysics', 'author_flair_template_id': '9bcf4428-c6b2-11e4-b2ab-22000b2b8b92', 'likes': None, 'replies': {'kind': 'Listing', 'data': {'after': None, 'dist': None, 'modhash': None, 'geo_filter': '', 'children': [{'kind': 'more', 'data': {'count': 0, 'name': 't1__', 'id': '_', 'parent_id': 't1_l1bnro9', 'depth': 10, 'children': []}}], 'before': None}}, 'user_reports': [], 'saved': False, 'id': 'l1bnro9', 'banned_at_utc': None, 'mod_reason_title': None, 'gilded': 0, 'archived': False, 'collapsed_reason_code': None, 'no_follow': True, 'author': 'mikk0384', 'can_mod_post': False, 'created_utc': 1714120187.0, 'send_replies': True, 'parent_id': 't1_l19frbs', 'score': 1, 'author_fullname': 't2_c5q70', 'approved_by': None, 'mod_note': None, 'all_awardings': [], 'collapsed': False, 'body': ""I was thinking that you can at least make a cube with a surface area of 3/4 of the squares (a side length of half that of the squares). \n\nI just don't see how you would arrive at that if you require a continuous transformation from two flat squares on top of each other with the sides initially stitched, as is the case in the way the problem is posed in this thread. \n\nMy intuition tells me that you will have issues with requiring one square to intersect the other before you can start increasing the volume, but it's hard to wrap your head around."", 'edited': False, 'top_awarded_type': None, 'author_flair_css_class': 'misc', 'name': 't1_l1bnro9', 'is_submitter': False, 'downs': 0, 'author_flair_richtext': [], 'author_patreon_flair': False, 'body_html': '&lt;div class=""md""&gt;&lt;p&gt;I was thinking that you can at least make a cube with a surface area of 3/4 of the squares (a side length of half that of the squares). &lt;/p&gt;\n\n&lt;p&gt;I just don&amp;#39;t see how you would arrive at that if you require a continuous transformation from two flat squares on top of each other with the sides initially stitched, as is the case in the way the problem is posed in this thread. &lt;/p&gt;\n\n&lt;p&gt;My intuition tells me that you will have issues with requiring one square to intersect the other before you can start increasing the volume, but it&amp;#39;s hard to wrap your head around.&lt;/p&gt;\n&lt;/div&gt;', 'removal_reason': None, 'collapsed_reason': None, 'distinguished': None, 'associated_award': None, 'stickied': False, 'author_premium': False, 'can_gild': False, 'gildings': {}, 'unrepliable_reason': None, 'author_flair_text_color': 'dark', 'score_hidden': False, 'permalink': '/r/AskPhysics/comments/1cconcr/whats_the_maximum_volume_two_square_flexible/l1bnro9/', 'subreddit_type': 'public', 'locked': False, 'report_reasons': None, 'created': 1714120187.0, 'author_flair_text': 'Physics enthusiast', 'treatment_tags': [], 'link_id': 't3_1cconcr', 'subreddit_name_prefixed': 'r/AskPhysics', 'controversiality': 0, 'depth': 9, 'author_flair_background_color': None, 'collapsed_because_crowd_control': None, 'mod_reports': [], 'num_reports': None, 'ups': 1}}], 'before': None}}, 'user_reports': [], 'saved': False, 'id': 'l19frbs', 'banned_at_utc': None, 'mod_reason_title': None, 'gilded': 0, 'archived': False, 'collapsed_reason_code': None, 'no_follow': True, 'author': '1strategist1', 'can_mod_post': False, 'created_utc': 1714082523.0, 'send_replies': True, 'parent_id': 't1_l19czwz', 'score': 2, 'author_fullname': 't2_2r8ugb2', 'approved_by': None, 'mod_note': None, 'all_awardings': [], 'body': 'Ohhhh ok that’s what you meant.\xa0\n\nI was thinking of concave shapes specifically. If you allow for convexity, yeah it’s possible. That shape still has 0 curvature though.\xa0\n\nI’m still pretty confident you can’t get volume though. Specifying boundary conditions and curvature 0 everywhere on a differentiable 2D manifold should uniquely determine the shape I think, which would mean the top and bottom shape would have to perfectly mirror each other and make for 0 volume. Though I haven’t written a proof for this, so there could be a few weird counterexamples.\xa0', 'edited': False, 'gildings': {}, 'downs': 0, 'author_flair_css_class': None, 'name': 't1_l19frbs', 'is_submitter': False, 'collapsed': False, 'author_flair_richtext': [], 'author_patreon_flair': False, 'body_html': '&lt;div class=""md""&gt;&lt;p&gt;Ohhhh ok that’s what you meant.\xa0&lt;/p&gt;\n\n&lt;p&gt;I was thinking of concave shapes specifically. If you allow for convexity, yeah it’s possible. That shape still has 0 curvature though.\xa0&lt;/p&gt;\n\n&lt;p&gt;I’m still pretty confident you can’t get volume though. Specifying boundary conditions and curvature 0 everywhere on a differentiable 2D manifold should uniquely determine the shape I think, which would mean the top and bottom shape would have to perfectly mirror each other and make for 0 volume. Though I haven’t written a proof for this, so there could be a few weird counterexamples.\xa0&lt;/p&gt;\n&lt;/div&gt;', 'removal_reason': None, 'collapsed_reason': None, 'distinguished': None, 'associated_award': None, 'stickied': False, 'author_premium': False, 'can_gild': False, 'top_awarded_type': None, 'unrepliable_reason': None, 'author_flair_text_color': None, 'score_hidden': False, 'permalink': '/r/AskPhysics/comments/1cconcr/whats_the_maximum_volume_two_square_flexible/l19frbs/', 'subreddit_type': 'public', 'locked': False, 'report_reasons': None, 'created': 1714082523.0, 'author_flair_text': None, 'treatment_tags': [], 'link_id': 't3_1cconcr', 'subreddit_name_prefixed': 'r/AskPhysics', 'controversiality': 0, 'depth': 8, 'author_flair_background_color': None, 'collapsed_because_crowd_control': None, 'mod_reports': [], 'num_reports': None, 'ups': 2}}], 'before': None}}, 'user_reports': [], 'saved': False, 'id': 'l19czwz', 'banned_at_utc': None, 'mod_reason_title': None, 'gilded': 0, 'archived': False, 'collapsed_reason_code': None, 'no_follow': True, 'author': 'BoredBarbaracle', 'can_mod_post': False, 'created_utc': 1714081368.0, 'send_replies': True, 'parent_id': 't1_l19cmwn', 'score': 1, 'author_fullname': 't2_jolf1qn1c', 'approved_by': None, 'mod_note': None, 'all_awardings': [], 'body': 'Two straight lines meeting at an angle, say 30° but could be anything. They meet at the center, now you fold one over, and the other one in the other direction', 'edited': False, 'gildings': {}, 'author_flair_css_class': None, 'name': 't1_l19czwz', 'is_submitter': True, 'downs': 0, 'author_flair_richtext': [], 'author_patreon_flair': False, 'body_html': '&lt;div class=""md""&gt;&lt;p&gt;Two straight lines meeting at an angle, say 30° but could be anything. They meet at the center, now you fold one over, and the other one in the other direction&lt;/p&gt;\n&lt;/div&gt;', 'removal_reason': None, 'collapsed_reason': None, 'link_id': 't3_1cconcr', 'associated_award': None, 'stickied': False, 'author_premium': False, 'can_gild': False, 'top_awarded_type': None, 'unrepliable_reason': None, 'author_flair_text_color': None, 'score_hidden': False, 'permalink': '/r/AskPhysics/comments/1cconcr/whats_the_maximum_volume_two_square_flexible/l19czwz/', 'subreddit_type': 'public', 'locked': False, 'report_reasons': None, 'created': 1714081368.0, 'author_flair_text': None, 'treatment_tags': [], 'collapsed': False, 'subreddit_name_prefixed': 'r/AskPhysics', 'controversiality': 0, 'depth': 7, 'author_flair_background_color': None, 'collapsed_because_crowd_control': None, 'mod_reports': [], 'num_reports': None, 'ups': 1}}], 'before': None}}, 'user_reports': [], 'saved': False, 'id': 'l19cmwn', 'banned_at_utc': None, 'mod_reason_title': None, 'gilded': 0, 'archived': False, 'collapsed_reason_code': None, 'no_follow': True, 'author': '1strategist1', 'can_mod_post': False, 'send_replies': True, 'parent_id': 't1_l19b2i8', 'score': 1, 'author_fullname': 't2_2r8ugb2', 'approved_by': None, 'mod_note': None, 'all_awardings': [], 'collapsed': False, 'body': 'Huh. I’m having trouble picturing this. Are the lines connected at the centre? Are they perpendicular?', 'edited': False, 'gildings': {}, 'author_flair_css_class': None, 'name': 't1_l19cmwn', 'is_submitter': False, 'downs': 0, 'author_flair_richtext': [], 'author_patreon_flair': False, 'body_html': '&lt;div class=""md""&gt;&lt;p&gt;Huh. I’m having trouble picturing this. Are the lines connected at the centre? Are they perpendicular?&lt;/p&gt;\n&lt;/div&gt;', 'removal_reason': None, 'collapsed_reason': None, 'link_id': 't3_1cconcr', 'associated_award': None, 'stickied': False, 'author_premium': False, 'can_gild': False, 'top_awarded_type': None, 'unrepliable_reason': None, 'author_flair_text_color': None, 'score_hidden': False, 'permalink': '/r/AskPhysics/comments/1cconcr/whats_the_maximum_volume_two_square_flexible/l19cmwn/', 'subreddit_type': 'public', 'locked': False, 'report_reasons': None, 'created': 1714081239.0, 'author_flair_text': None, 'treatment_tags': [], 'created_utc': 1714081239.0, 'subreddit_name_prefixed': 'r/AskPhysics', 'controversiality': 0, 'depth': 6, 'author_flair_background_color': None, 'collapsed_because_crowd_control': None, 'mod_reports': [], 'num_reports': None, 'ups': 1}}], 'before': None}}, 'user_reports': [], 'saved': False, 'id': 'l19b2i8', 'banned_at_utc': None, 'mod_reason_title': None, 'gilded': 0, 'archived': False, 'collapsed_reason_code': None, 'no_follow': True, 'author': 'BoredBarbaracle', 'can_mod_post': False, 'send_replies': True, 'parent_id': 't1_l191hwp', 'score': 1, 'author_fullname': 't2_jolf1qn1c', 'approved_by': None, 'mod_note': None, 'all_awardings': [], 'body': 'take a piece of paper, draw two straight lines from the center to the border. Fold one line positively, the other negatively, you get a cone', 'edited': False, 'gildings': {}, 'downs': 0, 'author_flair_css_class': None, 'name': 't1_l19b2i8', 'is_submitter': True, 'collapsed': False, 'author_flair_richtext': [], 'author_patreon_flair': False, 'body_html': '&lt;div class=""md""&gt;&lt;p&gt;take a piece of paper, draw two straight lines from the center to the border. Fold one line positively, the other negatively, you get a cone&lt;/p&gt;\n&lt;/div&gt;', 'removal_reason': None, 'collapsed_reason': None, 'link_id': 't3_1cconcr', 'associated_award': None, 'stickied': False, 'author_premium': False, 'can_gild': False, 'top_awarded_type': None, 'unrepliable_reason': None, 'author_flair_text_color': None, 'score_hidden': False, 'permalink': '/r/AskPhysics/comments/1cconcr/whats_the_maximum_volume_two_square_flexible/l19b2i8/', 'subreddit_type': 'public', 'locked': False, 'report_reasons': None, 'created': 1714080674.0, 'author_flair_text': None, 'treatment_tags': [], 'created_utc': 1714080674.0, 'subreddit_name_prefixed': 'r/AskPhysics', 'controversiality': 0, 'depth': 5, 'author_flair_background_color': None, 'collapsed_because_crowd_control': None, 'mod_reports': [], 'num_reports': None, 'ups': 1}}], 'before': None}}, 'user_reports': [], 'saved': False, 'id': 'l191hwp', 'banned_at_utc': None, 'mod_reason_title': None, 'gilded': 0, 'archived': False, 'collapsed_reason_code': None, 'no_follow': True, 'author': '1strategist1', 'can_mod_post': False, 'send_replies': True, 'parent_id': 't1_l190xxs', 'score': 1, 'author_fullname': 't2_2r8ugb2', 'removal_reason': None, 'approved_by': None, 'mod_note': None, 'all_awardings': [], 'body': 'I might be misunderstanding what you mean by making a cone', 'edited': False, 'author_flair_css_class': None, 'name': 't1_l191hwp', 'is_submitter': False, 'downs': 0, 'author_flair_richtext': [], 'author_patreon_flair': False, 'body_html': '&lt;div class=""md""&gt;&lt;p&gt;I might be misunderstanding what you mean by making a cone&lt;/p&gt;\n&lt;/div&gt;', 'gildings': {}, 'collapsed_reason': None, 'link_id': 't3_1cconcr', 'associated_award': None, 'stickied': False, 'author_premium': False, 'can_gild': False, 'top_awarded_type': None, 'unrepliable_reason': None, 'author_flair_text_color': None, 'treatment_tags': [], 'score_hidden': False, 'permalink': '/r/AskPhysics/comments/1cconcr/whats_the_maximum_volume_two_square_flexible/l191hwp/', 'subreddit_type': 'public', 'locked': False, 'report_reasons': None, 'created': 1714077380.0, 'author_flair_text': None, 'collapsed': False, 'created_utc': 1714077380.0, 'subreddit_name_prefixed': 'r/AskPhysics', 'controversiality': 0, 'depth': 4, 'author_flair_background_color': None, 'collapsed_because_crowd_control': None, 'mod_reports': [], 'num_reports': None, 'ups': 1}}, {'kind': 't1', 'data': {'subreddit_id': 't5_2sumo', 'approved_at_utc': None, 'author_is_blocked': False, 'comment_type': None, 'awarders': [], 'mod_reason_by': None, 'banned_by': None, 'author_flair_type': 'text', 'total_awards_received': 0, 'subreddit': 'AskPhysics', 'author_flair_template_id': None, 'distinguished': None, 'likes': None, 'replies': {'kind': 'Listing', 'data': {'after': None, 'dist': None, 'modhash': None, 'geo_filter': '', 'children': [{'kind': 't1', 'data': {'subreddit_id': 't5_2sumo', 'approved_at_utc': None, 'author_is_blocked': False, 'comment_type': None, 'awarders': [], 'mod_reason_by': None, 'banned_by': None, 'author_flair_type': 'text', 'total_awards_received': 0, 'subreddit': 'AskPhysics', 'author_flair_template_id': None, 'distinguished': None, 'likes': None, 'replies': {'kind': 'Listing', 'data': {'after': None, 'dist': None, 'modhash': None, 'geo_filter': '', 'children': [{'kind': 't1', 'data': {'subreddit_id': 't5_2sumo', 'approved_at_utc': None, 'author_is_blocked': False, 'comment_type': None, 'awarders': [], 'mod_reason_by': None, 'banned_by': None, 'author_flair_type': 'text', 'total_awards_received': 0, 'subreddit': 'AskPhysics', 'author_flair_template_id': None, 'distinguished': None, 'likes': None, 'replies': '', 'user_reports': [], 'saved': False, 'id': 'l1hw98x', 'banned_at_utc': None, 'mod_reason_title': None, 'gilded': 0, 'archived': False, 'collapsed_reason_code': None, 'no_follow': True, 'author': 'Shufflepants', 'can_mod_post': False, 'send_replies': True, 'parent_id': 't1_l1gsefu', 'score': 1, 'author_fullname': 't2_11l93q', 'approved_by': None, 'mod_note': None, 'all_awardings': [], 'collapsed': False, 'body': ""It's so frustrating trying to explain three dimensional geometry without diagrams, and I should have been more specific.\n\nYes, any three points lie in the same plane. What I mean to say is that on a cone, there won't just be a single pair of points on the edge in the same plane as the center, there will be 2 points on opposite sides of the center that remain colinear. In fact, an entire line of points will remain colinear.\n\nBut there's no way without adding curvature to break this property. On a curved surface, it can be such that there are no 3 points that are colinear where lines are defined in the R\\^3 space, not as geodesics on the surface."", 'edited': False, 'gildings': {}, 'author_flair_css_class': None, 'name': 't1_l1hw98x', 'is_submitter': False, 'downs': 0, 'author_flair_richtext': [], 'author_patreon_flair': False, 'body_html': '&lt;div class=""md""&gt;&lt;p&gt;It&amp;#39;s so frustrating trying to explain three dimensional geometry without diagrams, and I should have been more specific.&lt;/p&gt;\n\n&lt;p&gt;Yes, any three points lie in the same plane. What I mean to say is that on a cone, there won&amp;#39;t just be a single pair of points on the edge in the same plane as the center, there will be 2 points on opposite sides of the center that remain colinear. In fact, an entire line of points will remain colinear.&lt;/p&gt;\n\n&lt;p&gt;But there&amp;#39;s no way without adding curvature to break this property. On a curved surface, it can be such that there are no 3 points that are colinear where lines are defined in the R^3 space, not as geodesics on the surface.&lt;/p&gt;\n&lt;/div&gt;', 'removal_reason': None, 'collapsed_reason': None, 'link_id': 't3_1cconcr', 'associated_award': None, 'stickied': False, 'author_premium': False, 'can_gild': False, 'top_awarded_type': None, 'unrepliable_reason': None, 'author_flair_text_color': None, 'score_hidden': False, 'permalink': '/r/AskPhysics/comments/1cconcr/whats_the_maximum_volume_two_square_flexible/l1hw98x/', 'subreddit_type': 'public', 'locked': False, 'report_reasons': None, 'created': 1714223807.0, 'author_flair_text': None, 'treatment_tags': [], 'created_utc': 1714223807.0, 'subreddit_name_prefixed': 'r/AskPhysics', 'controversiality': 0, 'depth': 6, 'author_flair_background_color': None, 'collapsed_because_crowd_control': None, 'mod_reports': [], 'num_reports': None, 'ups': 1}}], 'before': None}}, 'user_reports': [], 'saved': False, 'id': 'l1gsefu', 'banned_at_utc': None, 'mod_reason_title': None, 'gilded': 0, 'archived': False, 'collapsed_reason_code': None, 'no_follow': True, 'author': 'BoredBarbaracle', 'can_mod_post': False, 'send_replies': True, 'parent_id': 't1_l1eup7e', 'score': 1, 'author_fullname': 't2_jolf1qn1c', 'approved_by': None, 'mod_note': None, 'all_awardings': [], 'body': 'What? Three points on *any* surface create a plane. Not sure what you mean', 'edited': False, 'gildings': {}, 'downs': 0, 'author_flair_css_class': None, 'name': 't1_l1gsefu', 'is_submitter': True, 'collapsed': False, 'author_flair_richtext': [], 'author_patreon_flair': False, 'body_html': '&lt;div class=""md""&gt;&lt;p&gt;What? Three points on &lt;em&gt;any&lt;/em&gt; surface create a plane. Not sure what you mean&lt;/p&gt;\n&lt;/div&gt;', 'removal_reason': None, 'collapsed_reason': None, 'link_id': 't3_1cconcr', 'associated_award': None, 'stickied': False, 'author_premium': False, 'can_gild': False, 'top_awarded_type': None, 'unrepliable_reason': None, 'author_flair_text_color': None, 'score_hidden': False, 'permalink': '/r/AskPhysics/comments/1cconcr/whats_the_maximum_volume_two_square_flexible/l1gsefu/', 'subreddit_type': 'public', 'locked': False, 'report_reasons': None, 'created': 1714197760.0, 'author_flair_text': None, 'treatment_tags': [], 'created_utc': 1714197760.0, 'subreddit_name_prefixed': 'r/AskPhysics', 'controversiality': 0, 'depth': 5, 'author_flair_background_color': None, 'collapsed_because_crowd_control': None, 'mod_reports': [], 'num_reports': None, 'ups': 1}}], 'before': None}}, 'user_reports': [], 'saved': False, 'id': 'l1eup7e', 'banned_at_utc': None, 'mod_reason_title': None, 'gilded': 0, 'archived': False, 'collapsed_reason_code': None, 'no_follow': True, 'author': 'Shufflepants', 'can_mod_post': False, 'send_replies': True, 'parent_id': 't1_l190xxs', 'score': 1, 'author_fullname': 't2_11l93q', 'removal_reason': None, 'approved_by': None, 'mod_note': None, 'all_awardings': [], 'body': 'Nope, at least 2 points on opposite sides of the center point will be in the same plane as the center point when wrapping a piece of paper onto a cone.', 'edited': False, 'author_flair_css_class': None, 'name': 't1_l1eup7e', 'is_submitter': False, 'downs': 0, 'author_flair_richtext': [], 'author_patreon_flair': False, 'body_html': '&lt;div class=""md""&gt;&lt;p&gt;Nope, at least 2 points on opposite sides of the center point will be in the same plane as the center point when wrapping a piece of paper onto a cone.&lt;/p&gt;\n&lt;/div&gt;', 'gildings': {}, 'collapsed_reason': None, 'link_id': 't3_1cconcr', 'associated_award': None, 'stickied': False, 'author_premium': False, 'can_gild': False, 'top_awarded_type': None, 'unrepliable_reason': None, 'author_flair_text_color': None, 'treatment_tags': [], 'score_hidden': False, 'permalink': '/r/AskPhysics/comments/1cconcr/whats_the_maximum_volume_two_square_flexible/l1eup7e/', 'subreddit_type': 'public', 'locked': False, 'report_reasons': None, 'created': 1714166604.0, 'author_flair_text': None, 'collapsed': False, 'created_utc': 1714166604.0, 'subreddit_name_prefixed': 'r/AskPhysics', 'controversiality': 0, 'depth': 4, 'author_flair_background_color': None, 'collapsed_because_crowd_control': None, 'mod_reports': [], 'num_reports': None, 'ups': 1}}], 'before': None}}, 'user_reports': [], 'saved': False, 'id': 'l190xxs', 'banned_at_utc': None, 'mod_reason_title': None, 'gilded': 0, 'archived': False, 'collapsed_reason_code': None, 'no_follow': True, 'author': 'BoredBarbaracle', 'can_mod_post': False, 'send_replies': True, 'parent_id': 't1_l18p7sb', 'score': 1, 'author_fullname': 't2_jolf1qn1c', 'removal_reason': None, 'approved_by': None, 'mod_note': None, 'all_awardings': [], 'collapsed': False, 'body': ""Huh? But that's exactly what you do when folding a cone from a paper"", 'edited': False, 'top_awarded_type': None, 'author_flair_css_class': None, 'name': 't1_l190xxs', 'is_submitter': True, 'downs': 0, 'author_flair_richtext': [], 'author_patreon_flair': False, 'body_html': '&lt;div class=""md""&gt;&lt;p&gt;Huh? But that&amp;#39;s exactly what you do when folding a cone from a paper&lt;/p&gt;\n&lt;/div&gt;', 'gildings': {}, 'collapsed_reason': None, 'distinguished': None, 'associated_award': None, 'stickied': False, 'author_premium': False, 'can_gild': False, 'link_id': 't3_1cconcr', 'unrepliable_reason': None, 'author_flair_text_color': None, 'score_hidden': False, 'permalink': '/r/AskPhysics/comments/1cconcr/whats_the_maximum_volume_two_square_flexible/l190xxs/', 'subreddit_type': 'public', 'locked': False, 'report_reasons': None, 'created': 1714077196.0, 'author_flair_text': None, 'treatment_tags': [], 'created_utc': 1714077196.0, 'subreddit_name_prefixed': 'r/AskPhysics', 'controversiality': 0, 'depth': 3, 'author_flair_background_color': None, 'collapsed_because_crowd_control': None, 'mod_reports': [], 'num_reports': None, 'ups': 1}}], 'before': None}}, 'user_reports': [], 'saved': False, 'id': 'l18p7sb', 'banned_at_utc': None, 'mod_reason_title': None, 'gilded': 0, 'archived': False, 'collapsed_reason_code': None, 'no_follow': True, 'author': '1strategist1', 'can_mod_post': False, 'send_replies': True, 'parent_id': 't1_l17070k', 'score': 1, 'author_fullname': 't2_2r8ugb2', 'removal_reason': None, 'approved_by': None, 'mod_note': None, 'all_awardings': [], 'body': 'A cone has the same curvature as a paper.\xa0\n\nThere’s no way to make all four sides of a square paper be below the centre of the paper without adding curvature though, which requires some kind of stretching or squishing.\xa0', 'edited': False, 'top_awarded_type': None, 'downs': 0, 'author_flair_css_class': None, 'name': 't1_l18p7sb', 'is_submitter': False, 'collapsed': False, 'author_flair_richtext': [], 'author_patreon_flair': False, 'body_html': '&lt;div class=""md""&gt;&lt;p&gt;A cone has the same curvature as a paper.\xa0&lt;/p&gt;\n\n&lt;p&gt;There’s no way to make all four sides of a square paper be below the centre of the paper without adding curvature though, which requires some kind of stretching or squishing.\xa0&lt;/p&gt;\n&lt;/div&gt;', 'gildings': {}, 'collapsed_reason': None, 'distinguished': None, 'associated_award': None, 'stickied': False, 'author_premium': False, 'can_gild': False, 'link_id': 't3_1cconcr', 'unrepliable_reason': None, 'author_flair_text_color': None, 'score_hidden': False, 'permalink': '/r/AskPhysics/comments/1cconcr/whats_the_maximum_volume_two_square_flexible/l18p7sb/', 'subreddit_type': 'public', 'locked': False, 'report_reasons': None, 'created': 1714073355.0, 'author_flair_text': None, 'treatment_tags': [], 'created_utc': 1714073355.0, 'subreddit_name_prefixed': 'r/AskPhysics', 'controversiality': 0, 'depth': 2, 'author_flair_background_color': None, 'collapsed_because_crowd_control': None, 'mod_reports': [], 'num_reports': None, 'ups': 1}}], 'before': None}}, 'user_reports': [], 'saved': False, 'id': 'l17070k', 'banned_at_utc': None, 'mod_reason_title': None, 'gilded': 0, 'archived': False, 'collapsed_reason_code': None, 'no_follow': True, 'author': 'BoredBarbaracle', 'can_mod_post': False, 'created_utc': 1714049976.0, 'send_replies': True, 'parent_id': 't1_l16lecl', 'score': 2, 'author_fullname': 't2_jolf1qn1c', 'removal_reason': None, 'approved_by': None, 'mod_note': None, 'all_awardings': [], 'body': 'But you can wrap some outer shell around a sphere using a flat paper by making wrinkles/folds - for example, a flat sheet can be made into a cone using two straight folds without stretching anything', 'edited': False, 'top_awarded_type': None, 'author_flair_css_class': None, 'name': 't1_l17070k', 'is_submitter': True, 'downs': 0, 'author_flair_richtext': [], 'author_patreon_flair': False, 'body_html': '&lt;div class=""md""&gt;&lt;p&gt;But you can wrap some outer shell around a sphere using a flat paper by making wrinkles/folds - for example, a flat sheet can be made into a cone using two straight folds without stretching anything&lt;/p&gt;\n&lt;/div&gt;', 'gildings': {}, 'collapsed_reason': None, 'distinguished': None, 'associated_award': None, 'stickied': False, 'author_premium': False, 'can_gild': False, 'link_id': 't3_1cconcr', 'unrepliable_reason': None, 'author_flair_text_color': None, 'score_hidden': False, 'permalink': '/r/AskPhysics/comments/1cconcr/whats_the_maximum_volume_two_square_flexible/l17070k/', 'subreddit_type': 'public', 'locked': False, 'report_reasons': None, 'created': 1714049976.0, 'author_flair_text': None, 'treatment_tags': [], 'collapsed': False, 'subreddit_name_prefixed': 'r/AskPhysics', 'controversiality': 0, 'depth': 1, 'author_flair_background_color': None, 'collapsed_because_crowd_control': None, 'mod_reports': [], 'num_reports': None, 'ups': 2}}], 'before': None}}",,False,5,False,True,False,AskPhysics,t5_2sumo,r/AskPhysics,public,,0,[],,5,[],t1
