,all_awardings,approved_at_utc,approved_by,archived,associated_award,author,author_flair_background_color,author_flair_css_class,author_flair_richtext,author_flair_template_id,author_flair_text,author_flair_text_color,author_flair_type,author_fullname,author_is_blocked,author_patreon_flair,author_premium,awarders,banned_at_utc,banned_by,body,body_html,can_gild,can_mod_post,collapsed,collapsed_because_crowd_control,collapsed_reason,collapsed_reason_code,comment_type,controversiality,created,created_utc,depth,distinguished,downs,edited,gilded,gildings,id,is_submitter,likes,link_id,locked,mod_note,mod_reason_by,mod_reason_title,mod_reports,name,no_follow,num_reports,parent_id,permalink,removal_reason,replies,report_reasons,saved,score,score_hidden,send_replies,stickied,subreddit,subreddit_id,subreddit_name_prefixed,subreddit_type,top_awarded_type,total_awards_received,treatment_tags,unrepliable_reason,ups,user_reports,kind
data,[],,,False,,GreatCaesarGhost,,,[],,,,text,t2_3deylrjo,False,False,False,[],,,Is there some influencer pushing this idea or something?,"&lt;div class=""md""&gt;&lt;p&gt;Is there some influencer pushing this idea or something?&lt;/p&gt;
&lt;/div&gt;",False,False,False,,,,,0,1713969857.0,1713969857.0,0,,0,False,0,{},l11uwiz,False,,t3_1cbyp3a,False,,,,[],t1_l11uwiz,False,,t3_1cbyp3a,/r/AskPhysics/comments/1cbyp3a/it_we_are_in_a_black_hole/l11uwiz/,,"{'kind': 'Listing', 'data': {'after': None, 'dist': None, 'modhash': None, 'geo_filter': '', 'children': [{'kind': 't1', 'data': {'subreddit_id': 't5_2sumo', 'approved_at_utc': None, 'author_is_blocked': False, 'comment_type': None, 'awarders': [], 'mod_reason_by': None, 'banned_by': None, 'author_flair_type': 'text', 'total_awards_received': 0, 'subreddit': 'AskPhysics', 'author_flair_template_id': None, 'likes': None, 'replies': '', 'user_reports': [], 'saved': False, 'id': 'l1i3nzv', 'banned_at_utc': None, 'mod_reason_title': None, 'gilded': 0, 'archived': False, 'collapsed_reason_code': None, 'no_follow': True, 'author': 'ShifTuckByMutt', 'can_mod_post': False, 'created_utc': 1714226977.0, 'send_replies': True, 'parent_id': 't1_l11uwiz', 'score': 1, 'author_fullname': 't2_vovcdiato', 'removal_reason': None, 'approved_by': None, 'mod_note': None, 'all_awardings': [], 'body': 'It’s been pushed in a few videos I’ve seen you tube and it’s in the \xa0general spooky “woo woo” content \xa0on tik tok, I’ve yet to find a concrete thesis or research paper on it, but any thing related I’m interest in, I’m a 30+ years human with a fully developed prefrontal cortex, so if I know how to refute something I’ll just concede that it is as such and move on, but…… I’m curious if there are any connections being made in the minds of physicists, I just want to know more and don’t know where to start. If there is an empirical study that directly refutes this concept entirely I’d love to read it.\xa0', 'edited': False, 'top_awarded_type': None, 'author_flair_css_class': None, 'name': 't1_l1i3nzv', 'is_submitter': True, 'downs': 0, 'author_flair_richtext': [], 'author_patreon_flair': False, 'body_html': '&lt;div class=""md""&gt;&lt;p&gt;It’s been pushed in a few videos I’ve seen you tube and it’s in the \xa0general spooky “woo woo” content \xa0on tik tok, I’ve yet to find a concrete thesis or research paper on it, but any thing related I’m interest in, I’m a 30+ years human with a fully developed prefrontal cortex, so if I know how to refute something I’ll just concede that it is as such and move on, but…… I’m curious if there are any connections being made in the minds of physicists, I just want to know more and don’t know where to start. If there is an empirical study that directly refutes this concept entirely I’d love to read it.\xa0&lt;/p&gt;\n&lt;/div&gt;', 'gildings': {}, 'collapsed_reason': None, 'distinguished': None, 'associated_award': None, 'stickied': False, 'author_premium': False, 'can_gild': False, 'link_id': 't3_1cbyp3a', 'unrepliable_reason': None, 'author_flair_text_color': None, 'score_hidden': False, 'permalink': '/r/AskPhysics/comments/1cbyp3a/it_we_are_in_a_black_hole/l1i3nzv/', 'subreddit_type': 'public', 'locked': False, 'report_reasons': None, 'created': 1714226977.0, 'author_flair_text': None, 'treatment_tags': [], 'collapsed': False, 'subreddit_name_prefixed': 'r/AskPhysics', 'controversiality': 0, 'depth': 1, 'author_flair_background_color': None, 'collapsed_because_crowd_control': None, 'mod_reports': [], 'num_reports': None, 'ups': 1}}], 'before': None}}",,False,17,False,True,False,AskPhysics,t5_2sumo,r/AskPhysics,public,,0,[],,17,[],t1
data_1,[],,,False,,Barbacamanitu00,,,[],,,,text,t2_gwxfun4g1,False,False,False,[],,,Dark matter is most likely real. All proposed alternative theories don't explain observations accurately.,"&lt;div class=""md""&gt;&lt;p&gt;Dark matter is most likely real. All proposed alternative theories don&amp;#39;t explain observations accurately.&lt;/p&gt;
&lt;/div&gt;",False,False,False,,,,,0,1713969045.0,1713969045.0,0,,0,False,0,{},l11skzt,False,,t3_1cbyp3a,False,,,,[],t1_l11skzt,False,,t3_1cbyp3a,/r/AskPhysics/comments/1cbyp3a/it_we_are_in_a_black_hole/l11skzt/,,,,False,5,False,True,False,AskPhysics,t5_2sumo,r/AskPhysics,public,,0,[],,5,[],t1
data_2,[],,,False,,Cryptizard,,,[],,,,text,t2_n0aht,False,False,False,[],,,[The universe is not a black hole](https://www.preposterousuniverse.com/blog/2010/04/28/the-universe-is-not-a-black-hole/),"&lt;div class=""md""&gt;&lt;p&gt;&lt;a href=""https://www.preposterousuniverse.com/blog/2010/04/28/the-universe-is-not-a-black-hole/""&gt;The universe is not a black hole&lt;/a&gt;&lt;/p&gt;
&lt;/div&gt;",False,False,False,,,,,0,1713967160.0,1713967160.0,0,,0,False,0,{},l11ncgu,False,,t3_1cbyp3a,False,,,,[],t1_l11ncgu,True,,t3_1cbyp3a,/r/AskPhysics/comments/1cbyp3a/it_we_are_in_a_black_hole/l11ncgu/,,"{'kind': 'Listing', 'data': {'after': None, 'dist': None, 'modhash': None, 'geo_filter': '', 'children': [{'kind': 't1', 'data': {'total_awards_received': 0, 'approved_at_utc': None, 'author_is_blocked': False, 'comment_type': None, 'awarders': [], 'mod_reason_by': None, 'banned_by': None, 'ups': 1, 'removal_reason': None, 'link_id': 't3_1cbyp3a', 'author_flair_template_id': None, 'likes': None, 'replies': {'kind': 'Listing', 'data': {'after': None, 'dist': None, 'modhash': None, 'geo_filter': '', 'children': [{'kind': 't1', 'data': {'subreddit_id': 't5_2sumo', 'approved_at_utc': None, 'author_is_blocked': False, 'comment_type': None, 'awarders': [], 'mod_reason_by': None, 'banned_by': None, 'author_flair_type': 'text', 'total_awards_received': 0, 'subreddit': 'AskPhysics', 'author_flair_template_id': None, 'likes': None, 'replies': {'kind': 'Listing', 'data': {'after': None, 'dist': None, 'modhash': None, 'geo_filter': '', 'children': [{'kind': 't1', 'data': {'subreddit_id': 't5_2sumo', 'approved_at_utc': None, 'author_is_blocked': False, 'comment_type': None, 'awarders': [], 'mod_reason_by': None, 'banned_by': None, 'author_flair_type': 'text', 'total_awards_received': 0, 'subreddit': 'AskPhysics', 'author_flair_template_id': None, 'likes': None, 'replies': {'kind': 'Listing', 'data': {'after': None, 'dist': None, 'modhash': None, 'geo_filter': '', 'children': [{'kind': 't1', 'data': {'subreddit_id': 't5_2sumo', 'approved_at_utc': None, 'author_is_blocked': False, 'comment_type': None, 'awarders': [], 'mod_reason_by': None, 'banned_by': None, 'author_flair_type': 'text', 'total_awards_received': 0, 'subreddit': 'AskPhysics', 'author_flair_template_id': None, 'distinguished': None, 'likes': None, 'replies': {'kind': 'Listing', 'data': {'after': None, 'dist': None, 'modhash': None, 'geo_filter': '', 'children': [{'kind': 't1', 'data': {'subreddit_id': 't5_2sumo', 'approved_at_utc': None, 'author_is_blocked': False, 'comment_type': None, 'awarders': [], 'mod_reason_by': None, 'banned_by': None, 'author_flair_type': 'text', 'total_awards_received': 0, 'subreddit': 'AskPhysics', 'author_flair_template_id': None, 'distinguished': None, 'likes': None, 'replies': '', 'user_reports': [], 'saved': False, 'id': 'l1214zq', 'banned_at_utc': None, 'mod_reason_title': None, 'gilded': 0, 'archived': False, 'collapsed_reason_code': None, 'no_follow': True, 'author': 'MartnSilenus', 'can_mod_post': False, 'send_replies': True, 'parent_id': 't1_l11wwn5', 'score': 0, 'author_fullname': 't2_uzmrqyo1', 'approved_by': None, 'mod_note': None, 'all_awardings': [], 'body': 'I read your “article” which is a blog post by Carroll. Whom I like and read and listen, but is by no means directly addressing the unscientific theoretical idea that a black hole is a white hole, just addressing one tiny piece of one idea. That piece addressed is the supposed evidence that relates to the size of our observable universe. He’s correct about that. \n\nAlthough untestable, a black hole in a universe becoming a white hole/ big bang in a new one is a well thought out idea and it works. It doesn’t mean that it’s correct. It’s also not testable. And it’s not really even in the realm of science. But it is an idea and it does work. I don’t even believe in it. And it does require belief, but it isn’t outside the realm of possibility.', 'edited': False, 'gildings': {}, 'downs': 0, 'author_flair_css_class': None, 'name': 't1_l1214zq', 'is_submitter': False, 'collapsed': False, 'author_flair_richtext': [], 'author_patreon_flair': False, 'body_html': '&lt;div class=""md""&gt;&lt;p&gt;I read your “article” which is a blog post by Carroll. Whom I like and read and listen, but is by no means directly addressing the unscientific theoretical idea that a black hole is a white hole, just addressing one tiny piece of one idea. That piece addressed is the supposed evidence that relates to the size of our observable universe. He’s correct about that. &lt;/p&gt;\n\n&lt;p&gt;Although untestable, a black hole in a universe becoming a white hole/ big bang in a new one is a well thought out idea and it works. It doesn’t mean that it’s correct. It’s also not testable. And it’s not really even in the realm of science. But it is an idea and it does work. I don’t even believe in it. And it does require belief, but it isn’t outside the realm of possibility.&lt;/p&gt;\n&lt;/div&gt;', 'removal_reason': None, 'collapsed_reason': None, 'link_id': 't3_1cbyp3a', 'associated_award': None, 'stickied': False, 'author_premium': False, 'can_gild': False, 'top_awarded_type': None, 'unrepliable_reason': None, 'author_flair_text_color': None, 'score_hidden': False, 'permalink': '/r/AskPhysics/comments/1cbyp3a/it_we_are_in_a_black_hole/l1214zq/', 'subreddit_type': 'public', 'locked': False, 'report_reasons': None, 'created': 1713972002.0, 'author_flair_text': None, 'treatment_tags': [], 'created_utc': 1713972002.0, 'subreddit_name_prefixed': 'r/AskPhysics', 'controversiality': 0, 'depth': 5, 'author_flair_background_color': None, 'collapsed_because_crowd_control': None, 'mod_reports': [], 'num_reports': None, 'ups': 0}}], 'before': None}}, 'user_reports': [], 'saved': False, 'id': 'l11wwn5', 'banned_at_utc': None, 'mod_reason_title': None, 'gilded': 0, 'archived': False, 'collapsed_reason_code': None, 'no_follow': True, 'author': 'Cryptizard', 'can_mod_post': False, 'send_replies': True, 'parent_id': 't1_l11vipz', 'score': 1, 'author_fullname': 't2_n0aht', 'removal_reason': None, 'approved_by': None, 'mod_note': None, 'all_awardings': [], 'body': ""Then it is not a black hole but a white hole.  But that also doesn't make sense as the article says if you read it."", 'edited': False, 'author_flair_css_class': None, 'name': 't1_l11wwn5', 'is_submitter': False, 'downs': 0, 'author_flair_richtext': [], 'author_patreon_flair': False, 'body_html': '&lt;div class=""md""&gt;&lt;p&gt;Then it is not a black hole but a white hole.  But that also doesn&amp;#39;t make sense as the article says if you read it.&lt;/p&gt;\n&lt;/div&gt;', 'gildings': {}, 'collapsed_reason': None, 'link_id': 't3_1cbyp3a', 'associated_award': None, 'stickied': False, 'author_premium': False, 'can_gild': False, 'top_awarded_type': None, 'unrepliable_reason': None, 'author_flair_text_color': None, 'treatment_tags': [], 'score_hidden': False, 'permalink': '/r/AskPhysics/comments/1cbyp3a/it_we_are_in_a_black_hole/l11wwn5/', 'subreddit_type': 'public', 'locked': False, 'report_reasons': None, 'created': 1713970546.0, 'author_flair_text': None, 'collapsed': False, 'created_utc': 1713970546.0, 'subreddit_name_prefixed': 'r/AskPhysics', 'controversiality': 0, 'depth': 4, 'author_flair_background_color': None, 'collapsed_because_crowd_control': None, 'mod_reports': [], 'num_reports': None, 'ups': 1}}], 'before': None}}, 'user_reports': [], 'saved': False, 'id': 'l11vipz', 'banned_at_utc': None, 'mod_reason_title': None, 'gilded': 0, 'archived': False, 'collapsed_reason_code': None, 'no_follow': True, 'author': 'MartnSilenus', 'can_mod_post': False, 'send_replies': True, 'parent_id': 't1_l11r1p5', 'score': 2, 'author_fullname': 't2_uzmrqyo1', 'removal_reason': None, 'approved_by': None, 'mod_note': None, 'all_awardings': [], 'collapsed': False, 'body': 'The objective “horizon” is the Big Bang, not the observable universe.', 'edited': False, 'top_awarded_type': None, 'author_flair_css_class': None, 'name': 't1_l11vipz', 'is_submitter': False, 'downs': 0, 'author_flair_richtext': [], 'author_patreon_flair': False, 'body_html': '&lt;div class=""md""&gt;&lt;p&gt;The objective “horizon” is the Big Bang, not the observable universe.&lt;/p&gt;\n&lt;/div&gt;', 'gildings': {}, 'collapsed_reason': None, 'distinguished': None, 'associated_award': None, 'stickied': False, 'author_premium': False, 'can_gild': False, 'link_id': 't3_1cbyp3a', 'unrepliable_reason': None, 'author_flair_text_color': None, 'score_hidden': False, 'permalink': '/r/AskPhysics/comments/1cbyp3a/it_we_are_in_a_black_hole/l11vipz/', 'subreddit_type': 'public', 'locked': False, 'report_reasons': None, 'created': 1713970071.0, 'author_flair_text': None, 'treatment_tags': [], 'created_utc': 1713970071.0, 'subreddit_name_prefixed': 'r/AskPhysics', 'controversiality': 0, 'depth': 3, 'author_flair_background_color': None, 'collapsed_because_crowd_control': None, 'mod_reports': [], 'num_reports': None, 'ups': 2}}], 'before': None}}, 'user_reports': [], 'saved': False, 'id': 'l11r1p5', 'banned_at_utc': None, 'mod_reason_title': None, 'gilded': 0, 'archived': False, 'collapsed_reason_code': None, 'no_follow': False, 'author': 'Cryptizard', 'can_mod_post': False, 'send_replies': True, 'parent_id': 't1_l11qfys', 'score': 6, 'author_fullname': 't2_n0aht', 'removal_reason': None, 'approved_by': None, 'mod_note': None, 'all_awardings': [], 'body': 'But if you are at the edge of our observable universe then you can clearly escape our observable universe, which is his point.  There is no objective horizon.  It seems like you are the one deliberately misrepresenting the situation.', 'edited': False, 'top_awarded_type': None, 'downs': 0, 'author_flair_css_class': None, 'name': 't1_l11r1p5', 'is_submitter': False, 'collapsed': False, 'author_flair_richtext': [], 'author_patreon_flair': False, 'body_html': '&lt;div class=""md""&gt;&lt;p&gt;But if you are at the edge of our observable universe then you can clearly escape our observable universe, which is his point.  There is no objective horizon.  It seems like you are the one deliberately misrepresenting the situation.&lt;/p&gt;\n&lt;/div&gt;', 'gildings': {}, 'collapsed_reason': None, 'distinguished': None, 'associated_award': None, 'stickied': False, 'author_premium': False, 'can_gild': False, 'link_id': 't3_1cbyp3a', 'unrepliable_reason': None, 'author_flair_text_color': None, 'score_hidden': False, 'permalink': '/r/AskPhysics/comments/1cbyp3a/it_we_are_in_a_black_hole/l11r1p5/', 'subreddit_type': 'public', 'locked': False, 'report_reasons': None, 'created': 1713968502.0, 'author_flair_text': None, 'treatment_tags': [], 'created_utc': 1713968502.0, 'subreddit_name_prefixed': 'r/AskPhysics', 'controversiality': 0, 'depth': 2, 'author_flair_background_color': None, 'collapsed_because_crowd_control': None, 'mod_reports': [], 'num_reports': None, 'ups': 6}}], 'before': None}}, 'user_reports': [], 'saved': False, 'id': 'l11qfys', 'banned_at_utc': None, 'mod_reason_title': None, 'gilded': 0, 'archived': False, 'collapsed_reason_code': None, 'no_follow': True, 'author': '[deleted]', 'can_mod_post': False, 'send_replies': True, 'parent_id': 't1_l11ncgu', 'score': 1, 'approved_by': None, 'report_reasons': None, 'all_awardings': [], 'subreddit_id': 't5_2sumo', 'body': '[deleted]', 'edited': False, 'author_flair_css_class': None, 'collapsed': False, 'downs': 0, 'is_submitter': False, 'body_html': '&lt;div class=""md""&gt;&lt;p&gt;[deleted]&lt;/p&gt;\n&lt;/div&gt;', 'gildings': {}, 'collapsed_reason': None, 'associated_award': None, 'stickied': False, 'subreddit_type': 'public', 'can_gild': False, 'top_awarded_type': None, 'unrepliable_reason': None, 'author_flair_text_color': 'dark', 'score_hidden': False, 'permalink': '/r/AskPhysics/comments/1cbyp3a/it_we_are_in_a_black_hole/l11qfys/', 'num_reports': None, 'locked': False, 'name': 't1_l11qfys', 'created': 1713968286.0, 'subreddit': 'AskPhysics', 'author_flair_text': None, 'treatment_tags': [], 'created_utc': 1713968286.0, 'subreddit_name_prefixed': 'r/AskPhysics', 'controversiality': 0, 'depth': 1, 'author_flair_background_color': '', 'collapsed_because_crowd_control': None, 'mod_reports': [], 'mod_note': None, 'distinguished': None}}, {'kind': 't1', 'data': {'subreddit_id': 't5_2sumo', 'approved_at_utc': None, 'author_is_blocked': False, 'comment_type': None, 'awarders': [], 'mod_reason_by': None, 'banned_by': None, 'author_flair_type': 'text', 'total_awards_received': 0, 'subreddit': 'AskPhysics', 'author_flair_template_id': None, 'likes': None, 'replies': {'kind': 'Listing', 'data': {'after': None, 'dist': None, 'modhash': None, 'geo_filter': '', 'children': [{'kind': 't1', 'data': {'subreddit_id': 't5_2sumo', 'approved_at_utc': None, 'author_is_blocked': False, 'comment_type': None, 'awarders': [], 'mod_reason_by': None, 'banned_by': None, 'author_flair_type': 'text', 'total_awards_received': 0, 'subreddit': 'AskPhysics', 'author_flair_template_id': None, 'likes': None, 'replies': {'kind': 'Listing', 'data': {'after': None, 'dist': None, 'modhash': None, 'geo_filter': '', 'children': [{'kind': 't1', 'data': {'subreddit_id': 't5_2sumo', 'approved_at_utc': None, 'author_is_blocked': False, 'comment_type': None, 'awarders': [], 'mod_reason_by': None, 'banned_by': None, 'author_flair_type': 'text', 'total_awards_received': 0, 'subreddit': 'AskPhysics', 'author_flair_template_id': None, 'likes': None, 'replies': {'kind': 'Listing', 'data': {'after': None, 'dist': None, 'modhash': None, 'geo_filter': '', 'children': [{'kind': 't1', 'data': {'subreddit_id': 't5_2sumo', 'approved_at_utc': None, 'author_is_blocked': False, 'comment_type': None, 'awarders': [], 'mod_reason_by': None, 'banned_by': None, 'author_flair_type': 'text', 'total_awards_received': 0, 'subreddit': 'AskPhysics', 'author_flair_template_id': None, 'distinguished': None, 'likes': None, 'replies': {'kind': 'Listing', 'data': {'after': None, 'dist': None, 'modhash': None, 'geo_filter': '', 'children': [{'kind': 't1', 'data': {'subreddit_id': 't5_2sumo', 'approved_at_utc': None, 'author_is_blocked': False, 'comment_type': None, 'awarders': [], 'mod_reason_by': None, 'banned_by': None, 'author_flair_type': 'text', 'total_awards_received': 0, 'subreddit': 'AskPhysics', 'author_flair_template_id': None, 'distinguished': None, 'likes': None, 'replies': '', 'user_reports': [], 'saved': False, 'id': 'l12phmk', 'banned_at_utc': None, 'mod_reason_title': None, 'gilded': 0, 'archived': False, 'collapsed_reason_code': None, 'no_follow': True, 'author': 'dankchristianmemer6', 'can_mod_post': False, 'send_replies': True, 'parent_id': 't1_l12nqon', 'score': -1, 'author_fullname': 't2_do40q53o', 'approved_by': None, 'mod_note': None, 'all_awardings': [], 'body': ""I work in research lol, I just never bothered to publish in anything but JHEP and PRD.\n\nI linked the exact appendix where you can see the calculation. Do you know GR? The entire relevant section is less than a page so it's very easy to follow (it's really just 11 lines in the calculation). \n\nWhere's the error?"", 'edited': False, 'gildings': {}, 'downs': 0, 'author_flair_css_class': None, 'name': 't1_l12phmk', 'is_submitter': False, 'collapsed': False, 'author_flair_richtext': [], 'author_patreon_flair': False, 'body_html': '&lt;div class=""md""&gt;&lt;p&gt;I work in research lol, I just never bothered to publish in anything but JHEP and PRD.&lt;/p&gt;\n\n&lt;p&gt;I linked the exact appendix where you can see the calculation. Do you know GR? The entire relevant section is less than a page so it&amp;#39;s very easy to follow (it&amp;#39;s really just 11 lines in the calculation). &lt;/p&gt;\n\n&lt;p&gt;Where&amp;#39;s the error?&lt;/p&gt;\n&lt;/div&gt;', 'removal_reason': None, 'collapsed_reason': None, 'link_id': 't3_1cbyp3a', 'associated_award': None, 'stickied': False, 'author_premium': False, 'can_gild': False, 'top_awarded_type': None, 'unrepliable_reason': None, 'author_flair_text_color': None, 'score_hidden': False, 'permalink': '/r/AskPhysics/comments/1cbyp3a/it_we_are_in_a_black_hole/l12phmk/', 'subreddit_type': 'public', 'locked': False, 'report_reasons': None, 'created': 1713980098.0, 'author_flair_text': None, 'treatment_tags': [], 'created_utc': 1713980098.0, 'subreddit_name_prefixed': 'r/AskPhysics', 'controversiality': 0, 'depth': 5, 'author_flair_background_color': None, 'collapsed_because_crowd_control': None, 'mod_reports': [], 'num_reports': None, 'ups': -1}}], 'before': None}}, 'user_reports': [], 'saved': False, 'id': 'l12nqon', 'banned_at_utc': None, 'mod_reason_title': None, 'gilded': 0, 'archived': False, 'collapsed_reason_code': None, 'no_follow': True, 'author': 'Cryptizard', 'can_mod_post': False, 'send_replies': True, 'parent_id': 't1_l12mz2v', 'score': 2, 'author_fullname': 't2_n0aht', 'removal_reason': None, 'approved_by': None, 'mod_note': None, 'all_awardings': [], 'body': 'That’s an MDPI article. It is a literal scam journal. You would know if you are familiar with academic research.', 'edited': False, 'author_flair_css_class': None, 'name': 't1_l12nqon', 'is_submitter': False, 'downs': 0, 'author_flair_richtext': [], 'author_patreon_flair': False, 'body_html': '&lt;div class=""md""&gt;&lt;p&gt;That’s an MDPI article. It is a literal scam journal. You would know if you are familiar with academic research.&lt;/p&gt;\n&lt;/div&gt;', 'gildings': {}, 'collapsed_reason': None, 'link_id': 't3_1cbyp3a', 'associated_award': None, 'stickied': False, 'author_premium': False, 'can_gild': False, 'top_awarded_type': None, 'unrepliable_reason': None, 'author_flair_text_color': None, 'treatment_tags': [], 'score_hidden': False, 'permalink': '/r/AskPhysics/comments/1cbyp3a/it_we_are_in_a_black_hole/l12nqon/', 'subreddit_type': 'public', 'locked': False, 'report_reasons': None, 'created': 1713979526.0, 'author_flair_text': None, 'collapsed': False, 'created_utc': 1713979526.0, 'subreddit_name_prefixed': 'r/AskPhysics', 'controversiality': 0, 'depth': 4, 'author_flair_background_color': None, 'collapsed_because_crowd_control': None, 'mod_reports': [], 'num_reports': None, 'ups': 2}}], 'before': None}}, 'user_reports': [], 'saved': False, 'id': 'l12mz2v', 'banned_at_utc': None, 'mod_reason_title': None, 'gilded': 0, 'archived': False, 'collapsed_reason_code': None, 'no_follow': True, 'author': 'dankchristianmemer6', 'can_mod_post': False, 'send_replies': True, 'parent_id': 't1_l12lo0t', 'score': 0, 'author_fullname': 't2_do40q53o', 'removal_reason': None, 'approved_by': None, 'mod_note': None, 'all_awardings': [], 'collapsed': False, 'body': '&gt;explains why that is not possible to map onto our universe\n\nSee appendix A of [this](https://arxiv.org/abs/2204.11608) paper.', 'edited': 1713980113.0, 'top_awarded_type': None, 'author_flair_css_class': None, 'name': 't1_l12mz2v', 'is_submitter': False, 'downs': 0, 'author_flair_richtext': [], 'author_patreon_flair': False, 'body_html': '&lt;div class=""md""&gt;&lt;blockquote&gt;\n&lt;p&gt;explains why that is not possible to map onto our universe&lt;/p&gt;\n&lt;/blockquote&gt;\n\n&lt;p&gt;See appendix A of &lt;a href=""https://arxiv.org/abs/2204.11608""&gt;this&lt;/a&gt; paper.&lt;/p&gt;\n&lt;/div&gt;', 'gildings': {}, 'collapsed_reason': None, 'distinguished': None, 'associated_award': None, 'stickied': False, 'author_premium': False, 'can_gild': False, 'link_id': 't3_1cbyp3a', 'unrepliable_reason': None, 'author_flair_text_color': None, 'score_hidden': False, 'permalink': '/r/AskPhysics/comments/1cbyp3a/it_we_are_in_a_black_hole/l12mz2v/', 'subreddit_type': 'public', 'locked': False, 'report_reasons': None, 'created': 1713979274.0, 'author_flair_text': None, 'treatment_tags': [], 'created_utc': 1713979274.0, 'subreddit_name_prefixed': 'r/AskPhysics', 'controversiality': 0, 'depth': 3, 'author_flair_background_color': None, 'collapsed_because_crowd_control': None, 'mod_reports': [], 'num_reports': None, 'ups': 0}}], 'before': None}}, 'user_reports': [], 'saved': False, 'id': 'l12lo0t', 'banned_at_utc': None, 'mod_reason_title': None, 'gilded': 0, 'archived': False, 'collapsed_reason_code': None, 'no_follow': True, 'author': 'Cryptizard', 'can_mod_post': False, 'send_replies': True, 'parent_id': 't1_l12f09c', 'score': 2, 'author_fullname': 't2_n0aht', 'removal_reason': None, 'approved_by': None, 'mod_note': None, 'all_awardings': [], 'body': 'It defines what a black hole is and then explains why that is not possible to map onto our universe. It’s pretty clear.', 'edited': False, 'top_awarded_type': None, 'downs': 0, 'author_flair_css_class': None, 'name': 't1_l12lo0t', 'is_submitter': False, 'collapsed': False, 'author_flair_richtext': [], 'author_patreon_flair': False, 'body_html': '&lt;div class=""md""&gt;&lt;p&gt;It defines what a black hole is and then explains why that is not possible to map onto our universe. It’s pretty clear.&lt;/p&gt;\n&lt;/div&gt;', 'gildings': {}, 'collapsed_reason': None, 'distinguished': None, 'associated_award': None, 'stickied': False, 'author_premium': False, 'can_gild': False, 'link_id': 't3_1cbyp3a', 'unrepliable_reason': None, 'author_flair_text_color': None, 'score_hidden': False, 'permalink': '/r/AskPhysics/comments/1cbyp3a/it_we_are_in_a_black_hole/l12lo0t/', 'subreddit_type': 'public', 'locked': False, 'report_reasons': None, 'created': 1713978844.0, 'author_flair_text': None, 'treatment_tags': [], 'created_utc': 1713978844.0, 'subreddit_name_prefixed': 'r/AskPhysics', 'controversiality': 0, 'depth': 2, 'author_flair_background_color': None, 'collapsed_because_crowd_control': None, 'mod_reports': [], 'num_reports': None, 'ups': 2}}], 'before': None}}, 'user_reports': [], 'saved': False, 'id': 'l12f09c', 'banned_at_utc': None, 'mod_reason_title': None, 'gilded': 0, 'archived': False, 'collapsed_reason_code': None, 'no_follow': True, 'author': 'dankchristianmemer6', 'can_mod_post': False, 'created_utc': 1713976640.0, 'send_replies': True, 'parent_id': 't1_l11ncgu', 'score': 1, 'author_fullname': 't2_do40q53o', 'removal_reason': None, 'approved_by': None, 'mod_note': None, 'all_awardings': [], 'body': 'Did anyone read the article?\n\nIt basically just lists a couple compelling arguments for one might conjecture that we do live in a black hole, and then says ""nope"".', 'edited': 1713977074.0, 'top_awarded_type': None, 'author_flair_css_class': None, 'name': 't1_l12f09c', 'is_submitter': False, 'downs': 0, 'author_flair_richtext': [], 'author_patreon_flair': False, 'body_html': '&lt;div class=""md""&gt;&lt;p&gt;Did anyone read the article?&lt;/p&gt;\n\n&lt;p&gt;It basically just lists a couple compelling arguments for one might conjecture that we do live in a black hole, and then says &amp;quot;nope&amp;quot;.&lt;/p&gt;\n&lt;/div&gt;', 'gildings': {}, 'collapsed_reason': None, 'distinguished': None, 'associated_award': None, 'stickied': False, 'author_premium': False, 'can_gild': False, 'link_id': 't3_1cbyp3a', 'unrepliable_reason': None, 'author_flair_text_color': None, 'score_hidden': False, 'permalink': '/r/AskPhysics/comments/1cbyp3a/it_we_are_in_a_black_hole/l12f09c/', 'subreddit_type': 'public', 'locked': False, 'report_reasons': None, 'created': 1713976640.0, 'author_flair_text': None, 'treatment_tags': [], 'collapsed': False, 'subreddit_name_prefixed': 'r/AskPhysics', 'controversiality': 0, 'depth': 1, 'author_flair_background_color': None, 'collapsed_because_crowd_control': None, 'mod_reports': [], 'num_reports': None, 'ups': 1}}, {'kind': 't1', 'data': {'subreddit_id': 't5_2sumo', 'approved_at_utc': None, 'author_is_blocked': False, 'comment_type': None, 'awarders': [], 'mod_reason_by': None, 'banned_by': None, 'author_flair_type': 'text', 'total_awards_received': 0, 'subreddit': 'AskPhysics', 'author_flair_template_id': None, 'likes': None, 'replies': {'kind': 'Listing', 'data': {'after': None, 'dist': None, 'modhash': None, 'geo_filter': '', 'children': [{'kind': 't1', 'data': {'subreddit_id': 't5_2sumo', 'approved_at_utc': None, 'author_is_blocked': False, 'comment_type': None, 'awarders': [], 'mod_reason_by': None, 'banned_by': None, 'author_flair_type': 'text', 'total_awards_received': 0, 'subreddit': 'AskPhysics', 'author_flair_template_id': None, 'likes': None, 'replies': {'kind': 'Listing', 'data': {'after': None, 'dist': None, 'modhash': None, 'geo_filter': '', 'children': [{'kind': 't1', 'data': {'subreddit_id': 't5_2sumo', 'approved_at_utc': None, 'author_is_blocked': False, 'comment_type': None, 'awarders': [], 'mod_reason_by': None, 'banned_by': None, 'author_flair_type': 'text', 'total_awards_received': 0, 'subreddit': 'AskPhysics', 'author_flair_template_id': None, 'likes': None, 'replies': '', 'user_reports': [], 'saved': False, 'id': 'l13sdp6', 'banned_at_utc': None, 'mod_reason_title': None, 'gilded': 0, 'archived': False, 'collapsed_reason_code': None, 'no_follow': True, 'author': 'Balaros', 'can_mod_post': False, 'send_replies': True, 'parent_id': 't1_l12mtv2', 'score': 1, 'author_fullname': 't2_hij3n9te', 'removal_reason': None, 'approved_by': None, 'mod_note': None, 'all_awardings': [], 'collapsed': False, 'body': 'You are at difference with your source, which calls itself a blog.  One can, of course, be both.', 'edited': False, 'top_awarded_type': None, 'author_flair_css_class': None, 'name': 't1_l13sdp6', 'is_submitter': False, 'downs': 0, 'author_flair_richtext': [], 'author_patreon_flair': False, 'body_html': '&lt;div class=""md""&gt;&lt;p&gt;You are at difference with your source, which calls itself a blog.  One can, of course, be both.&lt;/p&gt;\n&lt;/div&gt;', 'gildings': {}, 'collapsed_reason': None, 'distinguished': None, 'associated_award': None, 'stickied': False, 'author_premium': False, 'can_gild': False, 'link_id': 't3_1cbyp3a', 'unrepliable_reason': None, 'author_flair_text_color': None, 'score_hidden': False, 'permalink': '/r/AskPhysics/comments/1cbyp3a/it_we_are_in_a_black_hole/l13sdp6/', 'subreddit_type': 'public', 'locked': False, 'report_reasons': None, 'created': 1713992922.0, 'author_flair_text': None, 'treatment_tags': [], 'created_utc': 1713992922.0, 'subreddit_name_prefixed': 'r/AskPhysics', 'controversiality': 0, 'depth': 3, 'author_flair_background_color': None, 'collapsed_because_crowd_control': None, 'mod_reports': [], 'num_reports': None, 'ups': 1}}], 'before': None}}, 'user_reports': [], 'saved': False, 'id': 'l12mtv2', 'banned_at_utc': None, 'mod_reason_title': None, 'gilded': 0, 'archived': False, 'collapsed_reason_code': None, 'no_follow': True, 'author': 'Cryptizard', 'can_mod_post': False, 'send_replies': True, 'parent_id': 't1_l12lrwj', 'score': 1, 'author_fullname': 't2_n0aht', 'removal_reason': None, 'approved_by': None, 'mod_note': None, 'all_awardings': [], 'body': 'It’s not a “blogger” it is an incredibly prominent physicist who has written dozens of articles about black holes and general relativity.', 'edited': False, 'top_awarded_type': None, 'downs': 0, 'author_flair_css_class': None, 'name': 't1_l12mtv2', 'is_submitter': False, 'collapsed': False, 'author_flair_richtext': [], 'author_patreon_flair': False, 'body_html': '&lt;div class=""md""&gt;&lt;p&gt;It’s not a “blogger” it is an incredibly prominent physicist who has written dozens of articles about black holes and general relativity.&lt;/p&gt;\n&lt;/div&gt;', 'gildings': {}, 'collapsed_reason': None, 'distinguished': None, 'associated_award': None, 'stickied': False, 'author_premium': False, 'can_gild': False, 'link_id': 't3_1cbyp3a', 'unrepliable_reason': None, 'author_flair_text_color': None, 'score_hidden': False, 'permalink': '/r/AskPhysics/comments/1cbyp3a/it_we_are_in_a_black_hole/l12mtv2/', 'subreddit_type': 'public', 'locked': False, 'report_reasons': None, 'created': 1713979227.0, 'author_flair_text': None, 'treatment_tags': [], 'created_utc': 1713979227.0, 'subreddit_name_prefixed': 'r/AskPhysics', 'controversiality': 0, 'depth': 2, 'author_flair_background_color': None, 'collapsed_because_crowd_control': None, 'mod_reports': [], 'num_reports': None, 'ups': 1}}], 'before': None}}, 'user_reports': [], 'saved': False, 'id': 'l12lrwj', 'banned_at_utc': None, 'mod_reason_title': None, 'gilded': 0, 'archived': False, 'collapsed_reason_code': None, 'no_follow': True, 'author': 'Balaros', 'can_mod_post': False, 'created_utc': 1713978879.0, 'send_replies': True, 'parent_id': 't1_l11ncgu', 'score': 1, 'author_fullname': 't2_hij3n9te', 'removal_reason': None, 'approved_by': None, 'mod_note': None, 'all_awardings': [], 'body': 'That sounds like philosophical claptrap to me.  The Schwarzschild Radius of the observable universe is larger than the observable universe, therefore it is presumed in a black hole unless you can meaningfully show it is not.  Obviously, at the edge of the observable universe, the mass goes on and so can objects; that just means they are inside, too.  If there is a physical space outside the Schwarzschild Radius for the whole universe, counting all the mass until that plane, which can be reached from inside, and is more than a local deviation in the event horizon, then we can say it\'s not a black hole. \n\nThe blogger seems to imply that since space doesn\'t exist outside the universe, it doesn\'t count that light can\'t escape.  Not sure if that was meant, or the idea of a whole universe black hole wasn\'t considered.  At any rate, even with a second meaning in usage that makes an exception for the whole universe, extending the normal meaning of ""black hole"" to the whole universe is valid.  That\'s how English works.\n\n""The universe is actually expanding, rather than contracting as you might expect the interior of a black hole to be.""  Not my field, but nope.  I always expected black holes to expand space so they can fit more mass in (or near) a region that maps to a singular point of Cartesian space. I surely expect mass to be pulled to smaller regions of that space for at least part of the time they fall.  If theory shows space contracting inside a black hole from the local perspective, I\'d be glad to know of it.', 'edited': False, 'top_awarded_type': None, 'author_flair_css_class': None, 'name': 't1_l12lrwj', 'is_submitter': False, 'downs': 0, 'author_flair_richtext': [], 'author_patreon_flair': False, 'body_html': '&lt;div class=""md""&gt;&lt;p&gt;That sounds like philosophical claptrap to me.  The Schwarzschild Radius of the observable universe is larger than the observable universe, therefore it is presumed in a black hole unless you can meaningfully show it is not.  Obviously, at the edge of the observable universe, the mass goes on and so can objects; that just means they are inside, too.  If there is a physical space outside the Schwarzschild Radius for the whole universe, counting all the mass until that plane, which can be reached from inside, and is more than a local deviation in the event horizon, then we can say it&amp;#39;s not a black hole. &lt;/p&gt;\n\n&lt;p&gt;The blogger seems to imply that since space doesn&amp;#39;t exist outside the universe, it doesn&amp;#39;t count that light can&amp;#39;t escape.  Not sure if that was meant, or the idea of a whole universe black hole wasn&amp;#39;t considered.  At any rate, even with a second meaning in usage that makes an exception for the whole universe, extending the normal meaning of &amp;quot;black hole&amp;quot; to the whole universe is valid.  That&amp;#39;s how English works.&lt;/p&gt;\n\n&lt;p&gt;&amp;quot;The universe is actually expanding, rather than contracting as you might expect the interior of a black hole to be.&amp;quot;  Not my field, but nope.  I always expected black holes to expand space so they can fit more mass in (or near) a region that maps to a singular point of Cartesian space. I surely expect mass to be pulled to smaller regions of that space for at least part of the time they fall.  If theory shows space contracting inside a black hole from the local perspective, I&amp;#39;d be glad to know of it.&lt;/p&gt;\n&lt;/div&gt;', 'gildings': {}, 'collapsed_reason': None, 'distinguished': None, 'associated_award': None, 'stickied': False, 'author_premium': False, 'can_gild': False, 'link_id': 't3_1cbyp3a', 'unrepliable_reason': None, 'author_flair_text_color': None, 'score_hidden': False, 'permalink': '/r/AskPhysics/comments/1cbyp3a/it_we_are_in_a_black_hole/l12lrwj/', 'subreddit_type': 'public', 'locked': False, 'report_reasons': None, 'created': 1713978879.0, 'author_flair_text': None, 'treatment_tags': [], 'collapsed': False, 'subreddit_name_prefixed': 'r/AskPhysics', 'controversiality': 0, 'depth': 1, 'author_flair_background_color': None, 'collapsed_because_crowd_control': None, 'mod_reports': [], 'num_reports': None, 'ups': 1}}], 'before': None}}",,False,10,False,True,False,AskPhysics,t5_2sumo,r/AskPhysics,public,,0,[],,10,[],t1
data_3,[],,,False,,cosmolark,,,[],,,,text,t2_jm0y323z,False,False,False,[],,,"Maybe YOU'RE in a black hole, but I'm not.","&lt;div class=""md""&gt;&lt;p&gt;Maybe YOU&amp;#39;RE in a black hole, but I&amp;#39;m not.&lt;/p&gt;
&lt;/div&gt;",False,False,False,,,,,0,1713970502.0,1713970502.0,0,,0,False,0,{},l11ws1x,False,,t3_1cbyp3a,False,,,,[],t1_l11ws1x,True,,t3_1cbyp3a,/r/AskPhysics/comments/1cbyp3a/it_we_are_in_a_black_hole/l11ws1x/,,"{'kind': 'Listing', 'data': {'after': None, 'dist': None, 'modhash': None, 'geo_filter': '', 'children': [{'kind': 't1', 'data': {'subreddit_id': 't5_2sumo', 'approved_at_utc': None, 'author_is_blocked': False, 'comment_type': None, 'awarders': [], 'mod_reason_by': None, 'banned_by': None, 'author_flair_type': 'text', 'total_awards_received': 0, 'subreddit': 'AskPhysics', 'author_flair_template_id': None, 'likes': None, 'replies': '', 'user_reports': [], 'saved': False, 'id': 'l17c4gc', 'banned_at_utc': None, 'mod_reason_title': None, 'gilded': 0, 'archived': False, 'collapsed_reason_code': None, 'no_follow': True, 'author': 'ShifTuckByMutt', 'can_mod_post': False, 'created_utc': 1714054482.0, 'send_replies': True, 'parent_id': 't1_l11ws1x', 'score': 1, 'author_fullname': 't2_vovcdiato', 'removal_reason': None, 'approved_by': None, 'mod_note': None, 'all_awardings': [], 'body': 'Excuse me, while I go fuck myself.\xa0', 'edited': False, 'top_awarded_type': None, 'author_flair_css_class': None, 'name': 't1_l17c4gc', 'is_submitter': True, 'downs': 0, 'author_flair_richtext': [], 'author_patreon_flair': False, 'body_html': '&lt;div class=""md""&gt;&lt;p&gt;Excuse me, while I go fuck myself.\xa0&lt;/p&gt;\n&lt;/div&gt;', 'gildings': {}, 'collapsed_reason': None, 'distinguished': None, 'associated_award': None, 'stickied': False, 'author_premium': False, 'can_gild': False, 'link_id': 't3_1cbyp3a', 'unrepliable_reason': None, 'author_flair_text_color': None, 'score_hidden': False, 'permalink': '/r/AskPhysics/comments/1cbyp3a/it_we_are_in_a_black_hole/l17c4gc/', 'subreddit_type': 'public', 'locked': False, 'report_reasons': None, 'created': 1714054482.0, 'author_flair_text': None, 'treatment_tags': [], 'collapsed': False, 'subreddit_name_prefixed': 'r/AskPhysics', 'controversiality': 0, 'depth': 1, 'author_flair_background_color': None, 'collapsed_because_crowd_control': None, 'mod_reports': [], 'num_reports': None, 'ups': 1}}], 'before': None}}",,False,2,False,True,False,AskPhysics,t5_2sumo,r/AskPhysics,public,,0,[],,2,[],t1
data_4,[],,,False,,Anonymous-USA,,,[],,,,text,t2_7h3ccwl3,False,False,False,[],,,"we ARE NOT in a Black Hole.  This is very frequently asked on this thread, more than weekly, and easily refuted.  Please check past discussions","&lt;div class=""md""&gt;&lt;p&gt;we ARE NOT in a Black Hole.  This is very frequently asked on this thread, more than weekly, and easily refuted.  Please check past discussions&lt;/p&gt;
&lt;/div&gt;",False,False,False,,,,,0,1713969361.0,1713969361.0,0,,0,False,0,{},l11thju,False,,t3_1cbyp3a,False,,,,[],t1_l11thju,True,,t3_1cbyp3a,/r/AskPhysics/comments/1cbyp3a/it_we_are_in_a_black_hole/l11thju/,,"{'kind': 'Listing', 'data': {'after': None, 'dist': None, 'modhash': None, 'geo_filter': '', 'children': [{'kind': 't1', 'data': {'subreddit_id': 't5_2sumo', 'approved_at_utc': None, 'author_is_blocked': False, 'comment_type': None, 'awarders': [], 'mod_reason_by': None, 'banned_by': None, 'author_flair_type': 'text', 'total_awards_received': 0, 'subreddit': 'AskPhysics', 'author_flair_template_id': None, 'likes': None, 'replies': {'kind': 'Listing', 'data': {'after': None, 'dist': None, 'modhash': None, 'geo_filter': '', 'children': [{'kind': 't1', 'data': {'subreddit_id': 't5_2sumo', 'approved_at_utc': None, 'author_is_blocked': False, 'comment_type': None, 'awarders': [], 'mod_reason_by': None, 'banned_by': None, 'author_flair_type': 'text', 'total_awards_received': 0, 'subreddit': 'AskPhysics', 'author_flair_template_id': None, 'likes': None, 'replies': {'kind': 'Listing', 'data': {'after': None, 'dist': None, 'modhash': None, 'geo_filter': '', 'children': [{'kind': 't1', 'data': {'subreddit_id': 't5_2sumo', 'approved_at_utc': None, 'author_is_blocked': False, 'comment_type': None, 'awarders': [], 'mod_reason_by': None, 'banned_by': None, 'author_flair_type': 'text', 'total_awards_received': 0, 'subreddit': 'AskPhysics', 'author_flair_template_id': None, 'likes': None, 'replies': '', 'user_reports': [], 'saved': False, 'id': 'l12jufq', 'banned_at_utc': None, 'mod_reason_title': None, 'gilded': 0, 'archived': False, 'collapsed_reason_code': None, 'no_follow': True, 'author': 'dankchristianmemer6', 'can_mod_post': False, 'send_replies': True, 'parent_id': 't1_l12hwze', 'score': -2, 'author_fullname': 't2_do40q53o', 'removal_reason': None, 'approved_by': None, 'mod_note': None, 'all_awardings': [], 'collapsed': False, 'body': ""I suspect that those evidences are not conclusive, but since you cant point me to anything specific there's not much here i can comment on. I've posted about this topic myself over a year ago.\n\nThis idea is far from fringe. There are still papers showing how the interior of the schwarschild solution can be consistently mapped to FRLW under a change of coordinates. It potentially explains the fine tuning of the constants of nature, it explains expansion without needing dark energy, it fits with the matter density we observe, and it explains why the early universe has high entropy.\n\nThe idea doesn't seem ridiculous on a first pass. So what's the motivation for the strong push back? Especially from people that haven't done the mathematics themselves. Does it just sound too sci-fi so people immediately assume it must be wrong?"", 'edited': 1713978506.0, 'top_awarded_type': None, 'author_flair_css_class': None, 'name': 't1_l12jufq', 'is_submitter': False, 'downs': 0, 'author_flair_richtext': [], 'author_patreon_flair': False, 'body_html': '&lt;div class=""md""&gt;&lt;p&gt;I suspect that those evidences are not conclusive, but since you cant point me to anything specific there&amp;#39;s not much here i can comment on. I&amp;#39;ve posted about this topic myself over a year ago.&lt;/p&gt;\n\n&lt;p&gt;This idea is far from fringe. There are still papers showing how the interior of the schwarschild solution can be consistently mapped to FRLW under a change of coordinates. It potentially explains the fine tuning of the constants of nature, it explains expansion without needing dark energy, it fits with the matter density we observe, and it explains why the early universe has high entropy.&lt;/p&gt;\n\n&lt;p&gt;The idea doesn&amp;#39;t seem ridiculous on a first pass. So what&amp;#39;s the motivation for the strong push back? Especially from people that haven&amp;#39;t done the mathematics themselves. Does it just sound too sci-fi so people immediately assume it must be wrong?&lt;/p&gt;\n&lt;/div&gt;', 'gildings': {}, 'collapsed_reason': None, 'distinguished': None, 'associated_award': None, 'stickied': False, 'author_premium': False, 'can_gild': False, 'link_id': 't3_1cbyp3a', 'unrepliable_reason': None, 'author_flair_text_color': None, 'score_hidden': False, 'permalink': '/r/AskPhysics/comments/1cbyp3a/it_we_are_in_a_black_hole/l12jufq/', 'subreddit_type': 'public', 'locked': False, 'report_reasons': None, 'created': 1713978234.0, 'author_flair_text': None, 'treatment_tags': [], 'created_utc': 1713978234.0, 'subreddit_name_prefixed': 'r/AskPhysics', 'controversiality': 0, 'depth': 3, 'author_flair_background_color': None, 'collapsed_because_crowd_control': None, 'mod_reports': [], 'num_reports': None, 'ups': -2}}], 'before': None}}, 'user_reports': [], 'saved': False, 'id': 'l12hwze', 'banned_at_utc': None, 'mod_reason_title': None, 'gilded': 0, 'archived': False, 'collapsed_reason_code': None, 'no_follow': True, 'author': 'Anonymous-USA', 'can_mod_post': False, 'send_replies': True, 'parent_id': 't1_l12f392', 'score': 0, 'author_fullname': 't2_7h3ccwl3', 'removal_reason': None, 'approved_by': None, 'mod_note': None, 'all_awardings': [], 'body': 'Please check past discussions.  There’s one or two every week.  And I have no interest in recreating the large bullet list of refuting evidence', 'edited': False, 'top_awarded_type': None, 'downs': 0, 'author_flair_css_class': None, 'name': 't1_l12hwze', 'is_submitter': False, 'collapsed': False, 'author_flair_richtext': [], 'author_patreon_flair': False, 'body_html': '&lt;div class=""md""&gt;&lt;p&gt;Please check past discussions.  There’s one or two every week.  And I have no interest in recreating the large bullet list of refuting evidence&lt;/p&gt;\n&lt;/div&gt;', 'gildings': {}, 'collapsed_reason': None, 'distinguished': None, 'associated_award': None, 'stickied': False, 'author_premium': False, 'can_gild': False, 'link_id': 't3_1cbyp3a', 'unrepliable_reason': None, 'author_flair_text_color': None, 'score_hidden': False, 'permalink': '/r/AskPhysics/comments/1cbyp3a/it_we_are_in_a_black_hole/l12hwze/', 'subreddit_type': 'public', 'locked': False, 'report_reasons': None, 'created': 1713977594.0, 'author_flair_text': None, 'treatment_tags': [], 'created_utc': 1713977594.0, 'subreddit_name_prefixed': 'r/AskPhysics', 'controversiality': 0, 'depth': 2, 'author_flair_background_color': None, 'collapsed_because_crowd_control': None, 'mod_reports': [], 'num_reports': None, 'ups': 0}}], 'before': None}}, 'user_reports': [], 'saved': False, 'id': 'l12f392', 'banned_at_utc': None, 'mod_reason_title': None, 'gilded': 0, 'archived': False, 'collapsed_reason_code': None, 'no_follow': True, 'author': 'dankchristianmemer6', 'can_mod_post': False, 'created_utc': 1713976668.0, 'send_replies': True, 'parent_id': 't1_l11thju', 'score': -3, 'author_fullname': 't2_do40q53o', 'removal_reason': None, 'approved_by': None, 'mod_note': None, 'all_awardings': [], 'body': '&gt;easily refuted\n\nHow?', 'edited': False, 'top_awarded_type': None, 'author_flair_css_class': None, 'name': 't1_l12f392', 'is_submitter': False, 'downs': 0, 'author_flair_richtext': [], 'author_patreon_flair': False, 'body_html': '&lt;div class=""md""&gt;&lt;blockquote&gt;\n&lt;p&gt;easily refuted&lt;/p&gt;\n&lt;/blockquote&gt;\n\n&lt;p&gt;How?&lt;/p&gt;\n&lt;/div&gt;', 'gildings': {}, 'collapsed_reason': None, 'distinguished': None, 'associated_award': None, 'stickied': False, 'author_premium': False, 'can_gild': False, 'link_id': 't3_1cbyp3a', 'unrepliable_reason': None, 'author_flair_text_color': None, 'score_hidden': False, 'permalink': '/r/AskPhysics/comments/1cbyp3a/it_we_are_in_a_black_hole/l12f392/', 'subreddit_type': 'public', 'locked': False, 'report_reasons': None, 'created': 1713976668.0, 'author_flair_text': None, 'treatment_tags': [], 'collapsed': False, 'subreddit_name_prefixed': 'r/AskPhysics', 'controversiality': 0, 'depth': 1, 'author_flair_background_color': None, 'collapsed_because_crowd_control': None, 'mod_reports': [], 'num_reports': None, 'ups': -3}}], 'before': None}}",,False,4,False,True,False,AskPhysics,t5_2sumo,r/AskPhysics,public,,0,[],,4,[],t1
data_5,[],,,False,,LiquidCoal,,,[],,,,text,t2_12kths3r,False,False,False,[],,,"&gt;“@$&amp;! It” we ARE in a Black Hole

Elaborate.","&lt;div class=""md""&gt;&lt;blockquote&gt;
&lt;p&gt;“@$&amp;amp;! It” we ARE in a Black Hole&lt;/p&gt;
&lt;/blockquote&gt;

&lt;p&gt;Elaborate.&lt;/p&gt;
&lt;/div&gt;",False,False,False,,,,,0,1713975783.0,1713975783.0,0,,0,False,0,{},l12cf8y,False,,t3_1cbyp3a,False,,,,[],t1_l12cf8y,True,,t3_1cbyp3a,/r/AskPhysics/comments/1cbyp3a/it_we_are_in_a_black_hole/l12cf8y/,,"{'kind': 'Listing', 'data': {'after': None, 'dist': None, 'modhash': None, 'geo_filter': '', 'children': [{'kind': 't1', 'data': {'subreddit_id': 't5_2sumo', 'approved_at_utc': None, 'author_is_blocked': False, 'comment_type': None, 'awarders': [], 'mod_reason_by': None, 'banned_by': None, 'author_flair_type': 'text', 'total_awards_received': 0, 'subreddit': 'AskPhysics', 'author_flair_template_id': None, 'likes': None, 'replies': '', 'user_reports': [], 'saved': False, 'id': 'l17d4tf', 'banned_at_utc': None, 'mod_reason_title': None, 'gilded': 0, 'archived': False, 'collapsed_reason_code': None, 'no_follow': True, 'author': 'ShifTuckByMutt', 'can_mod_post': False, 'created_utc': 1714054828.0, 'send_replies': True, 'parent_id': 't1_l12cf8y', 'score': 1, 'author_fullname': 't2_vovcdiato', 'removal_reason': None, 'approved_by': None, 'mod_note': None, 'all_awardings': [], 'body': 'If we think about our universe as an expanding explosion, it changes how we see time and space, the case for black hole universe is made in the sense that if our time were running backwards to the universe around it, our compression would be perceived by us as an expansion, leading to an inescapable event horizon regardless of either theory but we already know a boundary where such nature is observed from the outside, but my question is what rules that we have established specifically would it break. \xa0Is there an agreed upon consensus that makes the idea wholly taboo, and if we “pretend” for a moment it is true what does it change about what we observe about our own perceived time and the nature of subatomic particles.\xa0', 'edited': False, 'top_awarded_type': None, 'author_flair_css_class': None, 'name': 't1_l17d4tf', 'is_submitter': True, 'downs': 0, 'author_flair_richtext': [], 'author_patreon_flair': False, 'body_html': '&lt;div class=""md""&gt;&lt;p&gt;If we think about our universe as an expanding explosion, it changes how we see time and space, the case for black hole universe is made in the sense that if our time were running backwards to the universe around it, our compression would be perceived by us as an expansion, leading to an inescapable event horizon regardless of either theory but we already know a boundary where such nature is observed from the outside, but my question is what rules that we have established specifically would it break. \xa0Is there an agreed upon consensus that makes the idea wholly taboo, and if we “pretend” for a moment it is true what does it change about what we observe about our own perceived time and the nature of subatomic particles.\xa0&lt;/p&gt;\n&lt;/div&gt;', 'gildings': {}, 'collapsed_reason': None, 'distinguished': None, 'associated_award': None, 'stickied': False, 'author_premium': False, 'can_gild': False, 'link_id': 't3_1cbyp3a', 'unrepliable_reason': None, 'author_flair_text_color': None, 'score_hidden': False, 'permalink': '/r/AskPhysics/comments/1cbyp3a/it_we_are_in_a_black_hole/l17d4tf/', 'subreddit_type': 'public', 'locked': False, 'report_reasons': None, 'created': 1714054828.0, 'author_flair_text': None, 'treatment_tags': [], 'collapsed': False, 'subreddit_name_prefixed': 'r/AskPhysics', 'controversiality': 0, 'depth': 1, 'author_flair_background_color': None, 'collapsed_because_crowd_control': None, 'mod_reports': [], 'num_reports': None, 'ups': 1}}], 'before': None}}",,False,1,False,True,False,AskPhysics,t5_2sumo,r/AskPhysics,public,,0,[],,1,[],t1
data_6,[],,,False,,TerraNeko_,,,[],,,,text,t2_2pr8eff3,False,False,False,[],,,"no it isnt, the end","&lt;div class=""md""&gt;&lt;p&gt;no it isnt, the end&lt;/p&gt;
&lt;/div&gt;",False,False,False,,,,,0,1714004155.0,1714004155.0,0,,0,False,0,{},l14m8k0,False,,t3_1cbyp3a,False,,,,[],t1_l14m8k0,True,,t3_1cbyp3a,/r/AskPhysics/comments/1cbyp3a/it_we_are_in_a_black_hole/l14m8k0/,,"{'kind': 'Listing', 'data': {'after': None, 'dist': None, 'modhash': None, 'geo_filter': '', 'children': [{'kind': 't1', 'data': {'subreddit_id': 't5_2sumo', 'approved_at_utc': None, 'author_is_blocked': False, 'comment_type': None, 'awarders': [], 'mod_reason_by': None, 'banned_by': None, 'author_flair_type': 'text', 'total_awards_received': 0, 'subreddit': 'AskPhysics', 'author_flair_template_id': None, 'likes': None, 'replies': '', 'user_reports': [], 'saved': False, 'id': 'l17bjoe', 'banned_at_utc': None, 'mod_reason_title': None, 'gilded': 0, 'archived': False, 'collapsed_reason_code': None, 'no_follow': True, 'author': 'ShifTuckByMutt', 'can_mod_post': False, 'created_utc': 1714054278.0, 'send_replies': True, 'parent_id': 't1_l14m8k0', 'score': 1, 'author_fullname': 't2_vovcdiato', 'removal_reason': None, 'approved_by': None, 'mod_note': None, 'all_awardings': [], 'body': 'Thanks for answering.\xa0', 'edited': False, 'top_awarded_type': None, 'author_flair_css_class': None, 'name': 't1_l17bjoe', 'is_submitter': True, 'downs': 0, 'author_flair_richtext': [], 'author_patreon_flair': False, 'body_html': '&lt;div class=""md""&gt;&lt;p&gt;Thanks for answering.\xa0&lt;/p&gt;\n&lt;/div&gt;', 'gildings': {}, 'collapsed_reason': None, 'distinguished': None, 'associated_award': None, 'stickied': False, 'author_premium': False, 'can_gild': False, 'link_id': 't3_1cbyp3a', 'unrepliable_reason': None, 'author_flair_text_color': None, 'score_hidden': False, 'permalink': '/r/AskPhysics/comments/1cbyp3a/it_we_are_in_a_black_hole/l17bjoe/', 'subreddit_type': 'public', 'locked': False, 'report_reasons': None, 'created': 1714054278.0, 'author_flair_text': None, 'treatment_tags': [], 'collapsed': False, 'subreddit_name_prefixed': 'r/AskPhysics', 'controversiality': 0, 'depth': 1, 'author_flair_background_color': None, 'collapsed_because_crowd_control': None, 'mod_reports': [], 'num_reports': None, 'ups': 1}}], 'before': None}}",,False,1,False,True,False,AskPhysics,t5_2sumo,r/AskPhysics,public,,0,[],,1,[],t1
data_7,[],,,False,,downvote__me__pleez,,,[],,,,text,t2_9jujdihm,False,False,False,[],,,What,"&lt;div class=""md""&gt;&lt;p&gt;What&lt;/p&gt;
&lt;/div&gt;",False,False,False,,,,,0,1713974658.0,1713974658.0,0,,0,False,0,{},l1292gd,False,,t3_1cbyp3a,False,,,,[],t1_l1292gd,True,,t3_1cbyp3a,/r/AskPhysics/comments/1cbyp3a/it_we_are_in_a_black_hole/l1292gd/,,,,False,0,False,True,False,AskPhysics,t5_2sumo,r/AskPhysics,public,,0,[],,0,[],t1
