,all_awardings,approved_at_utc,approved_by,archived,associated_award,author,author_flair_background_color,author_flair_css_class,author_flair_richtext,author_flair_template_id,author_flair_text,author_flair_text_color,author_flair_type,author_fullname,author_is_blocked,author_patreon_flair,author_premium,awarders,banned_at_utc,banned_by,body,body_html,can_gild,can_mod_post,collapsed,collapsed_because_crowd_control,collapsed_reason,collapsed_reason_code,comment_type,controversiality,created,created_utc,depth,distinguished,downs,edited,gilded,gildings,id,is_submitter,likes,link_id,locked,mod_note,mod_reason_by,mod_reason_title,mod_reports,name,no_follow,num_reports,parent_id,permalink,removal_reason,replies,report_reasons,saved,score,score_hidden,send_replies,stickied,subreddit,subreddit_id,subreddit_name_prefixed,subreddit_type,top_awarded_type,total_awards_received,treatment_tags,unrepliable_reason,ups,user_reports,kind
data,[],,,False,,LiquidCoal,,,[],,,,text,t2_12kths3r,False,False,False,[],,,"&gt;Are dark matter and dark energy really one thing: Dark Fluid?

We do not know.

They are different in the very simplest models believed to be consistent with observation, where dark energy is in the form of a cosmological constant (equivalent to vacuum energy), and dark matter is taken to be cold dark matter, which is believed to be consistent with predictions of WIMPs (weakly interacting massive particles).","&lt;div class=""md""&gt;&lt;blockquote&gt;
&lt;p&gt;Are dark matter and dark energy really one thing: Dark Fluid?&lt;/p&gt;
&lt;/blockquote&gt;

&lt;p&gt;We do not know.&lt;/p&gt;

&lt;p&gt;They are different in the very simplest models believed to be consistent with observation, where dark energy is in the form of a cosmological constant (equivalent to vacuum energy), and dark matter is taken to be cold dark matter, which is believed to be consistent with predictions of WIMPs (weakly interacting massive particles).&lt;/p&gt;
&lt;/div&gt;",False,False,False,,,,,0,1713974237.0,1713974237.0,0,,0,1713974512.0,0,{},l127tle,False,,t3_1cc15jx,False,,,,[],t1_l127tle,True,,t3_1cc15jx,/r/AskPhysics/comments/1cc15jx/are_dark_matter_and_dark_energy_really_one_thing/l127tle/,,,,False,3,False,True,False,AskPhysics,t5_2sumo,r/AskPhysics,public,,0,[],,3,[],t1
data_1,[],,,False,,MuForceShoelace,,,[],,,,text,t2_4k2js,False,False,False,[],,,"We don't know.

BUT, the ""dark"" naming is just a naming thing. There is no inherent link.  They aren't intended to be related. They just liked naming unknown things ""dark"" whatever for a period of time. It is not intended to say they are similar phenomenon. It's like how we have X-rays and X-files and they have the same logic of naming but aren't the same thing.","&lt;div class=""md""&gt;&lt;p&gt;We don&amp;#39;t know.&lt;/p&gt;

&lt;p&gt;BUT, the &amp;quot;dark&amp;quot; naming is just a naming thing. There is no inherent link.  They aren&amp;#39;t intended to be related. They just liked naming unknown things &amp;quot;dark&amp;quot; whatever for a period of time. It is not intended to say they are similar phenomenon. It&amp;#39;s like how we have X-rays and X-files and they have the same logic of naming but aren&amp;#39;t the same thing.&lt;/p&gt;
&lt;/div&gt;",False,False,False,,,,,0,1713979986.0,1713979986.0,0,,0,False,0,{},l12p574,False,,t3_1cc15jx,False,,,,[],t1_l12p574,True,,t3_1cc15jx,/r/AskPhysics/comments/1cc15jx/are_dark_matter_and_dark_energy_really_one_thing/l12p574/,,,,False,3,False,True,False,AskPhysics,t5_2sumo,r/AskPhysics,public,,0,[],,3,[],t1
data_2,[],,,False,,JK0zero,,pf,[],7a6d41a4-c6b2-11e4-a859-22000b6e00bb,Nuclear physics,dark,text,t2_rgd78vne3,False,False,False,[],,,"No, dark matter and dark energy have different spectral indices in the distribution of energy-momentum tensor. I don't see how they can be combined into a single material/fluid type. Note that this can be just my ignorance of the details of the work, but I would have brought up that question if I were the reviewer of the article. The interviewee has two respected doctoral advisors but I checked the manuscript in the so-called ""theory"" is presented and it is a 15-year-old article that never got published. This doesn't look like a serious scientific work at all.","&lt;div class=""md""&gt;&lt;p&gt;No, dark matter and dark energy have different spectral indices in the distribution of energy-momentum tensor. I don&amp;#39;t see how they can be combined into a single material/fluid type. Note that this can be just my ignorance of the details of the work, but I would have brought up that question if I were the reviewer of the article. The interviewee has two respected doctoral advisors but I checked the manuscript in the so-called &amp;quot;theory&amp;quot; is presented and it is a 15-year-old article that never got published. This doesn&amp;#39;t look like a serious scientific work at all.&lt;/p&gt;
&lt;/div&gt;",False,False,False,,,,,0,1713978860.0,1713978860.0,0,,0,False,0,{},l12lptg,False,,t3_1cc15jx,False,,,,[],t1_l12lptg,True,,t3_1cc15jx,/r/AskPhysics/comments/1cc15jx/are_dark_matter_and_dark_energy_really_one_thing/l12lptg/,,,,False,2,False,True,False,AskPhysics,t5_2sumo,r/AskPhysics,public,,0,[],,2,[],t1
