,all_awardings,approved_at_utc,approved_by,archived,associated_award,author,author_flair_background_color,author_flair_css_class,author_flair_richtext,author_flair_template_id,author_flair_text,author_flair_text_color,author_flair_type,author_fullname,author_is_blocked,author_patreon_flair,author_premium,awarders,banned_at_utc,banned_by,body,body_html,can_gild,can_mod_post,collapsed,collapsed_because_crowd_control,collapsed_reason,collapsed_reason_code,comment_type,controversiality,created,created_utc,depth,distinguished,downs,edited,gilded,gildings,id,is_submitter,likes,link_id,locked,mod_note,mod_reason_by,mod_reason_title,mod_reports,name,no_follow,num_reports,parent_id,permalink,removal_reason,replies,report_reasons,saved,score,score_hidden,send_replies,stickied,subreddit,subreddit_id,subreddit_name_prefixed,subreddit_type,top_awarded_type,total_awards_received,treatment_tags,unrepliable_reason,ups,user_reports,kind
data,[],,,False,,moss-fete,,,[],,,,text,t2_3gfc58ay,False,False,False,[],,,"In physics terms, what you have is a ""[volumetric flow rate](https://en.wikipedia.org/wiki/Volumetric_flow_rate)"", the volume of water being moved per second (or per day, like your water authority gives you), and you're trying to find the ""[flow velocity](https://en.wikipedia.org/wiki/Flow_velocity)"", the rate that a specific point on the water moves per second (or per hour).

There's one key piece of information you're missing to do that conversion, and that's the cross-sectional area of your river. You can imagine that a broad, slow-moving low-land river might be putting out the same volume per second as a narrow but fast-moving mountain creek. The equation we're looking for is

    Volume flow rate = Cross-sectional Area * Flow Velocity

(This is assuming that all points on the river flow at the same speed - you'll have to tell me whether that's a good assumption or not)

So, to get a very very very rough estimate of cross-sectional area, we could assume that the riverbed is a triangle - look up the distance across and the depth of the deepest point, and say 

    Area = 1/2 width * depth

So you'll be able to estimate flow velocity as 

    Flow Velocity = (2 * volume flow rate) / (width * depth)

I don't know very much about rivers, but just from my time as a kayaker and paddleboarder, I can say that this is almost certainly an under-estimate - The river isn't all moving at the same speed, and the surface near the middle of the river, where recreational boaters are most likely to be, is likely to be the fastest part of the river. But this should give you some very very very rough numbers to go off of.

Hope that helps!","&lt;div class=""md""&gt;&lt;p&gt;In physics terms, what you have is a &amp;quot;&lt;a href=""https://en.wikipedia.org/wiki/Volumetric_flow_rate""&gt;volumetric flow rate&lt;/a&gt;&amp;quot;, the volume of water being moved per second (or per day, like your water authority gives you), and you&amp;#39;re trying to find the &amp;quot;&lt;a href=""https://en.wikipedia.org/wiki/Flow_velocity""&gt;flow velocity&lt;/a&gt;&amp;quot;, the rate that a specific point on the water moves per second (or per hour).&lt;/p&gt;

&lt;p&gt;There&amp;#39;s one key piece of information you&amp;#39;re missing to do that conversion, and that&amp;#39;s the cross-sectional area of your river. You can imagine that a broad, slow-moving low-land river might be putting out the same volume per second as a narrow but fast-moving mountain creek. The equation we&amp;#39;re looking for is&lt;/p&gt;

&lt;pre&gt;&lt;code&gt;Volume flow rate = Cross-sectional Area * Flow Velocity
&lt;/code&gt;&lt;/pre&gt;

&lt;p&gt;(This is assuming that all points on the river flow at the same speed - you&amp;#39;ll have to tell me whether that&amp;#39;s a good assumption or not)&lt;/p&gt;

&lt;p&gt;So, to get a very very very rough estimate of cross-sectional area, we could assume that the riverbed is a triangle - look up the distance across and the depth of the deepest point, and say &lt;/p&gt;

&lt;pre&gt;&lt;code&gt;Area = 1/2 width * depth
&lt;/code&gt;&lt;/pre&gt;

&lt;p&gt;So you&amp;#39;ll be able to estimate flow velocity as &lt;/p&gt;

&lt;pre&gt;&lt;code&gt;Flow Velocity = (2 * volume flow rate) / (width * depth)
&lt;/code&gt;&lt;/pre&gt;

&lt;p&gt;I don&amp;#39;t know very much about rivers, but just from my time as a kayaker and paddleboarder, I can say that this is almost certainly an under-estimate - The river isn&amp;#39;t all moving at the same speed, and the surface near the middle of the river, where recreational boaters are most likely to be, is likely to be the fastest part of the river. But this should give you some very very very rough numbers to go off of.&lt;/p&gt;

&lt;p&gt;Hope that helps!&lt;/p&gt;
&lt;/div&gt;",False,False,False,,,,,0,1713915901.0,1713915901.0,0,,0,False,0,{},l0yvla7,False,,t3_1cbjgle,False,,,,[],t1_l0yvla7,True,,t3_1cbjgle,/r/AskPhysics/comments/1cbjgle/river_speed_conversion_of_river_flow_to_speed_of/l0yvla7/,,"{'kind': 'Listing', 'data': {'after': None, 'dist': None, 'modhash': None, 'geo_filter': '', 'children': [{'kind': 't1', 'data': {'subreddit_id': 't5_2sumo', 'approved_at_utc': None, 'author_is_blocked': False, 'comment_type': None, 'awarders': [], 'mod_reason_by': None, 'banned_by': None, 'author_flair_type': 'text', 'total_awards_received': 0, 'subreddit': 'AskPhysics', 'author_flair_template_id': None, 'likes': None, 'replies': {'kind': 'Listing', 'data': {'after': None, 'dist': None, 'modhash': None, 'geo_filter': '', 'children': [{'kind': 't1', 'data': {'subreddit_id': 't5_2sumo', 'approved_at_utc': None, 'author_is_blocked': False, 'comment_type': None, 'awarders': [], 'mod_reason_by': None, 'banned_by': None, 'author_flair_type': 'text', 'total_awards_received': 0, 'subreddit': 'AskPhysics', 'author_flair_template_id': None, 'likes': None, 'replies': '', 'user_reports': [], 'saved': False, 'id': 'l12tzet', 'banned_at_utc': None, 'mod_reason_title': None, 'gilded': 0, 'archived': False, 'collapsed_reason_code': None, 'no_follow': True, 'author': 'bonebuttonborscht', 'can_mod_post': False, 'send_replies': True, 'parent_id': 't1_l103vnn', 'score': 1, 'author_fullname': 't2_7eobgfct', 'removal_reason': None, 'approved_by': None, 'mod_note': None, 'all_awardings': [], 'body': ""As for the velocity distribution, rivers are turbulent so the max v shouldn't be that much higher than the average. Ofc there's unpredictable local effects."", 'edited': False, 'top_awarded_type': None, 'downs': 0, 'author_flair_css_class': None, 'name': 't1_l12tzet', 'is_submitter': False, 'collapsed': False, 'author_flair_richtext': [], 'author_patreon_flair': False, 'body_html': '&lt;div class=""md""&gt;&lt;p&gt;As for the velocity distribution, rivers are turbulent so the max v shouldn&amp;#39;t be that much higher than the average. Ofc there&amp;#39;s unpredictable local effects.&lt;/p&gt;\n&lt;/div&gt;', 'gildings': {}, 'collapsed_reason': None, 'distinguished': None, 'associated_award': None, 'stickied': False, 'author_premium': False, 'can_gild': False, 'link_id': 't3_1cbjgle', 'unrepliable_reason': None, 'author_flair_text_color': None, 'score_hidden': False, 'permalink': '/r/AskPhysics/comments/1cbjgle/river_speed_conversion_of_river_flow_to_speed_of/l12tzet/', 'subreddit_type': 'public', 'locked': False, 'report_reasons': None, 'created': 1713981574.0, 'author_flair_text': None, 'treatment_tags': [], 'created_utc': 1713981574.0, 'subreddit_name_prefixed': 'r/AskPhysics', 'controversiality': 0, 'depth': 2, 'author_flair_background_color': None, 'collapsed_because_crowd_control': None, 'mod_reports': [], 'num_reports': None, 'ups': 1}}], 'before': None}}, 'user_reports': [], 'saved': False, 'id': 'l103vnn', 'banned_at_utc': None, 'mod_reason_title': None, 'gilded': 0, 'archived': False, 'collapsed_reason_code': None, 'no_follow': True, 'author': 'TheloniusBam', 'can_mod_post': False, 'created_utc': 1713934852.0, 'send_replies': True, 'parent_id': 't1_l0yvla7', 'score': 1, 'author_fullname': 't2_yvaw4', 'removal_reason': None, 'approved_by': None, 'mod_note': None, 'all_awardings': [], 'body': 'It does! Thank you. Yeah it’s the difference between the main current in the middle, the eddies or slower parts at the edge, and the unpredictable faster sections where it’s shallower and/or bottlenecked but you can’t see that.\n\nI didn’t realise the flow rate the authority issues isn’t based on the cross section, but that makes a lot of sense. There’s probably not a way for them to measure flow velocity at all points, whereas volumetric flow rate would be much easier.\n\nMaybe what I need to do is find a way to flow velocity at a few key markers pointed myself, and then cross reference that with the volumetric flow. I suppose that’s more like timing a floating object over a given distance and then converting that …\n\nThanks for your help!', 'edited': False, 'top_awarded_type': None, 'author_flair_css_class': None, 'name': 't1_l103vnn', 'is_submitter': True, 'downs': 0, 'author_flair_richtext': [], 'author_patreon_flair': False, 'body_html': '&lt;div class=""md""&gt;&lt;p&gt;It does! Thank you. Yeah it’s the difference between the main current in the middle, the eddies or slower parts at the edge, and the unpredictable faster sections where it’s shallower and/or bottlenecked but you can’t see that.&lt;/p&gt;\n\n&lt;p&gt;I didn’t realise the flow rate the authority issues isn’t based on the cross section, but that makes a lot of sense. There’s probably not a way for them to measure flow velocity at all points, whereas volumetric flow rate would be much easier.&lt;/p&gt;\n\n&lt;p&gt;Maybe what I need to do is find a way to flow velocity at a few key markers pointed myself, and then cross reference that with the volumetric flow. I suppose that’s more like timing a floating object over a given distance and then converting that …&lt;/p&gt;\n\n&lt;p&gt;Thanks for your help!&lt;/p&gt;\n&lt;/div&gt;', 'gildings': {}, 'collapsed_reason': None, 'distinguished': None, 'associated_award': None, 'stickied': False, 'author_premium': False, 'can_gild': False, 'link_id': 't3_1cbjgle', 'unrepliable_reason': None, 'author_flair_text_color': None, 'score_hidden': False, 'permalink': '/r/AskPhysics/comments/1cbjgle/river_speed_conversion_of_river_flow_to_speed_of/l103vnn/', 'subreddit_type': 'public', 'locked': False, 'report_reasons': None, 'created': 1713934852.0, 'author_flair_text': None, 'treatment_tags': [], 'collapsed': False, 'subreddit_name_prefixed': 'r/AskPhysics', 'controversiality': 0, 'depth': 1, 'author_flair_background_color': None, 'collapsed_because_crowd_control': None, 'mod_reports': [], 'num_reports': None, 'ups': 1}}], 'before': None}}",,False,3,False,True,False,AskPhysics,t5_2sumo,r/AskPhysics,public,,0,[],,3,[],t1
data_1,[],,,False,,mikk0384,,misc,[],9bcf4428-c6b2-11e4-b2ab-22000b2b8b92,Physics enthusiast,dark,text,t2_c5q70,False,False,False,[],,,"Well, you need the crossection of the river as well before you can use the flow rate for anything. The flow will be much faster in a narrow, shallow river with the same amount of water passing through per day as a wider, deeper river.

I have a small note for you as well: You should write ""Ml"" instead of ""ml"" - M is mega (1,000,000), m is milli (0.001)","&lt;div class=""md""&gt;&lt;p&gt;Well, you need the crossection of the river as well before you can use the flow rate for anything. The flow will be much faster in a narrow, shallow river with the same amount of water passing through per day as a wider, deeper river.&lt;/p&gt;

&lt;p&gt;I have a small note for you as well: You should write &amp;quot;Ml&amp;quot; instead of &amp;quot;ml&amp;quot; - M is mega (1,000,000), m is milli (0.001)&lt;/p&gt;
&lt;/div&gt;",False,False,False,,,,,0,1713916362.0,1713916362.0,0,,0,False,0,{},l0ywrlg,False,,t3_1cbjgle,False,,,,[],t1_l0ywrlg,True,,t3_1cbjgle,/r/AskPhysics/comments/1cbjgle/river_speed_conversion_of_river_flow_to_speed_of/l0ywrlg/,,"{'kind': 'Listing', 'data': {'after': None, 'dist': None, 'modhash': None, 'geo_filter': '', 'children': [{'kind': 't1', 'data': {'subreddit_id': 't5_2sumo', 'approved_at_utc': None, 'author_is_blocked': False, 'comment_type': None, 'awarders': [], 'mod_reason_by': None, 'banned_by': None, 'author_flair_type': 'text', 'total_awards_received': 0, 'subreddit': 'AskPhysics', 'author_flair_template_id': None, 'likes': None, 'replies': '', 'user_reports': [], 'saved': False, 'id': 'l1041f0', 'banned_at_utc': None, 'mod_reason_title': None, 'gilded': 0, 'archived': False, 'collapsed_reason_code': None, 'no_follow': True, 'author': 'TheloniusBam', 'can_mod_post': False, 'created_utc': 1713934943.0, 'send_replies': True, 'parent_id': 't1_l0ywrlg', 'score': 1, 'author_fullname': 't2_yvaw4', 'removal_reason': None, 'approved_by': None, 'mod_note': None, 'all_awardings': [], 'body': 'Hey, thanks so much for posting. I know the bottleneck effect first hand but hadn’t understood that the statistics published don’t actually include or convert easily to that.\n\nAlso thanks for the unit notation tip, I am always confused by those things but it’s good to get it right!', 'edited': False, 'top_awarded_type': None, 'author_flair_css_class': None, 'name': 't1_l1041f0', 'is_submitter': True, 'downs': 0, 'author_flair_richtext': [], 'author_patreon_flair': False, 'body_html': '&lt;div class=""md""&gt;&lt;p&gt;Hey, thanks so much for posting. I know the bottleneck effect first hand but hadn’t understood that the statistics published don’t actually include or convert easily to that.&lt;/p&gt;\n\n&lt;p&gt;Also thanks for the unit notation tip, I am always confused by those things but it’s good to get it right!&lt;/p&gt;\n&lt;/div&gt;', 'gildings': {}, 'collapsed_reason': None, 'distinguished': None, 'associated_award': None, 'stickied': False, 'author_premium': False, 'can_gild': False, 'link_id': 't3_1cbjgle', 'unrepliable_reason': None, 'author_flair_text_color': None, 'score_hidden': False, 'permalink': '/r/AskPhysics/comments/1cbjgle/river_speed_conversion_of_river_flow_to_speed_of/l1041f0/', 'subreddit_type': 'public', 'locked': False, 'report_reasons': None, 'created': 1713934943.0, 'author_flair_text': None, 'treatment_tags': [], 'collapsed': False, 'subreddit_name_prefixed': 'r/AskPhysics', 'controversiality': 0, 'depth': 1, 'author_flair_background_color': None, 'collapsed_because_crowd_control': None, 'mod_reports': [], 'num_reports': None, 'ups': 1}}], 'before': None}}",,False,1,False,True,False,AskPhysics,t5_2sumo,r/AskPhysics,public,,0,[],,1,[],t1
