,all_awardings,approved_at_utc,approved_by,archived,associated_award,author,author_flair_background_color,author_flair_css_class,author_flair_richtext,author_flair_template_id,author_flair_text,author_flair_text_color,author_flair_type,author_fullname,author_is_blocked,author_patreon_flair,author_premium,awarders,banned_at_utc,banned_by,body,body_html,can_gild,can_mod_post,collapsed,collapsed_because_crowd_control,collapsed_reason,collapsed_reason_code,comment_type,controversiality,created,created_utc,depth,distinguished,downs,edited,gilded,gildings,id,is_submitter,likes,link_id,locked,mod_note,mod_reason_by,mod_reason_title,mod_reports,name,no_follow,num_reports,parent_id,permalink,removal_reason,replies,report_reasons,saved,score,score_hidden,send_replies,stickied,subreddit,subreddit_id,subreddit_name_prefixed,subreddit_type,top_awarded_type,total_awards_received,treatment_tags,unrepliable_reason,ups,user_reports,kind
data,[],,,False,,JanusLeeJones,,,[],,,,text,t2_4v1uq,False,False,False,[],,,"&gt; Like , you know for maths, you just know it naturally without studying


That is not at all how it works. Without studying you will not get far in mathematics. Like all skills, both maths and physics requires training (practice).","&lt;div class=""md""&gt;&lt;blockquote&gt;
&lt;p&gt;Like , you know for maths, you just know it naturally without studying&lt;/p&gt;
&lt;/blockquote&gt;

&lt;p&gt;That is not at all how it works. Without studying you will not get far in mathematics. Like all skills, both maths and physics requires training (practice).&lt;/p&gt;
&lt;/div&gt;",False,False,False,,,,,0,1713875907.0,1713875907.0,0,,0,False,0,{},l0vq29w,False,,t3_1cb2hfu,False,,,,[],t1_l0vq29w,False,,t3_1cb2hfu,/r/AskPhysics/comments/1cb2hfu/how_do_i_make_physics_interesting_to_learn/l0vq29w/,,,,False,34,False,True,False,AskPhysics,t5_2sumo,r/AskPhysics,public,,0,[],,34,[],t1
data_1,[],,,False,,ImpatientProf,,,[],,,,text,t2_mlklt,False,False,False,[],,,"Read...

The...

Textbook.

Read it thoroughly, repeating sentences, paragraphs, and sections as necessary.  Accompany this reading with videos, but the videos alone will be just as useless as the professor's lectures.

Work through the examples without looking at their solutions.  Realize that there are multiple ways of solving anything.  Sometimes you can plug numbers in early and simplify the analysis, and sometimes you need to keep everything as symbols so you have a formula at the end for patterns, graphing, and calculus.  When combining equations, sometimes you can have ""checkpoints"" with intermediate quantities to substitute, and sometimes it's better to get everything together.

Draw force diagrams and use them to build Newton's Second Law equations.

Write words and sentences between your lines of algebra.  Explain the physics reasons for laying out generic equations.  Define your specific variables in words or in a drawing, and describe how specific variables relate to the generic ones in the original equations.","&lt;div class=""md""&gt;&lt;p&gt;Read...&lt;/p&gt;

&lt;p&gt;The...&lt;/p&gt;

&lt;p&gt;Textbook.&lt;/p&gt;

&lt;p&gt;Read it thoroughly, repeating sentences, paragraphs, and sections as necessary.  Accompany this reading with videos, but the videos alone will be just as useless as the professor&amp;#39;s lectures.&lt;/p&gt;

&lt;p&gt;Work through the examples without looking at their solutions.  Realize that there are multiple ways of solving anything.  Sometimes you can plug numbers in early and simplify the analysis, and sometimes you need to keep everything as symbols so you have a formula at the end for patterns, graphing, and calculus.  When combining equations, sometimes you can have &amp;quot;checkpoints&amp;quot; with intermediate quantities to substitute, and sometimes it&amp;#39;s better to get everything together.&lt;/p&gt;

&lt;p&gt;Draw force diagrams and use them to build Newton&amp;#39;s Second Law equations.&lt;/p&gt;

&lt;p&gt;Write words and sentences between your lines of algebra.  Explain the physics reasons for laying out generic equations.  Define your specific variables in words or in a drawing, and describe how specific variables relate to the generic ones in the original equations.&lt;/p&gt;
&lt;/div&gt;",False,False,False,,,,,0,1713877529.0,1713877529.0,0,,0,False,0,{},l0vtuoz,False,,t3_1cb2hfu,False,,,,[],t1_l0vtuoz,False,,t3_1cb2hfu,/r/AskPhysics/comments/1cb2hfu/how_do_i_make_physics_interesting_to_learn/l0vtuoz/,,"{'kind': 'Listing', 'data': {'after': None, 'dist': None, 'modhash': None, 'geo_filter': '', 'children': [{'kind': 't1', 'data': {'subreddit_id': 't5_2sumo', 'approved_at_utc': None, 'author_is_blocked': False, 'comment_type': None, 'awarders': [], 'mod_reason_by': None, 'banned_by': None, 'author_flair_type': 'text', 'total_awards_received': 0, 'subreddit': 'AskPhysics', 'author_flair_template_id': None, 'likes': None, 'replies': '', 'user_reports': [], 'saved': False, 'id': 'l0xmp64', 'banned_at_utc': None, 'mod_reason_title': None, 'gilded': 0, 'archived': False, 'collapsed_reason_code': None, 'no_follow': True, 'author': 'GetOffMyLawn1729', 'can_mod_post': False, 'created_utc': 1713900020.0, 'send_replies': True, 'parent_id': 't1_l0vtuoz', 'score': 2, 'author_fullname': 't2_u456i1sc', 'removal_reason': None, 'approved_by': None, 'mod_note': None, 'all_awardings': [], 'body': 'user name checks out ...', 'edited': False, 'top_awarded_type': None, 'author_flair_css_class': None, 'name': 't1_l0xmp64', 'is_submitter': False, 'downs': 0, 'author_flair_richtext': [], 'author_patreon_flair': False, 'body_html': '&lt;div class=""md""&gt;&lt;p&gt;user name checks out ...&lt;/p&gt;\n&lt;/div&gt;', 'gildings': {}, 'collapsed_reason': None, 'distinguished': None, 'associated_award': None, 'stickied': False, 'author_premium': False, 'can_gild': False, 'link_id': 't3_1cb2hfu', 'unrepliable_reason': None, 'author_flair_text_color': None, 'score_hidden': False, 'permalink': '/r/AskPhysics/comments/1cb2hfu/how_do_i_make_physics_interesting_to_learn/l0xmp64/', 'subreddit_type': 'public', 'locked': False, 'report_reasons': None, 'created': 1713900020.0, 'author_flair_text': None, 'treatment_tags': [], 'collapsed': False, 'subreddit_name_prefixed': 'r/AskPhysics', 'controversiality': 0, 'depth': 1, 'author_flair_background_color': None, 'collapsed_because_crowd_control': None, 'mod_reports': [], 'num_reports': None, 'ups': 2}}], 'before': None}}",,False,13,False,True,False,AskPhysics,t5_2sumo,r/AskPhysics,public,,0,[],,13,[],t1
data_2,[],,,False,,uselessscientist,,,[],,,,text,t2_phxzc,False,False,False,[],,,"Sooo, you want to magically fall in love with physics and ace an exam in 25 days without studying?


Sorry mate, you're fucked. 


Best I can do is tell you to do practice problems and get on YouTube for topics you find conceptually difficult. Physics is work. Most of the content is 'boring' unless you come in curious and passionate. 


Maybe your teachers do all suck, that's a definite possibility, but also maybe you're coming in with expectations that they'll make everything easy for you? ","&lt;div class=""md""&gt;&lt;p&gt;Sooo, you want to magically fall in love with physics and ace an exam in 25 days without studying?&lt;/p&gt;

&lt;p&gt;Sorry mate, you&amp;#39;re fucked. &lt;/p&gt;

&lt;p&gt;Best I can do is tell you to do practice problems and get on YouTube for topics you find conceptually difficult. Physics is work. Most of the content is &amp;#39;boring&amp;#39; unless you come in curious and passionate. &lt;/p&gt;

&lt;p&gt;Maybe your teachers do all suck, that&amp;#39;s a definite possibility, but also maybe you&amp;#39;re coming in with expectations that they&amp;#39;ll make everything easy for you? &lt;/p&gt;
&lt;/div&gt;",False,False,False,,,,,0,1713874780.0,1713874780.0,0,,0,False,0,{},l0vnkqu,False,,t3_1cb2hfu,False,,,,[],t1_l0vnkqu,False,,t3_1cb2hfu,/r/AskPhysics/comments/1cb2hfu/how_do_i_make_physics_interesting_to_learn/l0vnkqu/,,"{'kind': 'Listing', 'data': {'after': None, 'dist': None, 'modhash': None, 'geo_filter': '', 'children': [{'kind': 't1', 'data': {'subreddit_id': 't5_2sumo', 'approved_at_utc': None, 'author_is_blocked': False, 'comment_type': None, 'awarders': [], 'mod_reason_by': None, 'banned_by': None, 'author_flair_type': 'text', 'total_awards_received': 0, 'subreddit': 'AskPhysics', 'author_flair_template_id': None, 'likes': None, 'replies': {'kind': 'Listing', 'data': {'after': None, 'dist': None, 'modhash': None, 'geo_filter': '', 'children': [{'kind': 't1', 'data': {'subreddit_id': 't5_2sumo', 'approved_at_utc': None, 'author_is_blocked': False, 'comment_type': None, 'awarders': [], 'mod_reason_by': None, 'banned_by': None, 'author_flair_type': 'text', 'total_awards_received': 0, 'subreddit': 'AskPhysics', 'author_flair_template_id': None, 'likes': None, 'replies': '', 'user_reports': [], 'saved': False, 'id': 'l0wjr0y', 'banned_at_utc': None, 'mod_reason_title': None, 'gilded': 0, 'archived': False, 'collapsed_reason_code': None, 'no_follow': True, 'author': 'Odd-Storm4893', 'can_mod_post': False, 'send_replies': True, 'parent_id': 't1_l0vo95c', 'score': 3, 'author_fullname': 't2_a0j6u8qw', 'removal_reason': None, 'approved_by': None, 'mod_note': None, 'all_awardings': [], 'body': ""Use only text books with exercises in them. If a text book doesn't provide practice problems, and many physics and math books seem to be like that, then you'll just be wasting time and not really learning anything. Practice problems, especially the wordy ones where you have to figure out the individual parameters to equations based on scenarios. Thankfully there are also a lot of these around.\n\nIn 25 days? Find a text and just do practice problems on the topics you've covered so far. No time to read just work."", 'edited': False, 'top_awarded_type': None, 'downs': 0, 'author_flair_css_class': None, 'name': 't1_l0wjr0y', 'is_submitter': False, 'collapsed': False, 'author_flair_richtext': [], 'author_patreon_flair': False, 'body_html': '&lt;div class=""md""&gt;&lt;p&gt;Use only text books with exercises in them. If a text book doesn&amp;#39;t provide practice problems, and many physics and math books seem to be like that, then you&amp;#39;ll just be wasting time and not really learning anything. Practice problems, especially the wordy ones where you have to figure out the individual parameters to equations based on scenarios. Thankfully there are also a lot of these around.&lt;/p&gt;\n\n&lt;p&gt;In 25 days? Find a text and just do practice problems on the topics you&amp;#39;ve covered so far. No time to read just work.&lt;/p&gt;\n&lt;/div&gt;', 'gildings': {}, 'collapsed_reason': None, 'distinguished': None, 'associated_award': None, 'stickied': False, 'author_premium': False, 'can_gild': False, 'link_id': 't3_1cb2hfu', 'unrepliable_reason': None, 'author_flair_text_color': None, 'score_hidden': False, 'permalink': '/r/AskPhysics/comments/1cb2hfu/how_do_i_make_physics_interesting_to_learn/l0wjr0y/', 'subreddit_type': 'public', 'locked': False, 'report_reasons': None, 'created': 1713887010.0, 'author_flair_text': None, 'treatment_tags': [], 'created_utc': 1713887010.0, 'subreddit_name_prefixed': 'r/AskPhysics', 'controversiality': 0, 'depth': 2, 'author_flair_background_color': None, 'collapsed_because_crowd_control': None, 'mod_reports': [], 'num_reports': None, 'ups': 3}}], 'before': None}}, 'user_reports': [], 'saved': False, 'id': 'l0vo95c', 'banned_at_utc': None, 'mod_reason_title': None, 'gilded': 0, 'archived': False, 'collapsed_reason_code': None, 'no_follow': True, 'author': 'gw_clowd', 'can_mod_post': False, 'created_utc': 1713875092.0, 'send_replies': True, 'parent_id': 't1_l0vnkqu', 'score': 2, 'author_fullname': 't2_dxuufsbhp', 'removal_reason': None, 'approved_by': None, 'mod_note': None, 'all_awardings': [], 'body': ""No, I'm not saying I don't want to study. I want to study it daily. And for teachers, it's not just me but all those who get straight A's. We all self study. I just wanted some tips."", 'edited': False, 'top_awarded_type': None, 'author_flair_css_class': None, 'name': 't1_l0vo95c', 'is_submitter': True, 'downs': 0, 'author_flair_richtext': [], 'author_patreon_flair': False, 'body_html': '&lt;div class=""md""&gt;&lt;p&gt;No, I&amp;#39;m not saying I don&amp;#39;t want to study. I want to study it daily. And for teachers, it&amp;#39;s not just me but all those who get straight A&amp;#39;s. We all self study. I just wanted some tips.&lt;/p&gt;\n&lt;/div&gt;', 'gildings': {}, 'collapsed_reason': None, 'distinguished': None, 'associated_award': None, 'stickied': False, 'author_premium': False, 'can_gild': False, 'link_id': 't3_1cb2hfu', 'unrepliable_reason': None, 'author_flair_text_color': None, 'score_hidden': False, 'permalink': '/r/AskPhysics/comments/1cb2hfu/how_do_i_make_physics_interesting_to_learn/l0vo95c/', 'subreddit_type': 'public', 'locked': False, 'report_reasons': None, 'created': 1713875092.0, 'author_flair_text': None, 'treatment_tags': [], 'collapsed': False, 'subreddit_name_prefixed': 'r/AskPhysics', 'controversiality': 0, 'depth': 1, 'author_flair_background_color': None, 'collapsed_because_crowd_control': None, 'mod_reports': [], 'num_reports': None, 'ups': 2}}], 'before': None}}",,False,12,False,True,False,AskPhysics,t5_2sumo,r/AskPhysics,public,,0,[],,12,[],t1
data_3,[],,,False,,Western_Base3852,,,[],,,,text,t2_umeo97fpm,False,False,False,[],,,"I don't think there's a secret. I honestly struggled through university too. I struggled understanding ""the physics"". Each class I would study the equations, solve the problems.... But I didn't ""understand"" what I was doing.

It took me doing actual research (with a prof). I went to grad school and suddenly, through hands-on experience, everything started falling into place and making sense. 

But youre right, a lot of physics education is incomplete.  If you want to succeed in the field, you need to find how ""you"" are going to deal. I recommend youtube for the stuff you find challenging.","&lt;div class=""md""&gt;&lt;p&gt;I don&amp;#39;t think there&amp;#39;s a secret. I honestly struggled through university too. I struggled understanding &amp;quot;the physics&amp;quot;. Each class I would study the equations, solve the problems.... But I didn&amp;#39;t &amp;quot;understand&amp;quot; what I was doing.&lt;/p&gt;

&lt;p&gt;It took me doing actual research (with a prof). I went to grad school and suddenly, through hands-on experience, everything started falling into place and making sense. &lt;/p&gt;

&lt;p&gt;But youre right, a lot of physics education is incomplete.  If you want to succeed in the field, you need to find how &amp;quot;you&amp;quot; are going to deal. I recommend youtube for the stuff you find challenging.&lt;/p&gt;
&lt;/div&gt;",False,False,False,,,,,0,1713876141.0,1713876141.0,0,,0,False,0,{},l0vqln6,False,,t3_1cb2hfu,False,,,,[],t1_l0vqln6,True,,t3_1cb2hfu,/r/AskPhysics/comments/1cb2hfu/how_do_i_make_physics_interesting_to_learn/l0vqln6/,,,,False,2,False,True,False,AskPhysics,t5_2sumo,r/AskPhysics,public,,0,[],,2,[],t1
data_4,[],,,False,,TechnologyHeavy8026,,,[],,,,text,t2_t7gib05sh,False,False,False,[],,,"Depends on what part of physics you are doing. Though tbh I never had a problem motivating myself if I needed it. But my very flimsy self analysis on how I am always interested in physics comes from fomo.


Every single moment of physics class is the laws or facts of the universe that are in action right now that you might need. Think about what you might miss out if you don't understand A. (Surprisingly the act of just figuring out what am I missing out on is also figuring out what this means)","&lt;div class=""md""&gt;&lt;p&gt;Depends on what part of physics you are doing. Though tbh I never had a problem motivating myself if I needed it. But my very flimsy self analysis on how I am always interested in physics comes from fomo.&lt;/p&gt;

&lt;p&gt;Every single moment of physics class is the laws or facts of the universe that are in action right now that you might need. Think about what you might miss out if you don&amp;#39;t understand A. (Surprisingly the act of just figuring out what am I missing out on is also figuring out what this means)&lt;/p&gt;
&lt;/div&gt;",False,False,False,,,,,0,1713878359.0,1713878359.0,0,,0,False,0,{},l0vvw4l,False,,t3_1cb2hfu,False,,,,[],t1_l0vvw4l,True,,t3_1cb2hfu,/r/AskPhysics/comments/1cb2hfu/how_do_i_make_physics_interesting_to_learn/l0vvw4l/,,,,False,2,False,True,False,AskPhysics,t5_2sumo,r/AskPhysics,public,,0,[],,2,[],t1
data_5,[],,,False,,dick_tracey_PI_TA,,,[],,,,text,t2_vn9b5vbn,False,False,False,[],,,"I like guns and blowing stuff up, among other things. I thought Kinematics was interesting because its intro to ballistics. Make it relatable. ","&lt;div class=""md""&gt;&lt;p&gt;I like guns and blowing stuff up, among other things. I thought Kinematics was interesting because its intro to ballistics. Make it relatable. &lt;/p&gt;
&lt;/div&gt;",False,False,False,,,,,0,1713876401.0,1713876401.0,0,,0,False,0,{},l0vr755,False,,t3_1cb2hfu,False,,,,[],t1_l0vr755,True,,t3_1cb2hfu,/r/AskPhysics/comments/1cb2hfu/how_do_i_make_physics_interesting_to_learn/l0vr755/,,,,False,1,False,True,False,AskPhysics,t5_2sumo,r/AskPhysics,public,,0,[],,1,[],t1
data_6,[],,,False,,Scientia83,,,[],,,,text,t2_ywpg888bu,False,False,False,[],,,"Spent all my career as a biochemist.  There is no secret. Guaranteed.  Good advice down below.  It takes hard work, discipline and passion.  Don't forget yourself in all of this.  FInd things that interest you and use these as an opening to help you learn the things you find boring.  The responsibility is yours to find a way. It does get easier but everything always will take work and discipline and boring, seemingly unfulfilling stretches of life and career are normal and frequent.  You're human.","&lt;div class=""md""&gt;&lt;p&gt;Spent all my career as a biochemist.  There is no secret. Guaranteed.  Good advice down below.  It takes hard work, discipline and passion.  Don&amp;#39;t forget yourself in all of this.  FInd things that interest you and use these as an opening to help you learn the things you find boring.  The responsibility is yours to find a way. It does get easier but everything always will take work and discipline and boring, seemingly unfulfilling stretches of life and career are normal and frequent.  You&amp;#39;re human.&lt;/p&gt;
&lt;/div&gt;",False,False,False,,,,,0,1713881343.0,1713881343.0,0,,0,False,0,{},l0w3oye,False,,t3_1cb2hfu,False,,,,[],t1_l0w3oye,True,,t3_1cb2hfu,/r/AskPhysics/comments/1cb2hfu/how_do_i_make_physics_interesting_to_learn/l0w3oye/,,,,False,1,False,True,False,AskPhysics,t5_2sumo,r/AskPhysics,public,,0,[],,1,[],t1
data_7,[],,,False,,Odd-Storm4893,,,[],,,,text,t2_a0j6u8qw,False,False,False,[],,,"Need to work problems. Only savants would be good at math, physics, CS etc without practice. For the rest of us practice, practice, practice.","&lt;div class=""md""&gt;&lt;p&gt;Need to work problems. Only savants would be good at math, physics, CS etc without practice. For the rest of us practice, practice, practice.&lt;/p&gt;
&lt;/div&gt;",False,False,False,,,,,0,1713886771.0,1713886771.0,0,,0,False,0,{},l0wj1gw,False,,t3_1cb2hfu,False,,,,[],t1_l0wj1gw,True,,t3_1cb2hfu,/r/AskPhysics/comments/1cb2hfu/how_do_i_make_physics_interesting_to_learn/l0wj1gw/,,,,False,1,False,True,False,AskPhysics,t5_2sumo,r/AskPhysics,public,,0,[],,1,[],t1
data_8,[],,,False,,tim_pruett,,,[],,,,text,t2_4a5dwq5p,False,False,False,[],,,What got me interested in physics is a lifelong fascination with space. Once I learned about things like black holes I dove head first into astrophysics.,"&lt;div class=""md""&gt;&lt;p&gt;What got me interested in physics is a lifelong fascination with space. Once I learned about things like black holes I dove head first into astrophysics.&lt;/p&gt;
&lt;/div&gt;",False,False,False,,,,,0,1713902351.0,1713902351.0,0,,0,False,0,{},l0xtrh7,False,,t3_1cb2hfu,False,,,,[],t1_l0xtrh7,True,,t3_1cb2hfu,/r/AskPhysics/comments/1cb2hfu/how_do_i_make_physics_interesting_to_learn/l0xtrh7/,,,,False,1,False,True,False,AskPhysics,t5_2sumo,r/AskPhysics,public,,0,[],,1,[],t1
