,[],,,False,,GreatHeavySoulArrow,,misc,[],997e5baa-c6b2-11e4-8b92-22000b2a8bad,Undergraduate,dark,text,t2_ion76zl7u,False,False,False,[],,,"Lasers redshift with change in elevation, maybe a good laser and a good sensor on each end of a big ass tube works. You need to look up the relation of the accuracy of the instruments and the effect at play tough. Maybe it's cheaper than the atomic clock thing.

EDIT: General relativity was first tested using the gravitational lensing of the sun, so I don't know if it's a feasible experiment","&lt;div class=""md""&gt;&lt;p&gt;Lasers redshift with change in elevation, maybe a good laser and a good sensor on each end of a big ass tube works. You need to look up the relation of the accuracy of the instruments and the effect at play tough. Maybe it&amp;#39;s cheaper than the atomic clock thing.&lt;/p&gt;

&lt;p&gt;EDIT: General relativity was first tested using the gravitational lensing of the sun, so I don&amp;#39;t know if it&amp;#39;s a feasible experiment&lt;/p&gt;
&lt;/div&gt;",False,False,False,,,,,0,1714011837.0,1714011837.0,0,,0,1714021032.0,0,{},l1561j5,False,,t3_1ccgiya,False,,,,[],t1_l1561j5,True,,t3_1ccgiya,/r/AskPhysics/comments/1ccgiya/citizen_scientist_testing_relativity/l1561j5/,,"{'kind': 'Listing', 'data': {'after': None, 'dist': None, 'modhash': None, 'geo_filter': '', 'children': [{'kind': 't1', 'data': {'subreddit_id': 't5_2sumo', 'approved_at_utc': None, 'author_is_blocked': False, 'comment_type': None, 'awarders': [], 'mod_reason_by': None, 'banned_by': None, 'author_flair_type': 'text', 'total_awards_received': 0, 'subreddit': 'AskPhysics', 'author_flair_template_id': None, 'likes': None, 'replies': {'kind': 'Listing', 'data': {'after': None, 'dist': None, 'modhash': None, 'geo_filter': '', 'children': [{'kind': 't1', 'data': {'subreddit_id': 't5_2sumo', 'approved_at_utc': None, 'author_is_blocked': False, 'comment_type': None, 'awarders': [], 'mod_reason_by': None, 'banned_by': None, 'author_flair_type': 'text', 'total_awards_received': 0, 'subreddit': 'AskPhysics', 'author_flair_template_id': '997e5baa-c6b2-11e4-8b92-22000b2a8bad', 'likes': None, 'replies': {'kind': 'Listing', 'data': {'after': None, 'dist': None, 'modhash': None, 'geo_filter': '', 'children': [{'kind': 't1', 'data': {'subreddit_id': 't5_2sumo', 'approved_at_utc': None, 'author_is_blocked': False, 'comment_type': None, 'awarders': [], 'mod_reason_by': None, 'banned_by': None, 'author_flair_type': 'text', 'total_awards_received': 0, 'subreddit': 'AskPhysics', 'author_flair_template_id': None, 'likes': None, 'replies': '', 'user_reports': [], 'saved': False, 'id': 'l15c6mo', 'banned_at_utc': None, 'mod_reason_title': None, 'gilded': 0, 'archived': False, 'collapsed_reason_code': None, 'no_follow': True, 'author': 'Previous_Drive_3888', 'can_mod_post': False, 'send_replies': True, 'parent_id': 't1_l15bgey', 'score': 2, 'author_fullname': 't2_a0o8l783', 'removal_reason': None, 'approved_by': None, 'mod_note': None, 'all_awardings': [], 'collapsed': False, 'body': 'You can pulse the laser and measure ambient light that way. Running the experiment at different times to see if the frequency changes. But even a low-power laser should overpower any ambiance by orders of magnitude.', 'edited': False, 'top_awarded_type': None, 'author_flair_css_class': None, 'name': 't1_l15c6mo', 'is_submitter': True, 'downs': 0, 'author_flair_richtext': [], 'author_patreon_flair': False, 'body_html': '&lt;div class=""md""&gt;&lt;p&gt;You can pulse the laser and measure ambient light that way. Running the experiment at different times to see if the frequency changes. But even a low-power laser should overpower any ambiance by orders of magnitude.&lt;/p&gt;\n&lt;/div&gt;', 'gildings': {}, 'collapsed_reason': None, 'distinguished': None, 'associated_award': None, 'stickied': False, 'author_premium': False, 'can_gild': False, 'link_id': 't3_1ccgiya', 'unrepliable_reason': None, 'author_flair_text_color': None, 'score_hidden': False, 'permalink': '/r/AskPhysics/comments/1ccgiya/citizen_scientist_testing_relativity/l15c6mo/', 'subreddit_type': 'public', 'locked': False, 'report_reasons': None, 'created': 1714014468.0, 'author_flair_text': None, 'treatment_tags': [], 'created_utc': 1714014468.0, 'subreddit_name_prefixed': 'r/AskPhysics', 'controversiality': 0, 'depth': 3, 'author_flair_background_color': None, 'collapsed_because_crowd_control': None, 'mod_reports': [], 'num_reports': None, 'ups': 2}}], 'before': None}}, 'user_reports': [], 'saved': False, 'id': 'l15bgey', 'banned_at_utc': None, 'mod_reason_title': None, 'gilded': 0, 'archived': False, 'collapsed_reason_code': None, 'no_follow': True, 'author': 'GreatHeavySoulArrow', 'can_mod_post': False, 'send_replies': True, 'parent_id': 't1_l156bdg', 'score': 2, 'author_fullname': 't2_ion76zl7u', 'removal_reason': None, 'approved_by': None, 'mod_note': None, 'all_awardings': [], 'body': 'Ambient light probably, you would still have to account for the atmosphere since making a vacuum on the tube will probably be extremely expensive', 'edited': False, 'top_awarded_type': None, 'downs': 0, 'author_flair_css_class': 'misc', 'name': 't1_l15bgey', 'is_submitter': False, 'collapsed': False, 'author_flair_richtext': [], 'author_patreon_flair': False, 'body_html': '&lt;div class=""md""&gt;&lt;p&gt;Ambient light probably, you would still have to account for the atmosphere since making a vacuum on the tube will probably be extremely expensive&lt;/p&gt;\n&lt;/div&gt;', 'gildings': {}, 'collapsed_reason': None, 'distinguished': None, 'associated_award': None, 'stickied': False, 'author_premium': False, 'can_gild': False, 'link_id': 't3_1ccgiya', 'unrepliable_reason': None, 'author_flair_text_color': 'dark', 'score_hidden': False, 'permalink': '/r/AskPhysics/comments/1ccgiya/citizen_scientist_testing_relativity/l15bgey/', 'subreddit_type': 'public', 'locked': False, 'report_reasons': None, 'created': 1714014135.0, 'author_flair_text': 'Undergraduate', 'treatment_tags': [], 'created_utc': 1714014135.0, 'subreddit_name_prefixed': 'r/AskPhysics', 'controversiality': 0, 'depth': 2, 'author_flair_background_color': None, 'collapsed_because_crowd_control': None, 'mod_reports': [], 'num_reports': None, 'ups': 2}}, {'kind': 't1', 'data': {'subreddit_id': 't5_2sumo', 'approved_at_utc': None, 'author_is_blocked': False, 'comment_type': None, 'awarders': [], 'mod_reason_by': None, 'banned_by': None, 'author_flair_type': 'text', 'total_awards_received': 0, 'subreddit': 'AskPhysics', 'author_flair_template_id': None, 'likes': None, 'replies': {'kind': 'Listing', 'data': {'after': None, 'dist': None, 'modhash': None, 'geo_filter': '', 'children': [{'kind': 't1', 'data': {'subreddit_id': 't5_2sumo', 'approved_at_utc': None, 'author_is_blocked': False, 'comment_type': None, 'awarders': [], 'mod_reason_by': None, 'banned_by': None, 'author_flair_type': 'text', 'total_awards_received': 0, 'subreddit': 'AskPhysics', 'author_flair_template_id': None, 'likes': None, 'replies': '', 'user_reports': [], 'saved': False, 'id': 'l16mi84', 'banned_at_utc': None, 'mod_reason_title': None, 'gilded': 0, 'archived': False, 'collapsed_reason_code': None, 'no_follow': True, 'author': 'Previous_Drive_3888', 'can_mod_post': False, 'send_replies': True, 'parent_id': 't1_l167ijd', 'score': 1, 'author_fullname': 't2_a0o8l783', 'removal_reason': None, 'approved_by': None, 'mod_note': None, 'all_awardings': [], 'collapsed': False, 'body': ""The work will be carried out by the sceptic, in good faith. I in turn will probably be doing other experiments and need to explain the results or come up with counterarguments. I know GPS needs relativity but that's way too opaque an argument. Besides, it's cool to come up with an experiment that tests relativity but inside the budget of a highschool science class."", 'edited': False, 'top_awarded_type': None, 'author_flair_css_class': None, 'name': 't1_l16mi84', 'is_submitter': True, 'downs': 0, 'author_flair_richtext': [], 'author_patreon_flair': False, 'body_html': '&lt;div class=""md""&gt;&lt;p&gt;The work will be carried out by the sceptic, in good faith. I in turn will probably be doing other experiments and need to explain the results or come up with counterarguments. I know GPS needs relativity but that&amp;#39;s way too opaque an argument. Besides, it&amp;#39;s cool to come up with an experiment that tests relativity but inside the budget of a highschool science class.&lt;/p&gt;\n&lt;/div&gt;', 'gildings': {}, 'collapsed_reason': None, 'distinguished': None, 'associated_award': None, 'stickied': False, 'author_premium': False, 'can_gild': False, 'link_id': 't3_1ccgiya', 'unrepliable_reason': None, 'author_flair_text_color': None, 'score_hidden': False, 'permalink': '/r/AskPhysics/comments/1ccgiya/citizen_scientist_testing_relativity/l16mi84/', 'subreddit_type': 'public', 'locked': False, 'report_reasons': None, 'created': 1714043534.0, 'author_flair_text': None, 'treatment_tags': [], 'created_utc': 1714043534.0, 'subreddit_name_prefixed': 'r/AskPhysics', 'controversiality': 0, 'depth': 3, 'author_flair_background_color': None, 'collapsed_because_crowd_control': None, 'mod_reports': [], 'num_reports': None, 'ups': 1}}], 'before': None}}, 'user_reports': [], 'saved': False, 'id': 'l167ijd', 'banned_at_utc': None, 'mod_reason_title': None, 'gilded': 0, 'archived': False, 'collapsed_reason_code': None, 'no_follow': True, 'author': 'That4AMBlues', 'can_mod_post': False, 'send_replies': True, 'parent_id': 't1_l156bdg', 'score': 2, 'author_fullname': 't2_4x72qp3l', 'removal_reason': None, 'approved_by': None, 'mod_note': None, 'all_awardings': [], 'body': 'In my experience with sceptics, any excuse will be claimed rather than accepting the experimental result.\n\nPerhaps point out to your sceptic that relativity is essential for standard GPS to work.', 'edited': False, 'top_awarded_type': None, 'downs': 0, 'author_flair_css_class': None, 'name': 't1_l167ijd', 'is_submitter': False, 'collapsed': False, 'author_flair_richtext': [], 'author_patreon_flair': False, 'body_html': '&lt;div class=""md""&gt;&lt;p&gt;In my experience with sceptics, any excuse will be claimed rather than accepting the experimental result.&lt;/p&gt;\n\n&lt;p&gt;Perhaps point out to your sceptic that relativity is essential for standard GPS to work.&lt;/p&gt;\n&lt;/div&gt;', 'gildings': {}, 'collapsed_reason': None, 'distinguished': None, 'associated_award': None, 'stickied': False, 'author_premium': False, 'can_gild': False, 'link_id': 't3_1ccgiya', 'unrepliable_reason': None, 'author_flair_text_color': None, 'score_hidden': False, 'permalink': '/r/AskPhysics/comments/1ccgiya/citizen_scientist_testing_relativity/l167ijd/', 'subreddit_type': 'public', 'locked': False, 'report_reasons': None, 'created': 1714033241.0, 'author_flair_text': None, 'treatment_tags': [], 'created_utc': 1714033241.0, 'subreddit_name_prefixed': 'r/AskPhysics', 'controversiality': 0, 'depth': 2, 'author_flair_background_color': None, 'collapsed_because_crowd_control': None, 'mod_reports': [], 'num_reports': None, 'ups': 2}}], 'before': None}}, 'user_reports': [], 'saved': False, 'id': 'l156bdg', 'banned_at_utc': None, 'mod_reason_title': None, 'gilded': 0, 'archived': False, 'collapsed_reason_code': None, 'no_follow': True, 'author': 'Previous_Drive_3888', 'can_mod_post': False, 'created_utc': 1714011947.0, 'send_replies': True, 'parent_id': 't1_l1561j5', 'score': 3, 'author_fullname': 't2_a0o8l783', 'removal_reason': None, 'approved_by': None, 'mod_note': None, 'all_awardings': [], 'body': 'Is the tube needed? Could atmospheric disturbance be claimed?', 'edited': False, 'top_awarded_type': None, 'author_flair_css_class': None, 'name': 't1_l156bdg', 'is_submitter': True, 'downs': 0, 'author_flair_richtext': [], 'author_patreon_flair': False, 'body_html': '&lt;div class=""md""&gt;&lt;p&gt;Is the tube needed? Could atmospheric disturbance be claimed?&lt;/p&gt;\n&lt;/div&gt;', 'gildings': {}, 'collapsed_reason': None, 'distinguished': None, 'associated_award': None, 'stickied': False, 'author_premium': False, 'can_gild': False, 'link_id': 't3_1ccgiya', 'unrepliable_reason': None, 'author_flair_text_color': None, 'score_hidden': False, 'permalink': '/r/AskPhysics/comments/1ccgiya/citizen_scientist_testing_relativity/l156bdg/', 'subreddit_type': 'public', 'locked': False, 'report_reasons': None, 'created': 1714011947.0, 'author_flair_text': None, 'treatment_tags': [], 'collapsed': False, 'subreddit_name_prefixed': 'r/AskPhysics', 'controversiality': 0, 'depth': 1, 'author_flair_background_color': None, 'collapsed_because_crowd_control': None, 'mod_reports': [], 'num_reports': None, 'ups': 3}}, {'kind': 't1', 'data': {'subreddit_id': 't5_2sumo', 'approved_at_utc': None, 'author_is_blocked': False, 'comment_type': None, 'awarders': [], 'mod_reason_by': None, 'banned_by': None, 'author_flair_type': 'text', 'total_awards_received': 0, 'subreddit': 'AskPhysics', 'author_flair_template_id': None, 'likes': None, 'replies': {'kind': 'Listing', 'data': {'after': None, 'dist': None, 'modhash': None, 'geo_filter': '', 'children': [{'kind': 't1', 'data': {'subreddit_id': 't5_2sumo', 'approved_at_utc': None, 'author_is_blocked': False, 'comment_type': None, 'awarders': [], 'mod_reason_by': None, 'banned_by': None, 'author_flair_type': 'text', 'total_awards_received': 0, 'subreddit': 'AskPhysics', 'author_flair_template_id': '997e5baa-c6b2-11e4-8b92-22000b2a8bad', 'likes': None, 'replies': {'kind': 'Listing', 'data': {'after': None, 'dist': None, 'modhash': None, 'geo_filter': '', 'children': [{'kind': 't1', 'data': {'subreddit_id': 't5_2sumo', 'approved_at_utc': None, 'author_is_blocked': False, 'comment_type': None, 'awarders': [], 'mod_reason_by': None, 'banned_by': None, 'author_flair_type': 'text', 'total_awards_received': 0, 'subreddit': 'AskPhysics', 'author_flair_template_id': None, 'likes': None, 'replies': '', 'user_reports': [], 'saved': False, 'id': 'l15cpz4', 'banned_at_utc': None, 'mod_reason_title': None, 'gilded': 0, 'archived': False, 'collapsed_reason_code': None, 'no_follow': True, 'author': 'Previous_Drive_3888', 'can_mod_post': False, 'send_replies': True, 'parent_id': 't1_l159plw', 'score': 1, 'author_fullname': 't2_a0o8l783', 'removal_reason': None, 'approved_by': None, 'mod_note': None, 'all_awardings': [], 'collapsed': False, 'body': 'Thank you. It has the benefit of passing two lasers through atmosphere at the same time but still having an easy to understand result.', 'edited': False, 'top_awarded_type': None, 'author_flair_css_class': None, 'name': 't1_l15cpz4', 'is_submitter': True, 'downs': 0, 'author_flair_richtext': [], 'author_patreon_flair': False, 'body_html': '&lt;div class=""md""&gt;&lt;p&gt;Thank you. It has the benefit of passing two lasers through atmosphere at the same time but still having an easy to understand result.&lt;/p&gt;\n&lt;/div&gt;', 'gildings': {}, 'collapsed_reason': None, 'distinguished': None, 'associated_award': None, 'stickied': False, 'author_premium': False, 'can_gild': False, 'link_id': 't3_1ccgiya', 'unrepliable_reason': None, 'author_flair_text_color': None, 'score_hidden': False, 'permalink': '/r/AskPhysics/comments/1ccgiya/citizen_scientist_testing_relativity/l15cpz4/', 'subreddit_type': 'public', 'locked': False, 'report_reasons': None, 'created': 1714014715.0, 'author_flair_text': None, 'treatment_tags': [], 'created_utc': 1714014715.0, 'subreddit_name_prefixed': 'r/AskPhysics', 'controversiality': 0, 'depth': 3, 'author_flair_background_color': None, 'collapsed_because_crowd_control': None, 'mod_reports': [], 'num_reports': None, 'ups': 1}}, {'kind': 't1', 'data': {'subreddit_id': 't5_2sumo', 'approved_at_utc': None, 'author_is_blocked': False, 'comment_type': None, 'awarders': [], 'mod_reason_by': None, 'banned_by': None, 'author_flair_type': 'text', 'total_awards_received': 0, 'subreddit': 'AskPhysics', 'author_flair_template_id': None, 'likes': None, 'replies': {'kind': 'Listing', 'data': {'after': None, 'dist': None, 'modhash': None, 'geo_filter': '', 'children': [{'kind': 't1', 'data': {'subreddit_id': 't5_2sumo', 'approved_at_utc': None, 'author_is_blocked': False, 'comment_type': None, 'awarders': [], 'mod_reason_by': None, 'banned_by': None, 'author_flair_type': 'text', 'total_awards_received': 0, 'subreddit': 'AskPhysics', 'author_flair_template_id': '997e5baa-c6b2-11e4-8b92-22000b2a8bad', 'distinguished': None, 'likes': None, 'replies': {'kind': 'Listing', 'data': {'after': None, 'dist': None, 'modhash': None, 'geo_filter': '', 'children': [{'kind': 't1', 'data': {'subreddit_id': 't5_2sumo', 'approved_at_utc': None, 'author_is_blocked': False, 'comment_type': None, 'awarders': [], 'mod_reason_by': None, 'banned_by': None, 'author_flair_type': 'text', 'total_awards_received': 0, 'subreddit': 'AskPhysics', 'author_flair_template_id': None, 'distinguished': None, 'likes': None, 'replies': {'kind': 'Listing', 'data': {'after': None, 'dist': None, 'modhash': None, 'geo_filter': '', 'children': [{'kind': 't1', 'data': {'subreddit_id': 't5_2sumo', 'approved_at_utc': None, 'author_is_blocked': False, 'comment_type': None, 'awarders': [], 'mod_reason_by': None, 'banned_by': None, 'author_flair_type': 'text', 'total_awards_received': 0, 'subreddit': 'AskPhysics', 'author_flair_template_id': '997e5baa-c6b2-11e4-8b92-22000b2a8bad', 'distinguished': None, 'likes': None, 'replies': {'kind': 'Listing', 'data': {'after': None, 'dist': None, 'modhash': None, 'geo_filter': '', 'children': [{'kind': 't1', 'data': {'subreddit_id': 't5_2sumo', 'approved_at_utc': None, 'author_is_blocked': False, 'comment_type': None, 'awarders': [], 'mod_reason_by': None, 'banned_by': None, 'author_flair_type': 'text', 'total_awards_received': 0, 'subreddit': 'AskPhysics', 'author_flair_template_id': None, 'distinguished': None, 'likes': None, 'replies': '', 'user_reports': [], 'saved': False, 'id': 'l15t4pj', 'banned_at_utc': None, 'mod_reason_title': None, 'gilded': 0, 'archived': False, 'collapsed_reason_code': None, 'no_follow': True, 'author': 'Previous_Drive_3888', 'can_mod_post': False, 'created_utc': 1714023364.0, 'send_replies': True, 'parent_id': 't1_l15r8du', 'score': 1, 'author_fullname': 't2_a0o8l783', 'approved_by': None, 'mod_note': None, 'all_awardings': [], 'body': 'Ok, I will. I\'m not scared of math thou. I will not have time to read it till summer. So just to clarify the effect we are talking about. I know there\'s no difference in when the rays hit, c is same for all observers, I thought that it did affect the frequency, that light undergoing ""time dilation"" changed frequency. That\'s why I thought a pattern would show up on the interferometer. It kinda has to, otherwise it wouldn\'t change frequency in the way to the mountaintop. Descending it should still be changing frequency, relative to the path along the ground.\n\nSo to clarify the setup. We have a laser going through a beam splitter, mirror on a mountaintop, mirror at the same distance on the ground. Mirrors point to a target where the beams come together, on the ground, midway between the 2 mirrors. Prediction: since one of the beams has a different reference frame relative to the closest large gravity well (Earth), the frequencies of the beams will not line up, a pattern will emerge on the target.\n\nI hope I am describing this clearly enough. I do thank you for the help.', 'edited': False, 'gildings': {}, 'author_flair_css_class': None, 'name': 't1_l15t4pj', 'is_submitter': True, 'downs': 0, 'author_flair_richtext': [], 'author_patreon_flair': False, 'body_html': '&lt;div class=""md""&gt;&lt;p&gt;Ok, I will. I&amp;#39;m not scared of math thou. I will not have time to read it till summer. So just to clarify the effect we are talking about. I know there&amp;#39;s no difference in when the rays hit, c is same for all observers, I thought that it did affect the frequency, that light undergoing &amp;quot;time dilation&amp;quot; changed frequency. That&amp;#39;s why I thought a pattern would show up on the interferometer. It kinda has to, otherwise it wouldn&amp;#39;t change frequency in the way to the mountaintop. Descending it should still be changing frequency, relative to the path along the ground.&lt;/p&gt;\n\n&lt;p&gt;So to clarify the setup. We have a laser going through a beam splitter, mirror on a mountaintop, mirror at the same distance on the ground. Mirrors point to a target where the beams come together, on the ground, midway between the 2 mirrors. Prediction: since one of the beams has a different reference frame relative to the closest large gravity well (Earth), the frequencies of the beams will not line up, a pattern will emerge on the target.&lt;/p&gt;\n\n&lt;p&gt;I hope I am describing this clearly enough. I do thank you for the help.&lt;/p&gt;\n&lt;/div&gt;', 'removal_reason': None, 'collapsed_reason': None, 'link_id': 't3_1ccgiya', 'associated_award': None, 'stickied': False, 'author_premium': False, 'can_gild': False, 'top_awarded_type': None, 'unrepliable_reason': None, 'author_flair_text_color': None, 'score_hidden': False, 'permalink': '/r/AskPhysics/comments/1ccgiya/citizen_scientist_testing_relativity/l15t4pj/', 'subreddit_type': 'public', 'locked': False, 'report_reasons': None, 'created': 1714023364.0, 'author_flair_text': None, 'treatment_tags': [], 'collapsed': False, 'subreddit_name_prefixed': 'r/AskPhysics', 'controversiality': 0, 'depth': 7, 'author_flair_background_color': None, 'collapsed_because_crowd_control': None, 'mod_reports': [], 'num_reports': None, 'ups': 1}}, {'kind': 't1', 'data': {'subreddit_id': 't5_2sumo', 'approved_at_utc': None, 'author_is_blocked': False, 'comment_type': None, 'awarders': [], 'mod_reason_by': None, 'banned_by': None, 'author_flair_type': 'text', 'total_awards_received': 0, 'subreddit': 'AskPhysics', 'author_flair_template_id': None, 'distinguished': None, 'likes': None, 'replies': '', 'user_reports': [], 'saved': False, 'id': 'l18g5mf', 'banned_at_utc': None, 'mod_reason_title': None, 'gilded': 0, 'archived': False, 'collapsed_reason_code': None, 'no_follow': True, 'author': 'Previous_Drive_3888', 'can_mod_post': False, 'created_utc': 1714070383.0, 'send_replies': True, 'parent_id': 't1_l15r8du', 'score': 1, 'author_fullname': 't2_a0o8l783', 'approved_by': None, 'mod_note': None, 'all_awardings': [], 'body': ""I think I understand. The light doesn't permanently alter frequency, it will have a frequency dependant on the time dilation where it's measured. Being reflected down to sea level will mean measuring it in the stronger gravitational field. Took me a bit of time to understand."", 'edited': False, 'gildings': {}, 'author_flair_css_class': None, 'name': 't1_l18g5mf', 'is_submitter': True, 'downs': 0, 'author_flair_richtext': [], 'author_patreon_flair': False, 'body_html': '&lt;div class=""md""&gt;&lt;p&gt;I think I understand. The light doesn&amp;#39;t permanently alter frequency, it will have a frequency dependant on the time dilation where it&amp;#39;s measured. Being reflected down to sea level will mean measuring it in the stronger gravitational field. Took me a bit of time to understand.&lt;/p&gt;\n&lt;/div&gt;', 'removal_reason': None, 'collapsed_reason': None, 'link_id': 't3_1ccgiya', 'associated_award': None, 'stickied': False, 'author_premium': False, 'can_gild': False, 'top_awarded_type': None, 'unrepliable_reason': None, 'author_flair_text_color': None, 'score_hidden': False, 'permalink': '/r/AskPhysics/comments/1ccgiya/citizen_scientist_testing_relativity/l18g5mf/', 'subreddit_type': 'public', 'locked': False, 'report_reasons': None, 'created': 1714070383.0, 'author_flair_text': None, 'treatment_tags': [], 'collapsed': False, 'subreddit_name_prefixed': 'r/AskPhysics', 'controversiality': 0, 'depth': 7, 'author_flair_background_color': None, 'collapsed_because_crowd_control': None, 'mod_reports': [], 'num_reports': None, 'ups': 1}}], 'before': None}}, 'user_reports': [], 'saved': False, 'id': 'l15r8du', 'banned_at_utc': None, 'mod_reason_title': None, 'gilded': 0, 'archived': False, 'collapsed_reason_code': None, 'no_follow': True, 'author': 'GreatHeavySoulArrow', 'can_mod_post': False, 'send_replies': True, 'parent_id': 't1_l15pu3x', 'score': 1, 'author_fullname': 't2_ion76zl7u', 'approved_by': None, 'mod_note': None, 'all_awardings': [], 'collapsed': False, 'body': 'Light experienced no time dilation - the proper time of a lightray is always 0. It\'s one of the first consequences you learn in geometrodynamics.\n\nGravitational redshift is more complicated than special relativity. AFAIK most textbooks on general relativity explain it after introducing tensors, the only reference I have on the top of my mind is the ""Preface to curvature"" chapter on Schutz\' ""A first course on general relativity""\n\nThat chapter has very little math on it - I recommend you read it, since it\'s exactly what this experiment is based on', 'edited': False, 'gildings': {}, 'author_flair_css_class': 'misc', 'name': 't1_l15r8du', 'is_submitter': False, 'downs': 0, 'author_flair_richtext': [], 'author_patreon_flair': False, 'body_html': '&lt;div class=""md""&gt;&lt;p&gt;Light experienced no time dilation - the proper time of a lightray is always 0. It&amp;#39;s one of the first consequences you learn in geometrodynamics.&lt;/p&gt;\n\n&lt;p&gt;Gravitational redshift is more complicated than special relativity. AFAIK most textbooks on general relativity explain it after introducing tensors, the only reference I have on the top of my mind is the &amp;quot;Preface to curvature&amp;quot; chapter on Schutz&amp;#39; &amp;quot;A first course on general relativity&amp;quot;&lt;/p&gt;\n\n&lt;p&gt;That chapter has very little math on it - I recommend you read it, since it&amp;#39;s exactly what this experiment is based on&lt;/p&gt;\n&lt;/div&gt;', 'removal_reason': None, 'collapsed_reason': None, 'link_id': 't3_1ccgiya', 'associated_award': None, 'stickied': False, 'author_premium': False, 'can_gild': False, 'top_awarded_type': None, 'unrepliable_reason': None, 'author_flair_text_color': 'dark', 'score_hidden': False, 'permalink': '/r/AskPhysics/comments/1ccgiya/citizen_scientist_testing_relativity/l15r8du/', 'subreddit_type': 'public', 'locked': False, 'report_reasons': None, 'created': 1714022221.0, 'author_flair_text': 'Undergraduate', 'treatment_tags': [], 'created_utc': 1714022221.0, 'subreddit_name_prefixed': 'r/AskPhysics', 'controversiality': 0, 'depth': 6, 'author_flair_background_color': None, 'collapsed_because_crowd_control': None, 'mod_reports': [], 'num_reports': None, 'ups': 1}}], 'before': None}}, 'user_reports': [], 'saved': False, 'id': 'l15pu3x', 'banned_at_utc': None, 'mod_reason_title': None, 'gilded': 0, 'archived': False, 'collapsed_reason_code': None, 'no_follow': True, 'author': 'Previous_Drive_3888', 'can_mod_post': False, 'send_replies': True, 'parent_id': 't1_l15oy0s', 'score': 1, 'author_fullname': 't2_a0o8l783', 'approved_by': None, 'mod_note': None, 'all_awardings': [], 'body': ""It shouldn't. The light has experienced time dilation when it hits the mirror. It is already out of phase with the beam on the ground. It doesn't reverse on the trip to the ground, it experiences more time dilation relative to the beam travelling alongside the ground. You can pick up miniscule difference in passed time. This experiment will probably run into the same problem as LIGO and Virgo, picking up earthquakes, heavy construction might interfere etc."", 'edited': False, 'gildings': {}, 'downs': 0, 'author_flair_css_class': None, 'name': 't1_l15pu3x', 'is_submitter': True, 'collapsed': False, 'author_flair_richtext': [], 'author_patreon_flair': False, 'body_html': '&lt;div class=""md""&gt;&lt;p&gt;It shouldn&amp;#39;t. The light has experienced time dilation when it hits the mirror. It is already out of phase with the beam on the ground. It doesn&amp;#39;t reverse on the trip to the ground, it experiences more time dilation relative to the beam travelling alongside the ground. You can pick up miniscule difference in passed time. This experiment will probably run into the same problem as LIGO and Virgo, picking up earthquakes, heavy construction might interfere etc.&lt;/p&gt;\n&lt;/div&gt;', 'removal_reason': None, 'collapsed_reason': None, 'link_id': 't3_1ccgiya', 'associated_award': None, 'stickied': False, 'author_premium': False, 'can_gild': False, 'top_awarded_type': None, 'unrepliable_reason': None, 'author_flair_text_color': None, 'score_hidden': False, 'permalink': '/r/AskPhysics/comments/1ccgiya/citizen_scientist_testing_relativity/l15pu3x/', 'subreddit_type': 'public', 'locked': False, 'report_reasons': None, 'created': 1714021421.0, 'author_flair_text': None, 'treatment_tags': [], 'created_utc': 1714021421.0, 'subreddit_name_prefixed': 'r/AskPhysics', 'controversiality': 0, 'depth': 5, 'author_flair_background_color': None, 'collapsed_because_crowd_control': None, 'mod_reports': [], 'num_reports': None, 'ups': 1}}], 'before': None}}, 'user_reports': [], 'saved': False, 'id': 'l15oy0s', 'banned_at_utc': None, 'mod_reason_title': None, 'gilded': 0, 'archived': False, 'collapsed_reason_code': None, 'no_follow': True, 'author': 'GreatHeavySoulArrow', 'can_mod_post': False, 'send_replies': True, 'parent_id': 't1_l15gycr', 'score': 1, 'author_fullname': 't2_ion76zl7u', 'removal_reason': None, 'approved_by': None, 'mod_note': None, 'all_awardings': [], 'body': ""I'm not sure if I understand your idea, but keep in mind if the lightray goes back down it blueshifts cancelling said effect"", 'edited': False, 'author_flair_css_class': 'misc', 'name': 't1_l15oy0s', 'is_submitter': False, 'downs': 0, 'author_flair_richtext': [], 'author_patreon_flair': False, 'body_html': '&lt;div class=""md""&gt;&lt;p&gt;I&amp;#39;m not sure if I understand your idea, but keep in mind if the lightray goes back down it blueshifts cancelling said effect&lt;/p&gt;\n&lt;/div&gt;', 'gildings': {}, 'collapsed_reason': None, 'link_id': 't3_1ccgiya', 'associated_award': None, 'stickied': False, 'author_premium': False, 'can_gild': False, 'top_awarded_type': None, 'unrepliable_reason': None, 'author_flair_text_color': 'dark', 'treatment_tags': [], 'score_hidden': False, 'permalink': '/r/AskPhysics/comments/1ccgiya/citizen_scientist_testing_relativity/l15oy0s/', 'subreddit_type': 'public', 'locked': False, 'report_reasons': None, 'created': 1714020916.0, 'author_flair_text': 'Undergraduate', 'collapsed': False, 'created_utc': 1714020916.0, 'subreddit_name_prefixed': 'r/AskPhysics', 'controversiality': 0, 'depth': 4, 'author_flair_background_color': None, 'collapsed_because_crowd_control': None, 'mod_reports': [], 'num_reports': None, 'ups': 1}}], 'before': None}}, 'user_reports': [], 'saved': False, 'id': 'l15gycr', 'banned_at_utc': None, 'mod_reason_title': None, 'gilded': 0, 'archived': False, 'collapsed_reason_code': None, 'no_follow': True, 'author': 'Previous_Drive_3888', 'can_mod_post': False, 'send_replies': True, 'parent_id': 't1_l159plw', 'score': 1, 'author_fullname': 't2_a0o8l783', 'removal_reason': None, 'approved_by': None, 'mod_note': None, 'all_awardings': [], 'collapsed': False, 'body': 'Just had an even better idea. By reflecting the lasers you can collect them interferometer style. If predictions of relativity hold, the pattern should repeat depending on the frequency of the laser. Control can be a 3rd beam also going along the ground resulting in a constant dot.', 'edited': False, 'top_awarded_type': None, 'author_flair_css_class': None, 'name': 't1_l15gycr', 'is_submitter': True, 'downs': 0, 'author_flair_richtext': [], 'author_patreon_flair': False, 'body_html': '&lt;div class=""md""&gt;&lt;p&gt;Just had an even better idea. By reflecting the lasers you can collect them interferometer style. If predictions of relativity hold, the pattern should repeat depending on the frequency of the laser. Control can be a 3rd beam also going along the ground resulting in a constant dot.&lt;/p&gt;\n&lt;/div&gt;', 'gildings': {}, 'collapsed_reason': None, 'distinguished': None, 'associated_award': None, 'stickied': False, 'author_premium': False, 'can_gild': False, 'link_id': 't3_1ccgiya', 'unrepliable_reason': None, 'author_flair_text_color': None, 'score_hidden': False, 'permalink': '/r/AskPhysics/comments/1ccgiya/citizen_scientist_testing_relativity/l15gycr/', 'subreddit_type': 'public', 'locked': False, 'report_reasons': None, 'created': 1714016710.0, 'author_flair_text': None, 'treatment_tags': [], 'created_utc': 1714016710.0, 'subreddit_name_prefixed': 'r/AskPhysics', 'controversiality': 0, 'depth': 3, 'author_flair_background_color': None, 'collapsed_because_crowd_control': None, 'mod_reports': [], 'num_reports': None, 'ups': 1}}], 'before': None}}, 'user_reports': [], 'saved': False, 'id': 'l159plw', 'banned_at_utc': None, 'mod_reason_title': None, 'gilded': 0, 'archived': False, 'collapsed_reason_code': None, 'no_follow': True, 'author': 'GreatHeavySoulArrow', 'can_mod_post': False, 'send_replies': True, 'parent_id': 't1_l157ar3', 'score': 1, 'author_fullname': 't2_ion76zl7u', 'removal_reason': None, 'approved_by': None, 'mod_note': None, 'all_awardings': [], 'body': ""Nope, you compare the received wavelength with the one the manufacturer of the lasers claims to be. Maybe if the laser manufacturer is innacurate it's better, nice idea of yours"", 'edited': False, 'top_awarded_type': None, 'downs': 0, 'author_flair_css_class': 'misc', 'name': 't1_l159plw', 'is_submitter': False, 'collapsed': False, 'author_flair_richtext': [], 'author_patreon_flair': False, 'body_html': '&lt;div class=""md""&gt;&lt;p&gt;Nope, you compare the received wavelength with the one the manufacturer of the lasers claims to be. Maybe if the laser manufacturer is innacurate it&amp;#39;s better, nice idea of yours&lt;/p&gt;\n&lt;/div&gt;', 'gildings': {}, 'collapsed_reason': None, 'distinguished': None, 'associated_award': None, 'stickied': False, 'author_premium': False, 'can_gild': False, 'link_id': 't3_1ccgiya', 'unrepliable_reason': None, 'author_flair_text_color': 'dark', 'score_hidden': False, 'permalink': '/r/AskPhysics/comments/1ccgiya/citizen_scientist_testing_relativity/l159plw/', 'subreddit_type': 'public', 'locked': False, 'report_reasons': None, 'created': 1714013369.0, 'author_flair_text': 'Undergraduate', 'treatment_tags': [], 'created_utc': 1714013369.0, 'subreddit_name_prefixed': 'r/AskPhysics', 'controversiality': 0, 'depth': 2, 'author_flair_background_color': None, 'collapsed_because_crowd_control': None, 'mod_reports': [], 'num_reports': None, 'ups': 1}}], 'before': None}}, 'user_reports': [], 'saved': False, 'id': 'l157ar3', 'banned_at_utc': None, 'mod_reason_title': None, 'gilded': 0, 'archived': False, 'collapsed_reason_code': None, 'no_follow': True, 'author': 'Previous_Drive_3888', 'can_mod_post': False, 'created_utc': 1714012347.0, 'send_replies': True, 'parent_id': 't1_l1561j5', 'score': 1, 'author_fullname': 't2_a0o8l783', 'removal_reason': None, 'approved_by': None, 'mod_note': None, 'all_awardings': [], 'body': 'So, beam-splitter, one goes up to the mountaintop, other  the same distance across the surface of the earth, difference in color shows time dilation due to gravity of earth?', 'edited': False, 'top_awarded_type': None, 'author_flair_css_class': None, 'name': 't1_l157ar3', 'is_submitter': True, 'downs': 0, 'author_flair_richtext': [], 'author_patreon_flair': False, 'body_html': '&lt;div class=""md""&gt;&lt;p&gt;So, beam-splitter, one goes up to the mountaintop, other  the same distance across the surface of the earth, difference in color shows time dilation due to gravity of earth?&lt;/p&gt;\n&lt;/div&gt;', 'gildings': {}, 'collapsed_reason': None, 'distinguished': None, 'associated_award': None, 'stickied': False, 'author_premium': False, 'can_gild': False, 'link_id': 't3_1ccgiya', 'unrepliable_reason': None, 'author_flair_text_color': None, 'score_hidden': False, 'permalink': '/r/AskPhysics/comments/1ccgiya/citizen_scientist_testing_relativity/l157ar3/', 'subreddit_type': 'public', 'locked': False, 'report_reasons': None, 'created': 1714012347.0, 'author_flair_text': None, 'treatment_tags': [], 'collapsed': False, 'subreddit_name_prefixed': 'r/AskPhysics', 'controversiality': 0, 'depth': 1, 'author_flair_background_color': None, 'collapsed_because_crowd_control': None, 'mod_reports': [], 'num_reports': None, 'ups': 1}}, {'kind': 't1', 'data': {'subreddit_id': 't5_2sumo', 'approved_at_utc': None, 'author_is_blocked': False, 'comment_type': None, 'awarders': [], 'mod_reason_by': None, 'banned_by': None, 'author_flair_type': 'text', 'total_awards_received': 0, 'subreddit': 'AskPhysics', 'author_flair_template_id': None, 'likes': None, 'replies': {'kind': 'Listing', 'data': {'after': None, 'dist': None, 'modhash': None, 'geo_filter': '', 'children': [{'kind': 't1', 'data': {'subreddit_id': 't5_2sumo', 'approved_at_utc': None, 'author_is_blocked': False, 'comment_type': None, 'awarders': [], 'mod_reason_by': None, 'banned_by': None, 'author_flair_type': 'text', 'total_awards_received': 0, 'subreddit': 'AskPhysics', 'author_flair_template_id': '997e5baa-c6b2-11e4-8b92-22000b2a8bad', 'likes': None, 'replies': '', 'user_reports': [], 'saved': False, 'id': 'l15pnu0', 'banned_at_utc': None, 'mod_reason_title': None, 'gilded': 0, 'archived': False, 'collapsed_reason_code': None, 'no_follow': True, 'author': 'GreatHeavySoulArrow', 'can_mod_post': False, 'send_replies': True, 'parent_id': 't1_l15pkhw', 'score': 1, 'author_fullname': 't2_ion76zl7u', 'removal_reason': None, 'approved_by': None, 'mod_note': None, 'all_awardings': [], 'body': ""With the amount of amateur astrophotographists out there I'm absolutely sure someone focused on the lensing"", 'edited': False, 'top_awarded_type': None, 'downs': 0, 'author_flair_css_class': 'misc', 'name': 't1_l15pnu0', 'is_submitter': False, 'collapsed': False, 'author_flair_richtext': [], 'author_patreon_flair': False, 'body_html': '&lt;div class=""md""&gt;&lt;p&gt;With the amount of amateur astrophotographists out there I&amp;#39;m absolutely sure someone focused on the lensing&lt;/p&gt;\n&lt;/div&gt;', 'gildings': {}, 'collapsed_reason': None, 'distinguished': None, 'associated_award': None, 'stickied': False, 'author_premium': False, 'can_gild': False, 'link_id': 't3_1ccgiya', 'unrepliable_reason': None, 'author_flair_text_color': 'dark', 'score_hidden': False, 'permalink': '/r/AskPhysics/comments/1ccgiya/citizen_scientist_testing_relativity/l15pnu0/', 'subreddit_type': 'public', 'locked': False, 'report_reasons': None, 'created': 1714021322.0, 'author_flair_text': 'Undergraduate', 'treatment_tags': [], 'created_utc': 1714021322.0, 'subreddit_name_prefixed': 'r/AskPhysics', 'controversiality': 0, 'depth': 2, 'author_flair_background_color': None, 'collapsed_because_crowd_control': None, 'mod_reports': [], 'num_reports': None, 'ups': 1}}], 'before': None}}, 'user_reports': [], 'saved': False, 'id': 'l15pkhw', 'banned_at_utc': None, 'mod_reason_title': None, 'gilded': 0, 'archived': False, 'collapsed_reason_code': None, 'no_follow': True, 'author': 'Final_Character_4886', 'can_mod_post': False, 'created_utc': 1714021269.0, 'send_replies': True, 'parent_id': 't1_l1561j5', 'score': 1, 'author_fullname': 't2_eijnzxsh', 'removal_reason': None, 'approved_by': None, 'mod_note': None, 'all_awardings': [], 'body': 'There was just a solar eclipse. I wonder if there were suitably positioned stars that can be photographed by commercially available photography equipment.', 'edited': False, 'top_awarded_type': None, 'author_flair_css_class': None, 'name': 't1_l15pkhw', 'is_submitter': False, 'downs': 0, 'author_flair_richtext': [], 'author_patreon_flair': False, 'body_html': '&lt;div class=""md""&gt;&lt;p&gt;There was just a solar eclipse. I wonder if there were suitably positioned stars that can be photographed by commercially available photography equipment.&lt;/p&gt;\n&lt;/div&gt;', 'gildings': {}, 'collapsed_reason': None, 'distinguished': None, 'associated_award': None, 'stickied': False, 'author_premium': False, 'can_gild': False, 'link_id': 't3_1ccgiya', 'unrepliable_reason': None, 'author_flair_text_color': None, 'score_hidden': False, 'permalink': '/r/AskPhysics/comments/1ccgiya/citizen_scientist_testing_relativity/l15pkhw/', 'subreddit_type': 'public', 'locked': False, 'report_reasons': None, 'created': 1714021269.0, 'author_flair_text': None, 'treatment_tags': [], 'collapsed': False, 'subreddit_name_prefixed': 'r/AskPhysics', 'controversiality': 0, 'depth': 1, 'author_flair_background_color': None, 'collapsed_because_crowd_control': None, 'mod_reports': [], 'num_reports': None, 'ups': 1}}], 'before': None}}",,False,3,False,True,False,AskPhysics,t5_2sumo,r/AskPhysics,public,,0,[],,3,[],t1
data,[],,,False,,GreatHeavySoulArrow,,misc,[],997e5baa-c6b2-11e4-8b92-22000b2a8bad,Undergraduate,dark,text,t2_ion76zl7u,False,False,False,[],,,"Lasers redshift with change in elevation, maybe a good laser and a good sensor on each end of a big ass tube works. You need to look up the relation of the accuracy of the instruments and the effect at play tough. Maybe it's cheaper than the atomic clock thing.

EDIT: General relativity was first tested using the gravitational lensing of the sun, so I don't know if it's a feasible experiment","&lt;div class=""md""&gt;&lt;p&gt;Lasers redshift with change in elevation, maybe a good laser and a good sensor on each end of a big ass tube works. You need to look up the relation of the accuracy of the instruments and the effect at play tough. Maybe it&amp;#39;s cheaper than the atomic clock thing.&lt;/p&gt;

&lt;p&gt;EDIT: General relativity was first tested using the gravitational lensing of the sun, so I don&amp;#39;t know if it&amp;#39;s a feasible experiment&lt;/p&gt;
&lt;/div&gt;",False,False,False,,,,,0,1714011837.0,1714011837.0,0,,0,1714021032.0,0,{},l1561j5,False,,t3_1ccgiya,False,,,,[],t1_l1561j5,True,,t3_1ccgiya,/r/AskPhysics/comments/1ccgiya/citizen_scientist_testing_relativity/l1561j5/,,"{'kind': 'Listing', 'data': {'after': None, 'dist': None, 'modhash': None, 'geo_filter': '', 'children': [{'kind': 't1', 'data': {'subreddit_id': 't5_2sumo', 'approved_at_utc': None, 'author_is_blocked': False, 'comment_type': None, 'awarders': [], 'mod_reason_by': None, 'banned_by': None, 'author_flair_type': 'text', 'total_awards_received': 0, 'subreddit': 'AskPhysics', 'author_flair_template_id': None, 'likes': None, 'replies': {'kind': 'Listing', 'data': {'after': None, 'dist': None, 'modhash': None, 'geo_filter': '', 'children': [{'kind': 't1', 'data': {'subreddit_id': 't5_2sumo', 'approved_at_utc': None, 'author_is_blocked': False, 'comment_type': None, 'awarders': [], 'mod_reason_by': None, 'banned_by': None, 'author_flair_type': 'text', 'total_awards_received': 0, 'subreddit': 'AskPhysics', 'author_flair_template_id': '997e5baa-c6b2-11e4-8b92-22000b2a8bad', 'likes': None, 'replies': {'kind': 'Listing', 'data': {'after': None, 'dist': None, 'modhash': None, 'geo_filter': '', 'children': [{'kind': 't1', 'data': {'subreddit_id': 't5_2sumo', 'approved_at_utc': None, 'author_is_blocked': False, 'comment_type': None, 'awarders': [], 'mod_reason_by': None, 'banned_by': None, 'author_flair_type': 'text', 'total_awards_received': 0, 'subreddit': 'AskPhysics', 'author_flair_template_id': None, 'likes': None, 'replies': '', 'user_reports': [], 'saved': False, 'id': 'l15c6mo', 'banned_at_utc': None, 'mod_reason_title': None, 'gilded': 0, 'archived': False, 'collapsed_reason_code': None, 'no_follow': True, 'author': 'Previous_Drive_3888', 'can_mod_post': False, 'send_replies': True, 'parent_id': 't1_l15bgey', 'score': 2, 'author_fullname': 't2_a0o8l783', 'removal_reason': None, 'approved_by': None, 'mod_note': None, 'all_awardings': [], 'collapsed': False, 'body': 'You can pulse the laser and measure ambient light that way. Running the experiment at different times to see if the frequency changes. But even a low-power laser should overpower any ambiance by orders of magnitude.', 'edited': False, 'top_awarded_type': None, 'author_flair_css_class': None, 'name': 't1_l15c6mo', 'is_submitter': True, 'downs': 0, 'author_flair_richtext': [], 'author_patreon_flair': False, 'body_html': '&lt;div class=""md""&gt;&lt;p&gt;You can pulse the laser and measure ambient light that way. Running the experiment at different times to see if the frequency changes. But even a low-power laser should overpower any ambiance by orders of magnitude.&lt;/p&gt;\n&lt;/div&gt;', 'gildings': {}, 'collapsed_reason': None, 'distinguished': None, 'associated_award': None, 'stickied': False, 'author_premium': False, 'can_gild': False, 'link_id': 't3_1ccgiya', 'unrepliable_reason': None, 'author_flair_text_color': None, 'score_hidden': False, 'permalink': '/r/AskPhysics/comments/1ccgiya/citizen_scientist_testing_relativity/l15c6mo/', 'subreddit_type': 'public', 'locked': False, 'report_reasons': None, 'created': 1714014468.0, 'author_flair_text': None, 'treatment_tags': [], 'created_utc': 1714014468.0, 'subreddit_name_prefixed': 'r/AskPhysics', 'controversiality': 0, 'depth': 3, 'author_flair_background_color': None, 'collapsed_because_crowd_control': None, 'mod_reports': [], 'num_reports': None, 'ups': 2}}], 'before': None}}, 'user_reports': [], 'saved': False, 'id': 'l15bgey', 'banned_at_utc': None, 'mod_reason_title': None, 'gilded': 0, 'archived': False, 'collapsed_reason_code': None, 'no_follow': True, 'author': 'GreatHeavySoulArrow', 'can_mod_post': False, 'send_replies': True, 'parent_id': 't1_l156bdg', 'score': 2, 'author_fullname': 't2_ion76zl7u', 'removal_reason': None, 'approved_by': None, 'mod_note': None, 'all_awardings': [], 'body': 'Ambient light probably, you would still have to account for the atmosphere since making a vacuum on the tube will probably be extremely expensive', 'edited': False, 'top_awarded_type': None, 'downs': 0, 'author_flair_css_class': 'misc', 'name': 't1_l15bgey', 'is_submitter': False, 'collapsed': False, 'author_flair_richtext': [], 'author_patreon_flair': False, 'body_html': '&lt;div class=""md""&gt;&lt;p&gt;Ambient light probably, you would still have to account for the atmosphere since making a vacuum on the tube will probably be extremely expensive&lt;/p&gt;\n&lt;/div&gt;', 'gildings': {}, 'collapsed_reason': None, 'distinguished': None, 'associated_award': None, 'stickied': False, 'author_premium': False, 'can_gild': False, 'link_id': 't3_1ccgiya', 'unrepliable_reason': None, 'author_flair_text_color': 'dark', 'score_hidden': False, 'permalink': '/r/AskPhysics/comments/1ccgiya/citizen_scientist_testing_relativity/l15bgey/', 'subreddit_type': 'public', 'locked': False, 'report_reasons': None, 'created': 1714014135.0, 'author_flair_text': 'Undergraduate', 'treatment_tags': [], 'created_utc': 1714014135.0, 'subreddit_name_prefixed': 'r/AskPhysics', 'controversiality': 0, 'depth': 2, 'author_flair_background_color': None, 'collapsed_because_crowd_control': None, 'mod_reports': [], 'num_reports': None, 'ups': 2}}, {'kind': 't1', 'data': {'subreddit_id': 't5_2sumo', 'approved_at_utc': None, 'author_is_blocked': False, 'comment_type': None, 'awarders': [], 'mod_reason_by': None, 'banned_by': None, 'author_flair_type': 'text', 'total_awards_received': 0, 'subreddit': 'AskPhysics', 'author_flair_template_id': None, 'likes': None, 'replies': {'kind': 'Listing', 'data': {'after': None, 'dist': None, 'modhash': None, 'geo_filter': '', 'children': [{'kind': 't1', 'data': {'subreddit_id': 't5_2sumo', 'approved_at_utc': None, 'author_is_blocked': False, 'comment_type': None, 'awarders': [], 'mod_reason_by': None, 'banned_by': None, 'author_flair_type': 'text', 'total_awards_received': 0, 'subreddit': 'AskPhysics', 'author_flair_template_id': None, 'likes': None, 'replies': '', 'user_reports': [], 'saved': False, 'id': 'l16mi84', 'banned_at_utc': None, 'mod_reason_title': None, 'gilded': 0, 'archived': False, 'collapsed_reason_code': None, 'no_follow': True, 'author': 'Previous_Drive_3888', 'can_mod_post': False, 'send_replies': True, 'parent_id': 't1_l167ijd', 'score': 1, 'author_fullname': 't2_a0o8l783', 'removal_reason': None, 'approved_by': None, 'mod_note': None, 'all_awardings': [], 'collapsed': False, 'body': ""The work will be carried out by the sceptic, in good faith. I in turn will probably be doing other experiments and need to explain the results or come up with counterarguments. I know GPS needs relativity but that's way too opaque an argument. Besides, it's cool to come up with an experiment that tests relativity but inside the budget of a highschool science class."", 'edited': False, 'top_awarded_type': None, 'author_flair_css_class': None, 'name': 't1_l16mi84', 'is_submitter': True, 'downs': 0, 'author_flair_richtext': [], 'author_patreon_flair': False, 'body_html': '&lt;div class=""md""&gt;&lt;p&gt;The work will be carried out by the sceptic, in good faith. I in turn will probably be doing other experiments and need to explain the results or come up with counterarguments. I know GPS needs relativity but that&amp;#39;s way too opaque an argument. Besides, it&amp;#39;s cool to come up with an experiment that tests relativity but inside the budget of a highschool science class.&lt;/p&gt;\n&lt;/div&gt;', 'gildings': {}, 'collapsed_reason': None, 'distinguished': None, 'associated_award': None, 'stickied': False, 'author_premium': False, 'can_gild': False, 'link_id': 't3_1ccgiya', 'unrepliable_reason': None, 'author_flair_text_color': None, 'score_hidden': False, 'permalink': '/r/AskPhysics/comments/1ccgiya/citizen_scientist_testing_relativity/l16mi84/', 'subreddit_type': 'public', 'locked': False, 'report_reasons': None, 'created': 1714043534.0, 'author_flair_text': None, 'treatment_tags': [], 'created_utc': 1714043534.0, 'subreddit_name_prefixed': 'r/AskPhysics', 'controversiality': 0, 'depth': 3, 'author_flair_background_color': None, 'collapsed_because_crowd_control': None, 'mod_reports': [], 'num_reports': None, 'ups': 1}}], 'before': None}}, 'user_reports': [], 'saved': False, 'id': 'l167ijd', 'banned_at_utc': None, 'mod_reason_title': None, 'gilded': 0, 'archived': False, 'collapsed_reason_code': None, 'no_follow': True, 'author': 'That4AMBlues', 'can_mod_post': False, 'send_replies': True, 'parent_id': 't1_l156bdg', 'score': 2, 'author_fullname': 't2_4x72qp3l', 'removal_reason': None, 'approved_by': None, 'mod_note': None, 'all_awardings': [], 'body': 'In my experience with sceptics, any excuse will be claimed rather than accepting the experimental result.\n\nPerhaps point out to your sceptic that relativity is essential for standard GPS to work.', 'edited': False, 'top_awarded_type': None, 'downs': 0, 'author_flair_css_class': None, 'name': 't1_l167ijd', 'is_submitter': False, 'collapsed': False, 'author_flair_richtext': [], 'author_patreon_flair': False, 'body_html': '&lt;div class=""md""&gt;&lt;p&gt;In my experience with sceptics, any excuse will be claimed rather than accepting the experimental result.&lt;/p&gt;\n\n&lt;p&gt;Perhaps point out to your sceptic that relativity is essential for standard GPS to work.&lt;/p&gt;\n&lt;/div&gt;', 'gildings': {}, 'collapsed_reason': None, 'distinguished': None, 'associated_award': None, 'stickied': False, 'author_premium': False, 'can_gild': False, 'link_id': 't3_1ccgiya', 'unrepliable_reason': None, 'author_flair_text_color': None, 'score_hidden': False, 'permalink': '/r/AskPhysics/comments/1ccgiya/citizen_scientist_testing_relativity/l167ijd/', 'subreddit_type': 'public', 'locked': False, 'report_reasons': None, 'created': 1714033241.0, 'author_flair_text': None, 'treatment_tags': [], 'created_utc': 1714033241.0, 'subreddit_name_prefixed': 'r/AskPhysics', 'controversiality': 0, 'depth': 2, 'author_flair_background_color': None, 'collapsed_because_crowd_control': None, 'mod_reports': [], 'num_reports': None, 'ups': 2}}], 'before': None}}, 'user_reports': [], 'saved': False, 'id': 'l156bdg', 'banned_at_utc': None, 'mod_reason_title': None, 'gilded': 0, 'archived': False, 'collapsed_reason_code': None, 'no_follow': True, 'author': 'Previous_Drive_3888', 'can_mod_post': False, 'created_utc': 1714011947.0, 'send_replies': True, 'parent_id': 't1_l1561j5', 'score': 3, 'author_fullname': 't2_a0o8l783', 'removal_reason': None, 'approved_by': None, 'mod_note': None, 'all_awardings': [], 'body': 'Is the tube needed? Could atmospheric disturbance be claimed?', 'edited': False, 'top_awarded_type': None, 'author_flair_css_class': None, 'name': 't1_l156bdg', 'is_submitter': True, 'downs': 0, 'author_flair_richtext': [], 'author_patreon_flair': False, 'body_html': '&lt;div class=""md""&gt;&lt;p&gt;Is the tube needed? Could atmospheric disturbance be claimed?&lt;/p&gt;\n&lt;/div&gt;', 'gildings': {}, 'collapsed_reason': None, 'distinguished': None, 'associated_award': None, 'stickied': False, 'author_premium': False, 'can_gild': False, 'link_id': 't3_1ccgiya', 'unrepliable_reason': None, 'author_flair_text_color': None, 'score_hidden': False, 'permalink': '/r/AskPhysics/comments/1ccgiya/citizen_scientist_testing_relativity/l156bdg/', 'subreddit_type': 'public', 'locked': False, 'report_reasons': None, 'created': 1714011947.0, 'author_flair_text': None, 'treatment_tags': [], 'collapsed': False, 'subreddit_name_prefixed': 'r/AskPhysics', 'controversiality': 0, 'depth': 1, 'author_flair_background_color': None, 'collapsed_because_crowd_control': None, 'mod_reports': [], 'num_reports': None, 'ups': 3}}, {'kind': 't1', 'data': {'subreddit_id': 't5_2sumo', 'approved_at_utc': None, 'author_is_blocked': False, 'comment_type': None, 'awarders': [], 'mod_reason_by': None, 'banned_by': None, 'author_flair_type': 'text', 'total_awards_received': 0, 'subreddit': 'AskPhysics', 'author_flair_template_id': None, 'likes': None, 'replies': {'kind': 'Listing', 'data': {'after': None, 'dist': None, 'modhash': None, 'geo_filter': '', 'children': [{'kind': 't1', 'data': {'subreddit_id': 't5_2sumo', 'approved_at_utc': None, 'author_is_blocked': False, 'comment_type': None, 'awarders': [], 'mod_reason_by': None, 'banned_by': None, 'author_flair_type': 'text', 'total_awards_received': 0, 'subreddit': 'AskPhysics', 'author_flair_template_id': '997e5baa-c6b2-11e4-8b92-22000b2a8bad', 'likes': None, 'replies': {'kind': 'Listing', 'data': {'after': None, 'dist': None, 'modhash': None, 'geo_filter': '', 'children': [{'kind': 't1', 'data': {'subreddit_id': 't5_2sumo', 'approved_at_utc': None, 'author_is_blocked': False, 'comment_type': None, 'awarders': [], 'mod_reason_by': None, 'banned_by': None, 'author_flair_type': 'text', 'total_awards_received': 0, 'subreddit': 'AskPhysics', 'author_flair_template_id': None, 'likes': None, 'replies': '', 'user_reports': [], 'saved': False, 'id': 'l15cpz4', 'banned_at_utc': None, 'mod_reason_title': None, 'gilded': 0, 'archived': False, 'collapsed_reason_code': None, 'no_follow': True, 'author': 'Previous_Drive_3888', 'can_mod_post': False, 'send_replies': True, 'parent_id': 't1_l159plw', 'score': 1, 'author_fullname': 't2_a0o8l783', 'removal_reason': None, 'approved_by': None, 'mod_note': None, 'all_awardings': [], 'collapsed': False, 'body': 'Thank you. It has the benefit of passing two lasers through atmosphere at the same time but still having an easy to understand result.', 'edited': False, 'top_awarded_type': None, 'author_flair_css_class': None, 'name': 't1_l15cpz4', 'is_submitter': True, 'downs': 0, 'author_flair_richtext': [], 'author_patreon_flair': False, 'body_html': '&lt;div class=""md""&gt;&lt;p&gt;Thank you. It has the benefit of passing two lasers through atmosphere at the same time but still having an easy to understand result.&lt;/p&gt;\n&lt;/div&gt;', 'gildings': {}, 'collapsed_reason': None, 'distinguished': None, 'associated_award': None, 'stickied': False, 'author_premium': False, 'can_gild': False, 'link_id': 't3_1ccgiya', 'unrepliable_reason': None, 'author_flair_text_color': None, 'score_hidden': False, 'permalink': '/r/AskPhysics/comments/1ccgiya/citizen_scientist_testing_relativity/l15cpz4/', 'subreddit_type': 'public', 'locked': False, 'report_reasons': None, 'created': 1714014715.0, 'author_flair_text': None, 'treatment_tags': [], 'created_utc': 1714014715.0, 'subreddit_name_prefixed': 'r/AskPhysics', 'controversiality': 0, 'depth': 3, 'author_flair_background_color': None, 'collapsed_because_crowd_control': None, 'mod_reports': [], 'num_reports': None, 'ups': 1}}, {'kind': 't1', 'data': {'subreddit_id': 't5_2sumo', 'approved_at_utc': None, 'author_is_blocked': False, 'comment_type': None, 'awarders': [], 'mod_reason_by': None, 'banned_by': None, 'author_flair_type': 'text', 'total_awards_received': 0, 'subreddit': 'AskPhysics', 'author_flair_template_id': None, 'likes': None, 'replies': {'kind': 'Listing', 'data': {'after': None, 'dist': None, 'modhash': None, 'geo_filter': '', 'children': [{'kind': 't1', 'data': {'subreddit_id': 't5_2sumo', 'approved_at_utc': None, 'author_is_blocked': False, 'comment_type': None, 'awarders': [], 'mod_reason_by': None, 'banned_by': None, 'author_flair_type': 'text', 'total_awards_received': 0, 'subreddit': 'AskPhysics', 'author_flair_template_id': '997e5baa-c6b2-11e4-8b92-22000b2a8bad', 'distinguished': None, 'likes': None, 'replies': {'kind': 'Listing', 'data': {'after': None, 'dist': None, 'modhash': None, 'geo_filter': '', 'children': [{'kind': 't1', 'data': {'subreddit_id': 't5_2sumo', 'approved_at_utc': None, 'author_is_blocked': False, 'comment_type': None, 'awarders': [], 'mod_reason_by': None, 'banned_by': None, 'author_flair_type': 'text', 'total_awards_received': 0, 'subreddit': 'AskPhysics', 'author_flair_template_id': None, 'distinguished': None, 'likes': None, 'replies': {'kind': 'Listing', 'data': {'after': None, 'dist': None, 'modhash': None, 'geo_filter': '', 'children': [{'kind': 't1', 'data': {'subreddit_id': 't5_2sumo', 'approved_at_utc': None, 'author_is_blocked': False, 'comment_type': None, 'awarders': [], 'mod_reason_by': None, 'banned_by': None, 'author_flair_type': 'text', 'total_awards_received': 0, 'subreddit': 'AskPhysics', 'author_flair_template_id': '997e5baa-c6b2-11e4-8b92-22000b2a8bad', 'distinguished': None, 'likes': None, 'replies': {'kind': 'Listing', 'data': {'after': None, 'dist': None, 'modhash': None, 'geo_filter': '', 'children': [{'kind': 't1', 'data': {'subreddit_id': 't5_2sumo', 'approved_at_utc': None, 'author_is_blocked': False, 'comment_type': None, 'awarders': [], 'mod_reason_by': None, 'banned_by': None, 'author_flair_type': 'text', 'total_awards_received': 0, 'subreddit': 'AskPhysics', 'author_flair_template_id': None, 'distinguished': None, 'likes': None, 'replies': '', 'user_reports': [], 'saved': False, 'id': 'l15t4pj', 'banned_at_utc': None, 'mod_reason_title': None, 'gilded': 0, 'archived': False, 'collapsed_reason_code': None, 'no_follow': True, 'author': 'Previous_Drive_3888', 'can_mod_post': False, 'created_utc': 1714023364.0, 'send_replies': True, 'parent_id': 't1_l15r8du', 'score': 1, 'author_fullname': 't2_a0o8l783', 'approved_by': None, 'mod_note': None, 'all_awardings': [], 'body': 'Ok, I will. I\'m not scared of math thou. I will not have time to read it till summer. So just to clarify the effect we are talking about. I know there\'s no difference in when the rays hit, c is same for all observers, I thought that it did affect the frequency, that light undergoing ""time dilation"" changed frequency. That\'s why I thought a pattern would show up on the interferometer. It kinda has to, otherwise it wouldn\'t change frequency in the way to the mountaintop. Descending it should still be changing frequency, relative to the path along the ground.\n\nSo to clarify the setup. We have a laser going through a beam splitter, mirror on a mountaintop, mirror at the same distance on the ground. Mirrors point to a target where the beams come together, on the ground, midway between the 2 mirrors. Prediction: since one of the beams has a different reference frame relative to the closest large gravity well (Earth), the frequencies of the beams will not line up, a pattern will emerge on the target.\n\nI hope I am describing this clearly enough. I do thank you for the help.', 'edited': False, 'gildings': {}, 'author_flair_css_class': None, 'name': 't1_l15t4pj', 'is_submitter': True, 'downs': 0, 'author_flair_richtext': [], 'author_patreon_flair': False, 'body_html': '&lt;div class=""md""&gt;&lt;p&gt;Ok, I will. I&amp;#39;m not scared of math thou. I will not have time to read it till summer. So just to clarify the effect we are talking about. I know there&amp;#39;s no difference in when the rays hit, c is same for all observers, I thought that it did affect the frequency, that light undergoing &amp;quot;time dilation&amp;quot; changed frequency. That&amp;#39;s why I thought a pattern would show up on the interferometer. It kinda has to, otherwise it wouldn&amp;#39;t change frequency in the way to the mountaintop. Descending it should still be changing frequency, relative to the path along the ground.&lt;/p&gt;\n\n&lt;p&gt;So to clarify the setup. We have a laser going through a beam splitter, mirror on a mountaintop, mirror at the same distance on the ground. Mirrors point to a target where the beams come together, on the ground, midway between the 2 mirrors. Prediction: since one of the beams has a different reference frame relative to the closest large gravity well (Earth), the frequencies of the beams will not line up, a pattern will emerge on the target.&lt;/p&gt;\n\n&lt;p&gt;I hope I am describing this clearly enough. I do thank you for the help.&lt;/p&gt;\n&lt;/div&gt;', 'removal_reason': None, 'collapsed_reason': None, 'link_id': 't3_1ccgiya', 'associated_award': None, 'stickied': False, 'author_premium': False, 'can_gild': False, 'top_awarded_type': None, 'unrepliable_reason': None, 'author_flair_text_color': None, 'score_hidden': False, 'permalink': '/r/AskPhysics/comments/1ccgiya/citizen_scientist_testing_relativity/l15t4pj/', 'subreddit_type': 'public', 'locked': False, 'report_reasons': None, 'created': 1714023364.0, 'author_flair_text': None, 'treatment_tags': [], 'collapsed': False, 'subreddit_name_prefixed': 'r/AskPhysics', 'controversiality': 0, 'depth': 7, 'author_flair_background_color': None, 'collapsed_because_crowd_control': None, 'mod_reports': [], 'num_reports': None, 'ups': 1}}, {'kind': 't1', 'data': {'subreddit_id': 't5_2sumo', 'approved_at_utc': None, 'author_is_blocked': False, 'comment_type': None, 'awarders': [], 'mod_reason_by': None, 'banned_by': None, 'author_flair_type': 'text', 'total_awards_received': 0, 'subreddit': 'AskPhysics', 'author_flair_template_id': None, 'distinguished': None, 'likes': None, 'replies': '', 'user_reports': [], 'saved': False, 'id': 'l18g5mf', 'banned_at_utc': None, 'mod_reason_title': None, 'gilded': 0, 'archived': False, 'collapsed_reason_code': None, 'no_follow': True, 'author': 'Previous_Drive_3888', 'can_mod_post': False, 'created_utc': 1714070383.0, 'send_replies': True, 'parent_id': 't1_l15r8du', 'score': 1, 'author_fullname': 't2_a0o8l783', 'approved_by': None, 'mod_note': None, 'all_awardings': [], 'body': ""I think I understand. The light doesn't permanently alter frequency, it will have a frequency dependant on the time dilation where it's measured. Being reflected down to sea level will mean measuring it in the stronger gravitational field. Took me a bit of time to understand."", 'edited': False, 'gildings': {}, 'author_flair_css_class': None, 'name': 't1_l18g5mf', 'is_submitter': True, 'downs': 0, 'author_flair_richtext': [], 'author_patreon_flair': False, 'body_html': '&lt;div class=""md""&gt;&lt;p&gt;I think I understand. The light doesn&amp;#39;t permanently alter frequency, it will have a frequency dependant on the time dilation where it&amp;#39;s measured. Being reflected down to sea level will mean measuring it in the stronger gravitational field. Took me a bit of time to understand.&lt;/p&gt;\n&lt;/div&gt;', 'removal_reason': None, 'collapsed_reason': None, 'link_id': 't3_1ccgiya', 'associated_award': None, 'stickied': False, 'author_premium': False, 'can_gild': False, 'top_awarded_type': None, 'unrepliable_reason': None, 'author_flair_text_color': None, 'score_hidden': False, 'permalink': '/r/AskPhysics/comments/1ccgiya/citizen_scientist_testing_relativity/l18g5mf/', 'subreddit_type': 'public', 'locked': False, 'report_reasons': None, 'created': 1714070383.0, 'author_flair_text': None, 'treatment_tags': [], 'collapsed': False, 'subreddit_name_prefixed': 'r/AskPhysics', 'controversiality': 0, 'depth': 7, 'author_flair_background_color': None, 'collapsed_because_crowd_control': None, 'mod_reports': [], 'num_reports': None, 'ups': 1}}], 'before': None}}, 'user_reports': [], 'saved': False, 'id': 'l15r8du', 'banned_at_utc': None, 'mod_reason_title': None, 'gilded': 0, 'archived': False, 'collapsed_reason_code': None, 'no_follow': True, 'author': 'GreatHeavySoulArrow', 'can_mod_post': False, 'send_replies': True, 'parent_id': 't1_l15pu3x', 'score': 1, 'author_fullname': 't2_ion76zl7u', 'approved_by': None, 'mod_note': None, 'all_awardings': [], 'collapsed': False, 'body': 'Light experienced no time dilation - the proper time of a lightray is always 0. It\'s one of the first consequences you learn in geometrodynamics.\n\nGravitational redshift is more complicated than special relativity. AFAIK most textbooks on general relativity explain it after introducing tensors, the only reference I have on the top of my mind is the ""Preface to curvature"" chapter on Schutz\' ""A first course on general relativity""\n\nThat chapter has very little math on it - I recommend you read it, since it\'s exactly what this experiment is based on', 'edited': False, 'gildings': {}, 'author_flair_css_class': 'misc', 'name': 't1_l15r8du', 'is_submitter': False, 'downs': 0, 'author_flair_richtext': [], 'author_patreon_flair': False, 'body_html': '&lt;div class=""md""&gt;&lt;p&gt;Light experienced no time dilation - the proper time of a lightray is always 0. It&amp;#39;s one of the first consequences you learn in geometrodynamics.&lt;/p&gt;\n\n&lt;p&gt;Gravitational redshift is more complicated than special relativity. AFAIK most textbooks on general relativity explain it after introducing tensors, the only reference I have on the top of my mind is the &amp;quot;Preface to curvature&amp;quot; chapter on Schutz&amp;#39; &amp;quot;A first course on general relativity&amp;quot;&lt;/p&gt;\n\n&lt;p&gt;That chapter has very little math on it - I recommend you read it, since it&amp;#39;s exactly what this experiment is based on&lt;/p&gt;\n&lt;/div&gt;', 'removal_reason': None, 'collapsed_reason': None, 'link_id': 't3_1ccgiya', 'associated_award': None, 'stickied': False, 'author_premium': False, 'can_gild': False, 'top_awarded_type': None, 'unrepliable_reason': None, 'author_flair_text_color': 'dark', 'score_hidden': False, 'permalink': '/r/AskPhysics/comments/1ccgiya/citizen_scientist_testing_relativity/l15r8du/', 'subreddit_type': 'public', 'locked': False, 'report_reasons': None, 'created': 1714022221.0, 'author_flair_text': 'Undergraduate', 'treatment_tags': [], 'created_utc': 1714022221.0, 'subreddit_name_prefixed': 'r/AskPhysics', 'controversiality': 0, 'depth': 6, 'author_flair_background_color': None, 'collapsed_because_crowd_control': None, 'mod_reports': [], 'num_reports': None, 'ups': 1}}], 'before': None}}, 'user_reports': [], 'saved': False, 'id': 'l15pu3x', 'banned_at_utc': None, 'mod_reason_title': None, 'gilded': 0, 'archived': False, 'collapsed_reason_code': None, 'no_follow': True, 'author': 'Previous_Drive_3888', 'can_mod_post': False, 'send_replies': True, 'parent_id': 't1_l15oy0s', 'score': 1, 'author_fullname': 't2_a0o8l783', 'approved_by': None, 'mod_note': None, 'all_awardings': [], 'body': ""It shouldn't. The light has experienced time dilation when it hits the mirror. It is already out of phase with the beam on the ground. It doesn't reverse on the trip to the ground, it experiences more time dilation relative to the beam travelling alongside the ground. You can pick up miniscule difference in passed time. This experiment will probably run into the same problem as LIGO and Virgo, picking up earthquakes, heavy construction might interfere etc."", 'edited': False, 'gildings': {}, 'downs': 0, 'author_flair_css_class': None, 'name': 't1_l15pu3x', 'is_submitter': True, 'collapsed': False, 'author_flair_richtext': [], 'author_patreon_flair': False, 'body_html': '&lt;div class=""md""&gt;&lt;p&gt;It shouldn&amp;#39;t. The light has experienced time dilation when it hits the mirror. It is already out of phase with the beam on the ground. It doesn&amp;#39;t reverse on the trip to the ground, it experiences more time dilation relative to the beam travelling alongside the ground. You can pick up miniscule difference in passed time. This experiment will probably run into the same problem as LIGO and Virgo, picking up earthquakes, heavy construction might interfere etc.&lt;/p&gt;\n&lt;/div&gt;', 'removal_reason': None, 'collapsed_reason': None, 'link_id': 't3_1ccgiya', 'associated_award': None, 'stickied': False, 'author_premium': False, 'can_gild': False, 'top_awarded_type': None, 'unrepliable_reason': None, 'author_flair_text_color': None, 'score_hidden': False, 'permalink': '/r/AskPhysics/comments/1ccgiya/citizen_scientist_testing_relativity/l15pu3x/', 'subreddit_type': 'public', 'locked': False, 'report_reasons': None, 'created': 1714021421.0, 'author_flair_text': None, 'treatment_tags': [], 'created_utc': 1714021421.0, 'subreddit_name_prefixed': 'r/AskPhysics', 'controversiality': 0, 'depth': 5, 'author_flair_background_color': None, 'collapsed_because_crowd_control': None, 'mod_reports': [], 'num_reports': None, 'ups': 1}}], 'before': None}}, 'user_reports': [], 'saved': False, 'id': 'l15oy0s', 'banned_at_utc': None, 'mod_reason_title': None, 'gilded': 0, 'archived': False, 'collapsed_reason_code': None, 'no_follow': True, 'author': 'GreatHeavySoulArrow', 'can_mod_post': False, 'send_replies': True, 'parent_id': 't1_l15gycr', 'score': 1, 'author_fullname': 't2_ion76zl7u', 'removal_reason': None, 'approved_by': None, 'mod_note': None, 'all_awardings': [], 'body': ""I'm not sure if I understand your idea, but keep in mind if the lightray goes back down it blueshifts cancelling said effect"", 'edited': False, 'author_flair_css_class': 'misc', 'name': 't1_l15oy0s', 'is_submitter': False, 'downs': 0, 'author_flair_richtext': [], 'author_patreon_flair': False, 'body_html': '&lt;div class=""md""&gt;&lt;p&gt;I&amp;#39;m not sure if I understand your idea, but keep in mind if the lightray goes back down it blueshifts cancelling said effect&lt;/p&gt;\n&lt;/div&gt;', 'gildings': {}, 'collapsed_reason': None, 'link_id': 't3_1ccgiya', 'associated_award': None, 'stickied': False, 'author_premium': False, 'can_gild': False, 'top_awarded_type': None, 'unrepliable_reason': None, 'author_flair_text_color': 'dark', 'treatment_tags': [], 'score_hidden': False, 'permalink': '/r/AskPhysics/comments/1ccgiya/citizen_scientist_testing_relativity/l15oy0s/', 'subreddit_type': 'public', 'locked': False, 'report_reasons': None, 'created': 1714020916.0, 'author_flair_text': 'Undergraduate', 'collapsed': False, 'created_utc': 1714020916.0, 'subreddit_name_prefixed': 'r/AskPhysics', 'controversiality': 0, 'depth': 4, 'author_flair_background_color': None, 'collapsed_because_crowd_control': None, 'mod_reports': [], 'num_reports': None, 'ups': 1}}], 'before': None}}, 'user_reports': [], 'saved': False, 'id': 'l15gycr', 'banned_at_utc': None, 'mod_reason_title': None, 'gilded': 0, 'archived': False, 'collapsed_reason_code': None, 'no_follow': True, 'author': 'Previous_Drive_3888', 'can_mod_post': False, 'send_replies': True, 'parent_id': 't1_l159plw', 'score': 1, 'author_fullname': 't2_a0o8l783', 'removal_reason': None, 'approved_by': None, 'mod_note': None, 'all_awardings': [], 'collapsed': False, 'body': 'Just had an even better idea. By reflecting the lasers you can collect them interferometer style. If predictions of relativity hold, the pattern should repeat depending on the frequency of the laser. Control can be a 3rd beam also going along the ground resulting in a constant dot.', 'edited': False, 'top_awarded_type': None, 'author_flair_css_class': None, 'name': 't1_l15gycr', 'is_submitter': True, 'downs': 0, 'author_flair_richtext': [], 'author_patreon_flair': False, 'body_html': '&lt;div class=""md""&gt;&lt;p&gt;Just had an even better idea. By reflecting the lasers you can collect them interferometer style. If predictions of relativity hold, the pattern should repeat depending on the frequency of the laser. Control can be a 3rd beam also going along the ground resulting in a constant dot.&lt;/p&gt;\n&lt;/div&gt;', 'gildings': {}, 'collapsed_reason': None, 'distinguished': None, 'associated_award': None, 'stickied': False, 'author_premium': False, 'can_gild': False, 'link_id': 't3_1ccgiya', 'unrepliable_reason': None, 'author_flair_text_color': None, 'score_hidden': False, 'permalink': '/r/AskPhysics/comments/1ccgiya/citizen_scientist_testing_relativity/l15gycr/', 'subreddit_type': 'public', 'locked': False, 'report_reasons': None, 'created': 1714016710.0, 'author_flair_text': None, 'treatment_tags': [], 'created_utc': 1714016710.0, 'subreddit_name_prefixed': 'r/AskPhysics', 'controversiality': 0, 'depth': 3, 'author_flair_background_color': None, 'collapsed_because_crowd_control': None, 'mod_reports': [], 'num_reports': None, 'ups': 1}}], 'before': None}}, 'user_reports': [], 'saved': False, 'id': 'l159plw', 'banned_at_utc': None, 'mod_reason_title': None, 'gilded': 0, 'archived': False, 'collapsed_reason_code': None, 'no_follow': True, 'author': 'GreatHeavySoulArrow', 'can_mod_post': False, 'send_replies': True, 'parent_id': 't1_l157ar3', 'score': 1, 'author_fullname': 't2_ion76zl7u', 'removal_reason': None, 'approved_by': None, 'mod_note': None, 'all_awardings': [], 'body': ""Nope, you compare the received wavelength with the one the manufacturer of the lasers claims to be. Maybe if the laser manufacturer is innacurate it's better, nice idea of yours"", 'edited': False, 'top_awarded_type': None, 'downs': 0, 'author_flair_css_class': 'misc', 'name': 't1_l159plw', 'is_submitter': False, 'collapsed': False, 'author_flair_richtext': [], 'author_patreon_flair': False, 'body_html': '&lt;div class=""md""&gt;&lt;p&gt;Nope, you compare the received wavelength with the one the manufacturer of the lasers claims to be. Maybe if the laser manufacturer is innacurate it&amp;#39;s better, nice idea of yours&lt;/p&gt;\n&lt;/div&gt;', 'gildings': {}, 'collapsed_reason': None, 'distinguished': None, 'associated_award': None, 'stickied': False, 'author_premium': False, 'can_gild': False, 'link_id': 't3_1ccgiya', 'unrepliable_reason': None, 'author_flair_text_color': 'dark', 'score_hidden': False, 'permalink': '/r/AskPhysics/comments/1ccgiya/citizen_scientist_testing_relativity/l159plw/', 'subreddit_type': 'public', 'locked': False, 'report_reasons': None, 'created': 1714013369.0, 'author_flair_text': 'Undergraduate', 'treatment_tags': [], 'created_utc': 1714013369.0, 'subreddit_name_prefixed': 'r/AskPhysics', 'controversiality': 0, 'depth': 2, 'author_flair_background_color': None, 'collapsed_because_crowd_control': None, 'mod_reports': [], 'num_reports': None, 'ups': 1}}], 'before': None}}, 'user_reports': [], 'saved': False, 'id': 'l157ar3', 'banned_at_utc': None, 'mod_reason_title': None, 'gilded': 0, 'archived': False, 'collapsed_reason_code': None, 'no_follow': True, 'author': 'Previous_Drive_3888', 'can_mod_post': False, 'created_utc': 1714012347.0, 'send_replies': True, 'parent_id': 't1_l1561j5', 'score': 1, 'author_fullname': 't2_a0o8l783', 'removal_reason': None, 'approved_by': None, 'mod_note': None, 'all_awardings': [], 'body': 'So, beam-splitter, one goes up to the mountaintop, other  the same distance across the surface of the earth, difference in color shows time dilation due to gravity of earth?', 'edited': False, 'top_awarded_type': None, 'author_flair_css_class': None, 'name': 't1_l157ar3', 'is_submitter': True, 'downs': 0, 'author_flair_richtext': [], 'author_patreon_flair': False, 'body_html': '&lt;div class=""md""&gt;&lt;p&gt;So, beam-splitter, one goes up to the mountaintop, other  the same distance across the surface of the earth, difference in color shows time dilation due to gravity of earth?&lt;/p&gt;\n&lt;/div&gt;', 'gildings': {}, 'collapsed_reason': None, 'distinguished': None, 'associated_award': None, 'stickied': False, 'author_premium': False, 'can_gild': False, 'link_id': 't3_1ccgiya', 'unrepliable_reason': None, 'author_flair_text_color': None, 'score_hidden': False, 'permalink': '/r/AskPhysics/comments/1ccgiya/citizen_scientist_testing_relativity/l157ar3/', 'subreddit_type': 'public', 'locked': False, 'report_reasons': None, 'created': 1714012347.0, 'author_flair_text': None, 'treatment_tags': [], 'collapsed': False, 'subreddit_name_prefixed': 'r/AskPhysics', 'controversiality': 0, 'depth': 1, 'author_flair_background_color': None, 'collapsed_because_crowd_control': None, 'mod_reports': [], 'num_reports': None, 'ups': 1}}, {'kind': 't1', 'data': {'subreddit_id': 't5_2sumo', 'approved_at_utc': None, 'author_is_blocked': False, 'comment_type': None, 'awarders': [], 'mod_reason_by': None, 'banned_by': None, 'author_flair_type': 'text', 'total_awards_received': 0, 'subreddit': 'AskPhysics', 'author_flair_template_id': None, 'likes': None, 'replies': {'kind': 'Listing', 'data': {'after': None, 'dist': None, 'modhash': None, 'geo_filter': '', 'children': [{'kind': 't1', 'data': {'subreddit_id': 't5_2sumo', 'approved_at_utc': None, 'author_is_blocked': False, 'comment_type': None, 'awarders': [], 'mod_reason_by': None, 'banned_by': None, 'author_flair_type': 'text', 'total_awards_received': 0, 'subreddit': 'AskPhysics', 'author_flair_template_id': '997e5baa-c6b2-11e4-8b92-22000b2a8bad', 'likes': None, 'replies': '', 'user_reports': [], 'saved': False, 'id': 'l15pnu0', 'banned_at_utc': None, 'mod_reason_title': None, 'gilded': 0, 'archived': False, 'collapsed_reason_code': None, 'no_follow': True, 'author': 'GreatHeavySoulArrow', 'can_mod_post': False, 'send_replies': True, 'parent_id': 't1_l15pkhw', 'score': 1, 'author_fullname': 't2_ion76zl7u', 'removal_reason': None, 'approved_by': None, 'mod_note': None, 'all_awardings': [], 'body': ""With the amount of amateur astrophotographists out there I'm absolutely sure someone focused on the lensing"", 'edited': False, 'top_awarded_type': None, 'downs': 0, 'author_flair_css_class': 'misc', 'name': 't1_l15pnu0', 'is_submitter': False, 'collapsed': False, 'author_flair_richtext': [], 'author_patreon_flair': False, 'body_html': '&lt;div class=""md""&gt;&lt;p&gt;With the amount of amateur astrophotographists out there I&amp;#39;m absolutely sure someone focused on the lensing&lt;/p&gt;\n&lt;/div&gt;', 'gildings': {}, 'collapsed_reason': None, 'distinguished': None, 'associated_award': None, 'stickied': False, 'author_premium': False, 'can_gild': False, 'link_id': 't3_1ccgiya', 'unrepliable_reason': None, 'author_flair_text_color': 'dark', 'score_hidden': False, 'permalink': '/r/AskPhysics/comments/1ccgiya/citizen_scientist_testing_relativity/l15pnu0/', 'subreddit_type': 'public', 'locked': False, 'report_reasons': None, 'created': 1714021322.0, 'author_flair_text': 'Undergraduate', 'treatment_tags': [], 'created_utc': 1714021322.0, 'subreddit_name_prefixed': 'r/AskPhysics', 'controversiality': 0, 'depth': 2, 'author_flair_background_color': None, 'collapsed_because_crowd_control': None, 'mod_reports': [], 'num_reports': None, 'ups': 1}}], 'before': None}}, 'user_reports': [], 'saved': False, 'id': 'l15pkhw', 'banned_at_utc': None, 'mod_reason_title': None, 'gilded': 0, 'archived': False, 'collapsed_reason_code': None, 'no_follow': True, 'author': 'Final_Character_4886', 'can_mod_post': False, 'created_utc': 1714021269.0, 'send_replies': True, 'parent_id': 't1_l1561j5', 'score': 1, 'author_fullname': 't2_eijnzxsh', 'removal_reason': None, 'approved_by': None, 'mod_note': None, 'all_awardings': [], 'body': 'There was just a solar eclipse. I wonder if there were suitably positioned stars that can be photographed by commercially available photography equipment.', 'edited': False, 'top_awarded_type': None, 'author_flair_css_class': None, 'name': 't1_l15pkhw', 'is_submitter': False, 'downs': 0, 'author_flair_richtext': [], 'author_patreon_flair': False, 'body_html': '&lt;div class=""md""&gt;&lt;p&gt;There was just a solar eclipse. I wonder if there were suitably positioned stars that can be photographed by commercially available photography equipment.&lt;/p&gt;\n&lt;/div&gt;', 'gildings': {}, 'collapsed_reason': None, 'distinguished': None, 'associated_award': None, 'stickied': False, 'author_premium': False, 'can_gild': False, 'link_id': 't3_1ccgiya', 'unrepliable_reason': None, 'author_flair_text_color': None, 'score_hidden': False, 'permalink': '/r/AskPhysics/comments/1ccgiya/citizen_scientist_testing_relativity/l15pkhw/', 'subreddit_type': 'public', 'locked': False, 'report_reasons': None, 'created': 1714021269.0, 'author_flair_text': None, 'treatment_tags': [], 'collapsed': False, 'subreddit_name_prefixed': 'r/AskPhysics', 'controversiality': 0, 'depth': 1, 'author_flair_background_color': None, 'collapsed_because_crowd_control': None, 'mod_reports': [], 'num_reports': None, 'ups': 1}}], 'before': None}}",,False,3,False,True,False,AskPhysics,t5_2sumo,r/AskPhysics,public,,0,[],,3,[],t1
