,all_awardings,approved_at_utc,approved_by,archived,associated_award,author,author_flair_background_color,author_flair_css_class,author_flair_richtext,author_flair_template_id,author_flair_text,author_flair_text_color,author_flair_type,author_fullname,author_is_blocked,author_patreon_flair,author_premium,awarders,banned_at_utc,banned_by,body,body_html,can_gild,can_mod_post,collapsed,collapsed_because_crowd_control,collapsed_reason,collapsed_reason_code,comment_type,controversiality,created,created_utc,depth,distinguished,downs,edited,gilded,gildings,id,is_submitter,likes,link_id,locked,mod_note,mod_reason_by,mod_reason_title,mod_reports,name,no_follow,num_reports,parent_id,permalink,removal_reason,replies,report_reasons,saved,score,score_hidden,send_replies,stickied,subreddit,subreddit_id,subreddit_name_prefixed,subreddit_type,top_awarded_type,total_awards_received,treatment_tags,unrepliable_reason,ups,user_reports,kind
data,[],,,False,,skidoe,,,[],,,,text,t2_4653bi5s,False,False,False,[],,,"It’s not technically fair to say it was infinitely small but what you’re referring to was the [Planck epoch.](https://en.m.wikipedia.org/wiki/Chronology_of_the_universe#Planck_epoch) You could say more accurately it was a period of relative unification. Standard subatomic particles were unable to form and there was a single unifying force rather than the four were used to today. It is confusing since we do call it a singularity, but then again there are theories still in hot debate over the idea so we’re not necessarily sure on all the details yet.","&lt;div class=""md""&gt;&lt;p&gt;It’s not technically fair to say it was infinitely small but what you’re referring to was the &lt;a href=""https://en.m.wikipedia.org/wiki/Chronology_of_the_universe#Planck_epoch""&gt;Planck epoch.&lt;/a&gt; You could say more accurately it was a period of relative unification. Standard subatomic particles were unable to form and there was a single unifying force rather than the four were used to today. It is confusing since we do call it a singularity, but then again there are theories still in hot debate over the idea so we’re not necessarily sure on all the details yet.&lt;/p&gt;
&lt;/div&gt;",False,False,False,,,,,0,1714023070.0,1714023070.0,0,,0,False,0,{},l15snk4,False,,t3_1ccizch,False,,,,[],t1_l15snk4,True,,t3_1ccizch,/r/AskPhysics/comments/1ccizch/was_our_observable_universe_effectively/l15snk4/,,,,False,1,False,True,False,AskPhysics,t5_2sumo,r/AskPhysics,public,,0,[],,1,[],t1
data_1,[],,,False,,Anonymous-USA,,,[],,,,text,t2_7h3ccwl3,False,False,False,[],,,"The difficulty comes in applying General Relativity at quantum scales and extreme conditions.  That’s the singularity, and it’s less a point but more or less an unknown geometry/scale.  The Big Bang applies to the creation and expansion of the *entire* universe when it was equally hot and equally dense everywhere.  However, it may still have been infinite in extent.  Any projected/extrapolated “size” applies only to the *observable* sphere.  All the estimated mass-energy of our observable sphere was contained within that singularity in some undescribable state.","&lt;div class=""md""&gt;&lt;p&gt;The difficulty comes in applying General Relativity at quantum scales and extreme conditions.  That’s the singularity, and it’s less a point but more or less an unknown geometry/scale.  The Big Bang applies to the creation and expansion of the &lt;em&gt;entire&lt;/em&gt; universe when it was equally hot and equally dense everywhere.  However, it may still have been infinite in extent.  Any projected/extrapolated “size” applies only to the &lt;em&gt;observable&lt;/em&gt; sphere.  All the estimated mass-energy of our observable sphere was contained within that singularity in some undescribable state.&lt;/p&gt;
&lt;/div&gt;",False,False,False,,,,,0,1714023977.0,1714023977.0,0,,0,1714024270.0,0,{},l15u46w,False,,t3_1ccizch,False,,,,[],t1_l15u46w,True,,t3_1ccizch,/r/AskPhysics/comments/1ccizch/was_our_observable_universe_effectively/l15u46w/,,,,False,1,False,True,False,AskPhysics,t5_2sumo,r/AskPhysics,public,,0,[],,1,[],t1
data_2,[],,,False,,nicuramar,,,[],,,,text,t2_kjv52vr8,False,False,False,[],,,"The Big Bang model doesn’t go quite that far back. Also, there is no such thing as “infinitely small”.

What is currently our observable universe was very small (and hot and dense).","&lt;div class=""md""&gt;&lt;p&gt;The Big Bang model doesn’t go quite that far back. Also, there is no such thing as “infinitely small”.&lt;/p&gt;

&lt;p&gt;What is currently our observable universe was very small (and hot and dense).&lt;/p&gt;
&lt;/div&gt;",False,False,False,,,,,0,1714059519.0,1714059519.0,0,,0,False,0,{},l17r64w,False,,t3_1ccizch,False,,,,[],t1_l17r64w,True,,t3_1ccizch,/r/AskPhysics/comments/1ccizch/was_our_observable_universe_effectively/l17r64w/,,,,False,1,False,True,False,AskPhysics,t5_2sumo,r/AskPhysics,public,,0,[],,1,[],t1
