,all_awardings,approved_at_utc,approved_by,archived,associated_award,author,author_flair_background_color,author_flair_css_class,author_flair_richtext,author_flair_template_id,author_flair_text,author_flair_text_color,author_flair_type,author_fullname,author_is_blocked,author_patreon_flair,author_premium,awarders,banned_at_utc,banned_by,body,body_html,can_gild,can_mod_post,collapsed,collapsed_because_crowd_control,collapsed_reason,collapsed_reason_code,comment_type,controversiality,created,created_utc,depth,distinguished,downs,edited,gilded,gildings,id,is_submitter,likes,link_id,locked,mod_note,mod_reason_by,mod_reason_title,mod_reports,name,no_follow,num_reports,parent_id,permalink,removal_reason,replies,report_reasons,saved,score,score_hidden,send_replies,stickied,subreddit,subreddit_id,subreddit_name_prefixed,subreddit_type,top_awarded_type,total_awards_received,treatment_tags,unrepliable_reason,ups,user_reports,kind
data,[],,,False,,Diligent-Broccoli111,,,[],,,,text,t2_ohxcbv29c,False,False,False,[],,,"You can only have heat transfer between two things of different temperature. So if you set your oven to say, 300C, then the air inside your oven is 300C, and the thing will eventually reach 300C and no more heat transfer will take place. Eventually, the heat added to the oven by the flame will equal the heat escaping the oven, it won't magically transfer into the thing inside.

The same thing is true for the blowtorch or heat gun. If you took a blowtorch at 500C to the thing in the oven at 300C, it would rise to 500C, and then stay there. If you removed the blowtorch, the 500C thing would radiate heat into the oven until it reaches thermal equilibrium at 300C again.","&lt;div class=""md""&gt;&lt;p&gt;You can only have heat transfer between two things of different temperature. So if you set your oven to say, 300C, then the air inside your oven is 300C, and the thing will eventually reach 300C and no more heat transfer will take place. Eventually, the heat added to the oven by the flame will equal the heat escaping the oven, it won&amp;#39;t magically transfer into the thing inside.&lt;/p&gt;

&lt;p&gt;The same thing is true for the blowtorch or heat gun. If you took a blowtorch at 500C to the thing in the oven at 300C, it would rise to 500C, and then stay there. If you removed the blowtorch, the 500C thing would radiate heat into the oven until it reaches thermal equilibrium at 300C again.&lt;/p&gt;
&lt;/div&gt;",False,False,False,,,,,0,1713899279.0,1713899279.0,0,,0,1713899488.0,0,{},l0xkg7j,False,,t3_1cbcowp,False,,,,[],t1_l0xkg7j,True,,t3_1cbcowp,/r/AskPhysics/comments/1cbcowp/thermodynamics_of_a_heat_gun_and_oven/l0xkg7j/,,"{'kind': 'Listing', 'data': {'after': None, 'dist': None, 'modhash': None, 'geo_filter': '', 'children': [{'kind': 't1', 'data': {'subreddit_id': 't5_2sumo', 'approved_at_utc': None, 'author_is_blocked': False, 'comment_type': None, 'awarders': [], 'mod_reason_by': None, 'banned_by': None, 'author_flair_type': 'text', 'total_awards_received': 0, 'subreddit': 'AskPhysics', 'author_flair_template_id': None, 'likes': None, 'replies': {'kind': 'Listing', 'data': {'after': None, 'dist': None, 'modhash': None, 'geo_filter': '', 'children': [{'kind': 't1', 'data': {'subreddit_id': 't5_2sumo', 'approved_at_utc': None, 'author_is_blocked': False, 'comment_type': None, 'awarders': [], 'mod_reason_by': None, 'banned_by': None, 'author_flair_type': 'text', 'total_awards_received': 0, 'subreddit': 'AskPhysics', 'author_flair_template_id': None, 'likes': None, 'replies': {'kind': 'Listing', 'data': {'after': None, 'dist': None, 'modhash': None, 'geo_filter': '', 'children': [{'kind': 't1', 'data': {'subreddit_id': 't5_2sumo', 'approved_at_utc': None, 'author_is_blocked': False, 'comment_type': None, 'awarders': [], 'mod_reason_by': None, 'banned_by': None, 'author_flair_type': 'text', 'total_awards_received': 0, 'subreddit': 'AskPhysics', 'author_flair_template_id': None, 'likes': None, 'replies': '', 'user_reports': [], 'saved': False, 'id': 'l0y6azb', 'banned_at_utc': None, 'mod_reason_title': None, 'gilded': 0, 'archived': False, 'collapsed_reason_code': None, 'no_follow': True, 'author': 'MessiScores', 'can_mod_post': False, 'send_replies': True, 'parent_id': 't1_l0xx85z', 'score': 1, 'author_fullname': 't2_ulrxf3pj', 'removal_reason': None, 'approved_by': None, 'mod_note': None, 'all_awardings': [], 'collapsed': False, 'body': ""&gt;Your swing analogy assumes a velocity difference between the swing and the thing pushing it. If the swing has velocity v=0, and it is pushed by a hand with v=5, then the swing will eventually have velocity of v=5. It's the same with temperature. You can't push the swing faster than your hand can move. If the swing is already moving at v=10, you won't be able to make it faster by pushing it at v=5.\n\nI guess that makes sense, kind of like trying to peddle a bike on low gear when going fast, legs cant keep up? Maybe not the best analogy, I thought on a molecular level you can keep adding energy to a system regardless of the difference. Like how waves add. If you have a wave, and add another wave repeatedly, the resulting wave will continue to grow, even if the added wave does not increase. That wave representing the vibration of molecules, temperature.\n\nSo then why do ovens turn off the flame when they reach the set temperature?\n\n  \nI might have to put in in the oven, but that risks damaging other parts on the PCB, my idea was to get it close in the oven and take it the rest of the way on the heat gun, having assumed the temperatures would add."", 'edited': False, 'top_awarded_type': None, 'author_flair_css_class': None, 'name': 't1_l0y6azb', 'is_submitter': True, 'downs': 0, 'author_flair_richtext': [], 'author_patreon_flair': False, 'body_html': '&lt;div class=""md""&gt;&lt;blockquote&gt;\n&lt;p&gt;Your swing analogy assumes a velocity difference between the swing and the thing pushing it. If the swing has velocity v=0, and it is pushed by a hand with v=5, then the swing will eventually have velocity of v=5. It&amp;#39;s the same with temperature. You can&amp;#39;t push the swing faster than your hand can move. If the swing is already moving at v=10, you won&amp;#39;t be able to make it faster by pushing it at v=5.&lt;/p&gt;\n&lt;/blockquote&gt;\n\n&lt;p&gt;I guess that makes sense, kind of like trying to peddle a bike on low gear when going fast, legs cant keep up? Maybe not the best analogy, I thought on a molecular level you can keep adding energy to a system regardless of the difference. Like how waves add. If you have a wave, and add another wave repeatedly, the resulting wave will continue to grow, even if the added wave does not increase. That wave representing the vibration of molecules, temperature.&lt;/p&gt;\n\n&lt;p&gt;So then why do ovens turn off the flame when they reach the set temperature?&lt;/p&gt;\n\n&lt;p&gt;I might have to put in in the oven, but that risks damaging other parts on the PCB, my idea was to get it close in the oven and take it the rest of the way on the heat gun, having assumed the temperatures would add.&lt;/p&gt;\n&lt;/div&gt;', 'gildings': {}, 'collapsed_reason': None, 'distinguished': None, 'associated_award': None, 'stickied': False, 'author_premium': False, 'can_gild': False, 'link_id': 't3_1cbcowp', 'unrepliable_reason': None, 'author_flair_text_color': None, 'score_hidden': False, 'permalink': '/r/AskPhysics/comments/1cbcowp/thermodynamics_of_a_heat_gun_and_oven/l0y6azb/', 'subreddit_type': 'public', 'locked': False, 'report_reasons': None, 'created': 1713906500.0, 'author_flair_text': None, 'treatment_tags': [], 'created_utc': 1713906500.0, 'subreddit_name_prefixed': 'r/AskPhysics', 'controversiality': 0, 'depth': 3, 'author_flair_background_color': None, 'collapsed_because_crowd_control': None, 'mod_reports': [], 'num_reports': None, 'ups': 1}}], 'before': None}}, 'user_reports': [], 'saved': False, 'id': 'l0xx85z', 'banned_at_utc': None, 'mod_reason_title': None, 'gilded': 0, 'archived': False, 'collapsed_reason_code': None, 'no_follow': True, 'author': 'Diligent-Broccoli111', 'can_mod_post': False, 'send_replies': True, 'parent_id': 't1_l0xvvbk', 'score': 1, 'author_fullname': 't2_ohxcbv29c', 'removal_reason': None, 'approved_by': None, 'mod_note': None, 'all_awardings': [], 'body': ""Your swing analogy assumes a velocity difference between the swing and the thing pushing it. If the swing has velocity v=0, and it is pushed by a hand with v=5, then the swing will eventually have velocity of v=5. It's the same with temperature. You can't push the swing faster than your hand can move. If the swing is already moving at v=10, you won't be able to make it faster by pushing it at v=5.\n\nThe rest of your comment is just a continued misunderstanding of heat transfer. But a well observed LAW of physics is that you can only transfer heat between things with different temperature, and heat only transfers from the higher temperature thing to the lower temperature thing. Trying to argue with that observation will not get your CPU unstuck from its socket."", 'edited': 1713903802.0, 'top_awarded_type': None, 'downs': 0, 'author_flair_css_class': None, 'name': 't1_l0xx85z', 'is_submitter': False, 'collapsed': False, 'author_flair_richtext': [], 'author_patreon_flair': False, 'body_html': '&lt;div class=""md""&gt;&lt;p&gt;Your swing analogy assumes a velocity difference between the swing and the thing pushing it. If the swing has velocity v=0, and it is pushed by a hand with v=5, then the swing will eventually have velocity of v=5. It&amp;#39;s the same with temperature. You can&amp;#39;t push the swing faster than your hand can move. If the swing is already moving at v=10, you won&amp;#39;t be able to make it faster by pushing it at v=5.&lt;/p&gt;\n\n&lt;p&gt;The rest of your comment is just a continued misunderstanding of heat transfer. But a well observed LAW of physics is that you can only transfer heat between things with different temperature, and heat only transfers from the higher temperature thing to the lower temperature thing. Trying to argue with that observation will not get your CPU unstuck from its socket.&lt;/p&gt;\n&lt;/div&gt;', 'gildings': {}, 'collapsed_reason': None, 'distinguished': None, 'associated_award': None, 'stickied': False, 'author_premium': False, 'can_gild': False, 'link_id': 't3_1cbcowp', 'unrepliable_reason': None, 'author_flair_text_color': None, 'score_hidden': False, 'permalink': '/r/AskPhysics/comments/1cbcowp/thermodynamics_of_a_heat_gun_and_oven/l0xx85z/', 'subreddit_type': 'public', 'locked': False, 'report_reasons': None, 'created': 1713903494.0, 'author_flair_text': None, 'treatment_tags': [], 'created_utc': 1713903494.0, 'subreddit_name_prefixed': 'r/AskPhysics', 'controversiality': 0, 'depth': 2, 'author_flair_background_color': None, 'collapsed_because_crowd_control': None, 'mod_reports': [], 'num_reports': None, 'ups': 1}}], 'before': None}}, 'user_reports': [], 'saved': False, 'id': 'l0xvvbk', 'banned_at_utc': None, 'mod_reason_title': None, 'gilded': 0, 'archived': False, 'collapsed_reason_code': None, 'no_follow': True, 'author': 'MessiScores', 'can_mod_post': False, 'created_utc': 1713903049.0, 'send_replies': True, 'parent_id': 't1_l0xkg7j', 'score': 1, 'author_fullname': 't2_ulrxf3pj', 'removal_reason': None, 'approved_by': None, 'mod_note': None, 'all_awardings': [], 'body': ""&gt;You can only have heat transfer between two things of different temperature. So if you set your oven to say, 300C, then the air inside your oven is 300C, and the thing will eventually reach 300C and no more heat transfer will take place. Eventually, the heat added to the oven by the flame will equal the heat escaping the oven, it won't magically transfer into the thing inside.\n\nWhy? If you keep pushing a swing it will continue to go higher and higher. Temperature transfer would happen through radiation and convection, which is just getting hit by air particles or photons. The temperature is the particles vibrating, and they just keep getting a kick by the incoming photons and air particles, would they just keep vibrating more and more as long as they keep getting kicked like the swing? \n\nI know it stops due to equilibrium, it will radiate as the same rate is they are getting kicked, but, that's why I gave the 2 examples, one in an enclosed system, so that it wouldn't radiate away the temperature,  since it would be at the same temperature as the oven environment. I know the whole environment would eventually reach equilibrium with the larger kitchen environment, but wouldn't that happen at a much higher temp? \n\nAfter all, don't the ovens have a sensor that turns the flame off and on once it reaches the set temperature for the very reason that it will keep rising if it is left on? \n\n&gt;  \nThe same thing is true for the blowtorch or heat gun. If you took a blowtorch at 500C to the thing in the oven at 300C, it would rise to 500C, and then stay there. If you removed the blowtorch, the 500C thing would radiate heat into the oven until it reaches thermal equilibrium at 300C again.\n\nWell, the context for the question is that I want to desolder a CPU but my heatgun is not getting it hot enough and I was thinking to try and preheat in the oven and then blast it as many people recommend pre heating in soldering, but from what I'm getting here that doesn't work?"", 'edited': False, 'top_awarded_type': None, 'author_flair_css_class': None, 'name': 't1_l0xvvbk', 'is_submitter': True, 'downs': 0, 'author_flair_richtext': [], 'author_patreon_flair': False, 'body_html': '&lt;div class=""md""&gt;&lt;blockquote&gt;\n&lt;p&gt;You can only have heat transfer between two things of different temperature. So if you set your oven to say, 300C, then the air inside your oven is 300C, and the thing will eventually reach 300C and no more heat transfer will take place. Eventually, the heat added to the oven by the flame will equal the heat escaping the oven, it won&amp;#39;t magically transfer into the thing inside.&lt;/p&gt;\n&lt;/blockquote&gt;\n\n&lt;p&gt;Why? If you keep pushing a swing it will continue to go higher and higher. Temperature transfer would happen through radiation and convection, which is just getting hit by air particles or photons. The temperature is the particles vibrating, and they just keep getting a kick by the incoming photons and air particles, would they just keep vibrating more and more as long as they keep getting kicked like the swing? &lt;/p&gt;\n\n&lt;p&gt;I know it stops due to equilibrium, it will radiate as the same rate is they are getting kicked, but, that&amp;#39;s why I gave the 2 examples, one in an enclosed system, so that it wouldn&amp;#39;t radiate away the temperature,  since it would be at the same temperature as the oven environment. I know the whole environment would eventually reach equilibrium with the larger kitchen environment, but wouldn&amp;#39;t that happen at a much higher temp? &lt;/p&gt;\n\n&lt;p&gt;After all, don&amp;#39;t the ovens have a sensor that turns the flame off and on once it reaches the set temperature for the very reason that it will keep rising if it is left on? &lt;/p&gt;\n\n&lt;blockquote&gt;\n&lt;p&gt;The same thing is true for the blowtorch or heat gun. If you took a blowtorch at 500C to the thing in the oven at 300C, it would rise to 500C, and then stay there. If you removed the blowtorch, the 500C thing would radiate heat into the oven until it reaches thermal equilibrium at 300C again.&lt;/p&gt;\n&lt;/blockquote&gt;\n\n&lt;p&gt;Well, the context for the question is that I want to desolder a CPU but my heatgun is not getting it hot enough and I was thinking to try and preheat in the oven and then blast it as many people recommend pre heating in soldering, but from what I&amp;#39;m getting here that doesn&amp;#39;t work?&lt;/p&gt;\n&lt;/div&gt;', 'gildings': {}, 'collapsed_reason': None, 'distinguished': None, 'associated_award': None, 'stickied': False, 'author_premium': False, 'can_gild': False, 'link_id': 't3_1cbcowp', 'unrepliable_reason': None, 'author_flair_text_color': None, 'score_hidden': False, 'permalink': '/r/AskPhysics/comments/1cbcowp/thermodynamics_of_a_heat_gun_and_oven/l0xvvbk/', 'subreddit_type': 'public', 'locked': False, 'report_reasons': None, 'created': 1713903049.0, 'author_flair_text': None, 'treatment_tags': [], 'collapsed': False, 'subreddit_name_prefixed': 'r/AskPhysics', 'controversiality': 0, 'depth': 1, 'author_flair_background_color': None, 'collapsed_because_crowd_control': None, 'mod_reports': [], 'num_reports': None, 'ups': 1}}], 'before': None}}",,False,3,False,True,False,AskPhysics,t5_2sumo,r/AskPhysics,public,,0,[],,3,[],t1
data_1,[],,,False,,d0meson,,,[],,,,text,t2_89x6n8f8,False,False,False,[],,,"&gt;Lets consider a simple oven for now, one without a sensor, just a flame you can control and enclosure. If I put something in this oven and set it to (x)

Later in this paragraph you clarify that (x) is supposed to be a temperature setting. How are you setting the temperature in a meaningful way if you've removed the component that keeps the oven at constant temperature? It seems like you're basically asking ""If I break my oven, is it broken?""

&gt;would the Item item continuously rise in temperature?

No, there would be an equilibrium point past which the temperature would not rise.

&gt;My reasoning is that since the flame continues to input heat into the item inside and it is enclosed it would keep rising

The item inside does not rise past the temperature inside the oven. Remember that the item is also radiating heat outward, and the hotter it gets, the more heat it radiates. The equilibrium point is where the rate of heat going into the item is the same as the rate of radiation of heat out of the item, and that point corresponds to the item's temperature being equal to the temperature inside the oven.

Likewise, there's an equilibrium point for the temperature of the oven for a given heat source power, relative to the temperature of its environment. The outside of the oven radiates heat, and so the oven itself cannot rise in temperature past the point where the radiated heat power is equal to the heat source power. Ovens are insulated, so their outside is typically a lot cooler than their inside, which in turn means that the inside can sustain high temperatures at equilibrium.

&gt;not to infinity of course, but far past the original temperature setting (x)

Again, it's entirely unclear what you mean by a ""temperature setting"" here, when you've assumed that no such mechanism exists.

&gt;Lets say my heat gun can heat an item to the max temperature of (n), If I take the item and put it in an oven, so it reaches a temperature, (m), and then heat it with the heatgun, would the temperature reach (m+n)?

Not in general. At equilibrium, your heat gun simply contributes more heat source power to the oven. How that translates to temperature is complicated and depends on how exactly this situation is set up, but in general it's not a linear relationship. The rate of heat radiation to the environment, for example, scales as temperature to the fourth power.","&lt;div class=""md""&gt;&lt;blockquote&gt;
&lt;p&gt;Lets consider a simple oven for now, one without a sensor, just a flame you can control and enclosure. If I put something in this oven and set it to (x)&lt;/p&gt;
&lt;/blockquote&gt;

&lt;p&gt;Later in this paragraph you clarify that (x) is supposed to be a temperature setting. How are you setting the temperature in a meaningful way if you&amp;#39;ve removed the component that keeps the oven at constant temperature? It seems like you&amp;#39;re basically asking &amp;quot;If I break my oven, is it broken?&amp;quot;&lt;/p&gt;

&lt;blockquote&gt;
&lt;p&gt;would the Item item continuously rise in temperature?&lt;/p&gt;
&lt;/blockquote&gt;

&lt;p&gt;No, there would be an equilibrium point past which the temperature would not rise.&lt;/p&gt;

&lt;blockquote&gt;
&lt;p&gt;My reasoning is that since the flame continues to input heat into the item inside and it is enclosed it would keep rising&lt;/p&gt;
&lt;/blockquote&gt;

&lt;p&gt;The item inside does not rise past the temperature inside the oven. Remember that the item is also radiating heat outward, and the hotter it gets, the more heat it radiates. The equilibrium point is where the rate of heat going into the item is the same as the rate of radiation of heat out of the item, and that point corresponds to the item&amp;#39;s temperature being equal to the temperature inside the oven.&lt;/p&gt;

&lt;p&gt;Likewise, there&amp;#39;s an equilibrium point for the temperature of the oven for a given heat source power, relative to the temperature of its environment. The outside of the oven radiates heat, and so the oven itself cannot rise in temperature past the point where the radiated heat power is equal to the heat source power. Ovens are insulated, so their outside is typically a lot cooler than their inside, which in turn means that the inside can sustain high temperatures at equilibrium.&lt;/p&gt;

&lt;blockquote&gt;
&lt;p&gt;not to infinity of course, but far past the original temperature setting (x)&lt;/p&gt;
&lt;/blockquote&gt;

&lt;p&gt;Again, it&amp;#39;s entirely unclear what you mean by a &amp;quot;temperature setting&amp;quot; here, when you&amp;#39;ve assumed that no such mechanism exists.&lt;/p&gt;

&lt;blockquote&gt;
&lt;p&gt;Lets say my heat gun can heat an item to the max temperature of (n), If I take the item and put it in an oven, so it reaches a temperature, (m), and then heat it with the heatgun, would the temperature reach (m+n)?&lt;/p&gt;
&lt;/blockquote&gt;

&lt;p&gt;Not in general. At equilibrium, your heat gun simply contributes more heat source power to the oven. How that translates to temperature is complicated and depends on how exactly this situation is set up, but in general it&amp;#39;s not a linear relationship. The rate of heat radiation to the environment, for example, scales as temperature to the fourth power.&lt;/p&gt;
&lt;/div&gt;",False,False,False,,,,,0,1713899794.0,1713899794.0,0,,0,False,0,{},l0xm0b8,False,,t3_1cbcowp,False,,,,[],t1_l0xm0b8,True,,t3_1cbcowp,/r/AskPhysics/comments/1cbcowp/thermodynamics_of_a_heat_gun_and_oven/l0xm0b8/,,,,False,2,False,True,False,AskPhysics,t5_2sumo,r/AskPhysics,public,,0,[],,2,[],t1
