,all_awardings,approved_at_utc,approved_by,archived,associated_award,author,author_flair_background_color,author_flair_css_class,author_flair_richtext,author_flair_template_id,author_flair_text,author_flair_text_color,author_flair_type,author_fullname,author_is_blocked,author_patreon_flair,author_premium,awarders,banned_at_utc,banned_by,body,body_html,can_gild,can_mod_post,collapsed,collapsed_because_crowd_control,collapsed_reason,collapsed_reason_code,comment_type,controversiality,created,created_utc,depth,distinguished,downs,edited,gilded,gildings,id,is_submitter,likes,link_id,locked,mod_note,mod_reason_by,mod_reason_title,mod_reports,name,no_follow,num_reports,parent_id,permalink,removal_reason,replies,report_reasons,saved,score,score_hidden,send_replies,stickied,subreddit,subreddit_id,subreddit_name_prefixed,subreddit_type,top_awarded_type,total_awards_received,treatment_tags,unrepliable_reason,ups,user_reports,kind
data,[],,,False,,Anonymous-USA,,,[],,,,text,t2_7h3ccwl3,False,False,False,[],,,You spammed this across many science subs about 4 months ago.  Signing up under a new username won’t change the answer.  Stop believing in and ultimately spreading crackpottery,"&lt;div class=""md""&gt;&lt;p&gt;You spammed this across many science subs about 4 months ago.  Signing up under a new username won’t change the answer.  Stop believing in and ultimately spreading crackpottery&lt;/p&gt;
&lt;/div&gt;",False,False,False,,,,,0,1714060433.0,1714060433.0,0,,0,False,0,{},l17tycy,False,,t3_1ccv7ae,False,,,,[],t1_l17tycy,True,,t3_1ccv7ae,/r/AskPhysics/comments/1ccv7ae/theres_a_strong_correlation_between_solar_flares/l17tycy/,,,,False,14,False,True,False,AskPhysics,t5_2sumo,r/AskPhysics,public,,0,[],,14,[],t1
data_1,[],,,False,,jericho,,,[],,,,text,t2_39os,False,False,False,[],,,"Why the fuck are you obsessed with this? It’s bullshit. If you want to believe it, go ahead, but go away with this unscientific bs. ","&lt;div class=""md""&gt;&lt;p&gt;Why the fuck are you obsessed with this? It’s bullshit. If you want to believe it, go ahead, but go away with this unscientific bs. &lt;/p&gt;
&lt;/div&gt;",False,False,False,,,,,0,1714062683.0,1714062683.0,0,,0,False,0,{},l180uva,False,,t3_1ccv7ae,False,,,,[],t1_l180uva,True,,t3_1ccv7ae,/r/AskPhysics/comments/1ccv7ae/theres_a_strong_correlation_between_solar_flares/l180uva/,,,,False,6,False,True,False,AskPhysics,t5_2sumo,r/AskPhysics,public,,0,[],,6,[],t1
data_2,[],,,False,,wonkey_monkey,,,[],,,,text,t2_whgrg,False,False,False,[],,,"Creating new accounts to subvert bans is a violation of Reddit's TOS.

What makes you think the response you get here is going to be any different than it was the last dozen times you've posted?","&lt;div class=""md""&gt;&lt;p&gt;Creating new accounts to subvert bans is a violation of Reddit&amp;#39;s TOS.&lt;/p&gt;

&lt;p&gt;What makes you think the response you get here is going to be any different than it was the last dozen times you&amp;#39;ve posted?&lt;/p&gt;
&lt;/div&gt;",False,False,False,,,,,0,1714071661.0,1714071661.0,0,,0,False,0,{},l18k21m,False,,t3_1ccv7ae,False,,,,[],t1_l18k21m,True,,t3_1ccv7ae,/r/AskPhysics/comments/1ccv7ae/theres_a_strong_correlation_between_solar_flares/l18k21m/,,,,False,2,False,True,False,AskPhysics,t5_2sumo,r/AskPhysics,public,,0,[],,2,[],t1
