,all_awardings,approved_at_utc,approved_by,archived,associated_award,author,author_flair_background_color,author_flair_css_class,author_flair_richtext,author_flair_template_id,author_flair_text,author_flair_text_color,author_flair_type,author_fullname,author_is_blocked,author_patreon_flair,author_premium,awarders,banned_at_utc,banned_by,body,body_html,can_gild,can_mod_post,collapsed,collapsed_because_crowd_control,collapsed_reason,collapsed_reason_code,comment_type,controversiality,created,created_utc,depth,distinguished,downs,edited,gilded,gildings,id,is_submitter,likes,link_id,locked,mod_note,mod_reason_by,mod_reason_title,mod_reports,name,no_follow,num_reports,parent_id,permalink,removal_reason,replies,report_reasons,saved,score,score_hidden,send_replies,stickied,subreddit,subreddit_id,subreddit_name_prefixed,subreddit_type,top_awarded_type,total_awards_received,treatment_tags,unrepliable_reason,ups,user_reports,kind
data,[],,,False,,kevosauce1,,,[],,,,text,t2_8y101vys,False,False,False,[],,,"Large - it is infinite towards the future^*

^* caveat: in most directions! Timelike geodesics actually end on singularities - maybe!","&lt;div class=""md""&gt;&lt;p&gt;Large - it is infinite towards the future&lt;sup&gt;*&lt;/sup&gt;&lt;/p&gt;

&lt;p&gt;&lt;sup&gt;*&lt;/sup&gt; caveat: in most directions! Timelike geodesics actually end on singularities - maybe!&lt;/p&gt;
&lt;/div&gt;",False,False,False,,,,,0,1713906869.0,1713906869.0,0,,0,False,0,{},l0y7doy,False,,t3_1cbfxf7,False,,,,[],t1_l0y7doy,False,,t3_1cbfxf7,/r/AskPhysics/comments/1cbfxf7/would_time_be_considered_as_a_large_or_small/l0y7doy/,,,,False,6,False,True,False,AskPhysics,t5_2sumo,r/AskPhysics,public,,0,[],,6,[],t1
data_1,[],,,False,,Shufflepants,,,[],,,,text,t2_11l93q,False,False,False,[],,,The term is only really used for spatial dimensions.,"&lt;div class=""md""&gt;&lt;p&gt;The term is only really used for spatial dimensions.&lt;/p&gt;
&lt;/div&gt;",False,False,False,,,,,0,1713907248.0,1713907248.0,0,,0,False,0,{},l0y8h84,False,,t3_1cbfxf7,False,,,,[],t1_l0y8h84,True,,t3_1cbfxf7,/r/AskPhysics/comments/1cbfxf7/would_time_be_considered_as_a_large_or_small/l0y8h84/,,,,False,2,False,True,False,AskPhysics,t5_2sumo,r/AskPhysics,public,,0,[],,2,[],t1
data_2,[],,,False,,Underhill42,,,[],,,,text,t2_cdlehbir,False,False,False,[],,,"I can't say I've ever heard the term used at all, except in the looped-back dimensions of superstring theory, and even there it's sort of stretching the definition, using it for a related concept that we don't really have any existing words for.

A dimension is just a direction that you can measure things in that's perpendicular to all other dimensions you've already defined.  How does it having a size even make sense?  Like ""how long is forward?""  ""How high is up?"" They're nonsense questions.  You might be in some sort of container that limits you from traveling in that direction, but the direction itself doesn't stop.

Though, if what you want a general sense of scale of time versus space, the Spacetime Interval is the place to start.  That's the combined distance between two events, in both space and time, that all observers can agree on, even when they disagree wildly about how much is space and how much time.

And the ""exchange rate"" is basically 1 second = 300,000,000 meters. (a.k.a. light speed)

So, ignoring all our motion through space, the spacetime interval between now and this moment yesterday is roughly 26 billion km, or almost six times the spatial distance between the Sun and Neptune.

And yes, that means that to some hypothetical observers, what we see as now and yesterday appear to be two simultaneous events separated by 26 billion kilometers of space.

Personally I'd say that makes time a considerably ""bigger"" dimension than space.  Or at least acknowledges that we're moving through time REALLY fast.  In fact at exactly lightspeed, from within our own reference frame.","&lt;div class=""md""&gt;&lt;p&gt;I can&amp;#39;t say I&amp;#39;ve ever heard the term used at all, except in the looped-back dimensions of superstring theory, and even there it&amp;#39;s sort of stretching the definition, using it for a related concept that we don&amp;#39;t really have any existing words for.&lt;/p&gt;

&lt;p&gt;A dimension is just a direction that you can measure things in that&amp;#39;s perpendicular to all other dimensions you&amp;#39;ve already defined.  How does it having a size even make sense?  Like &amp;quot;how long is forward?&amp;quot;  &amp;quot;How high is up?&amp;quot; They&amp;#39;re nonsense questions.  You might be in some sort of container that limits you from traveling in that direction, but the direction itself doesn&amp;#39;t stop.&lt;/p&gt;

&lt;p&gt;Though, if what you want a general sense of scale of time versus space, the Spacetime Interval is the place to start.  That&amp;#39;s the combined distance between two events, in both space and time, that all observers can agree on, even when they disagree wildly about how much is space and how much time.&lt;/p&gt;

&lt;p&gt;And the &amp;quot;exchange rate&amp;quot; is basically 1 second = 300,000,000 meters. (a.k.a. light speed)&lt;/p&gt;

&lt;p&gt;So, ignoring all our motion through space, the spacetime interval between now and this moment yesterday is roughly 26 billion km, or almost six times the spatial distance between the Sun and Neptune.&lt;/p&gt;

&lt;p&gt;And yes, that means that to some hypothetical observers, what we see as now and yesterday appear to be two simultaneous events separated by 26 billion kilometers of space.&lt;/p&gt;

&lt;p&gt;Personally I&amp;#39;d say that makes time a considerably &amp;quot;bigger&amp;quot; dimension than space.  Or at least acknowledges that we&amp;#39;re moving through time REALLY fast.  In fact at exactly lightspeed, from within our own reference frame.&lt;/p&gt;
&lt;/div&gt;",False,False,False,,,,,0,1713911241.0,1713911241.0,0,,0,False,0,{},l0yjkv9,False,,t3_1cbfxf7,False,,,,[],t1_l0yjkv9,True,,t3_1cbfxf7,/r/AskPhysics/comments/1cbfxf7/would_time_be_considered_as_a_large_or_small/l0yjkv9/,,"{'kind': 'Listing', 'data': {'after': None, 'dist': None, 'modhash': None, 'geo_filter': '', 'children': [{'kind': 't1', 'data': {'subreddit_id': 't5_2sumo', 'approved_at_utc': None, 'author_is_blocked': False, 'comment_type': None, 'awarders': [], 'mod_reason_by': None, 'banned_by': None, 'author_flair_type': 'text', 'total_awards_received': 0, 'subreddit': 'AskPhysics', 'author_flair_template_id': None, 'likes': None, 'replies': '', 'user_reports': [], 'saved': False, 'id': 'l18cubk', 'banned_at_utc': None, 'mod_reason_title': None, 'gilded': 0, 'archived': False, 'collapsed_reason_code': None, 'no_follow': True, 'author': 'kevosauce1', 'can_mod_post': False, 'created_utc': 1714069282.0, 'send_replies': True, 'parent_id': 't1_l0yjkv9', 'score': 1, 'author_fullname': 't2_8y101vys', 'removal_reason': None, 'approved_by': None, 'mod_note': None, 'all_awardings': [], 'body': 'I think OP is referring to large and small in the sense of the 3 large spatial dimensions and the small  [compactified dimensions](https://en.wikipedia.org/wiki/Compactification_(physics)) of e.g. string theory. The compactified dimensions have finite lengths.', 'edited': False, 'top_awarded_type': None, 'author_flair_css_class': None, 'name': 't1_l18cubk', 'is_submitter': False, 'downs': 0, 'author_flair_richtext': [], 'author_patreon_flair': False, 'body_html': '&lt;div class=""md""&gt;&lt;p&gt;I think OP is referring to large and small in the sense of the 3 large spatial dimensions and the small  &lt;a href=""https://en.wikipedia.org/wiki/Compactification_(physics""&gt;compactified dimensions&lt;/a&gt;) of e.g. string theory. The compactified dimensions have finite lengths.&lt;/p&gt;\n&lt;/div&gt;', 'gildings': {}, 'collapsed_reason': None, 'distinguished': None, 'associated_award': None, 'stickied': False, 'author_premium': False, 'can_gild': False, 'link_id': 't3_1cbfxf7', 'unrepliable_reason': None, 'author_flair_text_color': None, 'score_hidden': False, 'permalink': '/r/AskPhysics/comments/1cbfxf7/would_time_be_considered_as_a_large_or_small/l18cubk/', 'subreddit_type': 'public', 'locked': False, 'report_reasons': None, 'created': 1714069282.0, 'author_flair_text': None, 'treatment_tags': [], 'collapsed': False, 'subreddit_name_prefixed': 'r/AskPhysics', 'controversiality': 0, 'depth': 1, 'author_flair_background_color': None, 'collapsed_because_crowd_control': None, 'mod_reports': [], 'num_reports': None, 'ups': 1}}], 'before': None}}",,False,1,False,True,False,AskPhysics,t5_2sumo,r/AskPhysics,public,,0,[],,1,[],t1
