,all_awardings,approved_at_utc,approved_by,archived,associated_award,author,author_flair_background_color,author_flair_css_class,author_flair_richtext,author_flair_template_id,author_flair_text,author_flair_text_color,author_flair_type,author_fullname,author_is_blocked,author_patreon_flair,author_premium,awarders,banned_at_utc,banned_by,body,body_html,can_gild,can_mod_post,collapsed,collapsed_because_crowd_control,collapsed_reason,collapsed_reason_code,comment_type,controversiality,created,created_utc,depth,distinguished,downs,edited,gilded,gildings,id,is_submitter,likes,link_id,locked,mod_note,mod_reason_by,mod_reason_title,mod_reports,name,no_follow,num_reports,parent_id,permalink,removal_reason,replies,report_reasons,saved,score,score_hidden,send_replies,stickied,subreddit,subreddit_id,subreddit_name_prefixed,subreddit_type,top_awarded_type,total_awards_received,treatment_tags,unrepliable_reason,ups,user_reports,kind
data,[],,,False,,slashdave,,pf,[],7ba8ac48-c6b2-11e4-9b49-22000b698517,Particle physics,dark,text,t2_gjx64ted,False,False,False,[],,,"Ignoring friction (air and mechanical), at the steepest part.

For a fixed incline, the acceleration due to gravity is equal at all points (constant gravitational force). If you wish to include the effects of friction, the answer is unclear. For air friction alone, which increases with speed, the highest acceleration will be at the top of the incline, when the car is slowest. Mechanical friction is a more complicated affair.","&lt;div class=""md""&gt;&lt;p&gt;Ignoring friction (air and mechanical), at the steepest part.&lt;/p&gt;

&lt;p&gt;For a fixed incline, the acceleration due to gravity is equal at all points (constant gravitational force). If you wish to include the effects of friction, the answer is unclear. For air friction alone, which increases with speed, the highest acceleration will be at the top of the incline, when the car is slowest. Mechanical friction is a more complicated affair.&lt;/p&gt;
&lt;/div&gt;",False,False,False,,,,,0,1713993076.0,1713993076.0,0,,0,False,0,{},l13su2q,False,,t3_1cc9gpt,False,,,,[],t1_l13su2q,False,,t3_1cc9gpt,/r/AskPhysics/comments/1cc9gpt/where_on_a_hill_will_a_car_have_the_fastest/l13su2q/,,,,False,9,False,True,False,AskPhysics,t5_2sumo,r/AskPhysics,public,,0,[],,9,[],t1
data_1,[],,,False,,gsshnc32,,,[],,,,text,t2_ymi5bvscq,False,False,False,[],,,"The start where there's no air friction. As it gets closer to terminal velocity it will stop accelerating. If you want to get real technical, it's just after the initial friction to get it rolling.","&lt;div class=""md""&gt;&lt;p&gt;The start where there&amp;#39;s no air friction. As it gets closer to terminal velocity it will stop accelerating. If you want to get real technical, it&amp;#39;s just after the initial friction to get it rolling.&lt;/p&gt;
&lt;/div&gt;",False,False,False,,,,,0,1714000376.0,1714000376.0,0,,0,False,0,{},l14cjhy,False,,t3_1cc9gpt,False,,,,[],t1_l14cjhy,True,,t3_1cc9gpt,/r/AskPhysics/comments/1cc9gpt/where_on_a_hill_will_a_car_have_the_fastest/l14cjhy/,,,,False,3,False,True,False,AskPhysics,t5_2sumo,r/AskPhysics,public,,0,[],,3,[],t1
data_2,[],,,False,,mspe1960,,,[],,,,text,t2_7ehzq,False,False,False,[],,,"Assuming no dry friction or wind resistance, it is wherever the hill is steepest.  If it is a constant steepness it is the same every place. If you consider wind resistance, it is at the beginning where velocity is near zero. If you also consider dry friction it gets much more complicated.","&lt;div class=""md""&gt;&lt;p&gt;Assuming no dry friction or wind resistance, it is wherever the hill is steepest.  If it is a constant steepness it is the same every place. If you consider wind resistance, it is at the beginning where velocity is near zero. If you also consider dry friction it gets much more complicated.&lt;/p&gt;
&lt;/div&gt;",False,False,False,,,,,0,1714005028.0,1714005028.0,0,,0,False,0,{},l14oh6p,False,,t3_1cc9gpt,False,,,,[],t1_l14oh6p,True,,t3_1cc9gpt,/r/AskPhysics/comments/1cc9gpt/where_on_a_hill_will_a_car_have_the_fastest/l14oh6p/,,,,False,2,False,True,False,AskPhysics,t5_2sumo,r/AskPhysics,public,,0,[],,2,[],t1
