,all_awardings,approved_at_utc,approved_by,archived,associated_award,author,author_flair_background_color,author_flair_css_class,author_flair_richtext,author_flair_template_id,author_flair_text,author_flair_text_color,author_flair_type,author_fullname,author_is_blocked,author_patreon_flair,author_premium,awarders,banned_at_utc,banned_by,body,body_html,can_gild,can_mod_post,collapsed,collapsed_because_crowd_control,collapsed_reason,collapsed_reason_code,comment_type,controversiality,created,created_utc,depth,distinguished,downs,edited,gilded,gildings,id,is_submitter,likes,link_id,locked,mod_note,mod_reason_by,mod_reason_title,mod_reports,name,no_follow,num_reports,parent_id,permalink,removal_reason,replies,report_reasons,saved,score,score_hidden,send_replies,stickied,subreddit,subreddit_id,subreddit_name_prefixed,subreddit_type,top_awarded_type,total_awards_received,treatment_tags,unrepliable_reason,ups,user_reports,kind
data,[],,,False,,HomotopySphere,,,[],,,,text,t2_1aun955,False,False,False,[],,,"The most direct way to prove it would be to build a huge particle collider and detect strings vibrating at higher frequencies. In string theory all the standard model particles are strings vibrating at the lowest possible energy (making them fundamentally massless, their apparently differing, non-zero masses being a consequence of the Higgs mechanism) but if we smash some particles together with a lot of energy we could create string vibrating in the higher energy modes. The number of higher energy modes, their masses, their spins and so on are all determined by general stringy calculations, very much like how we can prove quantum mechanics by calculating and measuring the energy levels of a hydrogen atom.

The problem is that these excited string states require a huge amount of energy to produce, way, way more than our colliders can make, and you would really need to produce multiple higher excited states to prove ST this way: if you only had one very high energy set of particles, that could just be like a second generation of particles, what makes string theory unique is the way you get higher and higher energy levels, with exponentially more states at higher levels (the actual number of states at each level is a bit complicated, but asymptotically you can show it grows exponentially).

This is completely impractical -- you would need a galaxy long collider to have enough energy, or something like that.

So one must turn to more indirect experiments. I won't detail these in this comment, I just wanted to point out that the claim that string theory is *fundamentally* untestable is not true, it's just that *direct* tests are impractical.","&lt;div class=""md""&gt;&lt;p&gt;The most direct way to prove it would be to build a huge particle collider and detect strings vibrating at higher frequencies. In string theory all the standard model particles are strings vibrating at the lowest possible energy (making them fundamentally massless, their apparently differing, non-zero masses being a consequence of the Higgs mechanism) but if we smash some particles together with a lot of energy we could create string vibrating in the higher energy modes. The number of higher energy modes, their masses, their spins and so on are all determined by general stringy calculations, very much like how we can prove quantum mechanics by calculating and measuring the energy levels of a hydrogen atom.&lt;/p&gt;

&lt;p&gt;The problem is that these excited string states require a huge amount of energy to produce, way, way more than our colliders can make, and you would really need to produce multiple higher excited states to prove ST this way: if you only had one very high energy set of particles, that could just be like a second generation of particles, what makes string theory unique is the way you get higher and higher energy levels, with exponentially more states at higher levels (the actual number of states at each level is a bit complicated, but asymptotically you can show it grows exponentially).&lt;/p&gt;

&lt;p&gt;This is completely impractical -- you would need a galaxy long collider to have enough energy, or something like that.&lt;/p&gt;

&lt;p&gt;So one must turn to more indirect experiments. I won&amp;#39;t detail these in this comment, I just wanted to point out that the claim that string theory is &lt;em&gt;fundamentally&lt;/em&gt; untestable is not true, it&amp;#39;s just that &lt;em&gt;direct&lt;/em&gt; tests are impractical.&lt;/p&gt;
&lt;/div&gt;",False,False,False,,,,,0,1714060614.0,1714060614.0,0,,0,False,0,{},l17ui5e,False,,t3_1ccra2p,False,,,,[],t1_l17ui5e,True,,t3_1ccra2p,/r/AskPhysics/comments/1ccra2p/what_kind_of_an_experiment_would_we_require_to/l17ui5e/,,"{'kind': 'Listing', 'data': {'after': None, 'dist': None, 'modhash': None, 'geo_filter': '', 'children': [{'kind': 't1', 'data': {'subreddit_id': 't5_2sumo', 'approved_at_utc': None, 'author_is_blocked': False, 'comment_type': None, 'awarders': [], 'mod_reason_by': None, 'banned_by': None, 'author_flair_type': 'text', 'total_awards_received': 0, 'subreddit': 'AskPhysics', 'author_flair_template_id': None, 'likes': None, 'replies': '', 'user_reports': [], 'saved': False, 'id': 'l18hhay', 'banned_at_utc': None, 'mod_reason_title': None, 'gilded': 0, 'archived': False, 'collapsed_reason_code': None, 'no_follow': True, 'author': 'Odd_Bodkin', 'can_mod_post': False, 'created_utc': 1714070816.0, 'send_replies': True, 'parent_id': 't1_l17ui5e', 'score': 8, 'author_fullname': 't2_ic8an', 'removal_reason': None, 'approved_by': None, 'mod_note': None, 'all_awardings': [], 'body': ""Your last paragraph is worth commenting on further. There's a grey area where the viability of a theory (which requires it to have testable predictions) may be assessed on whether *reasonably feasible* experiments could be done. This is why the Higg boson prediction was a decent theory. Though it was unrealistic to expect that accelerators at the time would be able to produce a separable signal, it was foreseeable that a machine like the SSC or LHC would be built within a generation or so where it would be reasonable experiment to run. You can say the same thing about Pauli's neutrino hypothesis, or Einstein's gravitational waves. But when the experiment you'd need is a solar-system-sized accelerator, that's when you start to ask whether this is a viably testable theory. The art of finding *accessible* experiments is thus a beautiful pursuit, and it's also why we sometimes rely on nature itself to be the machine we cannot make."", 'edited': False, 'top_awarded_type': None, 'author_flair_css_class': None, 'name': 't1_l18hhay', 'is_submitter': False, 'downs': 0, 'author_flair_richtext': [], 'author_patreon_flair': False, 'body_html': '&lt;div class=""md""&gt;&lt;p&gt;Your last paragraph is worth commenting on further. There&amp;#39;s a grey area where the viability of a theory (which requires it to have testable predictions) may be assessed on whether &lt;em&gt;reasonably feasible&lt;/em&gt; experiments could be done. This is why the Higg boson prediction was a decent theory. Though it was unrealistic to expect that accelerators at the time would be able to produce a separable signal, it was foreseeable that a machine like the SSC or LHC would be built within a generation or so where it would be reasonable experiment to run. You can say the same thing about Pauli&amp;#39;s neutrino hypothesis, or Einstein&amp;#39;s gravitational waves. But when the experiment you&amp;#39;d need is a solar-system-sized accelerator, that&amp;#39;s when you start to ask whether this is a viably testable theory. The art of finding &lt;em&gt;accessible&lt;/em&gt; experiments is thus a beautiful pursuit, and it&amp;#39;s also why we sometimes rely on nature itself to be the machine we cannot make.&lt;/p&gt;\n&lt;/div&gt;', 'gildings': {}, 'collapsed_reason': None, 'distinguished': None, 'associated_award': None, 'stickied': False, 'author_premium': False, 'can_gild': False, 'link_id': 't3_1ccra2p', 'unrepliable_reason': None, 'author_flair_text_color': None, 'score_hidden': False, 'permalink': '/r/AskPhysics/comments/1ccra2p/what_kind_of_an_experiment_would_we_require_to/l18hhay/', 'subreddit_type': 'public', 'locked': False, 'report_reasons': None, 'created': 1714070816.0, 'author_flair_text': None, 'treatment_tags': [], 'collapsed': False, 'subreddit_name_prefixed': 'r/AskPhysics', 'controversiality': 0, 'depth': 1, 'author_flair_background_color': None, 'collapsed_because_crowd_control': None, 'mod_reports': [], 'num_reports': None, 'ups': 8}}], 'before': None}}",,False,8,False,True,False,AskPhysics,t5_2sumo,r/AskPhysics,public,,0,[],,8,[],t1
data_1,[],,,False,,Frederf220,,,[],,,,text,t2_ro01a,False,False,False,[],,,String theory is the healing crystals of physics. It's not valid.,"&lt;div class=""md""&gt;&lt;p&gt;String theory is the healing crystals of physics. It&amp;#39;s not valid.&lt;/p&gt;
&lt;/div&gt;",False,False,True,,comment score below threshold,LOW_SCORE,,0,1714084868.0,1714084868.0,0,,0,False,0,{},l19leyc,False,,t3_1ccra2p,False,,,,[],t1_l19leyc,True,,t3_1ccra2p,/r/AskPhysics/comments/1ccra2p/what_kind_of_an_experiment_would_we_require_to/l19leyc/,,"{'kind': 'Listing', 'data': {'after': None, 'dist': None, 'modhash': None, 'geo_filter': '', 'children': [{'kind': 't1', 'data': {'subreddit_id': 't5_2sumo', 'approved_at_utc': None, 'author_is_blocked': False, 'comment_type': None, 'awarders': [], 'mod_reason_by': None, 'banned_by': None, 'author_flair_type': 'text', 'total_awards_received': 0, 'subreddit': 'AskPhysics', 'author_flair_template_id': None, 'likes': None, 'replies': {'kind': 'Listing', 'data': {'after': None, 'dist': None, 'modhash': None, 'geo_filter': '', 'children': [{'kind': 't1', 'data': {'subreddit_id': 't5_2sumo', 'approved_at_utc': None, 'author_is_blocked': False, 'comment_type': None, 'awarders': [], 'mod_reason_by': None, 'banned_by': None, 'author_flair_type': 'text', 'total_awards_received': 0, 'subreddit': 'AskPhysics', 'author_flair_template_id': None, 'likes': None, 'replies': {'kind': 'Listing', 'data': {'after': None, 'dist': None, 'modhash': None, 'geo_filter': '', 'children': [{'kind': 't1', 'data': {'subreddit_id': 't5_2sumo', 'approved_at_utc': None, 'author_is_blocked': False, 'comment_type': None, 'awarders': [], 'mod_reason_by': None, 'banned_by': None, 'author_flair_type': 'text', 'total_awards_received': 0, 'subreddit': 'AskPhysics', 'author_flair_template_id': None, 'likes': None, 'replies': {'kind': 'Listing', 'data': {'after': None, 'dist': None, 'modhash': None, 'geo_filter': '', 'children': [{'kind': 't1', 'data': {'subreddit_id': 't5_2sumo', 'approved_at_utc': None, 'author_is_blocked': False, 'comment_type': None, 'awarders': [], 'mod_reason_by': None, 'banned_by': None, 'author_flair_type': 'text', 'total_awards_received': 0, 'subreddit': 'AskPhysics', 'author_flair_template_id': None, 'distinguished': None, 'likes': None, 'replies': '', 'user_reports': [], 'saved': False, 'id': 'l1fxbb5', 'banned_at_utc': None, 'mod_reason_title': None, 'gilded': 0, 'archived': False, 'collapsed_reason_code': None, 'no_follow': True, 'author': 'Frederf220', 'can_mod_post': False, 'send_replies': True, 'parent_id': 't1_l1fwy9i', 'score': 1, 'author_fullname': 't2_ro01a', 'removal_reason': None, 'approved_by': None, 'mod_note': None, 'all_awardings': [], 'body': 'A little hyperbole', 'edited': False, 'author_flair_css_class': None, 'name': 't1_l1fxbb5', 'is_submitter': False, 'downs': 0, 'author_flair_richtext': [], 'author_patreon_flair': False, 'body_html': '&lt;div class=""md""&gt;&lt;p&gt;A little hyperbole&lt;/p&gt;\n&lt;/div&gt;', 'gildings': {}, 'collapsed_reason': None, 'link_id': 't3_1ccra2p', 'associated_award': None, 'stickied': False, 'author_premium': False, 'can_gild': False, 'top_awarded_type': None, 'unrepliable_reason': None, 'author_flair_text_color': None, 'treatment_tags': [], 'score_hidden': False, 'permalink': '/r/AskPhysics/comments/1ccra2p/what_kind_of_an_experiment_would_we_require_to/l1fxbb5/', 'subreddit_type': 'public', 'locked': False, 'report_reasons': None, 'created': 1714181958.0, 'author_flair_text': None, 'collapsed': False, 'created_utc': 1714181958.0, 'subreddit_name_prefixed': 'r/AskPhysics', 'controversiality': 0, 'depth': 4, 'author_flair_background_color': None, 'collapsed_because_crowd_control': None, 'mod_reports': [], 'num_reports': None, 'ups': 1}}], 'before': None}}, 'user_reports': [], 'saved': False, 'id': 'l1fwy9i', 'banned_at_utc': None, 'mod_reason_title': None, 'gilded': 0, 'archived': False, 'collapsed_reason_code': None, 'no_follow': True, 'author': 'LiquidCoal', 'can_mod_post': False, 'send_replies': True, 'parent_id': 't1_l1fwga4', 'score': 2, 'author_fullname': 't2_12kths3r', 'removal_reason': None, 'approved_by': None, 'mod_note': None, 'all_awardings': [], 'collapsed': False, 'body': 'Even so, that is a weird comparison with healing crystals. Perhaps a &amp;ldquo;dead end&amp;rdquo; would more be more appropriate.\n\n[Edit: changed &amp;ldquo;dead end of physics&amp;rdquo; to &amp;ldquo;dead end&amp;rdquo; because the former was worded in a way which can be unintentionally understood as deriding physics in a way that is not valid. String theory being a dead end is my intention. Being a dead end of physics itself was absolutely not the intended meaning.]', 'edited': 1714182257.0, 'top_awarded_type': None, 'author_flair_css_class': None, 'name': 't1_l1fwy9i', 'is_submitter': False, 'downs': 0, 'author_flair_richtext': [], 'author_patreon_flair': False, 'body_html': '&lt;div class=""md""&gt;&lt;p&gt;Even so, that is a weird comparison with healing crystals. Perhaps a &amp;ldquo;dead end&amp;rdquo; would more be more appropriate.&lt;/p&gt;\n\n&lt;p&gt;[Edit: changed &amp;ldquo;dead end of physics&amp;rdquo; to &amp;ldquo;dead end&amp;rdquo; because the former was worded in a way which can be unintentionally understood as deriding physics in a way that is not valid. String theory being a dead end is my intention. Being a dead end of physics itself was absolutely not the intended meaning.]&lt;/p&gt;\n&lt;/div&gt;', 'gildings': {}, 'collapsed_reason': None, 'distinguished': None, 'associated_award': None, 'stickied': False, 'author_premium': False, 'can_gild': False, 'link_id': 't3_1ccra2p', 'unrepliable_reason': None, 'author_flair_text_color': None, 'score_hidden': False, 'permalink': '/r/AskPhysics/comments/1ccra2p/what_kind_of_an_experiment_would_we_require_to/l1fwy9i/', 'subreddit_type': 'public', 'locked': False, 'report_reasons': None, 'created': 1714181802.0, 'author_flair_text': None, 'treatment_tags': [], 'created_utc': 1714181802.0, 'subreddit_name_prefixed': 'r/AskPhysics', 'controversiality': 0, 'depth': 3, 'author_flair_background_color': None, 'collapsed_because_crowd_control': None, 'mod_reports': [], 'num_reports': None, 'ups': 2}}], 'before': None}}, 'user_reports': [], 'saved': False, 'id': 'l1fwga4', 'banned_at_utc': None, 'mod_reason_title': None, 'gilded': 0, 'archived': False, 'collapsed_reason_code': None, 'no_follow': True, 'author': 'Frederf220', 'can_mod_post': False, 'send_replies': True, 'parent_id': 't1_l1axro3', 'score': 1, 'author_fullname': 't2_ro01a', 'removal_reason': None, 'approved_by': None, 'mod_note': None, 'all_awardings': [], 'body': ""It's nonsense. It's not going anywhere. It had a long time to do so and didn't."", 'edited': False, 'top_awarded_type': None, 'downs': 0, 'author_flair_css_class': None, 'name': 't1_l1fwga4', 'is_submitter': False, 'collapsed': False, 'author_flair_richtext': [], 'author_patreon_flair': False, 'body_html': '&lt;div class=""md""&gt;&lt;p&gt;It&amp;#39;s nonsense. It&amp;#39;s not going anywhere. It had a long time to do so and didn&amp;#39;t.&lt;/p&gt;\n&lt;/div&gt;', 'gildings': {}, 'collapsed_reason': None, 'distinguished': None, 'associated_award': None, 'stickied': False, 'author_premium': False, 'can_gild': False, 'link_id': 't3_1ccra2p', 'unrepliable_reason': None, 'author_flair_text_color': None, 'score_hidden': False, 'permalink': '/r/AskPhysics/comments/1ccra2p/what_kind_of_an_experiment_would_we_require_to/l1fwga4/', 'subreddit_type': 'public', 'locked': False, 'report_reasons': None, 'created': 1714181591.0, 'author_flair_text': None, 'treatment_tags': [], 'created_utc': 1714181591.0, 'subreddit_name_prefixed': 'r/AskPhysics', 'controversiality': 0, 'depth': 2, 'author_flair_background_color': None, 'collapsed_because_crowd_control': None, 'mod_reports': [], 'num_reports': None, 'ups': 1}}], 'before': None}}, 'user_reports': [], 'saved': False, 'id': 'l1axro3', 'banned_at_utc': None, 'mod_reason_title': None, 'gilded': 0, 'archived': False, 'collapsed_reason_code': None, 'no_follow': True, 'author': 'LiquidCoal', 'can_mod_post': False, 'created_utc': 1714103939.0, 'send_replies': True, 'parent_id': 't1_l19leyc', 'score': 3, 'author_fullname': 't2_12kths3r', 'removal_reason': None, 'approved_by': None, 'mod_note': None, 'all_awardings': [], 'body': 'The hope is that someday it will make feasibly testable predictions. It is a work in progress for which a complete, testable theory is the end goal. Regardless of how realistic that goal is, it is not peudoscience. At the absolute worst, you could call it *ascientific* in its current state, but comparing it to peudoscience is simply wrong.', 'edited': False, 'top_awarded_type': None, 'author_flair_css_class': None, 'name': 't1_l1axro3', 'is_submitter': False, 'downs': 0, 'author_flair_richtext': [], 'author_patreon_flair': False, 'body_html': '&lt;div class=""md""&gt;&lt;p&gt;The hope is that someday it will make feasibly testable predictions. It is a work in progress for which a complete, testable theory is the end goal. Regardless of how realistic that goal is, it is not peudoscience. At the absolute worst, you could call it &lt;em&gt;ascientific&lt;/em&gt; in its current state, but comparing it to peudoscience is simply wrong.&lt;/p&gt;\n&lt;/div&gt;', 'gildings': {}, 'collapsed_reason': None, 'distinguished': None, 'associated_award': None, 'stickied': False, 'author_premium': False, 'can_gild': False, 'link_id': 't3_1ccra2p', 'unrepliable_reason': None, 'author_flair_text_color': None, 'score_hidden': False, 'permalink': '/r/AskPhysics/comments/1ccra2p/what_kind_of_an_experiment_would_we_require_to/l1axro3/', 'subreddit_type': 'public', 'locked': False, 'report_reasons': None, 'created': 1714103939.0, 'author_flair_text': None, 'treatment_tags': [], 'collapsed': False, 'subreddit_name_prefixed': 'r/AskPhysics', 'controversiality': 0, 'depth': 1, 'author_flair_background_color': None, 'collapsed_because_crowd_control': None, 'mod_reports': [], 'num_reports': None, 'ups': 3}}], 'before': None}}",,False,-5,False,True,False,AskPhysics,t5_2sumo,r/AskPhysics,public,,0,[],,-5,[],t1
data_2,[],,,False,,crolin,,,[],,,,text,t2_4hd7p,False,False,False,[],,,"The ideas of string theory seem pretty integral to QCD at the moment. Experiments are important of course, but the broader question of is there any validity to the theory seems fairly settled (knocks on wood). Even if we can model everything in 4d, 5d space is being used as an imaginary dimension, and those ideas are linked to ""string theory."" What's more interesting is how many dimensions are necessary for the thing to work.","&lt;div class=""md""&gt;&lt;p&gt;The ideas of string theory seem pretty integral to QCD at the moment. Experiments are important of course, but the broader question of is there any validity to the theory seems fairly settled (knocks on wood). Even if we can model everything in 4d, 5d space is being used as an imaginary dimension, and those ideas are linked to &amp;quot;string theory.&amp;quot; What&amp;#39;s more interesting is how many dimensions are necessary for the thing to work.&lt;/p&gt;
&lt;/div&gt;",False,False,False,,,,,0,1714104499.0,1714104499.0,0,,0,False,0,{},l1ayx2h,False,,t3_1ccra2p,False,,,,[],t1_l1ayx2h,True,,t3_1ccra2p,/r/AskPhysics/comments/1ccra2p/what_kind_of_an_experiment_would_we_require_to/l1ayx2h/,,"{'kind': 'Listing', 'data': {'after': None, 'dist': None, 'modhash': None, 'geo_filter': '', 'children': [{'kind': 't1', 'data': {'subreddit_id': 't5_2sumo', 'approved_at_utc': None, 'author_is_blocked': False, 'comment_type': None, 'awarders': [], 'mod_reason_by': None, 'banned_by': None, 'author_flair_type': 'text', 'total_awards_received': 0, 'subreddit': 'AskPhysics', 'author_flair_template_id': None, 'likes': None, 'replies': {'kind': 'Listing', 'data': {'after': None, 'dist': None, 'modhash': None, 'geo_filter': '', 'children': [{'kind': 't1', 'data': {'subreddit_id': 't5_2sumo', 'approved_at_utc': None, 'author_is_blocked': False, 'comment_type': None, 'awarders': [], 'mod_reason_by': None, 'banned_by': None, 'author_flair_type': 'text', 'total_awards_received': 0, 'subreddit': 'AskPhysics', 'author_flair_template_id': None, 'likes': None, 'replies': {'kind': 'Listing', 'data': {'after': None, 'dist': None, 'modhash': None, 'geo_filter': '', 'children': [{'kind': 't1', 'data': {'subreddit_id': 't5_2sumo', 'approved_at_utc': None, 'author_is_blocked': False, 'comment_type': None, 'awarders': [], 'mod_reason_by': None, 'banned_by': None, 'author_flair_type': 'text', 'total_awards_received': 0, 'subreddit': 'AskPhysics', 'author_flair_template_id': None, 'likes': None, 'replies': {'kind': 'Listing', 'data': {'after': None, 'dist': None, 'modhash': None, 'geo_filter': '', 'children': [{'kind': 't1', 'data': {'subreddit_id': 't5_2sumo', 'approved_at_utc': None, 'author_is_blocked': False, 'comment_type': None, 'awarders': [], 'mod_reason_by': None, 'banned_by': None, 'author_flair_type': 'text', 'total_awards_received': 0, 'subreddit': 'AskPhysics', 'author_flair_template_id': None, 'distinguished': None, 'likes': None, 'replies': {'kind': 'Listing', 'data': {'after': None, 'dist': None, 'modhash': None, 'geo_filter': '', 'children': [{'kind': 't1', 'data': {'subreddit_id': 't5_2sumo', 'approved_at_utc': None, 'author_is_blocked': False, 'comment_type': None, 'awarders': [], 'mod_reason_by': None, 'banned_by': None, 'author_flair_type': 'text', 'total_awards_received': 0, 'subreddit': 'AskPhysics', 'author_flair_template_id': None, 'distinguished': None, 'likes': None, 'replies': {'kind': 'Listing', 'data': {'after': None, 'dist': None, 'modhash': None, 'geo_filter': '', 'children': [{'kind': 't1', 'data': {'subreddit_id': 't5_2sumo', 'approved_at_utc': None, 'author_is_blocked': False, 'comment_type': None, 'awarders': [], 'mod_reason_by': None, 'banned_by': None, 'author_flair_type': 'text', 'total_awards_received': 0, 'subreddit': 'AskPhysics', 'author_flair_template_id': None, 'distinguished': None, 'likes': None, 'replies': '', 'user_reports': [], 'saved': False, 'id': 'l1b8l7e', 'banned_at_utc': None, 'mod_reason_title': None, 'gilded': 0, 'archived': False, 'collapsed_reason_code': None, 'no_follow': True, 'author': 'crolin', 'can_mod_post': False, 'send_replies': True, 'parent_id': 't1_l1b8fro', 'score': -1, 'author_fullname': 't2_4hd7p', 'approved_by': None, 'mod_note': None, 'all_awardings': [], 'collapsed': False, 'body': 'I would read some epistemology. I am not sure yours does you much credit', 'edited': False, 'gildings': {}, 'author_flair_css_class': None, 'name': 't1_l1b8l7e', 'is_submitter': False, 'downs': 0, 'author_flair_richtext': [], 'author_patreon_flair': False, 'body_html': '&lt;div class=""md""&gt;&lt;p&gt;I would read some epistemology. I am not sure yours does you much credit&lt;/p&gt;\n&lt;/div&gt;', 'removal_reason': None, 'collapsed_reason': None, 'link_id': 't3_1ccra2p', 'associated_award': None, 'stickied': False, 'author_premium': False, 'can_gild': False, 'top_awarded_type': None, 'unrepliable_reason': None, 'author_flair_text_color': None, 'score_hidden': False, 'permalink': '/r/AskPhysics/comments/1ccra2p/what_kind_of_an_experiment_would_we_require_to/l1b8l7e/', 'subreddit_type': 'public', 'locked': False, 'report_reasons': None, 'created': 1714109749.0, 'author_flair_text': None, 'treatment_tags': [], 'created_utc': 1714109749.0, 'subreddit_name_prefixed': 'r/AskPhysics', 'controversiality': 0, 'depth': 6, 'author_flair_background_color': None, 'collapsed_because_crowd_control': None, 'mod_reports': [], 'num_reports': None, 'ups': -1}}], 'before': None}}, 'user_reports': [], 'saved': False, 'id': 'l1b8fro', 'banned_at_utc': None, 'mod_reason_title': None, 'gilded': 0, 'archived': False, 'collapsed_reason_code': None, 'no_follow': True, 'author': 'LiquidCoal', 'can_mod_post': False, 'send_replies': True, 'parent_id': 't1_l1b4f2e', 'score': 3, 'author_fullname': 't2_12kths3r', 'approved_by': None, 'mod_note': None, 'all_awardings': [], 'body': '&gt;A theory is nothing but a collection of ideas and tools.\n\nBut that loses the very meaning of a scientific theory.', 'edited': False, 'gildings': {}, 'downs': 0, 'author_flair_css_class': None, 'name': 't1_l1b8fro', 'is_submitter': False, 'collapsed': False, 'author_flair_richtext': [], 'author_patreon_flair': False, 'body_html': '&lt;div class=""md""&gt;&lt;blockquote&gt;\n&lt;p&gt;A theory is nothing but a collection of ideas and tools.&lt;/p&gt;\n&lt;/blockquote&gt;\n\n&lt;p&gt;But that loses the very meaning of a scientific theory.&lt;/p&gt;\n&lt;/div&gt;', 'removal_reason': None, 'collapsed_reason': None, 'link_id': 't3_1ccra2p', 'associated_award': None, 'stickied': False, 'author_premium': False, 'can_gild': False, 'top_awarded_type': None, 'unrepliable_reason': None, 'author_flair_text_color': None, 'score_hidden': False, 'permalink': '/r/AskPhysics/comments/1ccra2p/what_kind_of_an_experiment_would_we_require_to/l1b8fro/', 'subreddit_type': 'public', 'locked': False, 'report_reasons': None, 'created': 1714109657.0, 'author_flair_text': None, 'treatment_tags': [], 'created_utc': 1714109657.0, 'subreddit_name_prefixed': 'r/AskPhysics', 'controversiality': 0, 'depth': 5, 'author_flair_background_color': None, 'collapsed_because_crowd_control': None, 'mod_reports': [], 'num_reports': None, 'ups': 3}}], 'before': None}}, 'user_reports': [], 'saved': False, 'id': 'l1b4f2e', 'banned_at_utc': None, 'mod_reason_title': None, 'gilded': 0, 'archived': False, 'collapsed_reason_code': None, 'no_follow': True, 'author': 'crolin', 'can_mod_post': False, 'send_replies': True, 'parent_id': 't1_l1b3xbp', 'score': -2, 'author_fullname': 't2_4hd7p', 'removal_reason': None, 'approved_by': None, 'mod_note': None, 'all_awardings': [], 'body': 'A theory is nothing but a collection of ideas and tools. You are being weird', 'edited': False, 'author_flair_css_class': None, 'name': 't1_l1b4f2e', 'is_submitter': False, 'downs': 0, 'author_flair_richtext': [], 'author_patreon_flair': False, 'body_html': '&lt;div class=""md""&gt;&lt;p&gt;A theory is nothing but a collection of ideas and tools. You are being weird&lt;/p&gt;\n&lt;/div&gt;', 'gildings': {}, 'collapsed_reason': None, 'link_id': 't3_1ccra2p', 'associated_award': None, 'stickied': False, 'author_premium': False, 'can_gild': False, 'top_awarded_type': None, 'unrepliable_reason': None, 'author_flair_text_color': None, 'treatment_tags': [], 'score_hidden': False, 'permalink': '/r/AskPhysics/comments/1ccra2p/what_kind_of_an_experiment_would_we_require_to/l1b4f2e/', 'subreddit_type': 'public', 'locked': False, 'report_reasons': None, 'created': 1714107317.0, 'author_flair_text': None, 'collapsed': False, 'created_utc': 1714107317.0, 'subreddit_name_prefixed': 'r/AskPhysics', 'controversiality': 0, 'depth': 4, 'author_flair_background_color': None, 'collapsed_because_crowd_control': None, 'mod_reports': [], 'num_reports': None, 'ups': -2}}], 'before': None}}, 'user_reports': [], 'saved': False, 'id': 'l1b3xbp', 'banned_at_utc': None, 'mod_reason_title': None, 'gilded': 0, 'archived': False, 'collapsed_reason_code': None, 'no_follow': True, 'author': 'LiquidCoal', 'can_mod_post': False, 'send_replies': True, 'parent_id': 't1_l1b2a1s', 'score': 4, 'author_fullname': 't2_12kths3r', 'removal_reason': None, 'approved_by': None, 'mod_note': None, 'all_awardings': [], 'collapsed': False, 'body': 'Just because some methods and mathematical insights developed in the context of string theory find use elsewhere (and there are many examples of this all over the place) does not comment on string theory as a theory itself.', 'edited': False, 'top_awarded_type': None, 'author_flair_css_class': None, 'name': 't1_l1b3xbp', 'is_submitter': False, 'downs': 0, 'author_flair_richtext': [], 'author_patreon_flair': False, 'body_html': '&lt;div class=""md""&gt;&lt;p&gt;Just because some methods and mathematical insights developed in the context of string theory find use elsewhere (and there are many examples of this all over the place) does not comment on string theory as a theory itself.&lt;/p&gt;\n&lt;/div&gt;', 'gildings': {}, 'collapsed_reason': None, 'distinguished': None, 'associated_award': None, 'stickied': False, 'author_premium': False, 'can_gild': False, 'link_id': 't3_1ccra2p', 'unrepliable_reason': None, 'author_flair_text_color': None, 'score_hidden': False, 'permalink': '/r/AskPhysics/comments/1ccra2p/what_kind_of_an_experiment_would_we_require_to/l1b3xbp/', 'subreddit_type': 'public', 'locked': False, 'report_reasons': None, 'created': 1714107047.0, 'author_flair_text': None, 'treatment_tags': [], 'created_utc': 1714107047.0, 'subreddit_name_prefixed': 'r/AskPhysics', 'controversiality': 0, 'depth': 3, 'author_flair_background_color': None, 'collapsed_because_crowd_control': None, 'mod_reports': [], 'num_reports': None, 'ups': 4}}], 'before': None}}, 'user_reports': [], 'saved': False, 'id': 'l1b2a1s', 'banned_at_utc': None, 'mod_reason_title': None, 'gilded': 0, 'archived': False, 'collapsed_reason_code': None, 'no_follow': True, 'author': 'crolin', 'can_mod_post': False, 'send_replies': True, 'parent_id': 't1_l1b07e5', 'score': -2, 'author_fullname': 't2_4hd7p', 'removal_reason': None, 'approved_by': None, 'mod_note': None, 'all_awardings': [], 'body': 'Are the insights that Newton had about gravity invalidated by general relativity? I would argue neither is ""true"" but rather they are stepping stones of useful ideas and math tools. I don\'t think we could ever get to a useful solution to QCD without the ideas and tools of string theory, and some of the solutions being tested could be called the original gangster string theory, though none are exactly what I learned about in college years ago. It\'s like people think of competing athletes or something. Did my guy win?', 'edited': False, 'top_awarded_type': None, 'downs': 0, 'author_flair_css_class': None, 'name': 't1_l1b2a1s', 'is_submitter': False, 'collapsed': False, 'author_flair_richtext': [], 'author_patreon_flair': False, 'body_html': '&lt;div class=""md""&gt;&lt;p&gt;Are the insights that Newton had about gravity invalidated by general relativity? I would argue neither is &amp;quot;true&amp;quot; but rather they are stepping stones of useful ideas and math tools. I don&amp;#39;t think we could ever get to a useful solution to QCD without the ideas and tools of string theory, and some of the solutions being tested could be called the original gangster string theory, though none are exactly what I learned about in college years ago. It&amp;#39;s like people think of competing athletes or something. Did my guy win?&lt;/p&gt;\n&lt;/div&gt;', 'gildings': {}, 'collapsed_reason': None, 'distinguished': None, 'associated_award': None, 'stickied': False, 'author_premium': False, 'can_gild': False, 'link_id': 't3_1ccra2p', 'unrepliable_reason': None, 'author_flair_text_color': None, 'score_hidden': False, 'permalink': '/r/AskPhysics/comments/1ccra2p/what_kind_of_an_experiment_would_we_require_to/l1b2a1s/', 'subreddit_type': 'public', 'locked': False, 'report_reasons': None, 'created': 1714106175.0, 'author_flair_text': None, 'treatment_tags': [], 'created_utc': 1714106175.0, 'subreddit_name_prefixed': 'r/AskPhysics', 'controversiality': 0, 'depth': 2, 'author_flair_background_color': None, 'collapsed_because_crowd_control': None, 'mod_reports': [], 'num_reports': None, 'ups': -2}}], 'before': None}}, 'user_reports': [], 'saved': False, 'id': 'l1b07e5', 'banned_at_utc': None, 'mod_reason_title': None, 'gilded': 0, 'archived': False, 'collapsed_reason_code': None, 'no_follow': True, 'author': 'LiquidCoal', 'can_mod_post': False, 'created_utc': 1714105132.0, 'send_replies': True, 'parent_id': 't1_l1ayx2h', 'score': 5, 'author_fullname': 't2_12kths3r', 'removal_reason': None, 'approved_by': None, 'mod_note': None, 'all_awardings': [], 'body': 'What?', 'edited': False, 'top_awarded_type': None, 'author_flair_css_class': None, 'name': 't1_l1b07e5', 'is_submitter': False, 'downs': 0, 'author_flair_richtext': [], 'author_patreon_flair': False, 'body_html': '&lt;div class=""md""&gt;&lt;p&gt;What?&lt;/p&gt;\n&lt;/div&gt;', 'gildings': {}, 'collapsed_reason': None, 'distinguished': None, 'associated_award': None, 'stickied': False, 'author_premium': False, 'can_gild': False, 'link_id': 't3_1ccra2p', 'unrepliable_reason': None, 'author_flair_text_color': None, 'score_hidden': False, 'permalink': '/r/AskPhysics/comments/1ccra2p/what_kind_of_an_experiment_would_we_require_to/l1b07e5/', 'subreddit_type': 'public', 'locked': False, 'report_reasons': None, 'created': 1714105132.0, 'author_flair_text': None, 'treatment_tags': [], 'collapsed': False, 'subreddit_name_prefixed': 'r/AskPhysics', 'controversiality': 0, 'depth': 1, 'author_flair_background_color': None, 'collapsed_because_crowd_control': None, 'mod_reports': [], 'num_reports': None, 'ups': 5}}], 'before': None}}",,False,-1,False,True,False,AskPhysics,t5_2sumo,r/AskPhysics,public,,0,[],,-1,[],t1
