,all_awardings,approved_at_utc,approved_by,archived,associated_award,author,author_flair_background_color,author_flair_css_class,author_flair_richtext,author_flair_template_id,author_flair_text,author_flair_text_color,author_flair_type,author_fullname,author_is_blocked,author_patreon_flair,author_premium,awarders,banned_at_utc,banned_by,body,body_html,can_gild,can_mod_post,collapsed,collapsed_because_crowd_control,collapsed_reason,collapsed_reason_code,comment_type,controversiality,created,created_utc,depth,distinguished,downs,edited,gilded,gildings,id,is_submitter,likes,link_id,locked,mod_note,mod_reason_by,mod_reason_title,mod_reports,name,no_follow,num_reports,parent_id,permalink,removal_reason,replies,report_reasons,saved,score,score_hidden,send_replies,stickied,subreddit,subreddit_id,subreddit_name_prefixed,subreddit_type,top_awarded_type,total_awards_received,treatment_tags,unrepliable_reason,ups,user_reports,kind
data,[],,,False,,Scrungyboi,,,[],,,,text,t2_dz133woz,False,False,False,[],,,"If a is directly proportional to b, then b must be directly proportional to a. In other words yes both answers are correct.","&lt;div class=""md""&gt;&lt;p&gt;If a is directly proportional to b, then b must be directly proportional to a. In other words yes both answers are correct.&lt;/p&gt;
&lt;/div&gt;",False,False,False,,,,,0,1713947173.0,1713947173.0,0,,0,False,0,{},l10lvkb,False,,t3_1cbsvq3,False,,,,[],t1_l10lvkb,True,,t3_1cbsvq3,/r/AskPhysics/comments/1cbsvq3/photoelectric_effect_high_school/l10lvkb/,,,,False,3,False,True,False,AskPhysics,t5_2sumo,r/AskPhysics,public,,0,[],,3,[],t1
data_1,[],,,False,,JK0zero,,pf,[],7a6d41a4-c6b2-11e4-a859-22000b6e00bb,Nuclear physics,dark,text,t2_rgd78vne3,False,False,False,[],,,"Mathematically, both answers are correct. However, physically I would argue that your answer is better than the ""given answer"" because the frequency of the light shining on the metal and producing the photoelectrons is the *independent variable* that can be controlled, whereas the stopping potential is the *dependent variable*.","&lt;div class=""md""&gt;&lt;p&gt;Mathematically, both answers are correct. However, physically I would argue that your answer is better than the &amp;quot;given answer&amp;quot; because the frequency of the light shining on the metal and producing the photoelectrons is the &lt;em&gt;independent variable&lt;/em&gt; that can be controlled, whereas the stopping potential is the &lt;em&gt;dependent variable&lt;/em&gt;.&lt;/p&gt;
&lt;/div&gt;",False,False,False,,,,,0,1713991808.0,1713991808.0,0,,0,False,0,{},l13p16g,False,,t3_1cbsvq3,False,,,,[],t1_l13p16g,True,,t3_1cbsvq3,/r/AskPhysics/comments/1cbsvq3/photoelectric_effect_high_school/l13p16g/,,,,False,1,False,True,False,AskPhysics,t5_2sumo,r/AskPhysics,public,,0,[],,1,[],t1
data_2,[],,,False,,Maleficent-Salad3197,,,[],,,,text,t2_hs2id8r35,False,False,False,[],,,Einstein got his Nobel for it. Or rather his unhappy wife did.,"&lt;div class=""md""&gt;&lt;p&gt;Einstein got his Nobel for it. Or rather his unhappy wife did.&lt;/p&gt;
&lt;/div&gt;",False,False,False,,,,,0,1714030682.0,1714030682.0,0,,0,False,0,{},l1642yf,False,,t3_1cbsvq3,False,,,,[],t1_l1642yf,True,,t3_1cbsvq3,/r/AskPhysics/comments/1cbsvq3/photoelectric_effect_high_school/l1642yf/,,,,False,1,False,True,False,AskPhysics,t5_2sumo,r/AskPhysics,public,,0,[],,1,[],t1
