,all_awardings,approved_at_utc,approved_by,archived,associated_award,author,author_flair_background_color,author_flair_css_class,author_flair_richtext,author_flair_template_id,author_flair_text,author_flair_text_color,author_flair_type,author_fullname,author_is_blocked,author_patreon_flair,author_premium,awarders,banned_at_utc,banned_by,body,body_html,can_gild,can_mod_post,collapsed,collapsed_because_crowd_control,collapsed_reason,collapsed_reason_code,comment_type,controversiality,created,created_utc,depth,distinguished,downs,edited,gilded,gildings,id,is_submitter,likes,link_id,locked,mod_note,mod_reason_by,mod_reason_title,mod_reports,name,no_follow,num_reports,parent_id,permalink,removal_reason,replies,report_reasons,saved,score,score_hidden,send_replies,stickied,subreddit,subreddit_id,subreddit_name_prefixed,subreddit_type,top_awarded_type,total_awards_received,treatment_tags,unrepliable_reason,ups,user_reports,kind
data,[],,,False,,MarinatedPickachu,,,[],,,,text,t2_bwdb8qqfj,False,False,False,[],,,"The light would fly away from you at the speed of light in your reference frame. But since the event horizon would recede from you faster than the speed of light, it would never leave the black hole.","&lt;div class=""md""&gt;&lt;p&gt;The light would fly away from you at the speed of light in your reference frame. But since the event horizon would recede from you faster than the speed of light, it would never leave the black hole.&lt;/p&gt;
&lt;/div&gt;",False,False,False,,,,,0,1713898298.0,1713898298.0,0,,0,False,0,{},l0xhi7b,False,,t3_1cbc4ro,False,,,,[],t1_l0xhi7b,False,,t3_1cbc4ro,/r/AskPhysics/comments/1cbc4ro/what_would_happen_to_observed_speed_of_light_in_a/l0xhi7b/,,,,False,18,False,True,False,AskPhysics,t5_2sumo,r/AskPhysics,public,,0,[],,18,[],t1
data_1,[],,,False,,wonkey_monkey,,,[],,,,text,t2_whgrg,False,False,False,[],,,"&gt; If you were to shine a flashlight oriented away from the center, what would you see?

On a small scale things would be normal - you could you use the light to read a book in your hand for example - but once you're beyond the event horizon there isn't really any such thing as ""away from the center."" Space and time sort of swap places inside a black hole and the erstwhile singularity becomes not a point in space but a moment in time. The outside is now the past, so you can still receive light from outside, but any light you emit, no matter what direction you point it in, goes into the future (which is what light on the outside does, too), where the singularity is. The only way to get light back out would be to shine it into the past, which is impossible.","&lt;div class=""md""&gt;&lt;blockquote&gt;
&lt;p&gt;If you were to shine a flashlight oriented away from the center, what would you see?&lt;/p&gt;
&lt;/blockquote&gt;

&lt;p&gt;On a small scale things would be normal - you could you use the light to read a book in your hand for example - but once you&amp;#39;re beyond the event horizon there isn&amp;#39;t really any such thing as &amp;quot;away from the center.&amp;quot; Space and time sort of swap places inside a black hole and the erstwhile singularity becomes not a point in space but a moment in time. The outside is now the past, so you can still receive light from outside, but any light you emit, no matter what direction you point it in, goes into the future (which is what light on the outside does, too), where the singularity is. The only way to get light back out would be to shine it into the past, which is impossible.&lt;/p&gt;
&lt;/div&gt;",False,False,False,,,,,0,1713898690.0,1713898690.0,0,,0,False,0,{},l0xiog5,False,,t3_1cbc4ro,False,,,,[],t1_l0xiog5,False,,t3_1cbc4ro,/r/AskPhysics/comments/1cbc4ro/what_would_happen_to_observed_speed_of_light_in_a/l0xiog5/,,,,False,14,False,True,False,AskPhysics,t5_2sumo,r/AskPhysics,public,,0,[],,14,[],t1
data_2,[],,,False,,JCPLee,,,[],,,,text,t2_tl50o06n,False,False,False,[],,,You will see it moving away at the speed of light. As you share the same reference frame your clocks are the same.,"&lt;div class=""md""&gt;&lt;p&gt;You will see it moving away at the speed of light. As you share the same reference frame your clocks are the same.&lt;/p&gt;
&lt;/div&gt;",False,False,False,,,,,0,1713903106.0,1713903106.0,0,,0,False,0,{},l0xw1h1,False,,t3_1cbc4ro,False,,,,[],t1_l0xw1h1,True,,t3_1cbc4ro,/r/AskPhysics/comments/1cbc4ro/what_would_happen_to_observed_speed_of_light_in_a/l0xw1h1/,,"{'kind': 'Listing', 'data': {'after': None, 'dist': None, 'modhash': None, 'geo_filter': '', 'children': [{'kind': 't1', 'data': {'subreddit_id': 't5_2sumo', 'approved_at_utc': None, 'author_is_blocked': False, 'comment_type': None, 'awarders': [], 'mod_reason_by': None, 'banned_by': None, 'author_flair_type': 'text', 'total_awards_received': 0, 'subreddit': 'AskPhysics', 'author_flair_template_id': None, 'likes': None, 'replies': {'kind': 'Listing', 'data': {'after': None, 'dist': None, 'modhash': None, 'geo_filter': '', 'children': [{'kind': 't1', 'data': {'subreddit_id': 't5_2sumo', 'approved_at_utc': None, 'author_is_blocked': False, 'comment_type': None, 'awarders': [], 'mod_reason_by': None, 'banned_by': None, 'author_flair_type': 'text', 'total_awards_received': 0, 'subreddit': 'AskPhysics', 'author_flair_template_id': None, 'likes': None, 'replies': {'kind': 'Listing', 'data': {'after': None, 'dist': None, 'modhash': None, 'geo_filter': '', 'children': [{'kind': 't1', 'data': {'subreddit_id': 't5_2sumo', 'approved_at_utc': None, 'author_is_blocked': False, 'comment_type': None, 'awarders': [], 'mod_reason_by': None, 'banned_by': None, 'author_flair_type': 'text', 'total_awards_received': 0, 'subreddit': 'AskPhysics', 'author_flair_template_id': None, 'likes': None, 'replies': {'kind': 'Listing', 'data': {'after': None, 'dist': None, 'modhash': None, 'geo_filter': '', 'children': [{'kind': 't1', 'data': {'subreddit_id': 't5_2sumo', 'approved_at_utc': None, 'author_is_blocked': False, 'comment_type': None, 'awarders': [], 'mod_reason_by': None, 'banned_by': None, 'author_flair_type': 'text', 'total_awards_received': 0, 'subreddit': 'AskPhysics', 'author_flair_template_id': None, 'distinguished': None, 'likes': None, 'replies': {'kind': 'Listing', 'data': {'after': None, 'dist': None, 'modhash': None, 'geo_filter': '', 'children': [{'kind': 't1', 'data': {'subreddit_id': 't5_2sumo', 'approved_at_utc': None, 'author_is_blocked': False, 'comment_type': None, 'awarders': [], 'mod_reason_by': None, 'banned_by': None, 'author_flair_type': 'text', 'total_awards_received': 0, 'subreddit': 'AskPhysics', 'author_flair_template_id': None, 'distinguished': None, 'likes': None, 'replies': {'kind': 'Listing', 'data': {'after': None, 'dist': None, 'modhash': None, 'geo_filter': '', 'children': [{'kind': 't1', 'data': {'subreddit_id': 't5_2sumo', 'approved_at_utc': None, 'author_is_blocked': False, 'comment_type': None, 'awarders': [], 'mod_reason_by': None, 'banned_by': None, 'author_flair_type': 'text', 'total_awards_received': 0, 'subreddit': 'AskPhysics', 'author_flair_template_id': None, 'distinguished': None, 'likes': None, 'replies': '', 'user_reports': [], 'saved': False, 'id': 'l13or6a', 'banned_at_utc': None, 'mod_reason_title': None, 'gilded': 0, 'archived': False, 'collapsed_reason_code': None, 'no_follow': True, 'author': 'JCPLee', 'can_mod_post': False, 'send_replies': True, 'parent_id': 't1_l12xd3a', 'score': 1, 'author_fullname': 't2_tl50o06n', 'approved_by': None, 'mod_note': None, 'all_awardings': [], 'collapsed': False, 'body': '“yes he does not see this because everything in his frame of reference is normal”\n\nThis is correct. Neither twin perceives that their clock is any different. They both experience normal time. None of them experienced “slowed time”. They both could have conducted experiments at any time to determine c and would have gotten the same result. There is no privileged inertial frame of reference in the universe. In every frame c is exactly the same and even when observing from one frame to the other. \n\n“but the one who travelled does know he stopped and turned around so he can’t claim to be stationary and can’t expect his clock not to have slowed down.” \n\nThis contradicts your prior statement which was completely correct. There is no perception of his clock slowing down because it did not slow down in his frame of reference. There is no privileged “stationary” frame. While clocks may appear to slow relative to different frames they do not slow within the frame of reference. This is why there is no universal time and simultaneous events only occur within the same frame of reference. \n\n\n“If time stops, nothing can happen, and light can’t travel, light might be fast, but d=vt, and if t is 0 I don’t care what the velocity v is, d=0.”\n\nTime does not stop though it may appear to do so with respect to different frames of reference. Distance measurements are also impacted by relativistic motion such that if I were to make a measurement of time and distance while observing another reference frame I will always arrive at the same value of c. \n\nIf I conduct measurements to determine the value of c;\n\nOn Earth \nOn Jupiter \nOn the surface of the sun \nOn a neutron star \nOn a red dwarf \nOn a black hole \n\nI will always get the same value. If each of these were to look at the measurements everyone else is doing we will disagree on the times and distances but always agree on the values.', 'edited': False, 'gildings': {}, 'author_flair_css_class': None, 'name': 't1_l13or6a', 'is_submitter': False, 'downs': 0, 'author_flair_richtext': [], 'author_patreon_flair': False, 'body_html': '&lt;div class=""md""&gt;&lt;p&gt;“yes he does not see this because everything in his frame of reference is normal”&lt;/p&gt;\n\n&lt;p&gt;This is correct. Neither twin perceives that their clock is any different. They both experience normal time. None of them experienced “slowed time”. They both could have conducted experiments at any time to determine c and would have gotten the same result. There is no privileged inertial frame of reference in the universe. In every frame c is exactly the same and even when observing from one frame to the other. &lt;/p&gt;\n\n&lt;p&gt;“but the one who travelled does know he stopped and turned around so he can’t claim to be stationary and can’t expect his clock not to have slowed down.” &lt;/p&gt;\n\n&lt;p&gt;This contradicts your prior statement which was completely correct. There is no perception of his clock slowing down because it did not slow down in his frame of reference. There is no privileged “stationary” frame. While clocks may appear to slow relative to different frames they do not slow within the frame of reference. This is why there is no universal time and simultaneous events only occur within the same frame of reference. &lt;/p&gt;\n\n&lt;p&gt;“If time stops, nothing can happen, and light can’t travel, light might be fast, but d=vt, and if t is 0 I don’t care what the velocity v is, d=0.”&lt;/p&gt;\n\n&lt;p&gt;Time does not stop though it may appear to do so with respect to different frames of reference. Distance measurements are also impacted by relativistic motion such that if I were to make a measurement of time and distance while observing another reference frame I will always arrive at the same value of c. &lt;/p&gt;\n\n&lt;p&gt;If I conduct measurements to determine the value of c;&lt;/p&gt;\n\n&lt;p&gt;On Earth \nOn Jupiter \nOn the surface of the sun \nOn a neutron star \nOn a red dwarf \nOn a black hole &lt;/p&gt;\n\n&lt;p&gt;I will always get the same value. If each of these were to look at the measurements everyone else is doing we will disagree on the times and distances but always agree on the values.&lt;/p&gt;\n&lt;/div&gt;', 'removal_reason': None, 'collapsed_reason': None, 'link_id': 't3_1cbc4ro', 'associated_award': None, 'stickied': False, 'author_premium': False, 'can_gild': False, 'top_awarded_type': None, 'unrepliable_reason': None, 'author_flair_text_color': None, 'score_hidden': False, 'permalink': '/r/AskPhysics/comments/1cbc4ro/what_would_happen_to_observed_speed_of_light_in_a/l13or6a/', 'subreddit_type': 'public', 'locked': False, 'report_reasons': None, 'created': 1713991715.0, 'author_flair_text': None, 'treatment_tags': [], 'created_utc': 1713991715.0, 'subreddit_name_prefixed': 'r/AskPhysics', 'controversiality': 0, 'depth': 6, 'author_flair_background_color': None, 'collapsed_because_crowd_control': None, 'mod_reports': [], 'num_reports': None, 'ups': 1}}], 'before': None}}, 'user_reports': [], 'saved': False, 'id': 'l12xd3a', 'banned_at_utc': None, 'mod_reason_title': None, 'gilded': 0, 'archived': False, 'collapsed_reason_code': None, 'no_follow': True, 'author': 'Human9865', 'can_mod_post': False, 'send_replies': True, 'parent_id': 't1_l113ivl', 'score': 1, 'author_fullname': 't2_6kqbuo9o', 'approved_by': None, 'mod_note': None, 'all_awardings': [], 'body': 'Time did not pass the same for the twins, the one who traveled and returned is younger because time passed by more slowly, yes he does not see this because everything in his frame of reference is normal and everything is slowed, but the one who travelled does know he stopped and turned around so he can’t claim to be stationary and can’t expect his clock not to have slowed down.\nIf time stops, nothing can happen, and light can’t travel, light might be fast, but d=vt, and if t is 0 I don’t care what the velocity v is, d=0.', 'edited': False, 'gildings': {}, 'downs': 0, 'author_flair_css_class': None, 'name': 't1_l12xd3a', 'is_submitter': False, 'collapsed': False, 'author_flair_richtext': [], 'author_patreon_flair': False, 'body_html': '&lt;div class=""md""&gt;&lt;p&gt;Time did not pass the same for the twins, the one who traveled and returned is younger because time passed by more slowly, yes he does not see this because everything in his frame of reference is normal and everything is slowed, but the one who travelled does know he stopped and turned around so he can’t claim to be stationary and can’t expect his clock not to have slowed down.\nIf time stops, nothing can happen, and light can’t travel, light might be fast, but d=vt, and if t is 0 I don’t care what the velocity v is, d=0.&lt;/p&gt;\n&lt;/div&gt;', 'removal_reason': None, 'collapsed_reason': None, 'link_id': 't3_1cbc4ro', 'associated_award': None, 'stickied': False, 'author_premium': False, 'can_gild': False, 'top_awarded_type': None, 'unrepliable_reason': None, 'author_flair_text_color': None, 'score_hidden': False, 'permalink': '/r/AskPhysics/comments/1cbc4ro/what_would_happen_to_observed_speed_of_light_in_a/l12xd3a/', 'subreddit_type': 'public', 'locked': False, 'report_reasons': None, 'created': 1713982698.0, 'author_flair_text': None, 'treatment_tags': [], 'created_utc': 1713982698.0, 'subreddit_name_prefixed': 'r/AskPhysics', 'controversiality': 0, 'depth': 5, 'author_flair_background_color': None, 'collapsed_because_crowd_control': None, 'mod_reports': [], 'num_reports': None, 'ups': 1}}], 'before': None}}, 'user_reports': [], 'saved': False, 'id': 'l113ivl', 'banned_at_utc': None, 'mod_reason_title': None, 'gilded': 0, 'archived': False, 'collapsed_reason_code': None, 'no_follow': True, 'author': 'JCPLee', 'can_mod_post': False, 'send_replies': True, 'parent_id': 't1_l110iwl', 'score': 1, 'author_fullname': 't2_tl50o06n', 'removal_reason': None, 'approved_by': None, 'mod_note': None, 'all_awardings': [], 'body': 'Forget the black hole for a moment. Are you familiar with the twin paradox? Neither twin experiences a change in the rate of time. For both of them, time passed the same and both would have measured the speed of light the same in their respective frames of reference. Their local clocks ticked over normally. They only knew it was different when they were brought back together. Black holes are the same. I hate using Hollywood physics but this was the concept behind Interstellar.', 'edited': False, 'author_flair_css_class': None, 'name': 't1_l113ivl', 'is_submitter': False, 'downs': 0, 'author_flair_richtext': [], 'author_patreon_flair': False, 'body_html': '&lt;div class=""md""&gt;&lt;p&gt;Forget the black hole for a moment. Are you familiar with the twin paradox? Neither twin experiences a change in the rate of time. For both of them, time passed the same and both would have measured the speed of light the same in their respective frames of reference. Their local clocks ticked over normally. They only knew it was different when they were brought back together. Black holes are the same. I hate using Hollywood physics but this was the concept behind Interstellar.&lt;/p&gt;\n&lt;/div&gt;', 'gildings': {}, 'collapsed_reason': None, 'link_id': 't3_1cbc4ro', 'associated_award': None, 'stickied': False, 'author_premium': False, 'can_gild': False, 'top_awarded_type': None, 'unrepliable_reason': None, 'author_flair_text_color': None, 'treatment_tags': [], 'score_hidden': False, 'permalink': '/r/AskPhysics/comments/1cbc4ro/what_would_happen_to_observed_speed_of_light_in_a/l113ivl/', 'subreddit_type': 'public', 'locked': False, 'report_reasons': None, 'created': 1713958793.0, 'author_flair_text': None, 'collapsed': False, 'created_utc': 1713958793.0, 'subreddit_name_prefixed': 'r/AskPhysics', 'controversiality': 0, 'depth': 4, 'author_flair_background_color': None, 'collapsed_because_crowd_control': None, 'mod_reports': [], 'num_reports': None, 'ups': 1}}], 'before': None}}, 'user_reports': [], 'saved': False, 'id': 'l110iwl', 'banned_at_utc': None, 'mod_reason_title': None, 'gilded': 0, 'archived': False, 'collapsed_reason_code': None, 'no_follow': True, 'author': 'Human9865', 'can_mod_post': False, 'send_replies': True, 'parent_id': 't1_l10zw3l', 'score': 2, 'author_fullname': 't2_6kqbuo9o', 'removal_reason': None, 'approved_by': None, 'mod_note': None, 'all_awardings': [], 'collapsed': False, 'body': 'But time dilation is real, so if time stops, you won’t see anything, if you transported to the black hole for an hour and then transported back, your watch would show that you lost an hour, but you wouldn’t remember anything about the black hole, to you, you never were transported anywhere. If time slows to a stop, there’s no chemical process, no movement, it’s like be frozen in time, you won’t see anything, different or otherwise.\nEven if the flashlight was turned on, nothing would happen, time is stopped, light can’t travel if time doesn’t move.\nEither time is stopped or it hasn’t, you can’t have it both ways in the same frame of reference.', 'edited': 1713958284.0, 'top_awarded_type': None, 'author_flair_css_class': None, 'name': 't1_l110iwl', 'is_submitter': False, 'downs': 0, 'author_flair_richtext': [], 'author_patreon_flair': False, 'body_html': '&lt;div class=""md""&gt;&lt;p&gt;But time dilation is real, so if time stops, you won’t see anything, if you transported to the black hole for an hour and then transported back, your watch would show that you lost an hour, but you wouldn’t remember anything about the black hole, to you, you never were transported anywhere. If time slows to a stop, there’s no chemical process, no movement, it’s like be frozen in time, you won’t see anything, different or otherwise.\nEven if the flashlight was turned on, nothing would happen, time is stopped, light can’t travel if time doesn’t move.\nEither time is stopped or it hasn’t, you can’t have it both ways in the same frame of reference.&lt;/p&gt;\n&lt;/div&gt;', 'gildings': {}, 'collapsed_reason': None, 'distinguished': None, 'associated_award': None, 'stickied': False, 'author_premium': False, 'can_gild': False, 'link_id': 't3_1cbc4ro', 'unrepliable_reason': None, 'author_flair_text_color': None, 'score_hidden': False, 'permalink': '/r/AskPhysics/comments/1cbc4ro/what_would_happen_to_observed_speed_of_light_in_a/l110iwl/', 'subreddit_type': 'public', 'locked': False, 'report_reasons': None, 'created': 1713957218.0, 'author_flair_text': None, 'treatment_tags': [], 'created_utc': 1713957218.0, 'subreddit_name_prefixed': 'r/AskPhysics', 'controversiality': 0, 'depth': 3, 'author_flair_background_color': None, 'collapsed_because_crowd_control': None, 'mod_reports': [], 'num_reports': None, 'ups': 2}}], 'before': None}}, 'user_reports': [], 'saved': False, 'id': 'l10zw3l', 'banned_at_utc': None, 'mod_reason_title': None, 'gilded': 0, 'archived': False, 'collapsed_reason_code': None, 'no_follow': True, 'author': 'JCPLee', 'can_mod_post': False, 'send_replies': True, 'parent_id': 't1_l10p78s', 'score': 1, 'author_fullname': 't2_tl50o06n', 'removal_reason': None, 'approved_by': None, 'mod_note': None, 'all_awardings': [], 'body': 'From your frame of reference your clock does not stop in a black hole. Anyone outside of the black hole will see it stop. You will not see anything different.', 'edited': False, 'top_awarded_type': None, 'downs': 0, 'author_flair_css_class': None, 'name': 't1_l10zw3l', 'is_submitter': False, 'collapsed': False, 'author_flair_richtext': [], 'author_patreon_flair': False, 'body_html': '&lt;div class=""md""&gt;&lt;p&gt;From your frame of reference your clock does not stop in a black hole. Anyone outside of the black hole will see it stop. You will not see anything different.&lt;/p&gt;\n&lt;/div&gt;', 'gildings': {}, 'collapsed_reason': None, 'distinguished': None, 'associated_award': None, 'stickied': False, 'author_premium': False, 'can_gild': False, 'link_id': 't3_1cbc4ro', 'unrepliable_reason': None, 'author_flair_text_color': None, 'score_hidden': False, 'permalink': '/r/AskPhysics/comments/1cbc4ro/what_would_happen_to_observed_speed_of_light_in_a/l10zw3l/', 'subreddit_type': 'public', 'locked': False, 'report_reasons': None, 'created': 1713956866.0, 'author_flair_text': None, 'treatment_tags': [], 'created_utc': 1713956866.0, 'subreddit_name_prefixed': 'r/AskPhysics', 'controversiality': 0, 'depth': 2, 'author_flair_background_color': None, 'collapsed_because_crowd_control': None, 'mod_reports': [], 'num_reports': None, 'ups': 1}}], 'before': None}}, 'user_reports': [], 'saved': False, 'id': 'l10p78s', 'banned_at_utc': None, 'mod_reason_title': None, 'gilded': 0, 'archived': False, 'collapsed_reason_code': None, 'no_follow': True, 'author': 'Human9865', 'can_mod_post': False, 'created_utc': 1713949712.0, 'send_replies': True, 'parent_id': 't1_l0xw1h1', 'score': 2, 'author_fullname': 't2_6kqbuo9o', 'removal_reason': None, 'approved_by': None, 'mod_note': None, 'all_awardings': [], 'body': 'Since time is stopped, you won’t see anything, of course you won’t be able to turn on the flashlight either.', 'edited': False, 'top_awarded_type': None, 'author_flair_css_class': None, 'name': 't1_l10p78s', 'is_submitter': False, 'downs': 0, 'author_flair_richtext': [], 'author_patreon_flair': False, 'body_html': '&lt;div class=""md""&gt;&lt;p&gt;Since time is stopped, you won’t see anything, of course you won’t be able to turn on the flashlight either.&lt;/p&gt;\n&lt;/div&gt;', 'gildings': {}, 'collapsed_reason': None, 'distinguished': None, 'associated_award': None, 'stickied': False, 'author_premium': False, 'can_gild': False, 'link_id': 't3_1cbc4ro', 'unrepliable_reason': None, 'author_flair_text_color': None, 'score_hidden': False, 'permalink': '/r/AskPhysics/comments/1cbc4ro/what_would_happen_to_observed_speed_of_light_in_a/l10p78s/', 'subreddit_type': 'public', 'locked': False, 'report_reasons': None, 'created': 1713949712.0, 'author_flair_text': None, 'treatment_tags': [], 'collapsed': False, 'subreddit_name_prefixed': 'r/AskPhysics', 'controversiality': 0, 'depth': 1, 'author_flair_background_color': None, 'collapsed_because_crowd_control': None, 'mod_reports': [], 'num_reports': None, 'ups': 2}}], 'before': None}}",,False,3,False,True,False,AskPhysics,t5_2sumo,r/AskPhysics,public,,0,[],,3,[],t1
data_3,[],,,False,,unclejoesrocket,,other,[],9719cf66-c6b2-11e4-9354-22000b39cdde,Mathematics,dark,text,t2_7hewodph,False,False,False,[],,,"What would happen ~~to observed speed of light~~  in a black hole?

We don't know for sure.","&lt;div class=""md""&gt;&lt;p&gt;What would happen &lt;del&gt;to observed speed of light&lt;/del&gt;  in a black hole?&lt;/p&gt;

&lt;p&gt;We don&amp;#39;t know for sure.&lt;/p&gt;
&lt;/div&gt;",False,False,False,,,,,0,1713900616.0,1713900616.0,0,,0,False,0,{},l0xoikc,False,,t3_1cbc4ro,False,,,,[],t1_l0xoikc,True,,t3_1cbc4ro,/r/AskPhysics/comments/1cbc4ro/what_would_happen_to_observed_speed_of_light_in_a/l0xoikc/,,"{'kind': 'Listing', 'data': {'after': None, 'dist': None, 'modhash': None, 'geo_filter': '', 'children': [{'kind': 't1', 'data': {'subreddit_id': 't5_2sumo', 'approved_at_utc': None, 'author_is_blocked': False, 'comment_type': None, 'awarders': [], 'mod_reason_by': None, 'banned_by': None, 'author_flair_type': 'text', 'total_awards_received': 0, 'subreddit': 'AskPhysics', 'author_flair_template_id': None, 'likes': None, 'replies': '', 'user_reports': [], 'saved': False, 'id': 'l0yg0we', 'banned_at_utc': None, 'mod_reason_title': None, 'gilded': 0, 'archived': False, 'collapsed_reason_code': None, 'no_follow': False, 'author': 'Anonymous-USA', 'can_mod_post': False, 'created_utc': 1713909937.0, 'send_replies': True, 'parent_id': 't1_l0xoikc', 'score': 4, 'author_fullname': 't2_7h3ccwl3', 'removal_reason': None, 'approved_by': None, 'mod_note': None, 'all_awardings': [], 'body': 'We have a pretty good idea of the geometry between the event horizon and the singularity.  So we can model all of this.  We have no idea about the nature of the singularity.', 'edited': False, 'top_awarded_type': None, 'author_flair_css_class': None, 'name': 't1_l0yg0we', 'is_submitter': False, 'downs': 0, 'author_flair_richtext': [], 'author_patreon_flair': False, 'body_html': '&lt;div class=""md""&gt;&lt;p&gt;We have a pretty good idea of the geometry between the event horizon and the singularity.  So we can model all of this.  We have no idea about the nature of the singularity.&lt;/p&gt;\n&lt;/div&gt;', 'gildings': {}, 'collapsed_reason': None, 'distinguished': None, 'associated_award': None, 'stickied': False, 'author_premium': False, 'can_gild': False, 'link_id': 't3_1cbc4ro', 'unrepliable_reason': None, 'author_flair_text_color': None, 'score_hidden': False, 'permalink': '/r/AskPhysics/comments/1cbc4ro/what_would_happen_to_observed_speed_of_light_in_a/l0yg0we/', 'subreddit_type': 'public', 'locked': False, 'report_reasons': None, 'created': 1713909937.0, 'author_flair_text': None, 'treatment_tags': [], 'collapsed': False, 'subreddit_name_prefixed': 'r/AskPhysics', 'controversiality': 0, 'depth': 1, 'author_flair_background_color': None, 'collapsed_because_crowd_control': None, 'mod_reports': [], 'num_reports': None, 'ups': 4}}], 'before': None}}",,False,-2,False,True,False,AskPhysics,t5_2sumo,r/AskPhysics,public,,0,[],,-2,[],t1
data_4,[],,,False,,Reality-Isnt,,,[],,,,text,t2_abqvhup7l,False,False,False,[],,,"if I understand your question correctly, you would not see the light. There is an observer dependent apparent horizon within the black hole beyond which you can get no information. There are likely cases where if the light is very close to you (not beyond the horizon) you would see the light, redshifted, and measured locally at ‘c’.","&lt;div class=""md""&gt;&lt;p&gt;if I understand your question correctly, you would not see the light. There is an observer dependent apparent horizon within the black hole beyond which you can get no information. There are likely cases where if the light is very close to you (not beyond the horizon) you would see the light, redshifted, and measured locally at ‘c’.&lt;/p&gt;
&lt;/div&gt;",False,False,False,,,,,0,1713897577.0,1713897577.0,0,,0,False,0,{},l0xfdk9,False,,t3_1cbc4ro,False,,,,[],t1_l0xfdk9,True,,t3_1cbc4ro,/r/AskPhysics/comments/1cbc4ro/what_would_happen_to_observed_speed_of_light_in_a/l0xfdk9/,,,,False,-1,False,True,False,AskPhysics,t5_2sumo,r/AskPhysics,public,,0,[],,-1,[],t1
